source_type,platform,review_id,author,review_date,rating,title,body,extra,source_url,onsen_related,signals,raw_file,encoding,signal_direction,direction_backfill_rule,direction_backfill_confidence,direction_backfill_candidate_type
OTA full review,Rakuten Travel,33123469993630,,2023-08-28,5,,玉葉という部屋を利用しました とても心地良く過ごせました メゾネットタイプで部屋食用の部屋がプライベート空間の階上にあり、「準備ができました」と声がけがあったら階段を上がって食事をし、済んだら電話で連絡をすると片付けていただけるという具合でした 豪華な食事でしたが、上品な量だったので残すことなく楽しめ、美味しかったです 日本酒もいろいろと楽しめるメニューがあり楽しめました 朝食もしっかり郷土料理を取り入れたメニューで残さず食べられました 部屋の露天風呂は丸型でゆっくりと脚を伸ばすということはできませんでしたが湯けむりを見ながら気分よく入れました 洗面所の洗面ボウルが綺麗なデザインでしたが小さかったので周りを随分濡らし妻に叱られました 窓が大きくずっと湯けむりが見え、日の出も見える部屋で明るく、気分が良かったです,plan 【開業１周年】通常より8888円OFF！関あじ・伊勢海老・豊後牛がメインの会席プラン（朝夕お部屋食） | room 【離れ】露天風呂付き和洋室（玉葉／翠葉） | None:5; None:5; None:3; None:5; None:5; None:4; None:5; None:0,https://travel.rakuten.co.jp/HOTEL/183153/review.html,1,room_open_air_bath;small_bath_or_room;food,raw/rakuten/page_2.html,utf-8,positive,body_positive,high,body_sentiment_inference_needed
OTA full review,Rakuten Travel,33123472749400,sasa34298,2025-03-16,5,,評価が高い宿ということで泊まってみましたがとても良かったです お料理と、お風呂が良かったです,plan 【スタンダード】関あじ・伊勢海老・豊後牛！旬の食材を使用した割烹会席プラン(１泊２食／夕食お部屋食) | room 【別館】露天風呂付き和室（葉雫／葉隠） | None:5; None:5; None:4; None:5; None:5; None:5; None:4; None:0,https://travel.rakuten.co.jp/HOTEL/183153/review.html,1,room_open_air_bath;food,raw/rakuten/page_2.html,utf-8,positive,body_positive,high,body_sentiment_inference_needed
OTA full review,Rakuten Travel,33123472826843,アスパラガス5426,2025-01-14,4,,家族5人で宿泊しました。夜ご飯美味しかったです。貸し切り風呂よかったですが脱衣場が狭く家族5人でぎゅうぎゅうでした。部屋も清掃行き届いていました。,plan 【スタンダード】関あじ・伊勢海老・豊後牛！旬の食材を使用した割烹会席プラン(１泊２食／夕食お部屋食) | room 【本館】和室二間（青葉） | None:4; None:4; None:3; None:5; None:5; None:3; None:4; None:0,https://travel.rakuten.co.jp/HOTEL/183153/review.html,1,private_bath;small_bath_or_room;food,raw/rakuten/page_2.html,utf-8,mixed,body_positive_and_negative,high,body_sentiment_inference_needed
OTA full review,Rakuten Travel,33123469958720,,2023-08-19,4,,部屋の構成がそれぞれ違っていて思っていた部屋が予約出来ていなかった。旅館のホームページで希望の部屋の名前を確認してから予約する事をお勧めします。 食事は大変美味しく、夕食も朝食も申し分ないです。,plan 【開業１周年】通常より3888円OFF！関あじ・伊勢海老・豊後牛がメインの会席プラン（夕食お部屋食） | room 【別館】露天風呂付き和室（葉雫／葉隠） | None:2; None:5; None:3; None:5; None:5; None:4; None:5; None:0,https://travel.rakuten.co.jp/HOTEL/183153/review.html,1,room_open_air_bath;food,raw/rakuten/page_2.html,utf-8,positive,rating_positive_signal,medium,body_sentiment_inference_needed
OTA full review,Rakuten Travel,33123472480685,"S,KEN",2025-02-03,3,,食事は、美味しかったが、残念ながら”建物が道路から分り難く特に駐車場が道路より引っ込んでいる為、分り難かった。＊駐車場から建物入り口への案内図も無く分り難かった。 又、部屋のつくりも①居間は、地下、②食事場所（部屋食）は中二階といずれも階段で移動することになっており、非常に不便であった。,plan 【スタンダード】関あじ・伊勢海老・豊後牛！旬の食材を使用した割烹会席プラン(１泊２食／朝夕お部屋食) | room 【離れ】露天風呂付き和洋室（玉葉／翠葉） | None:3; None:3; None:3; None:4; None:4; None:3; None:3; None:0,https://travel.rakuten.co.jp/HOTEL/183153/review.html,1,room_open_air_bath;food;access,raw/rakuten/page_2.html,utf-8,mixed,body_negative_with_context,high,body_sentiment_inference_needed
OTA full review,Rakuten Travel,33123469284331,,2023-04-30,5,,少し駐車場の場所がわかりにくかったですが、地獄巡りに近く立地はとても良いと思いました。また、とても良くサービスしていただきました。1歳の息子を連れての旅行でしたが、夕食も朝食も個室状態でゆっくり堪能することができました。お料理はどれも美味しくて感動しました。部屋の露天風呂も気持ちよかったです。ありがとうございました。,plan 【開業１周年】通常より3888円OFF！関あじ・伊勢海老・豊後牛がメインの会席プラン（夕食お部屋食） | room 【別館】露天風呂付き和室（葉雫／葉隠） | None:4; None:5; None:5; None:5; None:5; None:4; None:5; None:0,https://travel.rakuten.co.jp/HOTEL/183153/review.html,1,room_open_air_bath;food;access,raw/rakuten/page_2.html,utf-8,mixed,body_positive_and_negative,high,body_sentiment_inference_needed
OTA full review,Rakuten Travel,33123468977128,takayan226,2023-03-04,5,,2023.2.25宿泊しました。こちらの旅館に決めたポイントは部屋に温泉が付いてる事がポイントでした。温泉も自分の好みの温度に合わせて入浴出来るので私は少しぬるめの温度でゆっくり浸かる事が出来ました。夕食も、豊後牛と関アジには本当に感動でした（≧∇≦）そして、特に公開してなかった結婚記念日で旅行の話も若女将さんのお話が上手でつい話した事でしたが、女将さんのおもてなしで日本酒のサービスを頂きました。嬉しかったです♪ 朝食の女将さんこだわりのアジの開きは絶品でした。 是非ゆっくりしてほしいと言う女将さんのおもてなしで急遽部屋食にして頂きました♪ また、次回もこの温泉八葉さんに泊まりに行きます。,plan 【開業１周年】通常より3888円OFF！関あじ・伊勢海老・豊後牛がメインの会席プラン（夕食お部屋食） | room 【別館】露天風呂付き和室（葉雫／葉隠） | None:5; None:5; None:5; None:5; None:5; None:5; None:5; None:0,https://travel.rakuten.co.jp/HOTEL/183153/review.html,1,room_open_air_bath;food,raw/rakuten/page_2.html,utf-8,positive,body_positive,high,body_sentiment_inference_needed
OTA full review,Rakuten Travel,33123468884028,hanshinjiji1985,2023-02-14,5,,お部屋は玄関から上下に部屋があり、上の部屋で食事広い窓から夜景と湯けむりが見えました。 下の階にベッドルーム露天風呂があり秘密基地に降りて行くようでワクワクしました。 食事は味良し見た目良しで最高です。 スタッフさんも温かくもてなして下さり良かったです。 旅館の徒歩圏内に地獄めぐりがあり、観光にも便利です。 帰りに温泉たまごのお土産が嬉しかった です。,plan 【開業１周年】通常より8888円OFF！関あじ・伊勢海老・豊後牛がメインの会席プラン（朝夕お部屋食） | room 【離れ】露天風呂付き和洋室（玉葉／翠葉） | None:5; None:5; None:5; None:5; None:5; None:5; None:5; None:0,https://travel.rakuten.co.jp/HOTEL/183153/review.html,1,room_open_air_bath;food;access,raw/rakuten/page_2.html,utf-8,positive,body_positive,high,body_sentiment_inference_needed
OTA full review,Rakuten Travel,33123468773515,yutakapapa1965,2023-02-08,5,,2月7日から妻と１拍の旅行で利用させていただきました。部屋はメゾネットタイプで二人には丁度よいは広さでゆっくりとくつろげまさた。部屋風呂の温泉も好みの温度に調整が出来、眺望も良く快適でした。夕食を楽しみにしていましたが、期待以上のお料理の数々、関あじ、豊後牛もちろん朝食はだんごじるなど地元の食材を十分味わって楽しませていただきました。夕食での女将さんと妻との会話、時が経つのをわすれるほど話が弾み大変楽しい時間を過ごさせていただきました。ありがとうございました。,plan 【冬春旅セール】関あじ・伊勢海老・豊後牛！旬の食材を使用した割烹会席プラン(１泊２食／朝夕お部屋食) | room 【離れ】露天風呂付き和洋室（玉葉／翠葉） | None:5; None:5; None:5; None:5; None:5; None:5; None:4; None:0,https://travel.rakuten.co.jp/HOTEL/183153/review.html,1,room_open_air_bath;room_bath;food,raw/rakuten/page_2.html,utf-8,positive,body_positive,high,body_sentiment_inference_needed
OTA full review,Rakuten Travel,33123461531864,,2022-11-02,5,,10月26日に宿泊しました。 家族で宿泊し足の悪い母親も一緒だったのですが座椅子から直ぐに椅子とテーブルに変えて頂き助かりました。食事もどれも大変美味しくミルつきのコーヒーメーカーが備えてありコーヒー豆もあり挽きたてのコーヒーが飲めたのが嬉しかったです。 それから何と言っても部屋のお風呂が良くて3人で入っても充分な広さがあり今まで露天風呂付きの部屋に何度か宿泊しましたが1番良かったと思います。 また是非利用したいと思いました。,plan 【開業１周年】通常より3888円OFF！関あじ・伊勢海老・豊後牛がメインの会席プラン（夕食お部屋食） | room 【別館】露天風呂付き和室（葉雫／葉隠） | None:3; None:5; None:3; None:5; None:5; None:5; None:5; None:0,https://travel.rakuten.co.jp/HOTEL/183153/review.html,1,room_open_air_bath;room_bath;food,raw/rakuten/page_2.html,utf-8,mixed,body_positive_and_negative,high,body_sentiment_inference_needed
OTA full review,Rakuten Travel,33123461297943,,2022-08-17,5,,お盆期間の忙しい時期に宿泊しました。 割と最近できたお宿の様で、かなり綺麗でした。 女将さんがこの土地からの景色が気に入って建てた宿との事で、確かに部屋から湯煙上がる別府の温泉街を一望できていい眺めでした。 夕食は想像の3倍ほど豪華で、全てがメインかと思うほどで満足感が凄かったです。 いい意味で予想を裏切られました。 私の妻もずっと4番バッターの打線だと大満足でした。 後で女将さんに聞くと食材にはこだわっていて、食材の処理もきちんとしているので満腹でも変に気分が悪くならないとの事でした。 肝心の温泉も貸切露天風呂が3つか4つ（忘れましたすみません）あり、待つことも待たせる事もなくゆっくり楽しむ事ができました。 朝食は大分の郷土料理を含む豪華な内容で、朝から大満足でした。 最後にお土産の温泉卵を持たせてくれてこれも美味しかったです。 そして女将さんやフロントの男性スタッフをはじめ皆さん良い方ばかりで良かったです。 正直、今までで1番いい宿でした。 ありがとうございました。 業者の回し者ではございません（笑）,plan 【開業１周年】通常より3888円OFF！関あじ・伊勢海老・豊後牛がメインの会席プラン（夕食お部屋食） | room 【本館】和室（若葉） | None:5; None:5; None:5; None:5; None:5; None:5; None:5; None:0,https://travel.rakuten.co.jp/HOTEL/183153/review.html,1,private_bath;food,raw/rakuten/page_2.html,utf-8,positive,body_positive,high,body_sentiment_inference_needed
OTA full review,Rakuten Travel,33123460925376,,2022-04-01,5,,3/29に一泊させていただきました。 鉄輪温泉の湯けむりや別府湾の船などを、なんと！お部屋（離れ）の露天風呂に浸かりながら眺めることができる贅沢な時間を家族で満喫させていただきました。 新しくて新築のよい香りがする設備だけでなく、お宿のスタッフの皆様のホスピタリティや、見たことがないサイズの関アジ＆数々の本当に美味しいお料理をいただけて、旅の素晴らしい思い出になりました。またぜひ伺いたいです。 お世話になりまして、ありがとうございました(^^)v,plan 【スタンダード】関アジ・伊勢エビ・豊後牛！旬の食材を使用した割烹会席プラン(１泊２食／夕食お部屋食) | room 【別館】露天風呂付き和室（葉雫／葉隠） | None:5; None:5; None:5; None:5; None:5; None:5; None:5; None:0,https://travel.rakuten.co.jp/HOTEL/183153/review.html,1,room_open_air_bath;food;access,raw/rakuten/page_2.html,utf-8,positive,body_positive,high,body_sentiment_inference_needed
OTA full review,Rakuten Travel,33123460763185,,2021-12-25,5,,クリスマスイブに宿泊させていただきました。 丁寧な接客、豪華な料理、貸切温泉総じて素晴らしいものでした。 特に料理は伊勢海老や関あじ、豊後牛など、全てがメインディッシュのようなクオリティで大満足でした。 また大分に来た際は泊まらせていただきたいです。,plan 【スタンダード】関アジ・伊勢エビ・豊後牛！旬の食材を使用した割烹会席プラン(１泊２食／夕食お部屋食) | room 【本館】和室（若葉） | None:5; None:5; None:5; None:5; None:5; None:5; None:5; None:0,https://travel.rakuten.co.jp/HOTEL/183153/review.html,1,private_bath;food,raw/rakuten/page_2.html,utf-8,positive,body_positive,high,body_sentiment_inference_needed
OTA full review,Rakuten Travel,33123460678609,,2021-11-24,5,,11月13日に一泊させていただきました。5歳と3歳の子ども連れで行きましたが、とてもゆっくり過ごすことができました。温泉も貸切風呂ばかりで気兼ねなく入れ、予め温度調節の方法も聞いていたので湯温も問題ありませんでした。貸切風呂にはドライヤーがないので、部屋から持っていけば便利かなと。料理も大満足。味も鮮度も申し分ありません。あと、食後のデザートはお代わりしたくなるぐらい美味しかったです。接客については、まだ新しいお宿ということで初々しい感じはあるものの、親切、丁寧、真面目！嫌な感じ一つしませんでした。一つ心残りは、まったりしすぎて20時過ぎに寝てしまったこと。朝も入ったけど、あと2回は温泉に入りたかった（笑）,plan 【スタンダード】関アジ・伊勢エビ・豊後牛！旬の食材を使用した割烹会席プラン(１泊２食／夕食お部屋食) | room 【別館】露天風呂付き和室（葉雫／葉隠） | None:5; None:5; None:5; None:5; None:5; None:5; None:5; None:0,https://travel.rakuten.co.jp/HOTEL/183153/review.html,1,room_open_air_bath;private_bath;food,raw/rakuten/page_2.html,utf-8,positive,body_positive,high,body_sentiment_inference_needed
OTA full review,Rakuten Travel,33123460679436,DORAtheEXP,2021-11-24,5,,11月21日に記念日旅行で別府へ寄った際に宿泊させて頂きました。 お部屋、温泉、お料理、ホスピタリティーどれをとっても申し分なしでした。 個人的には浴衣ではなくガーゼのお部屋着を用意して下さっていたのがとても良かったです。 （女性にはかわいい浴衣も用意して下さってます） 朝食のおかわりをお願いした際、雨の中お茶碗ひとつのために何度も離れの部屋に来ていただくのが少し心苦しかったので小さなおひつを置いて頂けると嬉しいです。 主人ともまた別府に来ることがあれば是非こちらにお世話になろうと話しています。,plan 【スタンダード】関アジ・伊勢エビと豊後牛の温泉蒸しがメインの割烹会席プラン(１泊２食／朝夕お部屋食) | room 【離れ】露天風呂付き和洋室（玉葉／翠葉） | None:5; None:5; None:5; None:5; None:5; None:5; None:5; None:0,https://travel.rakuten.co.jp/HOTEL/183153/review.html,1,room_open_air_bath;small_bath_or_room;food,raw/rakuten/page_2.html,utf-8,positive,body_positive,high,body_sentiment_inference_needed
OTA full review,Rakuten Travel,33123460658335,,2021-11-09,5,,11／5に宿泊しました。 予約は【本館】和室を予約しましたが、チェックイン時、別館離れが空いているとのことで、追加料金なしでグレードアップしていただきました。（ありがたや!!） 部屋からの別府温泉街の湯けむり、部屋付き露天風呂も満喫できました。 料理も大分産の生カキ、関アジ、イセエビ、フグ、豊後牛のサイコロステーキどれも大変うまかった!! 静岡県在中で今回初めての九州旅行でしたが、近県の伊豆箱根数々行っているなかで、ベスト3に入る旅館でした。 鉄輪温泉ある地獄池には、徒歩で行け距離でしたので、ゆっくり回ることができ楽しめました。 機会があれば、また宿泊したい旅館です。,plan 【スタンダード】関アジ・伊勢エビ・豊後牛！旬の食材を使用した割烹会席プラン(１泊２食／夕食お部屋食) | room 【本館】和室（一葉） | None:5; None:5; None:5; None:5; None:5; None:5; None:5; None:0,https://travel.rakuten.co.jp/HOTEL/183153/review.html,1,food;access,raw/rakuten/page_2.html,utf-8,positive,body_positive,high,body_sentiment_inference_needed
OTA full review,Rakuten Travel,33123460614997,イナちゃん1967,2021-10-14,5,,10月13日に一泊お世話になりました。平日のためか宿泊客も少なく、スタッフの方に大変親切にしていただきました。部屋、風呂、料理とどれも素晴らしく、特に朝焼けの別府の湯煙風景を満喫でき最高でした。またの機会があれば是非とも泊まりたい宿です。ありがとうございました。,plan 【スタンダード】関アジ・伊勢エビと豊後牛の温泉蒸しがメインの割烹会席プラン(１泊２食／夕食お部屋食) | room 【別館】露天風呂付き和室（葉雫／葉隠） | None:5; None:5; None:5; None:5; None:5; None:5; None:5; None:0,https://travel.rakuten.co.jp/HOTEL/183153/review.html,1,room_open_air_bath;food,raw/rakuten/page_2.html,utf-8,positive,body_positive,high,body_sentiment_inference_needed
OTA full review,Rakuten Travel,33123460546820,,2021-09-06,5,,露天付き客室が良かったので予約しました。 オープンして間もなかったので建物、部屋がきれいで良かったです。 接客も子供が小さかったので不安でしたが、色々気を遣っていただきありがたかったです。 料理も美味しくて大満足でした。 また別府方面に行く際には泊まりたいと思います。,plan 【スタンダード】関アジ・伊勢エビと豊後牛の温泉蒸しがメインの割烹会席プラン(１泊２食／夕食お部屋食) | room 【別館】露天風呂付き和室（葉雫／葉隠） | None:5; None:5; None:5; None:5; None:5; None:5; None:5; None:0,https://travel.rakuten.co.jp/HOTEL/183153/review.html,1,room_open_air_bath;small_bath_or_room;food,raw/rakuten/page_2.html,utf-8,positive,body_positive,high,body_sentiment_inference_needed
OTA full review,Rakuten Travel,33123460511463,たかえい721,2021-08-12,5,,オープンしたてということで、とても綺麗で清潔感のある部屋でした。 料理がとにかくすべて美味しかったです。ボリュームもあり、一つ一つのクオリティが高く、おなかいっぱいになりました。 お風呂も部屋の露天風呂と離れのお風呂と満喫しました。部屋に露天風呂があるのがなんとも贅沢でした。 従業員さんも細かな気配りをしてくださってありがたかったです。 また利用させていただきたいと思います。,plan 【オープン記念】 特別価格でスタンダードプランをご案内！割烹会席プラン(一泊二食付／夕食お部屋食） | room 【別館】露天風呂付き和室（葉雫／葉隠） | None:5; None:5; None:5; None:5; None:5; None:5; None:5; None:0,https://travel.rakuten.co.jp/HOTEL/183153/review.html,1,room_open_air_bath;food,raw/rakuten/page_2.html,utf-8,positive,body_positive,high,body_sentiment_inference_needed
OTA full review,Rakuten Travel,33123460512358,,2021-08-10,5,,新規オープンということで予約しました。 サイトの案内にあった通り、貸し切り風呂と部屋食でゆっくりすることができました。 貸し切り風呂は露天含めていろいろ選べるようでしたが、なかなか行き出せなかったのが 残念でした（当方は石風呂の内湯を選びました）。ご飯は圧巻でした。 ありがとうございました。,plan 【オープン記念】 特別価格でスタンダードプランをご案内！割烹会席プラン(一泊二食付／夕食お部屋食） | room 【本館】和室（若葉） | None:5; None:5; None:5; None:5; None:5; None:4; None:5; None:0,https://travel.rakuten.co.jp/HOTEL/183153/review.html,1,room_bath;private_bath;food,raw/rakuten/page_2.html,utf-8,mixed,body_positive_and_negative,high,body_sentiment_inference_needed
OTA full review,Rakuten Travel,33123460509419,,2021-08-09,5,,初めて利用しました。 オープンしたてということで、館内はとても綺麗でした。 泉質はさっぱりした感じでしたが、お風呂からあがった後は肌がしっとりしてました！ 料理は量もさることながら、味も私の好みにピッタリで大満足な 1日でした。,plan 【オープン記念】 特別価格でスタンダードプランをご案内！割烹会席プラン(一泊二食付／夕食お部屋食） | room 【離れ】露天風呂付き和洋室（玉葉／翠葉） | None:5; None:5; None:5; None:5; None:5; None:5; None:5; None:0,https://travel.rakuten.co.jp/HOTEL/183153/review.html,1,room_open_air_bath;water_texture;food,raw/rakuten/page_3.html,utf-8,positive,body_positive,high,body_sentiment_inference_needed
OTA full review,Rakuten Travel,33123468610879,そうたパパ,2023-01-06,4,,料理は大満足 関アジも豊後牛も伊勢エビの味噌汁も本当においしかったです ふろがやや狭く、2人用のサイズですね もう少し遅くまで開けてくださるならわかれて入れるのですが。男3人はむずかしかったです,plan 【年末年始専用】関あじ・伊勢海老・豊後牛！旬の食材を使用した割烹会席プラン(１泊２食／夕食お部屋食) | room 【本館】和室二間（青葉） | None:4; None:4; None:4; None:5; None:5; None:3; None:4; None:0,https://travel.rakuten.co.jp/HOTEL/183153/review.html,0,small_bath_or_room;food,raw/rakuten/page_3.html,utf-8,mixed,body_positive_and_negative,high,body_sentiment_inference_needed
OTA full review,Rakuten Travel,33123468515990,yucke555,2022-12-13,5,,2歳の子供と一緒に宿泊しました。 本館は各部屋にお風呂はありませんが貸切風呂でゆっくりできるし、夕食も部屋食で豪華で美味しかったです。人の目を気にせずゆっくり過ごせてとてもリフレッシュできました。,plan 【開業１周年】通常より3888円OFF！関あじ・伊勢海老・豊後牛がメインの会席プラン（夕食お部屋食） | room 【本館】和室（一葉） | None:5; None:5; None:4; None:5; None:5; None:5; None:4; None:0,https://travel.rakuten.co.jp/HOTEL/183153/review.html,1,private_bath;food,raw/rakuten/page_3.html,utf-8,positive,body_positive,high,body_sentiment_inference_needed
OTA full review,Rakuten Travel,33123461379801,,2022-09-16,4,,お部屋についていた露天風呂が最高でした。当日にも関わらず、お食事変更に対応してくださりありがとうございました。,plan 【開業１周年】通常より8888円OFF！関あじ・伊勢海老・豊後牛がメインの会席プラン（朝夕お部屋食） | room 【離れ】露天風呂付き和洋室（玉葉／翠葉） | None:4; None:5; None:5; None:4; None:4; None:5; None:5; None:0,https://travel.rakuten.co.jp/HOTEL/183153/review.html,1,room_open_air_bath;food,raw/rakuten/page_3.html,utf-8,positive,body_positive,high,body_sentiment_inference_needed
OTA full review,Rakuten Travel,33123461158701,,2022-06-14,5,,最高でした,plan 【スタンダード】関アジ・伊勢エビ・豊後牛！旬の食材を使用した割烹会席プラン(１泊２食／夕食お部屋食) | room 【別館】露天風呂付き和室（葉雫／葉隠） | None:5; None:5; None:5; None:5; None:5; None:5; None:5; None:0,https://travel.rakuten.co.jp/HOTEL/183153/review.html,1,room_open_air_bath;food,raw/rakuten/page_3.html,utf-8,positive,body_positive,high,body_sentiment_inference_needed
OTA full review,Rakuten Travel,33123460989469,,2022-04-29,5,,部屋や食事に際して、いろいろとお気遣いしていただき、また、行こうという気持ちになりました。,plan 【スタンダード】関アジ・伊勢エビ・豊後牛！旬の食材を使用した割烹会席プラン(１泊２食／夕食お部屋食) | room 【別館】露天風呂付き和室（葉雫／葉隠） | None:5; None:5; None:4; None:5; None:5; None:5; None:4; None:0,https://travel.rakuten.co.jp/HOTEL/183153/review.html,1,room_open_air_bath;food,raw/rakuten/page_3.html,utf-8,positive,rating_positive_signal,medium,body_sentiment_inference_needed
OTA full review,Rakuten Travel,33123460908446,,2022-03-30,4,,2泊でお世話になりました。10年の節目の旅行でいい思い出になりました。有難うございました。,plan 【スタンダード】関アジ・伊勢エビ・豊後牛！旬の食材を使用した割烹会席プラン(１泊２食／朝夕お部屋食) | room 【離れ】露天風呂付き和洋室（玉葉／翠葉） | None:4; None:4; None:4; None:4; None:4; None:4; None:4; None:0,https://travel.rakuten.co.jp/HOTEL/183153/review.html,1,room_open_air_bath;food,raw/rakuten/page_3.html,utf-8,positive,rating_positive_signal,medium,body_sentiment_inference_needed
OTA full review,Rakuten Travel,33123460517048,,2021-08-14,5,,オープンしたてで気になっていました。 料理はおいしく満腹になりました。 接客も親切丁寧で行って良かったです。 また泊まりに行きたいです。,plan 【オープン記念】 特別価格でスタンダードプランをご案内！割烹会席プラン(一泊二食付／夕食お部屋食） | room 【本館】和室（若葉） | None:5; None:5; None:5; None:5; None:5; None:5; None:5; None:0,https://travel.rakuten.co.jp/HOTEL/183153/review.html,0,food,raw/rakuten/page_3.html,utf-8,positive,body_positive,high,body_sentiment_inference_needed
OTA full review,Rakuten Travel,33123460485132,,2021-08-02,5,,露天風呂付の部屋食でオープン記念があったので予約しました。 オープンしたてということもあり新しく気持ちよく過ごせました。温泉と食事に癒されました。,plan 【オープン記念】 特別価格でスタンダードプランをご案内！割烹会席プラン(一泊二食付／夕食お部屋食） | room 【別館】露天風呂付き和室（葉雫／葉隠） | None:5; None:5; None:5; None:5; None:5; None:5; None:5; None:0,https://travel.rakuten.co.jp/HOTEL/183153/review.html,1,room_open_air_bath;food,raw/rakuten/page_3.html,utf-8,positive,body_positive,high,body_sentiment_inference_needed
OTA full review,Rakuten Travel,33123468822560,,2023-02-25,3,,初めての別府旅行で離れのお部屋を利用させていただきました。 良かった点 ・スタッフの皆さんの適度な距離感 ・展望台まで行かなくてもよいくらいお部屋から湯けむり、別府湾がよく見える ・地獄めぐりや足湯、貴船城が徒歩圏内で便利 ・楽しみにしていた夕食は30代夫婦でちょうどよい量 ・関あじ、伊勢海老はもちろんその他の料理がどれも美味しい ・温泉は時間帯によってぬるめ？と思うことがあっても体がずっと温かく、高温になっているときにはフロントから連絡が来る。水を入れて調整可能 ・貸切風呂は3つあるのでどれかしら空いている ・お土産の温泉卵 気になる点 ・離れのお部屋はすぐ下に広場があるのと、両隣が民家でちょっと視線が気になるかも。広場を利用する人や通学中の小学生と何度か目が合った…(気になる方は湯網あり) ・使用済のタオル置き場に迷ったので貸切風呂か部屋にタオル入れがあればいいなと思う(部屋のタオルかけは小さくてたくさん干せない) ・貸切風呂では扉前と脱衣所のどちらで履物を脱ぐのか迷ったので事前に説明があるといいと思う(自分たち以外にもどこで脱ぐの？という声が聞こえた) ・事前にGoogleマップで周囲を確認していたので迷わなかったが、看板が植木で隠れているのと、壁と同化しているように見えて分かりづらいかも。地元を知らない観光客が主だと思うので、お宿・駐車場までのアクセスを写真付で載せると問い合わせが減ると思う ・公式サイトにFacebook、Twitter、InstagramのリンクがあるのにInstagram以外は見られない 残念だった点 ・コーヒーメーカーにいつのか分からない使用済フィルターが入っていた ・コーヒーカップにコーヒーと思われる汚れ(水で洗ったらすぐに落ちた) 細かく色々書きましたが、まだまだ新しいお宿なのでこれからに期待です。,plan 【開業１周年】通常より8888円OFF！関あじ・伊勢海老・豊後牛がメインの会席プラン（朝夕お部屋食） | room 【離れ】露天風呂付き和室（禄葉） | None:4; None:3; None:5; None:5; None:5; None:4; None:4; None:0,https://travel.rakuten.co.jp/HOTEL/183153/review.html,1,room_open_air_bath;private_bath;small_bath_or_room;food;access,raw/rakuten/page_3.html,utf-8,mixed,body_positive_and_negative,high,body_sentiment_inference_needed
OTA full review,Rakuten Travel,33123461314901,あい92576077,2022-08-19,3,,8月後半に宿泊。 申し訳ございませんが多く丁寧なのか口癖なのか不思議な感じ。貸切風呂は3つとも浮遊物や髪の毛などが多く沈澱しており清潔感なし。脱衣所やお部屋は築浅で、清潔感あり。外観もおしゃれ。 宿泊最期の支払いでは確認不足の為か、事前決済済にも関わらず再度現金で満額支払い扱いになっており困惑、疲労。 売りにされている料理は夕朝と美味しかったのですが、その他が残念な気持ち。,plan 【開業１周年】通常より3888円OFF！関あじ・伊勢海老・豊後牛がメインの会席プラン（夕食お部屋食） | room 【本館】和室（一葉） | None:3; None:2; None:3; None:4; None:4; None:2; None:3; None:0,https://travel.rakuten.co.jp/HOTEL/183153/review.html,1,private_bath;food,raw/rakuten/page_3.html,utf-8,mixed,body_negative_with_context,high,body_sentiment_inference_needed
OTA full review,Rakuten Travel,33123461313845,キッシー0790,2022-08-18,3,,初めて別府でした。 コロナ禍なので宿泊中の接触を避けることを重視して選びました。 接客は丁寧だと思いますが、どこか抜けているところが多く、気になりました。 コスパは良くないと思います。,plan 【開業１周年】通常より3888円OFF！関あじ・伊勢海老・豊後牛がメインの会席プラン（夕食お部屋食） | room 【本館】和室（一葉） | None:3; None:2; None:3; None:4; None:4; None:4; None:2; None:0,https://travel.rakuten.co.jp/HOTEL/183153/review.html,0,food,raw/rakuten/page_3.html,utf-8,neutral,neutral_or_lodging_context,medium,body_sentiment_inference_needed
OTA full review,Rakuten Travel,33123477134001,旅行はゆったりが好きな新米夫婦,2026-03-16,1,残念,初めての九州旅行、新婚旅行で離れのお部屋を利用させて頂きました。 よかった点 ・食事が新鮮でとても美味しい ・食事場から湯けむりをみることができる ・個室になっている為ゆっくり堪能できた ・地獄めぐりなど観光地が近く便利 ・部屋、お風呂共にとても清潔で綺麗 気になる点 ・少しスタッフさんの距離感が近いかなと感じる場面があった ・離れの露天風呂が建物の屋上から丸見え とても残念だったところ 夜21時頃お部屋の露天風呂へ入ろうとした所 とても冷たく感じた為、自宅のお風呂と同じように一度入れ替えようと栓を抜いたところ フロントから電話があり「なんで抜いたの？抜いちゃだめだよ温泉には限りがあるんだから、言ったでしょ？がんばって掃除して張り替えたんだから」と、ため口で。 まだ自分達が若いからか何故か終始タメ口での対応でした。 お部屋紹介の際 温泉と水の出し方、ごみを拾う網のようなものの説明はあったものの冷えていた時の対処法の説明はありませんでした（もちろん栓を抜いてはいけないとの説明はありませんでした） 説明は受けていないとは思うが、こちらも勝手に抜いてしまっていた為謝罪したところ 「全然悪いことはないんだよ、火傷に気を付けつけてね」と。 初めの電話に出た時の口調と、謝罪後の態度の切り替えに驚きました。 わざわざ露天風呂付きの客室を選んで予約しているのに冷え切った温泉に入ればいいのか、せっかく温泉に入れるのであれば温かい温泉に入りたいと思うのが間違いだったのか、と思ってしまいました。 正直、新婚旅行での1番の目玉として期待していた分とても残念で素敵な思い出になると思っていたので悲しいです。 ただ料理はとても美味しくよい空間で食べることができたので、良かったです。,plan 【特別価格／10％OFF】関あじ・伊勢海老・豊後牛がメインの割烹会席プラン(１泊２食／朝夕お部屋食) | room 【離れ】露天風呂付き和洋室（玉葉／翠葉） | None:1; None:1; None:1; None:4; None:5; None:1; None:1; None:1,https://travel.rakuten.co.jp/HOTEL/183153/review.html,1,room_open_air_bath;food;access,raw/rakuten/page_3.html,utf-8,mixed,body_positive_and_negative,high,body_sentiment_inference_needed
OTA full review,Rakuten Travel,33123476357324,bbqぱるぱる,2025-12-11,1,残念過ぎる,残念過ぎました。 駐車場が分かりづらく、ほぼ路駐状態で受付へ急いで確認へ。鉄輪温泉内という事で道路は交通量もある程度あるにもかかわらず、受付の方はのんびり。仕舞いには路駐している事に対して「みなさん気にされませんよ。荷物はおろしますか？」と。私はいつもそういった事に気をつけて生活しているので、宿の方の到着直後のこの発言に正直キャンセルしたいぐらいでした。 口コミにも駐車場が分かりづらかったと書いていた人もいたので、それを改善する気は無い宿なんだと。 駐車場は宿の隣のビルの間のやや細い道を入って行った裏側という初見では分かりづらく停めづらいものでした。 夕食で担当してくださった方はとても印象が良く、不快感が和らぎました。その方のおかげでなんとか心が落ち着きました。 貸し切り風呂は、温泉臭ではない下水のような匂いが混じっていたのでゆっくりも出来ませんでした。 鉄輪温泉は他の宿も含め何度か泊まっており、今回も3泊中最終日でしたが、他の宿では匂った事がない臭いで…これは温泉の臭いではないと思います。 朝食時も、従業員が少ないのか時間通りに席についたのに誰も気付かず…。他の家族連れが「ご馳走様ー！」っと従業員がいる方へ声をかけるも誰も出て来ず。 期待していただけあって、残念過ぎる宿でした。,plan 【特別価格／10％OFF】関あじ・伊勢海老・豊後牛がメインの割烹会席プラン(１泊２食／夕食お部屋食） | room 【本館】和室（若葉） | None:1; None:2; None:1; None:3; None:3; None:1; None:1; None:1,https://travel.rakuten.co.jp/HOTEL/183153/review.html,1,private_bath;food;access,raw/rakuten/page_3.html,utf-8,mixed,body_positive_and_negative,high,body_sentiment_inference_needed
OTA full review,Rakuten Travel,33123476165581,,2025-11-16,2,情報共有不足による不手際が残念,大人2・赤ちゃん1の2家族（2部屋）で宿泊しました。 まず、夕食の食前酒について、チェックイン時に4名ともノンアルコールを希望していたにもかかわらず、提供されたのはアルコールでした。全員が気づかず飲んでしまいました。スタッフに伝えると「上の者に報告します」と言われましたが、その後に来た別のスタッフは謝罪もなく「ノンアルコールの食前酒です」のみ。 アルコールの誤提供は重大なミスです。今回は授乳中・妊娠中ではなかったので結果的に問題はありませんでしたが、状況によっては健康被害につながりかねません。危機感のない対応に強い不信感を覚えました また、1週間前に以下の2点を事前にお願いしていましたが、全く共有されていませんでした。 ・夕食は2家族まとめて1室での利用 ・布団は私たちが2組、もう一方の家族が3組 チェックイン時には「どちらの部屋でも構いません」と案内され、選んだ部屋と準備されていた布団の数が逆の状態でした。赤ちゃんが早く寝たため、夕食前に布団の移動をお願いしたところ、「生物なので、できるだけ早くお食事をお願いします」と言われ、こちらの事情への配慮は感じられませんでした。 建物はきれいでお料理もとても美味しく、楽しみにしていた宿泊だっただけに、情報共有不足によるトラブルが重なり残念でした。今後、同じことが起こらないよう、館内での連携がより徹底されることを願います。,plan 【スタンダード】関あじ・伊勢海老・豊後牛！旬の食材を使用した割烹会席プラン(１泊２食／夕食お部屋食) | room 【別館】露天風呂付き和室（葉雫／葉隠） | None:4; None:1; None:3; None:0; None:3; None:3; None:3; None:3,https://travel.rakuten.co.jp/HOTEL/183153/review.html,1,room_open_air_bath;food,raw/rakuten/page_3.html,utf-8,mixed,body_positive_and_negative,high,body_sentiment_inference_needed
OTA full review,Rakuten Travel,33123460792699,KDT1981,2022-01-14,2,,"年末の忙しい繁忙期の宿泊でしたが色々残念でした。 ・貸切風呂の露天風呂の温度がぬる過ぎる、とても長く入っていられない ・部屋でコーヒーを飲もうとしたが焙煎機の使い方がわからず、フロントに連絡し説明してもらう羽目に、説明の紙は用意されていたようだが、部屋に置いておくのを忘れていた様子 ・夕食は部屋食でしたが、隣のお客さんの食事と2,3度ほど間違えて持ってこられる ・そんなだから、せっかく良い食材なのに伊勢エビや牡蠣などの焼き物が冷めている ・部屋は露天風呂付き客室なのに、深夜に入ろうとしたら、こちらもぬるくなっている ・朝食は夕食と違ってすごく普通、しかも朝食会場の窓の外は喫煙スペースで喫煙者と目が合う 全国の色々な施設に宿泊しているが、この価格帯でこのサービスはかなり酷い、悪質。 年末で割高なのは全然許容できるが、それはサービスが伴ってこそ。 2021年末の段階で星5の評価はおかしいと思う。n=11だったのを重視すべきでしたね。 前日に湯布院に宿泊して、こちらはサービスも洗練されていただけに別府の施設はこんなものかと大変残念だった。付け加えておくと、スタッフはみなさん笑顔でいい人達だと思う。あくまで最低限のトレーニングや打ち合わせが足りていないということは申し添えておきます。繁忙期だからと品質が下がるようではこの価格帯を出してはいけないと思いますよ。",plan 【スタンダード】関アジ・伊勢エビ・豊後牛！旬の食材を使用した割烹会席プラン(１泊２食／夕食お部屋食) | room 【別館】露天風呂付き和室（葉雫／葉隠） | None:2; None:2; None:5; None:2; None:2; None:2; None:2; None:0,https://travel.rakuten.co.jp/HOTEL/183153/review.html,1,room_open_air_bath;private_bath;temperature_cold;food,raw/rakuten/page_3.html,utf-8,negative,low_rating_negative_body,high,body_sentiment_inference_needed
OTA full review,Rakuten Travel,33123477809969,ハゲカリス,2026-06-08,5,料理も温泉も最高！また行きたい,料理も美味しくて良かったし 温泉も凄く良かったです また行きたいと思います,plan 【特別価格／10％OFF】関あじ・伊勢海老・豊後牛がメインの割烹会席プラン(１泊２食／朝夕お部屋食) | room 【離れ】露天風呂付き和洋室（玉葉／翠葉） | None:5; None:5; None:5; None:5; None:5; None:5; None:5; None:5,https://travel.rakuten.co.jp/HOTEL/183153/review.html,1,room_open_air_bath;food,raw/rakuten/rakuten.html,utf-8,positive,body_positive,high,body_sentiment_inference_needed
OTA full review,Rakuten Travel,33123476422962,ミムー0801,2025-12-20,5,料理が最高！また来たい宿,一歳の子どもへの気遣いもしていただき大変助かりました。風呂付の部屋でしたが風呂も最高でしたし、何より料理が最高でした。何を食べても美味しかったです。スタッフの方もとても親切でニコニコされておりとても感じが良かったです。妻とも毎年来たいところを見つけたねと話してました。,plan 【特別価格／10％OFF】関あじ・伊勢海老・豊後牛がメインの割烹会席プラン(１泊２食／夕食お部屋食） | room 【別館】露天風呂付き和室（葉雫／葉隠） | None:5; None:5; None:4; None:5; None:5; None:5; None:5; None:5,https://travel.rakuten.co.jp/HOTEL/183153/review.html,1,room_open_air_bath;food,raw/rakuten/rakuten.html,utf-8,positive,body_positive,high,body_sentiment_inference_needed
OTA full review,Rakuten Travel,33123476289338,★AMU★,2025-12-04,4,眺め良し、料理も美味！子連れに嬉しい宿,4歳の子がいるため露天風呂、貸切風呂、お部屋食というところで残り1部屋だったのでこちらの宿を利用しました。清潔感もありお部屋からの眺めもよくお料理は朝も夜もとってもおいしかったです！お風呂も貸切なので小さい子がいても他の目を気にせずゆっくり入れました。 ただお部屋食がテーブル席だったのが残念でした！お部屋なら低いテーブルでのんびり食べたかったし、子供がいると低いテーブルの方が食べやすいです！せめてテーブルか低いテーブルか選べたらいいなと思いました。,plan 【特別価格／10％OFF】関あじ・伊勢海老・豊後牛がメインの割烹会席プラン(１泊２食／夕食お部屋食） | room 【本館】和室（若葉） | None:4; None:5; None:5; None:5; None:5; None:5; None:5; None:5,https://travel.rakuten.co.jp/HOTEL/183153/review.html,1,private_bath;small_bath_or_room;food,raw/rakuten/rakuten.html,utf-8,mixed,body_positive_and_negative,high,body_sentiment_inference_needed
OTA full review,Rakuten Travel,33123476130195,コチャン2228,2025-11-06,5,,3世代家族でお世話になりました。 部屋から見える湯けむりと海を見ながら、食事をいただきました。 どの料理も大変美味しく量もしっかりあり、お腹いっぱいになります。 また、日本酒の種類が多く料理に合うため楽しめました。 子供がいるため露天風呂付きの部屋に泊まることが出来なかったのですが、貸し切り温泉になっているため、ゆっくりと入ることができました。 全てパーフェクトな宿だと思います。 家族みんな大満足のお宿でした。 今度は、関サバの時にお邪魔したいと思います。,plan 【スタンダード】関あじ・伊勢海老・豊後牛！旬の食材を使用した割烹会席プラン(１泊２食／夕食お部屋食) | room 【本館】和室二間（青葉） | None:5; None:5; None:5; None:5; None:5; None:5; None:5; None:0,https://travel.rakuten.co.jp/HOTEL/183153/review.html,1,room_open_air_bath;private_bath;food,raw/rakuten/rakuten.html,utf-8,positive,body_positive,high,body_sentiment_inference_needed
OTA full review,Rakuten Travel,33123473314632,rever-up,2025-07-21,4,,食事も美味しく楽しめたのですが部屋にある家具の扉が壊れてたり、ランプの電球が切れてるのかつかない。せっかくいい施設なので室内の機器にも目を配り確認して欲しい。利用者はその些細なことに目が行きますもんで,plan 【特別価格／10％OFF】関あじ・伊勢海老・豊後牛がメインの割烹会席プラン(１泊２食／朝夕お部屋食) | room 【離れ】露天風呂付き和室（禄葉） | None:4; None:5; None:5; None:5; None:5; None:5; None:4; None:0,https://travel.rakuten.co.jp/HOTEL/183153/review.html,1,room_open_air_bath;food,raw/rakuten/rakuten.html,utf-8,mixed,body_positive_and_negative,high,body_sentiment_inference_needed
OTA full review,Rakuten Travel,33123472825009,taka06152207,2025-09-24,5,,部屋で食べた夕食も朝食も美味しくて、温泉も最高でした！また、接客も素晴らしかったです！また、お願いします！,plan 【特別価格／10％OFF】関あじ・伊勢海老・豊後牛がメインの割烹会席プラン(１泊２食／夕食お部屋食） | room 【本館】和室（一葉） | None:5; None:5; None:5; None:5; None:5; None:5; None:5; None:0,https://travel.rakuten.co.jp/HOTEL/183153/review.html,1,food,raw/rakuten/rakuten.html,utf-8,positive,body_positive,high,body_sentiment_inference_needed
OTA full review,Rakuten Travel,33123473063772,,2025-06-16,5,,6月14日(土)、15日(日)で1泊、女性2名で利用させて頂きました。 到着が予定より早く、八葉さんへお電話したところ、 16時チェックインを15時に変更させて頂きました。 また、周辺で観光をしたかった為、13時からの駐車場利用を伺ったところ、駐車場の利用も快く受け入れて下さいました。 ありがとうございました。 (コインランドリーとビルの間を入っていくと駐車場があります) 到着後、貸切風呂を利用させて頂きました。 外に露天風呂もあり、大変気持ちよかったです。 浴室内、洗い場、脱衣所は2人には十分な広さでした。 浴衣や湯浴み着、移動に使えるカゴもありましたよ。 お部屋は【葉隠】でした。 露天風呂付き客室でしたが、温泉を足すことが出来たので、朝も入浴を楽しめました。 朝夕食事付きで豪華な懐石料理を楽しめました。 全部美味しいですよ！！特にお刺身は新鮮！全ておすすめです！ 我々は、お酒を飲む方なので、お酒とお料理をもう少しゆっくり味わいたかったのですが、お布団の準備等あり20時が最終のようです。 誕生日ケーキをご用意頂き、デザートのタイミングで持ってきて下さいました。 スタッフの方が、盛り上げて下さり、友人はとても喜んでくれました。ありがとうございます。 ケーキを食べる時間をご配慮頂き、20時20分頃まで余裕を下さいました。 ありがとうございました。 朝ごはんもとても美味しくて、ご飯はおかわりさせて頂きました！ 最後の最後までスタッフさんはどの方も優しく、臨機応変にご対応頂き、大変感謝しております。 特別な日を過ごさせてもらえました。 また伺えるよう、仕事も頑張れます！ 素敵な時間をありがとうございました。,plan 【スタンダード】関あじ・伊勢海老・豊後牛！旬の食材を使用した割烹会席プラン(１泊２食／夕食お部屋食) | room 【別館】露天風呂付き和室（葉雫／葉隠） | None:5; None:5; None:5; None:5; None:5; None:5; None:5; None:0,https://travel.rakuten.co.jp/HOTEL/183153/review.html,1,room_open_air_bath;private_bath;food;access,raw/rakuten/rakuten.html,utf-8,positive,body_positive,high,body_sentiment_inference_needed
OTA full review,Rakuten Travel,33123472529864,,2025-02-21,5,,夕食も朝食も最高でした！！ 夜のお肉やお魚はもちろん、朝食のだんご汁も大分ならではのものがたくさん食べれて大満足です！ 店員さんも皆さん優しかったです。 露天風呂付きのお部屋でしたが、貸切風呂も入ることが出来て彼とゆっくり過ごすことが出来ました！ 近くにセブンイレブンやバス停、コインロッカーなどもあり、次の日の観光(主に地獄めぐり)にとても助かりました。,plan 【スタンダード】関あじ・伊勢海老・豊後牛！旬の食材を使用した割烹会席プラン(１泊２食／夕食お部屋食) | room 【別館】露天風呂付き和室（葉雫／葉隠） | None:4; None:5; None:5; None:5; None:5; None:5; None:5; None:0,https://travel.rakuten.co.jp/HOTEL/183153/review.html,1,room_open_air_bath;private_bath;food;access,raw/rakuten/rakuten.html,utf-8,positive,body_positive,high,body_sentiment_inference_needed
OTA full review,Rakuten Travel,33123472729999,,2024-12-25,4,,駐車場がやや分かりにくかった。 部屋からの景色は良かったが、塀で仕切った公園の裏だったので、場所によってやや視線は気になりそうだった。 部屋風呂は気持ち良かったが、冬で湯温がすぐに下がるので、入れなおすのがやや手間だった。 料理は美味しく部屋食でゆっくり食べる事が出来た。 接客も親切で良かった。,plan 【スタンダード】関あじ・伊勢海老・豊後牛！旬の食材を使用した割烹会席プラン(１泊２食／朝夕お部屋食) | room 【離れ】露天風呂付き和洋室（玉葉／翠葉） | None:4; None:4; None:4; None:5; None:5; None:4; None:4; None:0,https://travel.rakuten.co.jp/HOTEL/183153/review.html,1,room_open_air_bath;room_bath;food;access,raw/rakuten/rakuten.html,utf-8,mixed,body_positive_and_negative,high,body_sentiment_inference_needed
OTA full review,Rakuten Travel,33123472584830,D_Daigo,2024-11-26,5,,11月19日に宿泊しました。 旅館の方が皆さんすごく親切で、部屋も写真で見るよりも綺麗ですごく良かったです。 朝食も夕食も美味しくて見栄えも良く、恋人との時間を楽しみながら食事することができました。 部屋のお風呂も綺麗で寒かなってくる時期でもあったのですごく気持ち良かったです。 貸切風呂も入らせていただきましたが、内風呂が広くてゆったり入ることができました。,plan 【スタンダード】関あじ・伊勢海老・豊後牛！旬の食材を使用した割烹会席プラン(１泊２食／朝夕お部屋食) | room 【離れ】露天風呂付き和室（禄葉） | None:5; None:5; None:4; None:5; None:5; None:4; None:5; None:0,https://travel.rakuten.co.jp/HOTEL/183153/review.html,1,room_open_air_bath;room_bath;private_bath;food,raw/rakuten/rakuten.html,utf-8,mixed,body_positive_and_negative,high,body_sentiment_inference_needed
OTA full review,Rakuten Travel,33123472558255,,2024-11-21,5,,今回はお世話になりました。豪華な夕食と朝食とても美味しくいただきました。自家製の干物がとてもおいしかったです。ご飯は、湯布院の契約農家からの直送品とか。しっとり、ピカピカ光って美味しかったですし、豊後牛のステーキとせいろ蒸しも、とろけるように美味しかったです。もちろん露天風呂や貸切風呂も充実していました。もう少し部屋がひろくて、ソファーなどくつろげるスペースがあれば完璧かも。 地獄めぐりは歩いて１０分で行くことができるので、便利ですよ。,plan 【スタンダード】関あじ・伊勢海老・豊後牛！旬の食材を使用した割烹会席プラン(１泊２食／夕食お部屋食) | room 【別館】露天風呂付き和室（葉雫／葉隠） | None:4; None:5; None:5; None:5; None:5; None:5; None:5; None:0,https://travel.rakuten.co.jp/HOTEL/183153/review.html,1,room_open_air_bath;private_bath;water_texture;food;access,raw/rakuten/rakuten.html,utf-8,positive,rating_positive_signal,medium,body_sentiment_inference_needed
OTA full review,Rakuten Travel,33123472296792,えだちーさん,2024-09-27,5,,2歳児連れ、連泊で利用しました。 子供のご飯も柔軟に対応して頂き、特にだんご汁は美味しい美味しいと野菜もほぼほぼ食べてました。 もちろん大人のご飯も美味しく、満足です。 お部屋の岩風呂は大人3人でも入れそうな広さで、もたれるのに丁度いい岩が配置されててゆったり楽しめました。,plan 【スタンダード】関あじ・伊勢海老・豊後牛！旬の食材を使用した割烹会席プラン(１泊２食／夕食お部屋食) | room 【別館】露天風呂付き和室（葉雫／葉隠） | None:5; None:5; None:5; None:5; None:5; None:5; None:5; None:0,https://travel.rakuten.co.jp/HOTEL/183153/review.html,1,room_open_air_bath;food,raw/rakuten/rakuten.html,utf-8,positive,body_positive,high,body_sentiment_inference_needed
OTA full review,Rakuten Travel,33123472287068,あっきー777524,2024-09-25,5,,食事の美味しそうな宿を探して辿り着きました。部屋露天風呂付き、部屋食付の翠葉に宿泊。夕食は伊勢海老と関アジのお造りに大分産和牛の蒸し焼きが付いたお料理、前菜からすべて最高に美味しかったです！部屋の露天風呂もとても良いです。お部屋は低床タイプのベットです。 スタッフさんの対応もとても良く、またリピートしたいなと思える宿でした。 お料理重視なら間違いないです。 すぐ隣にコンビニもあるので便利！ ただ、現地精算される方はカード使えないのでご注意を！,plan 【スタンダード】関あじ・伊勢海老・豊後牛！旬の食材を使用した割烹会席プラン(１泊２食／朝夕お部屋食) | room 【離れ】露天風呂付き和洋室（玉葉／翠葉） | None:5; None:5; None:5; None:5; None:5; None:5; None:5; None:0,https://travel.rakuten.co.jp/HOTEL/183153/review.html,1,room_open_air_bath;food,raw/rakuten/rakuten.html,utf-8,positive,body_positive,high,body_sentiment_inference_needed
OTA full review,Rakuten Travel,33123471853525,rikutai0127,2024-06-13,4,,お料理もお部屋も温泉も申し分なくとても良く癒されました。 お部屋案内してくれた方、お料理の配膳してくれた方皆さまとても気持ちの良い接客してくれました ひとつ残念な事がありまして・・ 帰りに飲食した分の会計をしようと思ったらカード使えなく現金のみと言われてしまいました。 １万円だけ持っていたのでそれを出したら「大きいのしかないですか？」とも言われました。 現金のみの場合はHPに書いておいてもらいたかったし、何かしらお知らせしていただきたかったです。 今時、現金しか使えないところがあるんだ〜と驚きました。,plan 【スタンダード】関あじ・伊勢海老・豊後牛！旬の食材を使用した割烹会席プラン(１泊２食／朝夕お部屋食) | room 【離れ】露天風呂付き和洋室（玉葉／翠葉） | None:5; None:4; None:4; None:5; None:5; None:5; None:4; None:0,https://travel.rakuten.co.jp/HOTEL/183153/review.html,1,room_open_air_bath;food,raw/rakuten/rakuten.html,utf-8,mixed,body_positive_and_negative,high,body_sentiment_inference_needed
OTA full review,Rakuten Travel,33123471266990,ふたしん,2024-03-25,5,,家族３人での利用でした。 豪華な食事が目当てだったので食事については申し分ありませんでした。 立地も窓から鉄輪温泉の湯けむりの街並みが望める場所でかなりよかったです。 部屋は２階にあり私たちの予約した「若葉」は階段の正面にあります。 そのせいか階段を上ってくる音が部屋内から少し聞こえたので静かに歩かない客がほかにいると気になる人は気になるかもしれません。 （２階建てなのでエレベーターはありません） 貸し切りができる家族風呂は全部で３つでしたが、露天風呂がついているのはその中の１つだけ（左側の一番奥）なので左側一番奥がおすすめです。 次の人がお風呂を借りるまでに掃除をしてくれるので清潔感があります。 駐車場は少しわかりにくい場所にあります。 ホテルの右側にコインランドリーがありますが、そのコインランドリーの右の路地を入っていくと駐車場にたどり着けますが看板もないので最初は迷うと思います。,plan 【期間限定価格】通常より3888円OFF！関あじ・伊勢海老・豊後牛がメインの会席プラン／夕食お部屋食 | room 【本館】和室（若葉） | None:4; None:4; None:5; None:5; None:5; None:4; None:4; None:0,https://travel.rakuten.co.jp/HOTEL/183153/review.html,1,private_bath;family_bath;food;access,raw/rakuten/rakuten.html,utf-8,mixed,body_positive_and_negative,high,body_sentiment_inference_needed
OTA full review,Rakuten Travel,33123471145140,小さいオッサン0005,2024-03-09,4,,一見すると一戸建てのような見た目なので、場所が少し分かりにくく何度か通過してしまいました。部屋に入ると旅館と感じますが、部屋から出るとシェアハウス感も感じました。 ただ、食事やお風呂はとても満足です。,plan 【期間限定価格】通常より3888円OFF！関あじ・伊勢海老・豊後牛がメインの会席プラン／夕食お部屋食 | room 【本館】和室（若葉） | None:5; None:5; None:5; None:5; None:5; None:5; None:5; None:0,https://travel.rakuten.co.jp/HOTEL/183153/review.html,1,food,raw/rakuten/rakuten.html,utf-8,mixed,body_positive_and_negative,high,body_sentiment_inference_needed
OTA full review,Rakuten Travel,33123471115602,skmn23,2024-03-03,5,,最高の宿でした。 立地はバス停からとても近く、宿のすぐ近くにセブンもあったのも地味に嬉しかったです。あとは5分ほど歩くと地獄めぐりもできるしお土産屋さんもあったので軽く観光が楽しめました！ お部屋ははなれのような感じで、小さな子供連れの私たちにとっては他のお客様の迷惑にならないところが安心しました。また、お部屋のお風呂がとても良かったです！写真で見たのとはすこし違って、岩の露天風呂で、家族にとっては十分な広さもあり、温度調整もできるし、とてもお部屋のお風呂とは思えないクオリティで感動しました！ そしてなんと言ってもお料理が美味しすぎました。お料理が美味しいと言う口コミをみてご予約させていただいたのですが、期待以上でした。 関アジのお刺身が一番美味しかったです。あとはお肉とお野菜のせいろ蒸しも美味しすぎました。 そしてお料理の時にご対応いただいた方のあたたかいご対応や、その他スタッフの方のご対応、サービスも親切でとても良かったです。 夫婦で口を揃えて『また行きたいね！』と言っています。 その際はまたよろしくお願いします。,plan 【期間限定価格】通常より3888円OFF！関あじ・伊勢海老・豊後牛がメインの会席プラン／夕食お部屋食 | room 【別館】露天風呂付き和室（葉雫／葉隠） | None:5; None:5; None:5; None:5; None:5; None:5; None:3; None:0,https://travel.rakuten.co.jp/HOTEL/183153/review.html,1,room_open_air_bath;room_bath;small_bath_or_room;food;access,raw/rakuten/rakuten.html,utf-8,positive,body_positive,high,body_sentiment_inference_needed
OTA full review,Rakuten Travel,33123470982399,,2024-02-03,5,,全てにおいて最高に良かったです。特に良かったのが食事で、メインのお刺身や牛肉は当言わずもがな、ご飯まで大変美味しかったです。九州は米どころというイメージがなかったので自分の中の常識が変わりました。どこのお米を使われているのでしょうか？是非教えて頂きたいです。 家族の記憶に残る、素晴らしい旅館でした。ありがとうございました。また是非伺います。,plan 【期間限定価格】通常より3888円OFF！関あじ・伊勢海老・豊後牛がメインの会席プラン／夕食お部屋食 | room 【本館】和室二間（青葉） | None:5; None:5; None:5; None:5; None:5; None:5; None:5; None:0,https://travel.rakuten.co.jp/HOTEL/183153/review.html,0,food,raw/rakuten/rakuten.html,utf-8,positive,body_positive,high,body_sentiment_inference_needed
OTA full review,Rakuten Travel,33123470737118,zelky,2023-12-26,5,,温泉はほんのり硫黄の香りがする程度で、硫黄泉が嫌いな私でも大丈夫でした。 露天風呂は一寸法師になった気分になほど小さく体育座りして入る感じですが、内風呂（お風呂が石で出来ていて雰囲気良し、天井も高い）から外が見えるのと、外につながっていて出られるのが良かったです。内風呂は広かったです。 料理は美味しく大満足でした。関アジや関サバは新鮮で、お肉も程よく脂が乗っていて柔らかくてよかったです。 二階のダイニングは仕事をしたり、一人起きている時はテレビを見ることもできて便利でした。 近くにコンビニがあるのも便利です。 タウンハウスのようになっており、隣に人がいるときは少々音が聞こえました。 玄関から入り、階段を４段上るとダイニング部屋で、１０段下ると寝室/クローゼット/洗面所/風呂という造りです。足の悪い方はご参考に。,plan 【期間限定価格】通常より8888円OFF！関あじ・伊勢海老・豊後牛がメインの会席プラン／朝夕お部屋食 | room 【離れ】露天風呂付き和室（禄葉） | None:5; None:5; None:5; None:5; None:5; None:5; None:5; None:0,https://travel.rakuten.co.jp/HOTEL/183153/review.html,1,room_open_air_bath;small_bath_or_room;food,raw/rakuten/rakuten.html,utf-8,mixed,body_positive_and_negative,high,body_sentiment_inference_needed
OTA full review,Rakuten Travel,33123470460861,iok6440,2023-11-09,5,,部屋食でのんびりさせて頂きました。 地獄巡りからも近く移動に疲れず 時間を有効に使えました。 番頭さんから中居さんまで皆さん親切な方々でした。 大分の地酒飲み比べが出来て 食べ物も美味しく大分を丸ごと楽しめました。 ありがとうございました。 またお世話になりたいです。,plan 【期間限定価格】通常より3888円OFF！関あじ・伊勢海老・豊後牛がメインの会席プラン／夕食お部屋食 | room 【別館】露天風呂付き和室（葉雫／葉隠） | None:5; None:5; None:5; None:5; None:5; None:5; None:5; None:0,https://travel.rakuten.co.jp/HOTEL/183153/review.html,1,room_open_air_bath;food;access,raw/rakuten/rakuten.html,utf-8,positive,body_positive,high,body_sentiment_inference_needed
OTA full review,Jalan,jalan_7a254040fc572331,リトルミィさん,2025/6/23,4,接客がとても良かったです！,夫婦旅行で初めて伺いました。5年目だそうでとても綺麗でした。全部で８室で私は離れに宿泊しました。部屋のお風呂は内風呂と外にも露天風呂がありました。他にも家族風呂があり広いお風呂と露天風呂がありました。家族風呂は他の方が入っていない限りいつでも入れます。お肌がすべすべになりとても気持ちが良かったです。食事は関あじと伊勢海老と豊後牛という言葉に惹かれての予約でしたが、伊勢海老が少ししかなかったのが残念でしたが、他のメニューは種類も多く、大分県の食材も使用されていてとても美味しくて大変満足でした。朝食も身体に優しいメニューでとても美味しかったです。お部屋は夫婦2人でちょうどよいくらいのコンパクトな広さでした。洗面所の流しが小さいのと、コンタクトレンズが流されないようにキャッチがあるといいなと思いました。部屋には冷蔵庫がありましたが、小さいからか全く冷えなかったのが残念でした。 今まで宿泊したことのないタイプのお部屋で二階建ての家に住んでいる感覚でした。私たちは問題なかったですが部屋の中の階段を行き来するのが辛い方には向かないなと思いました。 あと駐車場の記載がなかったので場所など書いてもらえると迷わなくていいかなと思いました。 近くにコンビニやコインランドリーもあり連泊の時も便利だし、地獄めぐりのスポットからも近いのでいいなと思いました。 夫婦水入らずの旅行でしたがゆっくりと過ごすことが出来、お店の方の接客もとても良かったです。大変お世話になりました。また伺いたいです！,"時期:2025年6月宿泊; プラン:【スタンダード】関あじ・伊勢海老・豊後牛！旬の食材を使用した割烹会席プラン(１泊２食付／朝夕お部屋食); 価格帯:30,001円以上(大人１名あたり/税込); 部屋:4; 風呂:5; 料理(朝食):5; 料理(夕食):4; 接客・サービス:5 | プラン 【スタンダード】関あじ・伊勢海老・豊後牛！旬の食材を使用した割烹会席プラン(１泊２食付／朝夕お部屋食) 和室 朝・夕 朝/部屋出し 夕/部屋出し",https://www.jalan.net/yad322964/kuchikomi/archive/,1,room_bath;family_bath;water_texture;small_bath_or_room;food;access,raw/jalan/archive.html,cp932,mixed,body_positive_and_negative,high,body_sentiment_inference_needed
OTA full review,Jalan,jalan_748a5b34ca16769e,ゆかりんさん,2025/6/14,5,最高でした。良き思い出の1ページをありがとうございました。,お部屋も離れで、お食事する部屋と過ごすお部屋も別々で、お風呂も最高、料理も美味しく、食べ切れない位、沢山でした。 雨が降ってて霧の日だったのが部屋からの景色が少し残念でした。 親孝行ができました。,"時期:2025年6月宿泊; プラン:【じゃらん限定／直前割】離れ客室に無料グレードアップ！スタンダード会席プラン（朝夕お部屋食）; 価格帯:26,001～27,000円(大人１名あたり/税込); 部屋:5; 風呂:5; 料理(朝食):5; 料理(夕食):5; 接客・サービス:5 | プラン 【じゃらん限定／直前割】離れ客室に無料グレードアップ！スタンダード会席プラン（朝夕お部屋食） 和室 朝・夕 朝/部屋出し 夕/部屋出し",https://www.jalan.net/yad322964/kuchikomi/archive/,1,food,raw/jalan/archive.html,cp932,mixed,body_positive_and_negative,high,body_sentiment_inference_needed
OTA full review,Jalan,jalan_e4014fa971227271,nanaさん,2025/6/13,5,若い人におすすめ,部屋も綺麗だし、ご飯も刺身も他の料理もめちゃくちゃ美味しく 量も多めなのでお腹いっぱいになれます。 部屋の中に階段があっても大丈夫な方。 部屋の露天風呂は雨が降ってない時がおすすめです。,"時期:2025年6月宿泊; プラン:【じゃらんのお得な10日間】関あじ＆豊後牛など旬の食材を使用した割烹会席(１泊２食／朝夕お部屋食）; 価格帯:29,001～30,000円(大人１名あたり/税込); 部屋:5; 風呂:4; 料理(朝食):4; 料理(夕食):5; 接客・サービス:5 | プラン 【じゃらんのお得な10日間】関あじ＆豊後牛など旬の食材を使用した割烹会席(１泊２食／朝夕お部屋食） 和洋室 朝・夕 朝/部屋出し 夕/部屋出し",https://www.jalan.net/yad322964/kuchikomi/archive/,1,room_open_air_bath;food,raw/jalan/archive.html,cp932,positive,rating_positive_signal,medium,body_sentiment_inference_needed
OTA full review,Jalan,jalan_ec54ab41eb7f67aa,もりっちさん,2025/6/8,2,お食事美味しいよ,とりあえず荷物を置かせてもらおうと予定の時間より早く到着しました。宿の玄関は施錠されていて貼り紙すらありませんでした。えっ！！宿やってないの？と不安になり電話をかけました。 部屋に入るとすぐにお風呂にお湯を張ってくださいました。○ しばらくしてお湯を止めに来てくれましたが、ノックなしで入ってこられました。 すぐに接客してくださったスタッフは不快にな事が多かった。 部屋は縦に長くて、思っていたのと違いました。脱衣場も無くついたてで仕切るだけでした。 他の人が書かれていたようにお風呂は時間とともに冷めてしまいお湯張りを依頼するのもどうかと…なので1回しか入りませんでした。 でも翌日お肌はすべすべでした～ 別府温泉すごーい 食事とその時のスタッフさんは◎です。 美味しいし食べきれないほどでした。 翌日のタクシーの手配もありがとうございました。,"時期:2025年5月宿泊; プラン:【じゃらん限定】夕食グレードアップ！視覚と味覚で料理を愉しむ～玉手箱会席プラン～（夕食お部屋食）; 価格帯:28,001～29,000円(大人１名あたり/税込); 部屋:1; 風呂:2; 料理(朝食):5; 料理(夕食):5; 接客・サービス:4 | プラン 【じゃらん限定】夕食グレードアップ！視覚と味覚で料理を愉しむ～玉手箱会席プラン～（夕食お部屋食） 和室 朝・夕 朝/個室利用 夕/部屋出し",https://www.jalan.net/yad322964/kuchikomi/archive/,1,temperature_cold;water_texture;food,raw/jalan/archive.html,cp932,mixed,body_positive_and_negative,high,body_sentiment_inference_needed
OTA full review,Jalan,jalan_c3ab0be56333e36d,苺姫さん,2025/6/4,5,お部屋のお風呂でゆっくり,初めての利用です お部屋で食事も温泉も完結で、ゆ～っくりするには最高です 2階で食事なので用意するのに気を使わなくてよいのが良かったです お料理は最高に美味しかったです！ご飯も釜で炊きあげてくれるので美味しいのですが、軽くお茶碗一杯程度なので、お酒飲まなくてご飯派には、かなり足りなかったです,"時期:2025年4月宿泊; プラン:【じゃらんスペシャルウィーク】関あじ＆伊勢海老＆豊後牛がメインの割烹会席(１泊２食／朝夕お部屋食）; 価格帯:28,001～29,000円(大人１名あたり/税込); 部屋:5; 風呂:5; 料理(朝食):5; 料理(夕食):5; 接客・サービス:5 | プラン 【じゃらんスペシャルウィーク】関あじ＆伊勢海老＆豊後牛がメインの割烹会席(１泊２食／朝夕お部屋食） 和洋室 朝・夕 朝/部屋出し 夕/部屋出し",https://www.jalan.net/yad322964/kuchikomi/archive/,1,room_bath;food,raw/jalan/archive.html,cp932,positive,body_positive,high,body_sentiment_inference_needed
OTA full review,Jalan,jalan_9e747bdbcf032762,みっちゃんさん,2025/6/3,5,お部屋、お風呂、料理大満足,鶴見岳のミヤマキリシマを見に急遽別府旅行を計画し、宿を探したところ八葉さんのプランが気に入り伺いましたが、全てにおいて大満足でした。 スタッフの方の対応もとても親切で気持ちのも良い宿泊となりました。,"時期:2025年5月宿泊; プラン:【期間限定】通常より10％OFF！関あじ・伊勢海老・豊後牛がメインの会席プラン(１泊２食付／夕食お部屋食）; 価格帯:23,001～24,000円(大人１名あたり/税込); 部屋:5; 風呂:5; 料理(朝食):5; 料理(夕食):5; 接客・サービス:5 | プラン 【期間限定】通常より10％OFF！関あじ・伊勢海老・豊後牛がメインの会席プラン(１泊２食付／夕食お部屋食） 和室 朝・夕 朝/個室利用 夕/部屋出し",https://www.jalan.net/yad322964/kuchikomi/archive/,1,food,raw/jalan/archive.html,cp932,positive,body_positive,high,body_sentiment_inference_needed
OTA full review,Jalan,jalan_f60febdbfeacaa2b,ニモさん,2025/5/26,5,すべてにおいて大満足！,温泉は貸し切り湯なので人を気にせずのんびりできます。 入浴後の夕食も新鮮な海の幸やステーキなど美味しくて大変満足でした。 スタッフの方も親切で安心しました。,"時期:2025年5月宿泊; プラン:【スタンダード】関あじ・伊勢海老・豊後牛！旬の食材を使用した割烹会席プラン(１泊２食付／夕食お部屋食); 価格帯:20,001～21,000円(大人１名あたり/税込); 部屋:5; 風呂:5; 料理(朝食):5; 料理(夕食):5; 接客・サービス:5 | プラン 【スタンダード】関あじ・伊勢海老・豊後牛！旬の食材を使用した割烹会席プラン(１泊２食付／夕食お部屋食) 和室 朝・夕 朝/個室利用 夕/部屋出し",https://www.jalan.net/yad322964/kuchikomi/archive/,1,private_bath;food,raw/jalan/archive.html,cp932,positive,body_positive,high,body_sentiment_inference_needed
OTA full review,Jalan,jalan_a296d6848e4bd333,きょうちゃんさん,2025/5/25,5,施設全体が綺麗,部屋に行く時に余りに綺麗なので、土足で上がるのを躊躇してしまうぐらいでしたが、案内してくださった方が 靴下を履いていたのですが、そのまま部屋に入って来た時はびっくりしました。 夜は部屋食でしたが、運んで頂いた方がとても丁寧でしたので、とても気持ち良く食事が出来ました。 朝は食事処でしたが、靴箱の位置が悪くて置きにくかったです。 駐車場が分かりにくく道が狭かったのが残念でした。,"時期:2025年5月宿泊; プラン:【じゃらんスペシャルウィーク】関あじ＆伊勢海老＆豊後牛がメインの割烹会席(１泊２食／夕食お部屋食）; 価格帯:22,001～23,000円(大人１名あたり/税込); 部屋:5; 風呂:5; 料理(朝食):5; 料理(夕食):5; 接客・サービス:4 | プラン 【じゃらんスペシャルウィーク】関あじ＆伊勢海老＆豊後牛がメインの割烹会席(１泊２食／夕食お部屋食） 和室 朝・夕 朝/個室利用 夕/部屋出し",https://www.jalan.net/yad322964/kuchikomi/archive/,1,small_bath_or_room;food;access,raw/jalan/archive.html,cp932,mixed,body_positive_and_negative,high,body_sentiment_inference_needed
OTA full review,Jalan,jalan_cce21d67fb171d1f,のりクンさん,2025/5/24,5,とにかく最高な二人旅になりました。,初めての別府温泉も、大雨でテンション下がり気味でしたが、チェックイン前の、荷物の預かりから、食事まで、今までに無いサービスで、大満足でした。特に食事では、関鯵、豊後牛などどれも最高に美味しかったです。また必ず行きます!,"時期:2025年5月宿泊; プラン:【じゃらんスペシャルウィーク】関あじ＆伊勢海老＆豊後牛がメインの割烹会席(１泊２食／朝夕お部屋食）; 価格帯:28,001～29,000円(大人１名あたり/税込); 部屋:5; 風呂:4; 料理(朝食):5; 料理(夕食):5; 接客・サービス:5 | プラン 【じゃらんスペシャルウィーク】関あじ＆伊勢海老＆豊後牛がメインの割烹会席(１泊２食／朝夕お部屋食） 和洋室 朝・夕 朝/部屋出し 夕/部屋出し",https://www.jalan.net/yad322964/kuchikomi/archive/,1,food,raw/jalan/archive.html,cp932,positive,body_positive,high,body_sentiment_inference_needed
OTA full review,Jalan,jalan_f10f0c64d5e300b5,赤影さん,2025/5/21,4,料理が美味しいです。,娘、息子との3人旅行で別府の地獄巡りに便利な当旅館を選びました。夕食は部屋食でお刺身、お肉、全てがとても美味しく口コミ通りでした。お部屋からは湯けむりの上がる温泉街、そして海まで一望出来ました。お風呂は大浴場は無く小さい家族風呂がいくつかあり、洗い場も一つなので不便を感じました。以前の口コミで駐車場がわかりにくいた書いてありましたが、事前にGoogleマップで確認していたので大丈夫でした。スタッフの方はとても親切で気持ちの良い対応で大変良かったです。,"時期:2025年5月宿泊; プラン:【じゃらんスペシャルウィーク】関あじ＆伊勢海老＆豊後牛がメインの割烹会席(１泊２食／夕食お部屋食）; 価格帯:22,001～23,000円(大人１名あたり/税込); 部屋:4; 風呂:2; 料理(朝食):5; 料理(夕食):5; 接客・サービス:4 | プラン 【じゃらんスペシャルウィーク】関あじ＆伊勢海老＆豊後牛がメインの割烹会席(１泊２食／夕食お部屋食） 和室 朝・夕 朝/個室利用 夕/部屋出し",https://www.jalan.net/yad322964/kuchikomi/archive/,1,family_bath;small_bath_or_room;food;access,raw/jalan/archive.html,cp932,mixed,body_positive_and_negative,high,body_sentiment_inference_needed
OTA full review,Jalan,jalan_dec28e5448e816f8,ゆいさん,2025/5/15,5,温泉も料理も人柄も最高！,温泉がついてるお部屋にしました！ 一日中ゆったり温泉に入れて至福でした。 貸切のお風呂も入りましたが、露天風呂が気持ちよかったです！ お料理も大変美味しくいただきました。 また、スタッフ皆様とても親切で快適に過ごせました。 また行きたいです！！！,"時期:2025年5月宿泊; プラン:【スタンダード】関あじ・伊勢海老・豊後牛！旬の食材を使用した割烹会席プラン(１泊２食付／夕食お部屋食); 価格帯:29,001～30,000円(大人１名あたり/税込); 部屋:5; 風呂:5; 料理(朝食):5; 料理(夕食):5; 接客・サービス:5 | プラン 【スタンダード】関あじ・伊勢海老・豊後牛！旬の食材を使用した割烹会席プラン(１泊２食付／夕食お部屋食) 和室 朝・夕 朝/個室利用 夕/部屋出し",https://www.jalan.net/yad322964/kuchikomi/archive/,1,private_bath;food,raw/jalan/archive.html,cp932,positive,body_positive,high,body_sentiment_inference_needed
OTA full review,Jalan,jalan_3f2818fb8993f584,ひろのりさん,2025/5/8,5,カップルにおすすめ,部屋から見える別府温泉街の湯気が立ち上る景色、周辺の海で撮れた新鮮なお魚や大分牛の料理が最高でした！,"時期:2025年3月宿泊; プラン:【じゃらんスペシャルウィーク】関あじ＆伊勢海老＆豊後牛がメインの割烹会席(１泊２食／夕食お部屋食）; 価格帯:20,001～21,000円(大人１名あたり/税込); 部屋:5; 風呂:5; 料理(朝食):5; 料理(夕食):5; 接客・サービス:5 | プラン 【じゃらんスペシャルウィーク】関あじ＆伊勢海老＆豊後牛がメインの割烹会席(１泊２食／夕食お部屋食） 和室 朝・夕 朝/個室利用 夕/部屋出し",https://www.jalan.net/yad322964/kuchikomi/archive/,1,food,raw/jalan/archive.html,cp932,positive,body_positive,high,body_sentiment_inference_needed
OTA full review,Jalan,jalan_ca60c98658272522,ケイコさん,2025/4/27,4,お食事最高！,渋滞で到着時間が遅くなってしまったが、快く対応してくれて良かったです。お部屋は4人なのでもう少し余裕がほしかった。別府で温泉が楽しみだったのですが、貸切風呂のみで大きなお風呂がないことが残念でした。朝食も夕食も豪華でとても美味しかったです。夜は部屋食でゆっくり出来ました。,"時期:2025年4月宿泊; プラン:【じゃらんスペシャルウィーク】関あじ＆伊勢海老＆豊後牛がメインの割烹会席(１泊２食／夕食お部屋食）; 価格帯:20,001～21,000円(大人１名あたり/税込); 部屋:3; 風呂:3; 料理(朝食):5; 料理(夕食):5; 接客・サービス:5 | プラン 【じゃらんスペシャルウィーク】関あじ＆伊勢海老＆豊後牛がメインの割烹会席(１泊２食／夕食お部屋食） 和室 朝・夕 朝/個室利用 夕/部屋出し",https://www.jalan.net/yad322964/kuchikomi/archive/,1,private_bath;food,raw/jalan/archive.html,cp932,mixed,body_positive_and_negative,high,body_sentiment_inference_needed
OTA full review,Jalan,jalan_7c2680b0013169bd,kao0502さん,2025/4/25,5,夕食が最高でした。,家族4人で利用しました。評判通り夕食は最高でした。ただ仕入れの関係か玉手箱の中身が生の刺身はなく、あぶりフグ・ゆでタコ・ゆでカニだったのが残念でした。せっかくなので地魚の生の物を頂きたかったです。 スタッフの方の対応は丁寧でとてもよかったです。 あと駐車場が少しわかりずらいので初めて行く方は分からないと思います。入口に案内表示等有るといいのですが。,"時期:2025年4月宿泊; プラン:【じゃらん限定】夕食グレードアップ！視覚と味覚で料理を愉しむ～玉手箱会席プラン～（夕食お部屋食）; 価格帯:28,001～29,000円(大人１名あたり/税込); 部屋:3; 風呂:4; 料理(朝食):4; 料理(夕食):5; 接客・サービス:4 | プラン 【じゃらん限定】夕食グレードアップ！視覚と味覚で料理を愉しむ～玉手箱会席プラン～（夕食お部屋食） 和室 朝・夕 朝/個室利用 夕/部屋出し",https://www.jalan.net/yad322964/kuchikomi/archive/,1,food;access,raw/jalan/archive.html,cp932,mixed,body_positive_and_negative,high,body_sentiment_inference_needed
OTA full review,Jalan,jalan_b3b327bac36367fa,Mr.Sugarさん,2025/4/20,2,残念な別府の思い出となりました！,今回は家族4人で離れの露天風呂付き和洋室の「玉葉」「翠葉」の2部屋を利用しました。これらの部屋の造りは同じで、玄関を入ると直ぐに4段の上り階段があり、その並びには11段の下り階段がありました。上り階段の先には食事部屋があり、下り階段の先にはベッド、露天風呂などがある居間がありました。健常者や若い方であれば何ら問題ないと思いますが、高齢者、身障者にとって合計15段の階段の昇降は苦痛であり、場合によっては昇降不能となる場合もあると思います。加えて、重くて大きなスーツケースを持っての狭い階段の昇降は苦痛とストレスを感じてしまいました。予約時の館内説明には、部屋内に15段の階段がある旨の説明が一切なく、じゃらんの口コミも高評価だったので大いに期待していましたが、これだけで残念な思いがしました。 部屋の食事部屋のテーブルは2人用のためか、家族４人で使用するとテーブルに料理が載り切れないため、頻繁に食器の出し下げを行うとの説明があり、これでは落ち着いて食事を楽しむことができないと思い、別の部屋はないのか尋ねたところ、本館の食事処への場所変更をすることができましたが、フロントでのチェックイン時に４人で食事をすると判明した時点で、大きなテーブルに変更するとか、補助テーブルを搬入するとかできなかったのかと思うと同時に、宿側から部屋食から食事処への場所変更の提案をするなど客に寄り添った対応が望まれます。 部屋には温泉の内風呂と露天風呂があるため、深夜でも早朝でも宿泊中はいつでも温泉に入れると思っていましたが、午前０時から午前５時までの間は温泉の元栓が締められ利用することができませんでした。事前に説明があればともかく、客側に一切の説明もなく一方的に元栓を締めて使用させないなど、温泉宿として極めて無礼で考えられないことであり、温泉の配管が壊れたと思い驚いてしまいました。 部屋には座椅子がありましたが、高齢者や身障者にとって床から立ち上がることは、健常者や若い方が思っている以上に大変で苦痛を伴います。簡単な椅子などの設置が望まれます。 この宿は、高齢者、身障者への対応や心遣いなどは一切なく、バリアフリーとは無縁であり、健常者や若者に特化した宿であると強く感じました。 部屋から一望できる別府ならではの湯煙の景色、豪華な食事であっただけに残念でならない別府の思い出となってしまいました。,"時期:2025年4月宿泊; プラン:【じゃらんスペシャルウィーク】関あじ＆伊勢海老＆豊後牛がメインの割烹会席(１泊２食／朝夕お部屋食）; 価格帯:28,001～29,000円(大人１名あたり/税込); 部屋:1; 風呂:1; 料理(朝食):3; 料理(夕食):4; 接客・サービス:1 | プラン 【じゃらんスペシャルウィーク】関あじ＆伊勢海老＆豊後牛がメインの割烹会席(１泊２食／朝夕お部屋食） 和洋室 朝・夕 朝/部屋出し 夕/部屋出し",https://www.jalan.net/yad322964/kuchikomi/archive/,1,room_open_air_bath;small_bath_or_room;food,raw/jalan/archive.html,cp932,mixed,body_positive_and_negative,high,body_sentiment_inference_needed
OTA full review,Jalan,jalan_ca87b219e750c0e2,たんちゃんさん,2025/4/13,5,料理が新鮮で美味しい,周りに気を使う事なく、温泉を満喫できました。 料理も美味しく、ちょうどいい量でした。 清潔感があり、良かったです。,"時期:2025年4月宿泊; プラン:【じゃらんスペシャルウィーク】関あじ＆伊勢海老＆豊後牛がメインの割烹会席(１泊２食／夕食お部屋食）; 価格帯:20,001～21,000円(大人１名あたり/税込); 部屋:4; 風呂:4; 料理(朝食):5; 料理(夕食):5; 接客・サービス:4 | プラン 【じゃらんスペシャルウィーク】関あじ＆伊勢海老＆豊後牛がメインの割烹会席(１泊２食／夕食お部屋食） 和室 朝・夕 朝/個室利用 夕/部屋出し",https://www.jalan.net/yad322964/kuchikomi/archive/,1,food,raw/jalan/archive.html,cp932,positive,body_positive,high,body_sentiment_inference_needed
OTA full review,Jalan,jalan_7a2336d65b342af5,じゅんさん,2025/4/8,5,離れの個室でくつろげました,別府は２年ぶりに行きました。温泉街が近いので夕食前に散策し、お腹を空かせることができました。部屋は、離れの個室で別府の湯けむりが展望でき眺めは最高でした。内風呂、露天風呂も良かったのですが、朝６時前は温泉がぬるいので少し気になりました。料理は夕、朝食とも丁度いい量で、大変おいしく頂きました。駐車場が分かりにくかったです。,"時期:2025年4月宿泊; プラン:【じゃらんのお得な10日間】関あじ＆豊後牛など旬の食材を使用した割烹会席(１泊２食／朝夕お部屋食）; 価格帯:29,001～30,000円(大人１名あたり/税込); 部屋:5; 風呂:4; 料理(朝食):5; 料理(夕食):5; 接客・サービス:5 | プラン 【じゃらんのお得な10日間】関あじ＆豊後牛など旬の食材を使用した割烹会席(１泊２食／朝夕お部屋食） 和洋室 朝・夕 朝/部屋出し 夕/部屋出し",https://www.jalan.net/yad322964/kuchikomi/archive/,1,temperature_cold;food;access,raw/jalan/archive.html,cp932,mixed,body_positive_and_negative,high,body_sentiment_inference_needed
OTA full review,Jalan,jalan_df0e6d7896779b7a,りんごさん,2025/4/6,5,ネットでの掲載以上に素晴らしい宿,予約時に、お風呂のシステムが分からず部屋もあまり広くないのかなと思っており不安がありました。しかし、いざ泊まってみると部屋はとても綺麗で、掲載されていなかったトイレや洗面所もとても素敵でした。お風呂も貸切温泉の部屋が10種類ほど用意されており、カウンターで鍵を借りて一つの貸切温泉に入れるというシステムで、素敵な温泉を貸切で楽しめてリラックスできました。貸切温泉が空いてないという心配はなさそうでした。夜と朝で、それぞれ違う貸切温泉に入りました。朝は露天風呂付きの温泉で、最高でした！次回訪れた際には、前回入らなかった貸切温泉にも入ってみたいと思います。また、食事についても素晴らしく関アジや和牛が大変美味でした。日本酒にもこだわっているようで、ついつい飲み過ぎてしまうほど美味しかったです。お部屋でゆっくり2人きりで食べられたのも良かったです。お子さん連れにも安心だと思います。従業員さんも皆さん親切で大変良かったです。自分たちのご褒美にまた訪れたいと思います！,"時期:2025年3月宿泊; プラン:【じゃらんのお得な10日間】関あじ＆豊後牛など旬の食材を使用した割烹会席(１泊２食／夕食お部屋食）; 価格帯:22,001～23,000円(大人１名あたり/税込); 部屋:5; 風呂:5; 料理(朝食):5; 料理(夕食):5; 接客・サービス:4 | プラン 【じゃらんのお得な10日間】関あじ＆豊後牛など旬の食材を使用した割烹会席(１泊２食／夕食お部屋食） 和室 朝・夕 朝/個室利用 夕/部屋出し",https://www.jalan.net/yad322964/kuchikomi/archive/,1,room_open_air_bath;private_bath;food,raw/jalan/archive.html,cp932,positive,body_positive,high,body_sentiment_inference_needed
OTA full review,Jalan,jalan_38f45789d7222c23,くーちゃんさん,2025/3/28,5,夫婦、カップルにオススメ,客室露天風呂つきの和室でした。 洗面所の手洗い場がとても素敵でした。 源泉かけ流しの客室露天風呂だったので温泉地にきたなーと時間も人目もを気にせずゆっくり堪能出来ました。 源泉かけ流しなので朝風呂は入る1時間くらい前にはお湯を調整しないと温まるまでに時間がかかるのでそこは注意です(仲居さんからお話は予めありました) お部屋とは別に予約して利用出来る露天風呂がたしか3種類あったのですがそこも利用しました。お部屋の客室露天風呂よりは小さめだったので私はお部屋たげでも十分だなと思いました！下足を脱ぐ場所と裸足になる場所の境目が分からなく、利用時に困ったので、気にするお客さんも少なからずいるのかなと思いました。 夕食は生魚を食べれないということを予約時に申した所、しゃぶしゃぶに変更してくださいました。 飛行機の時間の影響で朝食を食べる時間がなくなってしまい、当日食べれず帰るということになりそうでしたが、旅館の方に無理言って相談した所、なんとか準備をしてくださって、美味しい朝食を頂くことが出来ました。その節は本当にありがとうございました。 幸せなひと時を過ごすことができました。,"時期:2025年2月宿泊; プラン:【じゃらんのお得な10日間】関あじ＆豊後牛など旬の食材を使用した割烹会席(１泊２食／夕食お部屋食）; 価格帯:25,001～26,000円(大人１名あたり/税込); 部屋:5; 風呂:5; 料理(朝食):5; 料理(夕食):5; 接客・サービス:5 | プラン 【じゃらんのお得な10日間】関あじ＆豊後牛など旬の食材を使用した割烹会席(１泊２食／夕食お部屋食） 和室 朝・夕 朝/個室利用 夕/部屋出し",https://www.jalan.net/yad322964/kuchikomi/archive/,1,room_open_air_bath;source_flow;small_bath_or_room;food,raw/jalan/archive.html,cp932,positive,body_positive,high,body_sentiment_inference_needed
OTA full review,Jalan,jalan_09391b716ca667a2,トモヒロさん,2025/3/20,5,対応が丁寧で親切,恋人との卒業旅行でいきました。 まずはお部屋が綺麗で広くて、お部屋でご飯が食べられるのもとっても魅力でどれも美味しかったです。 新幹線出発の関係で、どうしても早くに出たかったのですが、なんと朝ごはんが8時からで、…。相談したところ、早くご飯を用意してくれて、無事に8時過ぎには出発出来ました。 店員さん皆さん親切で、話しやすくて、とっってもいい旅になりみした。ここに泊まって正解です！お風呂も気持ちよくていい時間でした。 またゆっくりできるときに来たいです。,"時期:2025年3月宿泊; プラン:【じゃらん限定】夕食グレードアップ！視覚と味覚で料理を愉しむ～玉手箱会席プラン～（朝夕お部屋食）; 価格帯:30,001円以上(大人１名あたり/税込); 部屋:5; 風呂:5; 料理(朝食):5; 料理(夕食):5; 接客・サービス:5 | プラン 【じゃらん限定】夕食グレードアップ！視覚と味覚で料理を愉しむ～玉手箱会席プラン～（朝夕お部屋食） 和洋室 朝・夕 朝/部屋出し 夕/部屋出し",https://www.jalan.net/yad322964/kuchikomi/archive/,1,food,raw/jalan/archive.html,cp932,positive,body_positive,high,body_sentiment_inference_needed
OTA full review,Jalan,jalan_13f4a70386226d2b,しょうさん,2025/3/17,4,夕食のお味噌汁が最高,子連れの家族旅行で利用しました。 【よかった点】 ・部屋食ありがたい ・子ども椅子、子ども用カトラリー、歯ブラシ、タオル1枚などあり ・家族風呂無料 ・豆から挽くコーヒーおいしい ・夕食の伊勢海老刺身の殻から出汁をとった味噌汁が美味しい ・朝食に郷土料理のだんご汁美味しい 【ちょっと残念だった点】 ・家族風呂の棚の一番上が埃あり、旦那が服を置いて埃まみれになってた ・部屋は旅館というよりは家の一室って感覚。旅館感は低い印象 【子連れ旅行の方へ一言二言】 ・子ども用のボディーソープ、パジャマなどはなし ・湯の性質上滑りやすい,"時期:2025年2月宿泊; プラン:【じゃらんスペシャルウィーク】関あじ＆伊勢海老＆豊後牛がメインの割烹会席(１泊２食／夕食お部屋食）; 価格帯:25,001～26,000円(大人１名あたり/税込); 部屋:4; 風呂:4; 料理(朝食):4; 料理(夕食):5; 接客・サービス:4 | プラン 【じゃらんスペシャルウィーク】関あじ＆伊勢海老＆豊後牛がメインの割烹会席(１泊２食／夕食お部屋食） 和室 朝・夕 朝/個室利用 夕/部屋出し",https://www.jalan.net/yad322964/kuchikomi/archive/,1,family_bath;food,raw/jalan/archive.html,cp932,mixed,body_positive_and_negative,high,body_sentiment_inference_needed
OTA full review,Jalan,jalan_f331619dcc86a37f,ともさん,2025/3/16,5,料理が最高！,３家族で利用しました。部屋は大人4人、子ども3人には少し手狭でしたが、綺麗でゆっくりはできました。 料理は口コミ通り、どれも美味しく大満足でした。 お風呂は貸切にできて便利ですが、行きたい時間に時間が合わない可能性があるのと、お湯の調整を自分でしなくてはいけないのは少し不便だと感じました。 しかし、それを除いても大変満足して過ごすことができました。,"時期:2025年3月宿泊; プラン:【じゃらんスペシャルウィーク】関あじ＆伊勢海老＆豊後牛がメインの割烹会席(１泊２食／夕食お部屋食）; 価格帯:21,001～22,000円(大人１名あたり/税込); 部屋:4; 風呂:4; 料理(朝食):5; 料理(夕食):5; 接客・サービス:4 | プラン 【じゃらんスペシャルウィーク】関あじ＆伊勢海老＆豊後牛がメインの割烹会席(１泊２食／夕食お部屋食） 和室 朝・夕 朝/個室利用 夕/部屋出し",https://www.jalan.net/yad322964/kuchikomi/archive/,1,private_bath;small_bath_or_room;food,raw/jalan/archive.html,cp932,mixed,body_positive_and_negative,high,body_sentiment_inference_needed
OTA full review,Jalan,jalan_0f839047222723c0,りゅうさん,2025/3/7,5,全てが満足,結婚式後の夫婦旅行で利用しました。 受付から翌日のチェックアウトまで丁寧に対応していただきました。 料理も夕・朝と大変満足するボリュームであり、美味しくいただくことができました。 お部屋も綺麗で、内風呂、貸切風呂共に最高でした。 大変満足で、欠点がありません。,"時期:2025年3月宿泊; プラン:【オンラインカード専用】関あじ・伊勢海老・豊後牛がメインの会席プラン（朝夕お部屋食）; 価格帯:29,001～30,000円(大人１名あたり/税込); 部屋:5; 風呂:5; 料理(朝食):5; 料理(夕食):5; 接客・サービス:5 | プラン 【オンラインカード専用】関あじ・伊勢海老・豊後牛がメインの会席プラン（朝夕お部屋食） 和洋室 朝・夕 朝/部屋出し 夕/部屋出し",https://www.jalan.net/yad322964/kuchikomi/archive/,1,private_bath;food,raw/jalan/archive.html,cp932,positive,body_positive,high,body_sentiment_inference_needed
OTA full review,Jalan,jalan_b70584a462e3d1e3,ゆかさん,2025/3/3,5,料理が最高,夕食、朝食がとてもおいしかったです。 また部屋も新しく、客室露天風呂も貸切風呂も入ることができてよかったです。 食事も部屋でできたので、夫婦二人でゆっくり過ごすことができました。,"時期:2025年2月宿泊; プラン:【アワード受賞記念】新鮮なウニ付き！関あじ・伊勢海老・豊後牛の会席プラン（朝夕お部屋食）; 価格帯:30,001円以上(大人１名あたり/税込); 部屋:5; 風呂:4; 料理(朝食):5; 料理(夕食):5; 接客・サービス:5 | プラン 【アワード受賞記念】新鮮なウニ付き！関あじ・伊勢海老・豊後牛の会席プラン（朝夕お部屋食） 和洋室 朝・夕 朝/部屋出し 夕/部屋出し",https://www.jalan.net/yad322964/kuchikomi/archive/,1,room_open_air_bath;private_bath;food,raw/jalan/archive.html,cp932,positive,body_positive,high,body_sentiment_inference_needed
OTA full review,Jalan,jalan_f2b4c4c3581135c2,ちかくんさん,2025/3/2,4,雰囲気最高,行ってよかったと思える宿、お風呂も個室になっているので他の人を気にせずお風呂に入れる、ただ広くはないです,"時期:2025年1月宿泊; プラン:【年末年始専用】関あじ・伊勢海老・豊後牛！旬の食材を使用した割烹会席プラン(１泊２食／夕食お部屋食）; 価格帯:30,001円以上(大人１名あたり/税込); 部屋:5; 風呂:3; 料理(朝食):5; 料理(夕食):5; 接客・サービス:5 | プラン 【年末年始専用】関あじ・伊勢海老・豊後牛！旬の食材を使用した割烹会席プラン(１泊２食／夕食お部屋食） 和室 朝・夕 朝/個室利用 夕/部屋出し",https://www.jalan.net/yad322964/kuchikomi/archive/,1,food,raw/jalan/archive.html,cp932,positive,body_positive,high,body_sentiment_inference_needed
OTA full review,Jalan,jalan_8ebc3fb308f5c01c,kurichanさん,2025/2/28,5,お料理と温泉を満喫するまったり旅,主人と別府で温泉を満喫してまったりする旅、2日目は八葉さん、離れの露天風呂付のお部屋です。 メゾネットタイプというのかな、食事は2階のお部屋で。部屋食でもにおい残らずよかったです。（夜更かしの私は夫就寝後は2階でまったりできたのもGood!） お料理が評判のようで楽しみにしていました。じゃらんで申し込むとウニがプラス、伊勢海老も関アジも食べれるなんて最高！みんなおいしかったし、ちょうどいい量でした。お肉も蒸し焼きとステーキと2種類食べ比べられ堪能しました。伊勢海老のお刺身食べた後、頭を味噌汁に入れてくれたのも、窯炊きのつやつやご飯もおいしすぎました！お腹いっぱいで全部食べれなかったのが残念。 内風呂も岩風呂みたいで趣あり。露天風呂も結構広くていい感じ。前が公園で（ほとんど人いなかったですが）出入りする際ちょっと気になりました。柵がもう少し高かったらな…。いったん湯船に入ったら大丈夫なので、湯あみ着を利用しました。内風呂も露天もよいしょ！っと入る感じになるので、もうちょっと年とったらしんどいかもしれません。 少人数でやられているご様子でしたが、お湯の調整がわからない時もすぐに来て対応していただいたり、心のこもった対応をしていただき、感謝しております。,"時期:2025年2月宿泊; プラン:【アワード受賞記念】新鮮なウニ付き！関あじ・伊勢海老・豊後牛の会席プラン（朝夕お部屋食）; 価格帯:29,001～30,000円(大人１名あたり/税込); 部屋:4; 風呂:5; 料理(朝食):5; 料理(夕食):5; 接客・サービス:5 | プラン 【アワード受賞記念】新鮮なウニ付き！関あじ・伊勢海老・豊後牛の会席プラン（朝夕お部屋食） 和洋室 朝・夕 朝/部屋出し 夕/部屋出し",https://www.jalan.net/yad322964/kuchikomi/archive/,1,food,raw/jalan/archive.html,cp932,mixed,body_positive_and_negative,high,body_sentiment_inference_needed
OTA full review,Jalan,jalan_947ac22f2a4ef1b7,りえさん,2025/2/27,3,夕食が美味しかった,食事のクチコミが良かったのでこちらに決めました。 夕食はどれも美味しくお腹いっぱいになりました。 が、期待していた客室のお風呂は23時～6時まで温泉が止まってしまい、朝からお湯を出しましたが露天風呂は全然熱くならず、内風呂しか入れず残念でした。また、露天風呂の目隠しが低く目線が気になりました。 接客は普通。食事の内容がひと言で終わってしまい、貸切温泉の案内をしてもらった男性スタッフの態度が上から目線で不満に感じました。また、説明されていないことを注意されたので、事前に説明をして欲しかったです。 部屋に豆から挽くコーヒーメーカーがあったのは良かったです。,"時期:2025年2月宿泊; プラン:【じゃらんのお得な10日間】関あじ＆豊後牛など旬の食材を使用した割烹会席(１泊２食／朝夕お部屋食）; 価格帯:28,001～29,000円(大人１名あたり/税込); 部屋:4; 風呂:2; 料理(朝食):2; 料理(夕食):5; 接客・サービス:3 | プラン 【じゃらんのお得な10日間】関あじ＆豊後牛など旬の食材を使用した割烹会席(１泊２食／朝夕お部屋食） 和洋室 朝・夕 朝/部屋出し 夕/部屋出し",https://www.jalan.net/yad322964/kuchikomi/archive/,1,private_bath;food,raw/jalan/archive.html,cp932,mixed,body_positive_and_negative,high,body_sentiment_inference_needed
OTA full review,Jalan,jalan_b09fe513956ef9a2,くまさん,2025/2/24,5,美味しい料理と景色も良い,夫婦で1泊しました。食事を期待して伺いましたが、美味しくて満足しました。部屋は、和室にテーブルがあるので、最初は違和感ありますが合理的です。また、部屋から湯煙と別府湾が見られ良かったです。トータルで満足、ありがとうございました。,"時期:2025年2月宿泊; プラン:【アワード受賞記念】新鮮なウニ付き！関あじ・伊勢海老・豊後牛の会席プラン（夕食お部屋食）; 価格帯:25,001～26,000円(大人１名あたり/税込); 部屋:5; 風呂:5; 料理(朝食):5; 料理(夕食):5; 接客・サービス:5 | プラン 【アワード受賞記念】新鮮なウニ付き！関あじ・伊勢海老・豊後牛の会席プラン（夕食お部屋食） 和室 朝・夕 朝/個室利用 夕/部屋出し",https://www.jalan.net/yad322964/kuchikomi/archive/,1,food,raw/jalan/archive.html,cp932,positive,body_positive,high,body_sentiment_inference_needed
OTA full review,Jalan,jalan_87e4f271327c0e6c,あっす～さん,2025/2/23,4,ご飯がとてもおいしかったです。,子連れの家族旅行で利用しました。我が家はいつも料理メインで宿を決めています。こちらは料理の口コミが良かったのできめました。朝食も夕食もとってもおいしかったです。大分ならではの食材や料理を美味しく食べれました。子どもたちも大満足でした^_^ただ、準備などもあるので部屋食でなくてもよかったかなぁという感じがしました。お風呂は家族風呂でゆっくり入れました。温泉がとても気持ちよかったです。お風呂が3つしかないので時間がうまく合わなかったら待ち時間ができてしまうのかなぁと感じました。 総合的には大満足です！ありがとうございました。,"時期:2025年2月宿泊; プラン:【スタンダード】関あじ・伊勢海老・豊後牛！旬の食材を使用した割烹会席プラン(１泊２食付／夕食お部屋食); 価格帯:29,001～30,000円(大人１名あたり/税込); 部屋:3; 風呂:4; 料理(朝食):5; 料理(夕食):5; 接客・サービス:5 | プラン 【スタンダード】関あじ・伊勢海老・豊後牛！旬の食材を使用した割烹会席プラン(１泊２食付／夕食お部屋食) 和室 朝・夕 朝/個室利用 夕/部屋出し",https://www.jalan.net/yad322964/kuchikomi/archive/,1,family_bath;food,raw/jalan/archive.html,cp932,positive,body_positive,high,body_sentiment_inference_needed
OTA full review,Jalan,jalan_7444cc9af19fdc53,シンコさん,2025/2/21,5,料理が美味しい温泉宿,夕飯は部屋食でゆっくり、朝ごはんは食事所で食べました。部屋付きの露天風呂も広くて自分達で湯加減の調整が出来ました。また、機会があったら利用したいと思います。別府大学駅から徒歩で30分ぐらい歩きました。湯けむりのある坂道を登り、風情がありました。別府駅からバスだと20分ぐらいです。,"時期:2025年2月宿泊; プラン:【スタンダード】関あじ・伊勢海老・豊後牛！旬の食材を使用した割烹会席プラン(１泊２食付／夕食お部屋食); 価格帯:26,001～27,000円(大人１名あたり/税込); 部屋:4; 風呂:4; 料理(朝食):5; 料理(夕食):5; 接客・サービス:5 | プラン 【スタンダード】関あじ・伊勢海老・豊後牛！旬の食材を使用した割烹会席プラン(１泊２食付／夕食お部屋食) 和室 朝・夕 朝/個室利用 夕/部屋出し",https://www.jalan.net/yad322964/kuchikomi/archive/,1,food;access,raw/jalan/archive.html,cp932,positive,body_positive,high,body_sentiment_inference_needed
OTA full review,Jalan,jalan_2c3f3b19006b6720,はなこさん,2023/8/6,2,良い口コミと少し違う部分も、、、,今回2回目の鉄輪へ。口コミがすごく良く、新しいということもあり、期待しておりました。実際は良い口コミと少し違う部分がありました。 【不満な点】 ・駐車場の場所がわかりにくく、入り口の所には変な段差も。特に案内もなく、何より砂利のままで整備されてないのが少し残念でした ・受付の男性の方の接客。あまりにもコチラの話を遮り、一方的に説明されるので、あまりいい気持ちはしませんでした。丁寧に説明している感じでしたが、マニュアルに書いてある事をすべて伝え終わるまでは質問や感想は一切受け付けないといったような感じで進みました ・お部屋は、雰囲気は◎ただ、大きな窓からの景色は手前の建物の屋根が邪魔をして残念でした。ただ、こればっかりは立地の問題なので、言っても仕方ないかと思いますので、情報のひとつと思ってください。 ・貸切風呂が3つあります。2箇所利用したのですが、どちらも脱衣所が狭く、エアコンなどもないです。残念ながら、露天風呂のない部屋のみの利用となりました。空いてないと利用できないので、早い者勝ちみたいな感じです。 ・一番残念なのが、布団です。びっくりするほどのせんべい布団です。逆に疲れました。非常に残念です。 ・朝食時、半個室でいただくのですが、窓の外が朝ということもあり、従業員の方や業者の方、喫煙者がウロウロしててちょっと気まずかったです ・会計時、事前にQRコード決済をできるか℡にて確認し、できるとのことだったので、チャージしたのですが、結局できませんでした。そして「あれ、なんでできないんだ？おかしいなぁ～」とのことでした。 大満足な点 ・ご飯はとても美味しかったです!!関あじや伊勢エビなどとても美味しく部屋食という事でゆっくりいただけました ・女性の方の接客は良かったです ・2階部屋だったのですが、息切れしながら持ってこられたのは少し申し訳なかったです 色々サービスする所がずれてるなぁ～と思った宿でした。,"時期:2023年7月宿泊; プラン:【じゃらん限定／直前割】本館限定！関あじ・伊勢海老・豊後牛がメインの会席プラン（夕食お部屋食）; 価格帯:19,001～20,000円(大人１名あたり/税込); 部屋:2; 風呂:1; 料理(朝食):4; 料理(夕食):5; 接客・サービス:2 | プラン 【じゃらん限定／直前割】本館限定！関あじ・伊勢海老・豊後牛がメインの会席プラン（夕食お部屋食） 和室 朝・夕 朝/個室利用 夕/部屋出し",https://www.jalan.net/yad322964/kuchikomi/archive/,1,private_bath;small_bath_or_room;food;access,raw/jalan/archive_page_10.html,cp932,mixed,body_positive_and_negative,high,body_sentiment_inference_needed
OTA full review,Jalan,jalan_1cf21ee7ef13f379,さきさん,2023/8/5,5,小さな子供と一緒でも快適！,一歳の娘と両親を連れて初めての別府旅行でした。みなさんとても親切で人柄が良く笑顔で接客していただきとても気持ちよく過ごせました。 何より食事が大変美味しかったです。夕食もですが、朝食まで豪華でびっくりしました。お風呂も貸切なので他の方を気にすることなく娘と温泉を楽しめてとても良い思い出となりました。 チェックアウトの際お土産までいただいて、お気遣いがとても嬉しかったです。 機会がありましたらまたいきたいです。,"時期:2023年7月宿泊; プラン:【じゃらん限定／直前割】本館限定！関あじ・伊勢海老・豊後牛がメインの会席プラン（夕食お部屋食）; 価格帯:20,001～21,000円(大人１名あたり/税込); 部屋:4; 風呂:4; 料理(朝食):5; 料理(夕食):5; 接客・サービス:5 | プラン 【じゃらん限定／直前割】本館限定！関あじ・伊勢海老・豊後牛がメインの会席プラン（夕食お部屋食） 和室 朝・夕 朝/個室利用 夕/部屋出し",https://www.jalan.net/yad322964/kuchikomi/archive/,1,private_bath;small_bath_or_room;food,raw/jalan/archive_page_10.html,cp932,positive,body_positive,high,body_sentiment_inference_needed
OTA full review,Jalan,jalan_a6b72cc02fe025a3,カズさん,2023/8/4,4,子供1歳つれて旅行,1歳の子供布団のみで予約したのですが朝、夕子供の分の白ご飯用意してくださりとてもよかった。脱衣所があればもっとよかった,"時期:2023年7月宿泊; プラン:【スタンダード】関あじ・伊勢海老・豊後牛！旬の食材を使用した割烹会席プラン(１泊２食付／夕食お部屋食); 価格帯:30,001円以上(大人１名あたり/税込); 部屋:4; 風呂:5; 料理(朝食):5; 料理(夕食):5; 接客・サービス:5 | プラン 【スタンダード】関あじ・伊勢海老・豊後牛！旬の食材を使用した割烹会席プラン(１泊２食付／夕食お部屋食) 和室 朝・夕 朝/個室利用 夕/部屋出し",https://www.jalan.net/yad322964/kuchikomi/archive/,1,food,raw/jalan/archive_page_10.html,cp932,positive,body_positive,high,body_sentiment_inference_needed
OTA full review,Jalan,jalan_b64546e4c66f78ea,あひるたんさん,2023/7/31,5,家族旅行に最高です,今回、両親と子供達合わせて6名１部屋で利用させて頂きました。 夕食は部屋食で、テーブルにて準備して頂いていたので、高齢の両親には膝の痛みを気にせずゆっくり食事ができました。食事の内容は大人は会席料理でとてもボリュームがあり刺身の鮮度もよく、料理一つ一つが丁寧に盛付けてあり見た目も味も大満足でした。また、子供にはハンバーグなどの子供が喜ぶ食事を準備をしてくださり大変助かりました。 また、部屋にはオムツ対応のゴミ箱まで準備をして頂いて、細やかな気遣いがありがたかったです。 お風呂も３ヶ所あり、他のお客さんと接触することなく、家族でゆっくり入浴ができました。 何より、お店の方皆さんの接客がよく、家族皆気持ちよく宿泊させていただきました。また、機会がありましたら是非利用させて頂きたいと思います。,"時期:2023年7月宿泊; プラン:【開業１周年記念】通常より3888円OFF！関あじ・伊勢海老・豊後牛がメインの会席プラン（夕食お部屋食）; 価格帯:24,001～25,000円(大人１名あたり/税込); 部屋:5; 風呂:5; 料理(朝食):5; 料理(夕食):5; 接客・サービス:5 | プラン 【開業１周年記念】通常より3888円OFF！関あじ・伊勢海老・豊後牛がメインの会席プラン（夕食お部屋食） 和室 朝・夕 朝/個室利用 夕/部屋出し",https://www.jalan.net/yad322964/kuchikomi/archive/,1,food,raw/jalan/archive_page_10.html,cp932,mixed,body_positive_and_negative,high,body_sentiment_inference_needed
OTA full review,Jalan,jalan_1ffcde076c73ab94,ユウキさん,2023/7/31,4,全体的に良かったです,全体的に部屋もサービスも良く快適に過ごす事ができました。 また行ってみたいです。 ご飯もちょうどいい量で美味しかったです。,"時期:2023年7月宿泊; プラン:【開業１周年記念】通常より8888円OFF！関あじ・伊勢海老・豊後牛がメインの会席プラン（朝夕お部屋食）; 価格帯:30,001円以上(大人１名あたり/税込); 部屋:4; 風呂:5; 料理(朝食):4; 料理(夕食):4; 接客・サービス:4 | プラン 【開業１周年記念】通常より8888円OFF！関あじ・伊勢海老・豊後牛がメインの会席プラン（朝夕お部屋食） 和洋室 朝・夕 朝/部屋出し 夕/部屋出し",https://www.jalan.net/yad322964/kuchikomi/archive/,1,food,raw/jalan/archive_page_10.html,cp932,positive,body_positive,high,body_sentiment_inference_needed
OTA full review,Jalan,jalan_b319377bcf630b8e,Kさん,2023/7/28,2,過大評価されているように思います,口コミやプランの内容などを見て良さそうだと思って予約しましたが、期待とは少し異なりました。 まず良かった点としては、 ・設備は全体的に綺麗です。 ・この価格帯で貸切風呂があるのはいいと思います。ただ露天風呂が空いてるとは限りません。 ・関アジと大分牛はとても美味しかったです。 ただ総合してこの宿が過大評価されていると思う理由は以下です。 ・作務衣が使う前から臭かったです。洗い方が悪いんだと思われます。 ・交換してほしいと伝えたところ、「分かりましたー」というお返事で少し不快でした。 ・夕食時の飲み物でオーダーしたものと違うものが出てきました。 ・敷布団が非常に薄くてあまり疲れが取れませんでした。枕も少し臭かったです。 ・エアコンのリモコンが電池切れで、内線は壊れていて使えませんでした。 ・接客も一人だけいい人がいましたが、総じて特にいいほうではないと感じます。 安かったので値段相応かとも思いましたが、割引後の値段である事を考えると十分コスパは悪いと思いました。 予算を上げて別のところにするか、いっそ民宿などを使用した方がいい滞在になるように思われました。,"時期:2023年7月宿泊; プラン:【じゃらん限定／直前割】本館限定！関あじ・伊勢海老・豊後牛がメインの会席プラン（夕食お部屋食）; 価格帯:19,001～20,000円(大人１名あたり/税込); 部屋:4; 風呂:4; 料理(朝食):-; 料理(夕食):3; 接客・サービス:2 | プラン 【じゃらん限定／直前割】本館限定！関あじ・伊勢海老・豊後牛がメインの会席プラン（夕食お部屋食） 和室 朝・夕 朝/個室利用 夕/部屋出し",https://www.jalan.net/yad322964/kuchikomi/archive/,1,private_bath;food,raw/jalan/archive_page_10.html,cp932,mixed,body_positive_and_negative,high,body_sentiment_inference_needed
OTA full review,Jalan,jalan_50c9bf2092e5961b,かっちゃんさん,2023/7/27,4,おもてなし/料理/清潔/よかった,テレビ放送を見て、一度行って見たい旅立ちましたが落着いた良い所でした、女将さんやスタッフの対応も良く気持のいい旅行でした。 1つだけ気になったのはお風呂の脱衣場に狭かったです、また美味しい 料理を食べに行きたいです、お世話になりました。,"時期:2023年7月宿泊; プラン:【じゃらん限定／直前割】本館限定！関あじ・伊勢海老・豊後牛がメインの会席プラン（夕食お部屋食）; 価格帯:19,001～20,000円(大人１名あたり/税込); 部屋:4; 風呂:3; 料理(朝食):4; 料理(夕食):5; 接客・サービス:5 | プラン 【じゃらん限定／直前割】本館限定！関あじ・伊勢海老・豊後牛がメインの会席プラン（夕食お部屋食） 和室 朝・夕 朝/個室利用 夕/部屋出し",https://www.jalan.net/yad322964/kuchikomi/archive/,1,small_bath_or_room;food,raw/jalan/archive_page_10.html,cp932,mixed,body_positive_and_negative,high,body_sentiment_inference_needed
OTA full review,Jalan,jalan_adeb0828cfe3cc60,ちーさん,2023/7/23,5,お料理美味しかった,以前から行きたかったのですが、やっと和洋室のお部屋が取れ泊まる事が できました。期待通りのお宿でした。特に関アジ、伊勢海老その後の お味噌汁が本当に美味しかったです。又お部屋の作りが感心するほど 良くできていて、考えられているとびっくりしました。又湯煙を 見ながらの露天風呂に入りに行かせて頂きます。,"時期:2023年7月宿泊; プラン:【開業１周年記念】通常より8888円OFF！関あじ・伊勢海老・豊後牛がメインの会席プラン（朝夕お部屋食）; 価格帯:29,001～30,000円(大人１名あたり/税込); 部屋:4; 風呂:5; 料理(朝食):5; 料理(夕食):5; 接客・サービス:5 | プラン 【開業１周年記念】通常より8888円OFF！関あじ・伊勢海老・豊後牛がメインの会席プラン（朝夕お部屋食） 和洋室 朝・夕 朝/部屋出し 夕/部屋出し",https://www.jalan.net/yad322964/kuchikomi/archive/,1,food,raw/jalan/archive_page_10.html,cp932,neutral,neutral_or_lodging_context,medium,body_sentiment_inference_needed
OTA full review,Jalan,jalan_69a08f46e24122de,みいさん,2023/7/20,5,心までおもてなし,こちらの旅館は部屋数が少ない分とても家庭的でおかみさんも仲居さんも明るく接遇もよくてお話ししていて癒されました！お料理は拘りのあるお品ばかりで初づくし！！おいしくて2人とも完食！温泉も3つありますが雰囲気よくて最高の旅行でした。 本当にありがとうございました(*´-`),"時期:2023年7月宿泊; プラン:【じゃらん限定／直前割】本館限定！関あじ・伊勢海老・豊後牛がメインの会席プラン（夕食お部屋食）; 価格帯:19,001～20,000円(大人１名あたり/税込); 部屋:5; 風呂:5; 料理(朝食):5; 料理(夕食):5; 接客・サービス:5 | プラン 【じゃらん限定／直前割】本館限定！関あじ・伊勢海老・豊後牛がメインの会席プラン（夕食お部屋食） 和室 朝・夕 朝/個室利用 夕/部屋出し",https://www.jalan.net/yad322964/kuchikomi/archive/,1,food,raw/jalan/archive_page_10.html,cp932,positive,body_positive,high,body_sentiment_inference_needed
OTA full review,Jalan,jalan_30d132365ad8dff3,まりさん,2023/7/19,4,ご飯が最高,口コミ通りご飯が本当に美味しいです。部屋食なのもありいつもよりお酒がすすみました！接客もとともよく、一歳の娘が大泣きしましたが優しく対応して頂きありがたかったです。お風呂も好きな時に入れるので良かったのですが、脱衣所にエアコンが無いので汗だくになり入った意味あるかな？となったのが残念でした。お布団も敷布団が薄く体が痛かったです。その他がとても良かったのでそこが改善されれば是非また利用したいと思う宿でした！また機会があればよろしくお願いします！,"時期:2023年7月宿泊; プラン:【じゃらん限定／直前割】本館限定！関あじ・伊勢海老・豊後牛がメインの会席プラン（夕食お部屋食）; 価格帯:19,001～20,000円(大人１名あたり/税込); 部屋:5; 風呂:2; 料理(朝食):5; 料理(夕食):5; 接客・サービス:5 | プラン 【じゃらん限定／直前割】本館限定！関あじ・伊勢海老・豊後牛がメインの会席プラン（夕食お部屋食） 和室 朝・夕 朝/個室利用 夕/部屋出し",https://www.jalan.net/yad322964/kuchikomi/archive/,1,food,raw/jalan/archive_page_10.html,cp932,mixed,body_positive_and_negative,high,body_sentiment_inference_needed
OTA full review,Jalan,jalan_0152fbdb87f7527e,ゴクタンさん,2023/7/19,5,おもてなしが良く、食事も美味しい,夫婦で別府の地獄めぐりを思いついて出掛けました。宿泊はじゃらんで探して、食事が美味しそうで、露天風呂がある所に決めました。 部屋は一戸建てで新しくて奇麗で、朝食も夕食も非常に美味しくて、部屋付きの露天風呂も十分満足出来ました。 地獄めぐりは炎天下の中、日傘をさして熱中症に気を付けながら、６０年以上前の修学旅行で来た時のことを、思い出しながらすべての地獄を回りました。,"時期:2023年7月宿泊; プラン:【開業１周年記念】通常より3888円OFF！関あじ・伊勢海老・豊後牛がメインの会席プラン（夕食お部屋食）; 価格帯:30,001円以上(大人１名あたり/税込); 部屋:4; 風呂:4; 料理(朝食):5; 料理(夕食):5; 接客・サービス:5 | プラン 【開業１周年記念】通常より3888円OFF！関あじ・伊勢海老・豊後牛がメインの会席プラン（夕食お部屋食） 和室 朝・夕 朝/個室利用 夕/部屋出し",https://www.jalan.net/yad322964/kuchikomi/archive/,1,food;access,raw/jalan/archive_page_10.html,cp932,positive,body_positive,high,body_sentiment_inference_needed
OTA full review,Jalan,jalan_22b3a3603e2ee184,まなさん,2023/7/8,5,また是非来たいお宿,まず感動したのは、お料理どれをとっても美味しい そして、お部屋は、玄関を開ける前と、入った後では 想像と違う、間取りが、こうなっているのねと、まあ、びっくりしてください良い方に。お風呂も貸切風呂も部屋風呂も入り放題がよし、仲居さんは、どの方も良い方で、お話は楽しく、お料理は美味しく、身体も心も胃袋も、ゆったりと癒されました。,"時期:2023年6月宿泊; プラン:【開業１周年記念】通常より8888円OFF！関あじ・伊勢海老・豊後牛がメインの会席プラン（朝夕お部屋食）; 価格帯:30,001円以上(大人１名あたり/税込); 部屋:4; 風呂:4; 料理(朝食):5; 料理(夕食):5; 接客・サービス:5 | プラン 【開業１周年記念】通常より8888円OFF！関あじ・伊勢海老・豊後牛がメインの会席プラン（朝夕お部屋食） 和洋室 朝・夕 朝/部屋出し 夕/部屋出し",https://www.jalan.net/yad322964/kuchikomi/archive/,1,room_bath;private_bath;food,raw/jalan/archive_page_10.html,cp932,positive,body_positive,high,body_sentiment_inference_needed
OTA full review,Jalan,jalan_7a184dd14b1af97d,ヨーちゃんさん,2023/6/30,5,お風呂・お料理共に大満足でした,いろんな処に旅行していますが、今回は病気療養も兼ねてゆっくりした宿で美味しい料理を頂きたいと思い利用しました。心温まる対応と部屋食でとても美味しい料理で心癒されました。又、機会があれば利用したいと思います。,"時期:2023年6月宿泊; プラン:【じゃらん限定／直前割】本館限定！関あじ・伊勢海老・豊後牛がメインの会席プラン（夕食お部屋食）; 価格帯:19,001～20,000円(大人１名あたり/税込); 部屋:4; 風呂:5; 料理(朝食):4; 料理(夕食):5; 接客・サービス:5 | プラン 【じゃらん限定／直前割】本館限定！関あじ・伊勢海老・豊後牛がメインの会席プラン（夕食お部屋食） 和室 朝・夕 朝/個室利用 夕/部屋出し",https://www.jalan.net/yad322964/kuchikomi/archive/,1,food,raw/jalan/archive_page_10.html,cp932,positive,body_positive,high,body_sentiment_inference_needed
OTA full review,Jalan,jalan_7272b7fed1853561,ごんさん,2023/6/26,5,料理、お風呂が良かった,料理 夕食朝食共に地産地消の新鮮な素材を使い（豊後牛）（関あじ）を堪能、シニアにはとても優しいお味で頂きました。 部屋からは湯けむり、別府湾、高崎山が一望でき露天風呂付の部屋でゆっくりと癒されました。又、桜、紅葉、銀杏の木も見ることが出来、四季折々の風景も楽しめると思いました。 女将さんを始めスタッフの皆様の気配りのあるおもてなしで、癒しの旅行ができました。又是非利用したいと思います。,"時期:2023年6月宿泊; プラン:【開業１周年記念】通常より8888円OFF！関あじ・伊勢海老・豊後牛がメインの会席プラン（朝夕お部屋食）; 価格帯:29,001～30,000円(大人１名あたり/税込); 部屋:5; 風呂:5; 料理(朝食):5; 料理(夕食):5; 接客・サービス:5 | プラン 【開業１周年記念】通常より8888円OFF！関あじ・伊勢海老・豊後牛がメインの会席プラン（朝夕お部屋食） 和室 朝・夕 朝/部屋出し 夕/部屋出し",https://www.jalan.net/yad322964/kuchikomi/archive/,1,room_open_air_bath;food,raw/jalan/archive_page_10.html,cp932,positive,body_positive,high,body_sentiment_inference_needed
OTA full review,Jalan,jalan_3e1b8a63521deec5,真ちゃんさん,2023/6/25,5,料理の質が非常に高い,お世話になりました。 全ての料理の質が高くて量も丁度よい感じで非常にクオリティの高さを感じました。また旅館の中の木の香りが良く癒されました。 釜飯はかなり美味しくて最高の出来立ての御飯をいただくことができました。 部屋は文句無しですが、一点だけ薄い敷布団がもう一枚あると嬉しいなと感じました。 総合的にかなりおすすめできるレベルですので また機会あれば宿泊したいと思いました。,"時期:2023年6月宿泊; プラン:【じゃらん限定／直前割】本館限定！関あじ・伊勢海老・豊後牛がメインの会席プラン（夕食お部屋食）; 価格帯:20,001～21,000円(大人１名あたり/税込); 部屋:4; 風呂:5; 料理(朝食):5; 料理(夕食):5; 接客・サービス:5 | プラン 【じゃらん限定／直前割】本館限定！関あじ・伊勢海老・豊後牛がメインの会席プラン（夕食お部屋食） 和室 朝・夕 朝/個室利用 夕/部屋出し",https://www.jalan.net/yad322964/kuchikomi/archive/,1,food,raw/jalan/archive_page_10.html,cp932,positive,body_positive,high,body_sentiment_inference_needed
OTA full review,Jalan,jalan_249e9f80f6c692f2,ヒロさん,2023/6/24,5,料理が特に最高でした。,料理が特に最高でした。私たちがいただいた夕食の関あじや伊勢海老、豊後牛ももちろんですが、お野菜なども素材の味、味付け共に美味しくいただきました。自家製のカボスドリンクも美味しかったです。私たちが宿泊したお部屋の温泉も夕方、夜、朝と入り、疲れが癒えました。,"時期:2023年6月宿泊; プラン:【開業１周年記念】通常より3888円OFF！関あじ・伊勢海老・豊後牛がメインの会席プラン（夕食お部屋食）; 価格帯:25,001～26,000円(大人１名あたり/税込); 部屋:4; 風呂:4; 料理(朝食):5; 料理(夕食):5; 接客・サービス:5 | プラン 【開業１周年記念】通常より3888円OFF！関あじ・伊勢海老・豊後牛がメインの会席プラン（夕食お部屋食） 和室 朝・夕 朝/個室利用 夕/部屋出し",https://www.jalan.net/yad322964/kuchikomi/archive/,1,food,raw/jalan/archive_page_10.html,cp932,positive,body_positive,high,body_sentiment_inference_needed
OTA full review,Jalan,jalan_f2854d4cb3f8a1c4,abizouさん,2023/6/22,5,料理がおいしい,6月18日に夫婦で鉄輪温泉八葉に行って来ました。関アジのさしみ、またツマのワカメが最高に美味しかったです。食事をする部屋からは、眼下に鉄輪の湯けむりが数多く上っていて、遠くに別府湾を見ることが出来ました。ご主人、おかみさん、従業員さん、ありがとうございました。,"時期:2023年6月宿泊; プラン:【じゃらん限定／直前割】本館限定！関あじ・伊勢海老・豊後牛がメインの会席プラン（夕食お部屋食）; 価格帯:19,001～20,000円(大人１名あたり/税込); 部屋:5; 風呂:5; 料理(朝食):5; 料理(夕食):5; 接客・サービス:5 | プラン 【じゃらん限定／直前割】本館限定！関あじ・伊勢海老・豊後牛がメインの会席プラン（夕食お部屋食） 和室 朝・夕 朝/個室利用 夕/部屋出し",https://www.jalan.net/yad322964/kuchikomi/archive/,1,food;access,raw/jalan/archive_page_10.html,cp932,positive,body_positive,high,body_sentiment_inference_needed
OTA full review,Jalan,jalan_ed27e04ed1609316,manaさん,2023/6/16,5,素敵なお宿でした！,やんちゃ盛りの男児が2人で、宿の方にご迷惑をお掛けしてしまいましたが、とても温かな対応をしていただきました。 家族風呂は時間制限など無く、子供達とゆっくり入る事が出来て気持ち良かったです。 夕食がとても美味しくお部屋食だったので、途中で子供が寝てしまっても気にせずにゆっくり頂くことが出来ました。 伊勢海老と関アジは、普段あまりお刺身を食べない子供がパクパク食べていました。 ドリンクの、ごろごろカボスのハイボール、とってもオススメです！ （子供がグラスをひっくり返し、食器を割ってしまって大変申し訳無かったです…。改めて申し訳ありませんでした！） 宿の方がとてもとても良い方達で、お陰で素敵な旅行になりました！ 本当にお世話になりました。 ありがとうございました！,"時期:2023年6月宿泊; プラン:【じゃらん限定／直前割】本館限定！関あじ・伊勢海老・豊後牛がメインの会席プラン（夕食お部屋食）; 価格帯:19,001～20,000円(大人１名あたり/税込); 部屋:4; 風呂:4; 料理(朝食):5; 料理(夕食):5; 接客・サービス:5 | プラン 【じゃらん限定／直前割】本館限定！関あじ・伊勢海老・豊後牛がメインの会席プラン（夕食お部屋食） 和室 朝・夕 朝/個室利用 夕/部屋出し",https://www.jalan.net/yad322964/kuchikomi/archive/,1,family_bath;food,raw/jalan/archive_page_10.html,cp932,positive,body_positive,high,body_sentiment_inference_needed
OTA full review,Jalan,jalan_2743c3f45b922618,まっちゃんさん,2023/6/10,5,関アジ最高,お部屋のお風呂以外にも、家族風呂があり たくさんお風呂を楽しめました。 お料理もとても豪華で見た目もキレイで最高でした。,"時期:2023年6月宿泊; プラン:【開業１周年記念】通常より8888円OFF！関あじ・伊勢海老・豊後牛がメインの会席プラン（朝夕お部屋食）; 価格帯:29,001～30,000円(大人１名あたり/税込); 部屋:4; 風呂:4; 料理(朝食):4; 料理(夕食):5; 接客・サービス:5 | プラン 【開業１周年記念】通常より8888円OFF！関あじ・伊勢海老・豊後牛がメインの会席プラン（朝夕お部屋食） 和室 朝・夕 朝/部屋出し 夕/部屋出し",https://www.jalan.net/yad322964/kuchikomi/archive/,1,room_bath;family_bath;food,raw/jalan/archive_page_10.html,cp932,positive,body_positive,high,body_sentiment_inference_needed
OTA full review,Jalan,jalan_c19c23d393e8d50c,せいくんさん,2023/6/8,5,とってもいい宿でした,久しぶりの急な旅行となり、良い宿は取れるかなと心配しながらも、今回とってもいい宿に泊めて頂く事になり大変感謝しております。 実は、先月女房は末期癌を宣告され、抗がん剤治療の合間を利用し、まだ少し元気のあるうちにと本人も強く希望しましたので、1～2泊出来るならと旅に出ました。 そんな中、今回は八葉様に素敵な思い出を女房に残して頂き本当に心から感謝しております。 また、少しでも回復の兆しが現れた時には、是非もう一度お邪魔したいと思います。 ありがとうございました。,"時期:2023年6月宿泊; プラン:【じゃらん限定／直前割】本館限定！関あじ・伊勢海老・豊後牛がメインの会席プラン（夕食お部屋食）; 価格帯:19,001～20,000円(大人１名あたり/税込); 部屋:4; 風呂:4; 料理(朝食):5; 料理(夕食):5; 接客・サービス:4 | プラン 【じゃらん限定／直前割】本館限定！関あじ・伊勢海老・豊後牛がメインの会席プラン（夕食お部屋食） 和室 朝・夕 朝/個室利用 夕/部屋出し",https://www.jalan.net/yad322964/kuchikomi/archive/,1,food,raw/jalan/archive_page_10.html,cp932,neutral,neutral_or_lodging_context,medium,body_sentiment_inference_needed
OTA full review,Jalan,jalan_43dc505c03462d5d,まんぞうさん,2023/6/7,5,最高のおもてなし、ありがとうございました！,銀婚式の記念旅行で、夫婦で利用させていただきました。 まず、従業員の方々の終始笑顔での接客は、大変感動いたしました。皆様の笑顔は、最高のおもてなしだと思います。 露天風呂付きの離れの部屋に宿泊しましたが、とにかく全てが清潔感に溢れていて気持ち良く宿泊できます。内風呂、露天風呂、貸切風呂、食事部屋、アメニティ等完璧です。食事もみなさん書かれているように、関アジと伊勢エビお造り、豊後牛のせいろ蒸しとステーキ、炊き立ての白いごはんと盛り沢山です！ 妻に内緒で、サプライズのケーキをお願いしておいたのですが、感動的な演出でケーキを出していただき妻号泣でした！その泣き顔を見た私も泣き、さらに従業員の方達ももらい泣きという、忘れられない食事になりました（笑）。 神奈川なので、なかなか伺えないとは思いますが、今度は家族皆んなで伺いたいと思います。八葉の皆さん、感動的な旅行をありがとうございました！,"時期:2023年6月宿泊; プラン:【開業１周年記念】通常より8888円OFF！関あじ・伊勢海老・豊後牛がメインの会席プラン（朝夕お部屋食）; 価格帯:29,001～30,000円(大人１名あたり/税込); 部屋:5; 風呂:5; 料理(朝食):5; 料理(夕食):5; 接客・サービス:5 | プラン 【開業１周年記念】通常より8888円OFF！関あじ・伊勢海老・豊後牛がメインの会席プラン（朝夕お部屋食） 和洋室 朝・夕 朝/部屋出し 夕/部屋出し",https://www.jalan.net/yad322964/kuchikomi/archive/,1,room_open_air_bath;private_bath;food,raw/jalan/archive_page_10.html,cp932,positive,body_positive,high,body_sentiment_inference_needed
OTA full review,Jalan,jalan_0d99e975e44ebfe9,じゃららんさん,2023/6/1,4,夕食がとてもおいしく、湯けむりの景色もいい,夫婦の記念日に利用しました。関あじなど夕食はどれもおいしく大満足です。別府湾側の部屋だったので、窓からは別府湾と街の湯けむりが見えてきれいでした。,"時期:2023年5月宿泊; プラン:【開業１周年記念】通常より8888円OFF！関あじ・伊勢海老・豊後牛がメインの会席プラン（朝夕お部屋食）; 価格帯:30,001円以上(大人１名あたり/税込); 部屋:3; 風呂:4; 料理(朝食):3; 料理(夕食):5; 接客・サービス:5 | プラン 【開業１周年記念】通常より8888円OFF！関あじ・伊勢海老・豊後牛がメインの会席プラン（朝夕お部屋食） 和室 朝・夕 朝/部屋出し 夕/部屋出し",https://www.jalan.net/yad322964/kuchikomi/archive/,1,food,raw/jalan/archive_page_10.html,cp932,positive,body_positive,high,body_sentiment_inference_needed
OTA full review,Jalan,jalan_cff0807eed432f4f,100均さん,2023/5/27,5,美味しい料理に満足です,夕食・朝食ともにとても美味しくて満足でした。 とくにおおいた和牛の蒸ししゃぶと関あじのお造りが最高でした！ 温泉の泉質も良く、滞在中は何度か貸切風呂を利用させてもらいました。 地獄めぐりから近かったので、観光もしやすかったです。 また旅行する際は利用したいと思います。,"時期:2023年5月宿泊; プラン:【じゃらん限定／直前割】本館限定！関あじ・伊勢海老・豊後牛がメインの会席プラン（夕食お部屋食）; 価格帯:19,001～20,000円(大人１名あたり/税込); 部屋:5; 風呂:5; 料理(朝食):5; 料理(夕食):5; 接客・サービス:5 | プラン 【じゃらん限定／直前割】本館限定！関あじ・伊勢海老・豊後牛がメインの会席プラン（夕食お部屋食） 和室 朝・夕 朝/個室利用 夕/部屋出し",https://www.jalan.net/yad322964/kuchikomi/archive/,1,private_bath;water_texture;food;access,raw/jalan/archive_page_10.html,cp932,positive,body_positive,high,body_sentiment_inference_needed
OTA full review,Jalan,jalan_1dd61369ba110915,seichanさん,2023/5/22,4,料理が美味しく量もたっぷり,朝夕部屋食の離れプランで利用させていただきました。料理はとっても美味しく、量もたっぷりでたべきれないくらいでした。アジの刺身があんまり得意でない妻が、関アジだとおいしい美味しいと完食。ただ、残念だったのは離れとはいえ、隣の階段の音が寝室に響いて結構うるさかったことと、朝食時に急須とポット、お替りのおひつがなかったのが残念でした。帰りにいただいた、温泉卵がとっても美味しかったです。,"時期:2023年5月宿泊; プラン:【じゃらんスペシャルウィーク】関あじ＆豊後牛など旬の食材を使用した割烹会席(１泊２食／朝夕お部屋食）; 価格帯:30,001円以上(大人１名あたり/税込); 部屋:4; 風呂:5; 料理(朝食):4; 料理(夕食):5; 接客・サービス:4 | プラン 【じゃらんスペシャルウィーク】関あじ＆豊後牛など旬の食材を使用した割烹会席(１泊２食／朝夕お部屋食） 和洋室 朝・夕 朝/部屋出し 夕/部屋出し",https://www.jalan.net/yad322964/kuchikomi/archive/,1,food,raw/jalan/archive_page_10.html,cp932,mixed,body_negative_with_context,high,body_sentiment_inference_needed
OTA full review,Jalan,jalan_7484b276ab6fedd8,mmkさん,2023/5/22,2,残念でした,●予約時に、妊娠しているため配慮いただきたい食材等についてメールを送ったところ、すべて除去・変更すると快いお返事をいただきました。 こちらからは、変更できない場合でも、説明いただければ食べるかどうかは自分で判断するとも伝えていました。 しかし、夕食時、こちらが確認するまで食事内容の説明等なく、変更すると書かれていた食材も使われていました。 メールを送ったんですが、 、と説明をすると、刺身をしゃぶしゃぶでいただけるようご準備いただけました。 メールのことも伝えたので朝食は大丈夫かと思ったのですが、変更とされていた食材がまた使われていました。(なまものを変更の説明はありましたが、希望していたのは、なまものだけではありません。) 小規模のわりにこういったところに配慮が行き届かないのは、すごく残念でした。 食事の味は全般によかったです。 朝食のだんご汁だけ、出汁が薄いように感じました。 ●チェックイン時に、荷物を運びましょうかとの声かけがなかった宿は初めてで、驚きました。 子連れで荷物も多く、妊娠しているため、階段を上がるのが大変でした。 おそらくエレベーターはありません。 宿の前に車を停めて荷物を降ろしたりできるような感じでもなく、駐車場から荷物を運ぶのも大変でした。 ●貸切風呂を利用しました。脱衣所が狭めでした。エアコンはついてなさそうだったので、夏は暑そうだなと思いました。 髪を乾かしたりできる洗面スペースもありませんでした。 お湯は気持ちよかったです。 ●2歳のこどもににこやかに対応してくださったのはありがたかったです。 施設が新しく、部屋や備品等も清掃が行き届いており、気持ちのよい空間でした。,"時期:2023年5月宿泊; プラン:【開業１周年記念】通常より3888円OFF！関あじ・伊勢海老・豊後牛がメインの会席プラン（夕食お部屋食）; 価格帯:26,001～27,000円(大人１名あたり/税込); 部屋:4; 風呂:4; 料理(朝食):3; 料理(夕食):3; 接客・サービス:3 | プラン 【開業１周年記念】通常より3888円OFF！関あじ・伊勢海老・豊後牛がメインの会席プラン（夕食お部屋食） 和室 朝・夕 朝/個室利用 夕/部屋出し",https://www.jalan.net/yad322964/kuchikomi/archive/,1,private_bath;small_bath_or_room;food;access,raw/jalan/archive_page_10.html,cp932,mixed,body_positive_and_negative,high,body_sentiment_inference_needed
OTA full review,Jalan,jalan_a9877d1e5ba3989c,たけちゃんさん,2023/5/21,5,掛け流し温泉,部屋での夕食、露天風呂付きの部屋と言うのが決め手になって、こちらの宿に決めました。 二人には丁度良い広さの部屋で、お風呂も好きな時間に入れます。 夕食も美味しく、料理の一つ一つに説明があります。,"時期:2023年5月宿泊; プラン:【開業１周年記念】通常より3888円OFF！関あじ・伊勢海老・豊後牛がメインの会席プラン（夕食お部屋食）; 価格帯:26,001～27,000円(大人１名あたり/税込); 部屋:5; 風呂:5; 料理(朝食):5; 料理(夕食):5; 接客・サービス:5 | プラン 【開業１周年記念】通常より3888円OFF！関あじ・伊勢海老・豊後牛がメインの会席プラン（夕食お部屋食） 和室 朝・夕 朝/個室利用 夕/部屋出し",https://www.jalan.net/yad322964/kuchikomi/archive/,1,room_open_air_bath;source_flow;food,raw/jalan/archive_page_10.html,cp932,positive,body_positive,high,body_sentiment_inference_needed
OTA full review,Jalan,jalan_6e6b37146c06e39e,ブッキーさん,2023/4/30,5,九州旅行,露天風呂付きのお部屋でゆっくりと過ごす事ができました。温泉とても気持ち良く何度も利用させて頂きました。夕食楽しみにしていた関アジ最高に美味しかったです。帰りの温泉卵ありがとうございました。また利用させて頂きます。,"時期:2023年4月宿泊; プラン:【GW専用】関あじ・伊勢海老・豊後牛！旬の食材を使用した割烹会席プラン(１泊２食／朝夕お部屋食）; 価格帯:30,001円以上(大人１名あたり/税込); 部屋:5; 風呂:5; 料理(朝食):5; 料理(夕食):5; 接客・サービス:5 | プラン 【GW専用】関あじ・伊勢海老・豊後牛！旬の食材を使用した割烹会席プラン(１泊２食／朝夕お部屋食） 和洋室 朝・夕 朝/部屋出し 夕/部屋出し",https://www.jalan.net/yad322964/kuchikomi/archive/,1,room_open_air_bath;food,raw/jalan/archive_page_10.html,cp932,positive,body_positive,high,body_sentiment_inference_needed
OTA full review,Jalan,jalan_6e9175aa5a959c02,かほさん,2023/4/25,5,子連れにおすすめです！,今回は子連れで初めて利用しましたが、とてもよかったです！ 楽しみにしていたお料理も夕食.朝食どちらも美味しくボリュームもありお腹いっぱいになりました！ 露天風呂付きの部屋に泊まり、温泉は熱めでしたがお水を足して温度調整できたので良かったです○ また利用したいと思います(^ ^),"時期:2023年4月宿泊; プラン:【開業１周年記念】通常より3888円OFF！関あじ・伊勢海老・豊後牛がメインの会席プラン（夕食お部屋食）; 価格帯:25,001～26,000円(大人１名あたり/税込); 部屋:5; 風呂:4; 料理(朝食):5; 料理(夕食):5; 接客・サービス:5 | プラン 【開業１周年記念】通常より3888円OFF！関あじ・伊勢海老・豊後牛がメインの会席プラン（夕食お部屋食） 和室 朝・夕 朝/個室利用 夕/部屋出し",https://www.jalan.net/yad322964/kuchikomi/archive/,1,room_open_air_bath;temperature_hot;food,raw/jalan/archive_page_10.html,cp932,mixed,conditional_signal_tag,medium,body_sentiment_inference_needed
OTA full review,Jalan,jalan_9ba430706a7aff4f,カズちゃんさん,2023/4/24,5,リピーターとして,部屋からの別府湾はとても美しく普段の暮らしとは違う風景を魅せてくれます。また露天風呂からの夜空も格別でした。料理も美味しくきれいに完食できる量です。部屋はきれいですし、部屋に露天風呂がある離れでは防犯対策もなされているか気になるところですが高台になった立地でその心配もなく過ごせました。 女将さんはじめ、スタッフの方々も気さくで話しやすくて安心感があります。慣れてくると勝手さがわかり、自分スタイルのくつろぎができる宿。また行きたいと思います。,"時期:2023年4月宿泊; プラン:【開業１周年記念】通常より8888円OFF！関あじ・伊勢海老・豊後牛がメインの会席プラン（朝夕お部屋食）; 価格帯:30,001円以上(大人１名あたり/税込); 部屋:5; 風呂:5; 料理(朝食):5; 料理(夕食):5; 接客・サービス:5 | プラン 【開業１周年記念】通常より8888円OFF！関あじ・伊勢海老・豊後牛がメインの会席プラン（朝夕お部屋食） 和洋室 朝・夕 朝/部屋出し 夕/部屋出し",https://www.jalan.net/yad322964/kuchikomi/archive/,1,room_open_air_bath;food,raw/jalan/archive_page_10.html,cp932,positive,body_positive,high,body_sentiment_inference_needed
OTA full review,Jalan,jalan_59f82b377c39c901,母さんさん,2023/4/22,4,お料理最高！,「料理宿」のうたい文句に惹かれ、夕食の部屋食の会席料理を楽しみに予約しました。 新鮮な「タグ付き関アジ」のお刺身は、最高においしかったです。 欲を言えば、「骨せんべい」も食べてみたかった～（笑） 後から、再調理されて出てきた伊勢海老の味噌汁も美味しかったです。 海鮮・肉・野菜が綺麗にバランス良く盛り付けされて、美味しいものを少しずつ堪能出来ました。 翌日は、焼き立ての「手作りあじの一夜干し」・名物のだんご汁等、久しぶりの和食の朝食をゆっくりいただけました。 又、部屋にはコーヒーメーカーもあり，曳きたてのアフターコーヒーを楽しみました。 PS・ チェックアウト時、ちょっと変わった「サプライズ？蒸し玉子」頂きました～,"時期:2023年4月宿泊; プラン:【開業１周年記念】通常より3888円OFF！関あじ・伊勢海老・豊後牛がメインの会席プラン（夕食お部屋食）; 価格帯:23,001～24,000円(大人１名あたり/税込); 部屋:4; 風呂:3; 料理(朝食):5; 料理(夕食):5; 接客・サービス:4 | プラン 【開業１周年記念】通常より3888円OFF！関あじ・伊勢海老・豊後牛がメインの会席プラン（夕食お部屋食） 和室 朝・夕 朝/個室利用 夕/部屋出し",https://www.jalan.net/yad322964/kuchikomi/archive/,1,food,raw/jalan/archive_page_10.html,cp932,positive,body_positive,high,body_sentiment_inference_needed
OTA full review,Jalan,jalan_05a47b4b062abe62,だんださん,2023/4/12,5,とても良い旅になりました。,宿の方々が丁寧に接客下さって、高齢の母もとても喜んでいました。夕食、朝食どちらもこんなに食べれるかなぁと思うくらいありましたが全て完食！とても美味しかったです。少し残念だったのは貸し切り風呂の脱衣場が狭く二人までなのでしょう。シャワーの水量が少なすぎて使い勝手がよくなかったです。ただそれ以外はとてもいい宿でした。楽しい時間をありがとうございました。,"時期:2023年4月宿泊; プラン:【開業１周年記念】通常より3888円OFF！関あじ・伊勢海老・豊後牛がメインの会席プラン（夕食お部屋食）; 価格帯:21,001～22,000円(大人１名あたり/税込); 部屋:5; 風呂:4; 料理(朝食):5; 料理(夕食):5; 接客・サービス:5 | プラン 【開業１周年記念】通常より3888円OFF！関あじ・伊勢海老・豊後牛がメインの会席プラン（夕食お部屋食） 和室 朝・夕 朝/個室利用 夕/部屋出し",https://www.jalan.net/yad322964/kuchikomi/archive/,1,private_bath;small_bath_or_room;food,raw/jalan/archive_page_11.html,cp932,mixed,body_positive_and_negative,high,body_sentiment_inference_needed
OTA full review,Jalan,jalan_da6f917b2da89f60,ookinapapaさん,2023/4/12,3,料理に満足,夕飯は部屋食、机と椅子で楽な体勢で美味しい料理を食べることができました。 ただ、伊勢海老が小さくボイル？されてかなちょっと残念。 朝食は食事処で、熱々料理が良かった。 難点は、貸切風呂の脱衣所が狭く、エアコンが設置されてないのでちょっと厳しそう。 本館の部屋だったので畳に布団を敷いてもらいましたが、マットレスはないため寝心地が悪かった。 トイレも洗面台も清潔で、使いやすかったです。,"時期:2023年3月宿泊; プラン:【開業１周年記念】通常より3888円OFF！関あじ・伊勢海老・豊後牛がメインの会席プラン（夕食お部屋食）; 価格帯:23,001～24,000円(大人１名あたり/税込); 部屋:3; 風呂:2; 料理(朝食):4; 料理(夕食):4; 接客・サービス:3 | プラン 【開業１周年記念】通常より3888円OFF！関あじ・伊勢海老・豊後牛がメインの会席プラン（夕食お部屋食） 和室 朝・夕 朝/個室利用 夕/部屋出し",https://www.jalan.net/yad322964/kuchikomi/archive/,1,private_bath;small_bath_or_room;food,raw/jalan/archive_page_11.html,cp932,mixed,body_positive_and_negative,high,body_sentiment_inference_needed
OTA full review,Jalan,jalan_3c976173c5829bd8,エミちんさん,2023/4/11,5,おもてなし最高,初めての家族旅行で、利用させて頂きました。初めての家族旅行で少し不安もありましたが女将さん旦那さんの人柄を始め従業員の皆さんの気持ちの良い接客に安心できました。温泉もとても気持ちが良かったです。また夕飯のお料理がとても美味しくて食べきれないくらいでした。朝食も美味しくて最高でした。また次の家族旅行でも利用します。,"時期:2023年4月宿泊; プラン:【開業１周年記念】通常より3888円OFF！関あじ・伊勢海老・豊後牛がメインの会席プラン（夕食お部屋食）; 価格帯:25,001～26,000円(大人１名あたり/税込); 部屋:5; 風呂:5; 料理(朝食):5; 料理(夕食):5; 接客・サービス:5 | プラン 【開業１周年記念】通常より3888円OFF！関あじ・伊勢海老・豊後牛がメインの会席プラン（夕食お部屋食） 和室 朝・夕 朝/個室利用 夕/部屋出し",https://www.jalan.net/yad322964/kuchikomi/archive/,1,food,raw/jalan/archive_page_11.html,cp932,positive,body_positive,high,body_sentiment_inference_needed
OTA full review,Jalan,jalan_ff0eb30a9abdd98f,えみごんさん,2023/4/8,4,関アジのお造りが美味しいお宿,女将さんが佐賀関出身のようで、佐賀関の関アジなど、とにかく新鮮で美味しいものがたくさんでてきます。夕食は部屋食でゆっくりと食べられて幸せでした。 地図やカーナビでは中々わかりにくち場所でした。 私達の部屋はお風呂がついてなかったので、貸切風呂を3つ、はいりました。更衣室が少し狭い気がしましたが清潔で、良いお風呂でした。,"時期:2023年3月宿泊; プラン:【開業１周年記念】通常より3888円OFF！関あじ・伊勢海老・豊後牛がメインの会席プラン（夕食お部屋食）; 価格帯:22,001～23,000円(大人１名あたり/税込); 部屋:4; 風呂:4; 料理(朝食):4; 料理(夕食):5; 接客・サービス:5 | プラン 【開業１周年記念】通常より3888円OFF！関あじ・伊勢海老・豊後牛がメインの会席プラン（夕食お部屋食） 和室 朝・夕 朝/個室利用 夕/部屋出し",https://www.jalan.net/yad322964/kuchikomi/archive/,1,private_bath;small_bath_or_room;food,raw/jalan/archive_page_11.html,cp932,mixed,body_positive_and_negative,high,body_sentiment_inference_needed
OTA full review,Jalan,jalan_81acd01afa262125,たにゆうさん,2023/4/2,4,食事と部屋のお風呂がオススメ,想像していた温泉宿とは違いましたが、離れの部屋だったので、子供がいる家族にとってまわりを気にする必要がなく良かったです。それになんと言っても食事が最高でした。またお世話になりたいと思いました。,"時期:2023年3月宿泊; プラン:【開業１周年記念】通常より3888円OFF！関あじ・伊勢海老・豊後牛がメインの会席プラン（夕食お部屋食）; 価格帯:26,001～27,000円(大人１名あたり/税込); 部屋:4; 風呂:4; 料理(朝食):5; 料理(夕食):5; 接客・サービス:5 | プラン 【開業１周年記念】通常より3888円OFF！関あじ・伊勢海老・豊後牛がメインの会席プラン（夕食お部屋食） 和室 朝・夕 朝/個室利用 夕/部屋出し",https://www.jalan.net/yad322964/kuchikomi/archive/,1,room_bath;food,raw/jalan/archive_page_11.html,cp932,positive,body_positive,high,body_sentiment_inference_needed
OTA full review,Jalan,jalan_480c4d6266a7330c,ひろみさん,2023/3/27,5,料理が最高,とっても良かったです。 特に夕食は最高においしかったです。 部屋の露天風呂も広くて気持ちよかったです。 朝は雨が降ってきてゆっくり入れなかったのが残念でした。 子供たちも気に入ったのでまた宿泊したいと思ってます。,"時期:2023年3月宿泊; プラン:【開業１周年記念】通常より3888円OFF！関あじ・伊勢海老・豊後牛がメインの会席プラン（夕食お部屋食）; 価格帯:29,001～30,000円(大人１名あたり/税込); 部屋:4; 風呂:4; 料理(朝食):5; 料理(夕食):5; 接客・サービス:5 | プラン 【開業１周年記念】通常より3888円OFF！関あじ・伊勢海老・豊後牛がメインの会席プラン（夕食お部屋食） 和室 朝・夕 朝/個室利用 夕/部屋出し",https://www.jalan.net/yad322964/kuchikomi/archive/,1,room_open_air_bath;food,raw/jalan/archive_page_11.html,cp932,mixed,body_positive_and_negative,high,body_sentiment_inference_needed
OTA full review,Jalan,jalan_59ffa35fa5fd24d1,せーなさん,2023/3/25,5,お料理とお風呂が最高でした。,贅沢な旅行をしたくて、こちらの宿を見つけ、口コミも良かったので決めさせていただきました。 朝食夕食共に美味しすぎました。お魚もお肉もすっごく美味しくて、終始幸せな気持ちで食事が出来ました。 また、部屋に露天風呂があり、湯煙の景色の中恋人と2人でゆっくり出来ました。 帰りに自家製のゆでたまごをお土産にくださり、チェックインからチェックアウトまで素敵な時間を過ごすことができました。 また別府にお邪魔する機会があれば、是非利用させていただきたいです！！ありがとうございました^_^,"時期:2023年3月宿泊; プラン:【スタンダード】関あじ・伊勢海老・豊後牛！旬の食材を使用した割烹会席プラン(１泊２食付／朝夕お部屋食); 価格帯:30,001円以上(大人１名あたり/税込); 部屋:5; 風呂:5; 料理(朝食):5; 料理(夕食):5; 接客・サービス:5 | プラン 【スタンダード】関あじ・伊勢海老・豊後牛！旬の食材を使用した割烹会席プラン(１泊２食付／朝夕お部屋食) 和洋室 朝・夕 朝/部屋出し 夕/部屋出し",https://www.jalan.net/yad322964/kuchikomi/archive/,1,room_open_air_bath;food,raw/jalan/archive_page_11.html,cp932,positive,body_positive,high,body_sentiment_inference_needed
OTA full review,Jalan,jalan_4678d45825876afe,いづさん,2023/3/24,5,子連れに優しい宿,1歳9ヶ月の娘の温泉デビューに宿泊しました。 部屋に子供用のクッションや椅子を用意してあり、子供用のアメニティ（歯ブラシ、タオル、スポンジ）も付いてて感激でした。お風呂は家族風呂が3つあって、空いてる時に入れます。仲居さんに「今、空いてますよ亅と教えて頂きました。お料理も豪華で関あじや伊勢海老がとてもおいしかったです。夜は部屋食でゆっくり過ごせました。 朝食は半個室で、他のお客さんを気にせず食事ができました。部屋のコーヒー豆がいい香りで、おいしかったです。サービスも良く、娘にも優しく接して頂きました。 また泊まりたいです。,"時期:2023年3月宿泊; プラン:【開業１周年記念】通常より3888円OFF！関あじ・伊勢海老・豊後牛がメインの会席プラン（夕食お部屋食）; 価格帯:24,001～25,000円(大人１名あたり/税込); 部屋:5; 風呂:5; 料理(朝食):5; 料理(夕食):5; 接客・サービス:5 | プラン 【開業１周年記念】通常より3888円OFF！関あじ・伊勢海老・豊後牛がメインの会席プラン（夕食お部屋食） 和室 朝・夕 朝/個室利用 夕/部屋出し",https://www.jalan.net/yad322964/kuchikomi/archive/,1,family_bath;food,raw/jalan/archive_page_11.html,cp932,positive,body_positive,high,body_sentiment_inference_needed
OTA full review,Jalan,jalan_714a6bbf5453c970,akaneさん,2023/3/14,5,料理が想像以上に美味しい,料理をメインに選んだのですが、想像以上にこだわって作ってらっしゃって、非常に美味して女将が色々と説明してくれた。とても気さくでにこにこと笑顔の耐えない女将で、私の心に寄り添ってくれた。,"時期:2023年3月宿泊; プラン:【開業１周年記念】通常より8888円OFF！関あじ・伊勢海老・豊後牛がメインの会席プラン（朝夕お部屋食）; 価格帯:29,001～30,000円(大人１名あたり/税込); 部屋:5; 風呂:5; 料理(朝食):5; 料理(夕食):5; 接客・サービス:5 | プラン 【開業１周年記念】通常より8888円OFF！関あじ・伊勢海老・豊後牛がメインの会席プラン（朝夕お部屋食） 和洋室 朝・夕 朝/部屋出し 夕/部屋出し",https://www.jalan.net/yad322964/kuchikomi/archive/,1,food,raw/jalan/archive_page_11.html,cp932,neutral,neutral_or_lodging_context,medium,body_sentiment_inference_needed
OTA full review,Jalan,jalan_5cd0311401c593f3,かずちゃんさん,2023/3/9,2,残念,口コミがとても良かったので楽しみにしていましたが、当日野焼きがあったとかで露天風呂が野焼きの藁で汚れていてかきだすのに自分でしなければいけなかった。なんのために自分で掃除するのかわからない。心使いが感じられなかったし、対応も部屋の案内もすべて残念だった。お風呂も外からみえるしともかく残念過ぎる。,"時期:2023年3月宿泊; プラン:【開業１周年記念】通常より8888円OFF！関あじ・伊勢海老・豊後牛がメインの会席プラン（朝夕お部屋食）; 価格帯:30,001円以上(大人１名あたり/税込); 部屋:1; 風呂:1; 料理(朝食):3; 料理(夕食):3; 接客・サービス:2 | プラン 【開業１周年記念】通常より8888円OFF！関あじ・伊勢海老・豊後牛がメインの会席プラン（朝夕お部屋食） 和洋室 朝・夕 朝/部屋出し 夕/部屋出し",https://www.jalan.net/yad322964/kuchikomi/archive/,1,food,raw/jalan/archive_page_11.html,cp932,mixed,body_positive_and_negative,high,body_sentiment_inference_needed
OTA full review,Jalan,jalan_51e328a38e1d38a4,ちいさん,2023/2/26,5,とにかくいい！,ご飯もお風呂もお部屋もとにかくよかったです！ 子供がちょっと手がかかる子でしたが、理解してくださり、とても嬉しかったです。 ご飯もかなり美味しく、特に豊後牛のせいろ蒸しはまた食べたいです！！ 帰り道、また来年も行きたいねなんて言いながら帰りました(^^) また来年もぜひ行きたいです♪,"時期:2023年1月宿泊; プラン:【開業１周年記念】通常より3888円OFF！関あじ・伊勢海老・豊後牛がメインの会席プラン（夕食お部屋食）; 価格帯:25,001～26,000円(大人１名あたり/税込); 部屋:5; 風呂:5; 料理(朝食):5; 料理(夕食):5; 接客・サービス:5 | プラン 【開業１周年記念】通常より3888円OFF！関あじ・伊勢海老・豊後牛がメインの会席プラン（夕食お部屋食） 和室 朝・夕 朝/個室利用 夕/部屋出し",https://www.jalan.net/yad322964/kuchikomi/archive/,1,food,raw/jalan/archive_page_11.html,cp932,positive,body_positive,high,body_sentiment_inference_needed
OTA full review,Jalan,jalan_838c62fdeab85309,すにさん,2023/2/21,5,子供連れに優しいお宿,大人5名、子供2名で宿泊しました。 子供連れでしたのでおむつバケツや、赤ちゃん用のシャンプー、バウンサーなども用意してくださいました。 お食事も部屋食でとてもありがたかったです。 お料理も品数が多く新鮮な関あじ、伊勢エピなどどれも美味しく大満足でした。 スタッフの皆さんのおもてなしに感謝しております。 また大分旅行の際は、利用したいお宿です。 素敵な旅行の思い出になりました。 ありがとうございました。,"時期:2023年2月宿泊; プラン:【開業１周年記念】通常より3888円OFF！関あじ・伊勢海老・豊後牛がメインの会席プラン（夕食お部屋食）; 価格帯:19,001～20,000円(大人１名あたり/税込); 部屋:5; 風呂:4; 料理(朝食):5; 料理(夕食):5; 接客・サービス:5 | プラン 【開業１周年記念】通常より3888円OFF！関あじ・伊勢海老・豊後牛がメインの会席プラン（夕食お部屋食） 和室 朝・夕 朝/個室利用 夕/部屋出し",https://www.jalan.net/yad322964/kuchikomi/archive/,1,food,raw/jalan/archive_page_11.html,cp932,positive,body_positive,high,body_sentiment_inference_needed
OTA full review,Jalan,jalan_20ced3a230101790,まなみンさん,2023/2/21,5,お部屋も料理大満足でした♪,恋人と初めての旅行で宿泊しました。お部屋はとても綺麗で、旅館の方の接客もかなり良かったです。お部屋でお料理が食べれて、すべて美味しかったです。お部屋にお風呂が２つあり眺めも最高でした！また旅行行った際にゎ宿泊利用したいと思います。,"時期:2023年2月宿泊; プラン:【開業１周年記念】通常より8888円OFF！関あじ・伊勢海老・豊後牛がメインの会席プラン（朝夕お部屋食）; 価格帯:29,001～30,000円(大人１名あたり/税込); 部屋:5; 風呂:5; 料理(朝食):5; 料理(夕食):4; 接客・サービス:5 | プラン 【開業１周年記念】通常より8888円OFF！関あじ・伊勢海老・豊後牛がメインの会席プラン（朝夕お部屋食） 和室 朝・夕 朝/部屋出し 夕/部屋出し",https://www.jalan.net/yad322964/kuchikomi/archive/,1,food,raw/jalan/archive_page_11.html,cp932,positive,body_positive,high,body_sentiment_inference_needed
OTA full review,Jalan,jalan_b9ca5e83cc812c56,ひまわるさん,2023/2/20,5,料理と人のあたたかさで最高の旅でした。,料理が豪華で大満足でした。部屋食でゆっくり食べられるのもよかったです。 また、旅館の方々みんな温かく、とても気持ち良く過ごせました。,"時期:2023年2月宿泊; プラン:【開業１周年記念】通常より3888円OFF！関あじ・伊勢海老・豊後牛がメインの会席プラン（夕食お部屋食）; 価格帯:26,001～27,000円(大人１名あたり/税込); 部屋:4; 風呂:4; 料理(朝食):5; 料理(夕食):5; 接客・サービス:5 | プラン 【開業１周年記念】通常より3888円OFF！関あじ・伊勢海老・豊後牛がメインの会席プラン（夕食お部屋食） 和室 朝・夕 朝/個室利用 夕/部屋出し",https://www.jalan.net/yad322964/kuchikomi/archive/,1,food,raw/jalan/archive_page_11.html,cp932,positive,body_positive,high,body_sentiment_inference_needed
OTA full review,Jalan,jalan_6253f032261f5440,ぺぺぼうさん,2023/2/20,5,2度目の利用です。,今回は記念日旅行で別府に来ました。 昨年宿泊した時から料理内容が変わっておりましたが、前回より美味しくなってました。特に関あじとおおいた和牛の蒸ししゃぶが絶品です。 料理を楽しみたい方におすすめできる宿です。 また来年伺いたいと思います。,"時期:2023年2月宿泊; プラン:【開業１周年記念】通常より3888円OFF！関あじ・伊勢海老・豊後牛がメインの会席プラン（夕食お部屋食）; 価格帯:23,001～24,000円(大人１名あたり/税込); 部屋:5; 風呂:5; 料理(朝食):5; 料理(夕食):5; 接客・サービス:5 | プラン 【開業１周年記念】通常より3888円OFF！関あじ・伊勢海老・豊後牛がメインの会席プラン（夕食お部屋食） 和室 朝・夕 朝/個室利用 夕/部屋出し",https://www.jalan.net/yad322964/kuchikomi/archive/,1,food,raw/jalan/archive_page_11.html,cp932,positive,body_positive,high,body_sentiment_inference_needed
OTA full review,Jalan,jalan_656c7c050d1b326d,さいとうさん,2023/2/17,5,とっても素敵なスタッフの方々でした！,とっても素敵な雰囲気で、スタッフの方もとっても素敵でした。 特に食事の配膳や案内をしてくださった方が笑顔も素敵でお話していて面白かったです。 ご飯もとても美味しかったので満足できました。 ただどうしても離れで完結させる関係上、お酒の注文などが少し面倒ではありましたが、特に問題だということではなく、大変満足できました。 お部屋も綺麗で楽しい時間を過ごせました！ また行きたいと思います。,"時期:2023年2月宿泊; プラン:【開業１周年記念】通常より8888円OFF！関あじ・伊勢海老・豊後牛がメインの会席プラン（朝夕お部屋食）; 価格帯:29,001～30,000円(大人１名あたり/税込); 部屋:5; 風呂:5; 料理(朝食):4; 料理(夕食):5; 接客・サービス:5 | プラン 【開業１周年記念】通常より8888円OFF！関あじ・伊勢海老・豊後牛がメインの会席プラン（朝夕お部屋食） 和洋室 朝・夕 朝/部屋出し 夕/部屋出し",https://www.jalan.net/yad322964/kuchikomi/archive/,1,food,raw/jalan/archive_page_11.html,cp932,positive,body_positive,high,body_sentiment_inference_needed
OTA full review,Jalan,jalan_13018187c3f41a46,ひろりんさん,2023/2/17,5,７年ぶりの再会。,久々に休みがとれた友人から、連絡あり、急遽リクエストを聞いて別府旅を決めました。はじめての旅館で写真の情報しかなく、どんな宿かなとドキドキでしたが、離れの露天風呂つき部屋。貸し切り風呂もあり、何度も楽しめました。夕食はお部屋でゆっくりと堪能し、特に関あじの美味しさは、友人が今まで食べたなかで 一番美味しかったと、絶賛してくれました。 夕食、朝食とも、大分の美味しいものがぎゅっと詰まった 新鮮な地元食材と彩りが光ったものばかりでした。 部屋には、浴衣の他、肌ざわりのよいガーゼパジャマが あり、おかみさんのこだわりらしく、着心地良かったです。 スタッフの方々、皆さん優しい対応をして下さり、 ありがとうございました。友人との楽しい思い出をたくさん 作ることができ、 また、訪れたい宿になりました。,"時期:2023年2月宿泊; プラン:【開業１周年記念】通常より3888円OFF！関あじ・伊勢海老・豊後牛がメインの会席プラン（夕食お部屋食）; 価格帯:25,001～26,000円(大人１名あたり/税込); 部屋:4; 風呂:4; 料理(朝食):5; 料理(夕食):5; 接客・サービス:4 | プラン 【開業１周年記念】通常より3888円OFF！関あじ・伊勢海老・豊後牛がメインの会席プラン（夕食お部屋食） 和室 朝・夕 朝/個室利用 夕/部屋出し",https://www.jalan.net/yad322964/kuchikomi/archive/,1,private_bath;water_texture;food,raw/jalan/archive_page_11.html,cp932,positive,body_positive,high,body_sentiment_inference_needed
OTA full review,Jalan,jalan_0c8f5ec69224e905,yukiさん,2023/2/1,5,すべてにおいて素晴らしい,部屋は綺麗で、夕食も朝食も大変美味しくいただきました。 夕食の関アジは立派でしたし、朝食は女将の心のこもった手作りの品々をご用意いただき感動しました。 駐車場がわかりにくかったですが、宿の方が丁寧に誘導していただき助かりました。 是非またお伺いしたいです。 ありがとうございました。,"時期:2023年1月宿泊; プラン:【開業１周年記念】通常より3888円OFF！関あじ・伊勢海老・豊後牛がメインの会席プラン（夕食お部屋食）; 価格帯:25,001～26,000円(大人１名あたり/税込); 部屋:5; 風呂:5; 料理(朝食):5; 料理(夕食):5; 接客・サービス:5 | プラン 【開業１周年記念】通常より3888円OFF！関あじ・伊勢海老・豊後牛がメインの会席プラン（夕食お部屋食） 和室 朝・夕 朝/個室利用 夕/部屋出し",https://www.jalan.net/yad322964/kuchikomi/archive/,1,food;access,raw/jalan/archive_page_11.html,cp932,mixed,body_positive_and_negative,high,body_sentiment_inference_needed
OTA full review,Jalan,jalan_98c58ed2f4f1446b,よっちゃんさん,2023/1/28,4,温泉の部屋風呂付最高,結婚記念日に利用しました。部屋に内風呂と露天風呂がついていてとてもよかったです。食事も部屋食で美味しく頂きました。,"時期:2023年1月宿泊; プラン:【開業１周年記念】通常より8888円OFF！関あじ・伊勢海老・豊後牛がメインの会席プラン（朝夕お部屋食）; 価格帯:29,001～30,000円(大人１名あたり/税込); 部屋:5; 風呂:5; 料理(朝食):4; 料理(夕食):5; 接客・サービス:4 | プラン 【開業１周年記念】通常より8888円OFF！関あじ・伊勢海老・豊後牛がメインの会席プラン（朝夕お部屋食） 和洋室 朝・夕 朝/部屋出し 夕/部屋出し",https://www.jalan.net/yad322964/kuchikomi/archive/,1,room_bath;food,raw/jalan/archive_page_11.html,cp932,positive,body_positive,high,body_sentiment_inference_needed
OTA full review,Jalan,jalan_b02352494e4b5ec6,千手観音の往復ビンタさん,2023/1/22,5,のんびりできました,Google mapのピンは間違って隣の民家(？)に立ってます。 正確にはコインランドリーの隣の敷地です。 貸切の離れに宿泊しました。まだ新しく手入れも行き届いていました。離れとしては珍しいメゾネットタイプで、２階に食堂、１階に寝室やお風呂があります。階段が多いので足の悪い人には不向きではありそうです。食堂からの眺望は素晴らしく、あちこちから立ち上る湯気が朝日に輝く様は温泉情緒満点でした！ 食事は夕朝ともとても美味しくいただきました。どれも手の込んだ料理で満足でしたが、特に朝いただいた牛しぐれ煮が絶品でした。 お風呂はこぢんまりとしていますが肌が引き締まるタイプの泉質で湯冷めしにくい印象です。難を言えば、温度調節がしづらかったのと露天風呂の目隠しが低くて外から見えそうなところでした。 フロントもこぢんまりしているので、来客が立て込むと対応に時間がかかりがちですが、焦らずのんびり構えていけばどうってことないです。のんびりしに来たんですからね。 旅館前のスペースは車寄せとしては使いづらいので直接駐車場に入った方が良さそうです。その駐車場もやや分かりづらい場所ですが、コインランドリーの横から入って、一度見たら忘れられない名前の整骨院の向かいに広めのスペースがありました。入口は狭いので要注意です。 地獄めぐりにも近く、足湯足蒸しスポットも徒歩圏内にあり、便利な立地でした。のんびりしたい人にはおすすめです。,"時期:2023年1月宿泊; プラン:【スタンダード】関あじ・伊勢海老・豊後牛！旬の食材を使用した割烹会席プラン(１泊２食付／朝夕お部屋食); 価格帯:30,001円以上(大人１名あたり/税込); 部屋:5; 風呂:4; 料理(朝食):5; 料理(夕食):5; 接客・サービス:5 | プラン 【スタンダード】関あじ・伊勢海老・豊後牛！旬の食材を使用した割烹会席プラン(１泊２食付／朝夕お部屋食) 和洋室 朝・夕 朝/部屋出し 夕/部屋出し",https://www.jalan.net/yad322964/kuchikomi/archive/,1,private_bath;temperature_cold;water_texture;small_bath_or_room;food;access,raw/jalan/archive_page_11.html,cp932,mixed,body_positive_and_negative,high,body_sentiment_inference_needed
OTA full review,Jalan,jalan_88a1af8590eea9ac,ゆうさんさん,2023/1/14,4,料理が最高,夫婦６０代、部屋が2階が食事用、1階が寝室となってました。 階段の登り降りが、少し面倒でした。料理は最高に美味しかったです。従業員の方々も親切に対応して頂きました。 ベッドではなく、薄い布団だったので、腰が痛かった。,"時期:2023年1月宿泊; プラン:【開業１周年記念】通常より8888円OFF！関あじ・伊勢海老・豊後牛がメインの会席プラン（朝夕お部屋食）; 価格帯:29,001～30,000円(大人１名あたり/税込); 部屋:3; 風呂:4; 料理(朝食):5; 料理(夕食):5; 接客・サービス:4 | プラン 【開業１周年記念】通常より8888円OFF！関あじ・伊勢海老・豊後牛がメインの会席プラン（朝夕お部屋食） 和洋室 朝・夕 朝/部屋出し 夕/部屋出し",https://www.jalan.net/yad322964/kuchikomi/archive/,1,food,raw/jalan/archive_page_11.html,cp932,mixed,body_positive_and_negative,high,body_sentiment_inference_needed
OTA full review,Jalan,jalan_f9c54b136cab3143,ちゃもさん,2023/1/12,5,ゆったり時間を楽しめる。,全体的にとても綺麗な旅館です。 部屋は、離れの和室。 写真など載せてあればいいと思ったのが離れの部屋は階段があること。 事前に足腰の悪い母を連れていくと知らせておいたので電話で階段があること、階段のない別館の案内をしていただきました。 この対応はとてもありがたかったです。 が今回はそのまま離れの部屋に。 食事は部屋食なので気兼ねなく食べれてよかったです。 夕食も朝食も大変美味しく頂きました。 美味しかったからこそ、もう少し食べたかった。 まだまだ食べれます。お米足りなかったです。 窓からの別府の景色、湯煙は非日常でとてもステキです。 全体的にとてもよかったです。 また来たいと思いました。 改善していただけるならペラペラ敷布団がしっかり厚みのある敷布団かマットレスとかになってたらうれしいかな。普段ベッドの私には少しつらかったです。 今回はありがとうございました。,"時期:2023年1月宿泊; プラン:【開業１周年記念】通常より8888円OFF！関あじ・伊勢海老・豊後牛がメインの会席プラン（朝夕お部屋食）; 価格帯:29,001～30,000円(大人１名あたり/税込); 部屋:4; 風呂:4; 料理(朝食):4; 料理(夕食):4; 接客・サービス:5 | プラン 【開業１周年記念】通常より8888円OFF！関あじ・伊勢海老・豊後牛がメインの会席プラン（朝夕お部屋食） 和室 朝・夕 朝/部屋出し 夕/部屋出し",https://www.jalan.net/yad322964/kuchikomi/archive/,1,food,raw/jalan/archive_page_11.html,cp932,mixed,body_positive_and_negative,high,body_sentiment_inference_needed
OTA full review,Jalan,jalan_085041357ef1c097,りほさん,2023/1/10,4,スタッフの方がどなたも好印象,地獄めぐりのすぐ近くの宿で迷わずすぐ着くことが出来てスムーズに行けてよかったです。夫婦2人に子供2人で利用しましたが、スタッフの方がとても丁寧に接客してくださり、とても好印象でした。貸切風呂は内風呂と露天風呂がある所を案内してもらい、子供達も何度も内風呂と露天風呂をいききして楽しそうで、家族の良い思い出になったなと感じています。部屋では子供が走り回り周り騒がしくして申し訳なかったです。素敵な宿だと思います。,"時期:2023年1月宿泊; プラン:【開業１周年記念】通常より3888円OFF！関あじ・伊勢海老・豊後牛がメインの会席プラン（夕食お部屋食）; 価格帯:29,001～30,000円(大人１名あたり/税込); 部屋:5; 風呂:4; 料理(朝食):5; 料理(夕食):4; 接客・サービス:4 | プラン 【開業１周年記念】通常より3888円OFF！関あじ・伊勢海老・豊後牛がメインの会席プラン（夕食お部屋食） 和室 朝・夕 朝/個室利用 夕/部屋出し",https://www.jalan.net/yad322964/kuchikomi/archive/,1,private_bath;food;access,raw/jalan/archive_page_11.html,cp932,mixed,body_positive_and_negative,high,body_sentiment_inference_needed
OTA full review,Jalan,jalan_ad912f63d7415dba,まっきーさん,2023/1/2,5,思い出に残る旅行となりました,贅沢な温泉旅行をしたいね！と彼氏と話していた時に、八葉さんを見つけました。離れの部屋、温泉貸切、美味しい食事。まさに条件ぴったりでした！ 15時過ぎにチェックインをしたので、貸切風呂にすぐに入れてラッキーでした。そして、豪華なお食事を食べるたびに２人で美味しいねと言いながら、幸せな時間を過ごせました。窓から見える別府の風景も最高でした。 もちろん、部屋風呂も最高で、１年間の疲れを癒すことができました。 スタッフの方々は優しくてとても温かい方々ばかりで、とても気持ち良く過ごすことができました。本当にありがとうございました♪また２人で行きたいねと話しています。その時はよろしくお願いします(o^^o),"時期:2022年12月宿泊; プラン:【スタンダード】関あじ・伊勢海老・豊後牛！旬の食材を使用した割烹会席プラン(１泊２食付／朝夕お部屋食); 価格帯:30,001円以上(大人１名あたり/税込); 部屋:5; 風呂:5; 料理(朝食):5; 料理(夕食):5; 接客・サービス:5 | プラン 【スタンダード】関あじ・伊勢海老・豊後牛！旬の食材を使用した割烹会席プラン(１泊２食付／朝夕お部屋食) 和室 朝・夕 朝/部屋出し 夕/部屋出し",https://www.jalan.net/yad322964/kuchikomi/archive/,1,room_bath;private_bath;food,raw/jalan/archive_page_11.html,cp932,positive,body_positive,high,body_sentiment_inference_needed
OTA full review,Jalan,jalan_2d5852c51ff8ddb0,まりっぺさん,2022/12/28,5,のんびり過ごすには最高です。,久し振りに夫婦水入らずでの旅行で利用しました。 駐車場が分かりづらくて苦労しましたが、スタッフの方たちが皆親切で親近感の持てる接客でした。 お部屋は食事する部屋が別に併設されていて、 夫とのんびり過ごせました。 部屋のお風呂も良かったですが、夫は貸し切り風呂に大絶賛でした。ただ、部屋の露天風呂は利用し辛い造り、環境でした。 お料理は豪華でお腹いっぱい、胸いっぱいでした。 静かにのんびり過ごせて、思い出に残る旅行が出来ました。,"時期:2022年11月宿泊; プラン:【開業１周年記念】通常より8888円OFF！関あじ・伊勢海老・豊後牛がメインの会席プラン（朝夕お部屋食）; 価格帯:30,001円以上(大人１名あたり/税込); 部屋:5; 風呂:5; 料理(朝食):5; 料理(夕食):5; 接客・サービス:5 | プラン 【開業１周年記念】通常より8888円OFF！関あじ・伊勢海老・豊後牛がメインの会席プラン（朝夕お部屋食） 和室 朝・夕 朝/部屋出し 夕/部屋出し",https://www.jalan.net/yad322964/kuchikomi/archive/,1,room_open_air_bath;room_bath;private_bath;food;access,raw/jalan/archive_page_11.html,cp932,positive,body_positive,high,body_sentiment_inference_needed
OTA full review,Jalan,jalan_0e67e459270fa7ae,まきだいさん,2022/12/18,3,段取りが悪かった,夫婦2人で宿泊。 貸切風呂は予約は出来ず、フロントに行って、空いていれば入れるスタイル。 制限時間はないので、いつ空くかは分からないので、運次第！ 今回部屋に露天風呂、内風呂がついてる部屋に宿泊したので、貸切風呂は一度のみ入りました。 食事の時間をチェックイン時に選べる。部屋食のため、15分前から電話して用意に入ると言われて待っていたが、18:30で予約したが、18:30過ぎても誰も準備に来ず、10分過ぎて、こちらがフロントに電話してやっと来た。 釜でご飯を炊くが、火をつける前に味噌汁だけ来て、火を付けに来なかったので、私自身で火をつけて、ご飯を炊いた。味噌汁は冷めるし、まだご飯に火をつけたばかりで、デザートを持ってきた。 火をつけていなかったから、私が火を付けたと言うと、それでいいです！と言われ、謎だった。それなら事前にいつのタイミングでつけるとか説明あるべきだし、何度も食事を持って来たり、片付けたり、出入りしているのだから、火をつけ忘れているのだろうと感じた。 食事は美味しかったが、オープンから1年経っているのに、段取りが悪すぎた。 食事が終わって片付けをフロントに電話して依頼したが、ずっと来ず、結局来なかった。朝食準備の時に片付けていた。 温泉が良かっただけに、段取りと気配りの欠如が残念でした。,"時期:2022年12月宿泊; プラン:【開業１周年記念】通常より8888円OFF！関あじ・伊勢海老・豊後牛がメインの会席プラン（朝夕お部屋食）; 価格帯:30,001円以上(大人１名あたり/税込); 部屋:4; 風呂:4; 料理(朝食):3; 料理(夕食):3; 接客・サービス:2 | プラン 【開業１周年記念】通常より8888円OFF！関あじ・伊勢海老・豊後牛がメインの会席プラン（朝夕お部屋食） 和洋室 朝・夕 朝/部屋出し 夕/部屋出し",https://www.jalan.net/yad322964/kuchikomi/archive/,1,room_open_air_bath;private_bath;temperature_cold;food,raw/jalan/archive_page_11.html,cp932,mixed,body_positive_and_negative,high,body_sentiment_inference_needed
OTA full review,Jalan,jalan_7f0697cd25ab4413,きょんさん,2022/12/11,5,カップル旅行にオススメ！,スタッフの方やお料理何から何まで完璧でした！ スタッフさんはとてもフレンドリーなおじ様にお酒とご飯が好きなお姉さん、優しくてほっこりするおば様。 変に緊張することなく旅館を利用出来ました。 温泉は貸切風呂が3箇所 鉄平石の湯、別府石の湯、安心院の湯がありました！ 鉄平石の湯では露天風呂がついており檜風呂でした 内湯にも露天が付いており 12時過ぎと遅い時間でしたが冬空で入る露天は最高でした笑 料理に関しては 種類も多く、美味しい料理ばかりで お腹いっぱいになりました！！ 彼女の誕生日旅行で計画した旅行でしたが 帰り際にそれを伝えると ｢言ってくれればよかったのに｣と言ってくれて 突然でしたがお祝いをしてくれました。 もし誕生日で行かれる方がいれば 先に言っておくといいと思います笑 彼女もですが 私自身も最高に楽しい旅行になりました！ 最後に気になった点をちょっとだけ。 部屋に付いてる洗面器が小さく可愛らしいものですが 使いづらいところがありました。 あと、部屋着？女性は浴衣ですが男性は甚平みたいなタイプです！ 個人的ではありますが 彼女と浴衣を着たかったなと思いちょっと残念でした。 あと今回は和室の離れを利用させてもらいましたが 敷布団が薄いなと感じました！ 気になるところはありますが それを補うくらい楽しく、心も体も温まる旅館です！ みなさんの参考になれば幸いです,"時期:2022年12月宿泊; プラン:【スタンダード】関あじ・伊勢海老・豊後牛！旬の食材を使用した割烹会席プラン(１泊２食付／朝夕お部屋食); 価格帯:30,001円以上(大人１名あたり/税込); 部屋:4; 風呂:5; 料理(朝食):5; 料理(夕食):5; 接客・サービス:5 | プラン 【スタンダード】関あじ・伊勢海老・豊後牛！旬の食材を使用した割烹会席プラン(１泊２食付／朝夕お部屋食) 和室 朝・夕 朝/部屋出し 夕/部屋出し",https://www.jalan.net/yad322964/kuchikomi/archive/,1,room_bath;private_bath;small_bath_or_room;food,raw/jalan/archive_page_11.html,cp932,mixed,body_positive_and_negative,high,body_sentiment_inference_needed
OTA full review,Jalan,jalan_1e27204fb7b13f82,たかさん,2022/12/6,4,夕食が美味しい！,元々部屋露天風呂付きで探していたのですが、八葉さんのサイトの夕食の内容が目に留まり、予約。 お部屋は新しく清潔でした。 部屋の露天風呂も文句ない大きさでしたが、もう少しブラインドなどを考えて頂けるとありがたいです。 あと部屋の敷き布団はもう少し厚みのあるものでないと、きついです。 お食事は文句無しで非常に美味しかったです。 接客も丁寧でした！ 夕食を重視するかた、鉄輪近辺を散策するかたにオススメです。 ありがとうございました。,"時期:2022年12月宿泊; プラン:【スタンダード】関あじ・伊勢海老・豊後牛！旬の食材を使用した割烹会席プラン(１泊２食付／夕食お部屋食); 価格帯:29,001～30,000円(大人１名あたり/税込); 部屋:3; 風呂:4; 料理(朝食):4; 料理(夕食):5; 接客・サービス:4 | プラン 【スタンダード】関あじ・伊勢海老・豊後牛！旬の食材を使用した割烹会席プラン(１泊２食付／夕食お部屋食) 和室 朝・夕 朝/個室利用 夕/部屋出し",https://www.jalan.net/yad322964/kuchikomi/archive/,1,room_open_air_bath;food;access,raw/jalan/archive_page_11.html,cp932,positive,rating_positive_signal,medium,body_sentiment_inference_needed
OTA full review,Jalan,jalan_f0a4a51c01ff239b,じゅんさん,2022/12/3,4,景色が良い、料理が美味しい,新しいこともあって全体的にとても綺麗な旅館です。お部屋は和洋室なのでホテルみたいな感じでした。ただ、音が響きやすいのが気になりました。小さなお子さんがいる方や遅くまで起きてる方は気をつけた方がいいかもしれません。 お風呂は内湯と露天風呂で入り放題で良かったです。別府の温泉は温度も高く硫黄が強いですが、お肌はすべすべ、体も温まりポカポカの持続性が素晴らしいかったです。よく口コミで温度がぬるかった、熱すぎたと聞きますが、別府の源泉は日本一原産温度が高いので、かけ流し続けると熱すぎて、止めると温度が冷めてと難しところがあるのかもしれません。部屋に温泉付きになると、それはちょっと大変だと感じました。 私が1番高評価はやっぱりお料理でした。夕食も朝食も大変美味しく頂きました。ボリューム満点でしたが、食いしん坊なのでペロリでした笑お米が美味しくて朝食はおかわりしました笑 食事も部屋食なので気兼ねなく食べれてよかったです。窓からの別府の湯煙景色は最高です。夜は別府湾のキラキラした夜景、朝は別府湾からの綺麗な朝日が。 スタッフの対応も親切丁寧で素晴らしかったです。 景観も素晴らしい御宿だと思います。この度は本当にありがとうございました。良い思い出になりました。,"時期:2022年12月宿泊; プラン:【開業１周年記念】通常より8888円OFF！関あじ・伊勢海老・豊後牛がメインの会席プラン（朝夕お部屋食）; 価格帯:30,001円以上(大人１名あたり/税込); 部屋:3; 風呂:5; 料理(朝食):5; 料理(夕食):5; 接客・サービス:5 | プラン 【開業１周年記念】通常より8888円OFF！関あじ・伊勢海老・豊後牛がメインの会席プラン（朝夕お部屋食） 和洋室 朝・夕 朝/部屋出し 夕/部屋出し",https://www.jalan.net/yad322964/kuchikomi/archive/,1,room_bath;source_flow;temperature_cold;water_texture;small_bath_or_room;food,raw/jalan/archive_page_11.html,cp932,mixed,body_positive_and_negative,high,body_sentiment_inference_needed
OTA full review,Jalan,jalan_41694d615fb11915,ちーくんさん,2022/11/28,5,子連れでも安心,夫婦と娘と２歳児でお世話になりました。 露天風呂付和室だったのですが、小さい児がいたので何度も入浴できてよかったです。何よりも、仲居さんたちがとても子供に気を配ってくれて助かりました。料理も海鮮盛り合わせが出てびっくりしました。,"時期:2022年11月宿泊; プラン:【開業１周年記念】通常より3888円OFF！関あじ・伊勢海老・豊後牛がメインの会席プラン（夕食お部屋食）; 価格帯:25,001～26,000円(大人１名あたり/税込); 部屋:5; 風呂:5; 料理(朝食):5; 料理(夕食):5; 接客・サービス:5 | プラン 【開業１周年記念】通常より3888円OFF！関あじ・伊勢海老・豊後牛がメインの会席プラン（夕食お部屋食） 和室 朝・夕 朝/個室利用 夕/部屋出し",https://www.jalan.net/yad322964/kuchikomi/archive/,1,small_bath_or_room;food,raw/jalan/archive_page_11.html,cp932,positive,body_positive,high,body_sentiment_inference_needed
OTA full review,Jalan,jalan_be54da46971cf44e,Haruさん,2022/11/26,2,食事が美味しい,自身の誕生日祝いに利用しました。 食事は、ボリュームもあり、どれも美味しく頂きました。 残念なのは、敷布団が薄く腰が痛くなったのと、部屋の畳縁にホコリや髪が残っていたのが気になりました。,"時期:2022年11月宿泊; プラン:【開業１周年記念】通常より3888円OFF！関あじ・伊勢海老・豊後牛がメインの会席プラン（夕食お部屋食）; 価格帯:26,001～27,000円(大人１名あたり/税込); 部屋:3; 風呂:4; 料理(朝食):5; 料理(夕食):5; 接客・サービス:3 | プラン 【開業１周年記念】通常より3888円OFF！関あじ・伊勢海老・豊後牛がメインの会席プラン（夕食お部屋食） 和室 朝・夕 朝/個室利用 夕/部屋出し",https://www.jalan.net/yad322964/kuchikomi/archive/,1,food,raw/jalan/archive_page_12.html,cp932,negative,low_rating_negative_body,high,body_sentiment_inference_needed
OTA full review,Jalan,jalan_9c5f33e20933c20f,たまさんさん,2022/11/26,5,部屋、風呂、食事全て最高でした。,別府温泉夫婦ふたり旅。温泉三昧、地獄めぐり蒸し湯をメインに鉄輪温泉で宿泊しようとこの宿に決めました。まだ新しく部屋も綺麗で眺めもよかったです。家族風呂で温泉につかり、すべすべになりました。夕食も伊勢海老、関あじ、豊後牛、朝食もだんご汁ありで大分グルメを堪能しました。お品書きがあればよかったかなと思いましたが、全て美味しかったです。 また泊まりたいと思った次第です。ありがとうございました。,"時期:2022年11月宿泊; プラン:【開業１周年記念】通常より3888円OFF！関あじ・伊勢海老・豊後牛がメインの会席プラン（夕食お部屋食）; 価格帯:23,001～24,000円(大人１名あたり/税込); 部屋:5; 風呂:5; 料理(朝食):5; 料理(夕食):5; 接客・サービス:5 | プラン 【開業１周年記念】通常より3888円OFF！関あじ・伊勢海老・豊後牛がメインの会席プラン（夕食お部屋食） 和室 朝・夕 朝/個室利用 夕/部屋出し",https://www.jalan.net/yad322964/kuchikomi/archive/,1,family_bath;food;access,raw/jalan/archive_page_12.html,cp932,positive,body_positive,high,body_sentiment_inference_needed
OTA full review,Jalan,jalan_1bae836b9f1aaa26,ともちゃんさん,2022/11/26,4,久々の旅行でした,コロナ禍で、旅行をずっと躊躇していましたが、内風呂、個室食の旅館を探して、八葉さんの離れに宿泊しました。 チェックイン、アウト時以外は他の宿泊者の方と会うこともなく安心して宿泊できました。 従業員の方の接客も気持ち良く、離れの2階食事室から見渡す別府の海や湯けむりの景色も良かったです。お食事も豪華で美味しかったです。 お食事の内容はホームページ等で、おおまかには知ることができましたが、できればお品書きがあれば嬉しいのになあと思いました。 お部屋もお風呂も新しく気持ち良かったです。 ただ、お隣の声が少し響いて聞こえてきたのが残念でした。 宿泊者同士お互い様だと思いますが、気付かないのかもしれません、ご配慮いただけると有難いです。 鉄輪のバス停にも近く、地獄巡りにも徒歩で行ける距離、立地も良かったです。 久々の旅行が楽しいものになりました。 ありがとうございました。 帰りのお土産のゆで卵も美味しかったです。 また、別府に行くことがあれば、予約したいと思います。,"時期:2022年11月宿泊; プラン:【開業１周年記念】通常より8888円OFF！関あじ・伊勢海老・豊後牛がメインの会席プラン（朝夕お部屋食）; 価格帯:30,001円以上(大人１名あたり/税込); 部屋:4; 風呂:5; 料理(朝食):4; 料理(夕食):4; 接客・サービス:5 | プラン 【開業１周年記念】通常より8888円OFF！関あじ・伊勢海老・豊後牛がメインの会席プラン（朝夕お部屋食） 和室 朝・夕 朝/部屋出し 夕/部屋出し",https://www.jalan.net/yad322964/kuchikomi/archive/,1,food;access,raw/jalan/archive_page_12.html,cp932,mixed,body_positive_and_negative,high,body_sentiment_inference_needed
OTA full review,Jalan,jalan_3f190f81e7d53cac,ありささん,2022/11/24,4,1年の結婚記念日で行きました！,スタッフの方の対応が良く、 お食事・露天風呂共に非常に良かったです！ 刺身のお造りは特にテンションが上がり、 伊勢海老とアジのお刺身はすごく美味しかったです！ お肉の蒸し料理やステーキも最高でした！ 朝ごはんはアジの開きや団子汁のような物もあり大満足です！ 露天風呂は湯加減の調整ができたり、 何と言っても起きてすぐ入れるので 冷たい空気を吸いながら浸かれるのは 最高に気持ち良かったです！ しいて言えば、手洗い場の壁紙が剥がれていたり、 ルームランプを出そうとしたら埃をかぶっていたり、 敷布団の薄さ等少し気になる点はありました。 女性は柄物の浴衣と寝巻き用の甚兵衛と2着あり 2つとも着ました！ コーヒーメーカーでコーヒーを作って飲めたり 緑茶も茶葉から入れて飲めるので良かったです！ すぐ近くにセブンもあり便利でした！ 離れで完全にプライベート空間だったので ゆっくりできました！ 最後にゆで卵をくれたのは嬉しかったです♪ また、機会があれば利用させて頂きたいと思います！,"時期:2022年11月宿泊; プラン:【開業１周年記念】通常より3888円OFF！関あじ・伊勢海老・豊後牛がメインの会席プラン（夕食お部屋食）; 価格帯:26,001～27,000円(大人１名あたり/税込); 部屋:4; 風呂:5; 料理(朝食):5; 料理(夕食):5; 接客・サービス:5 | プラン 【開業１周年記念】通常より3888円OFF！関あじ・伊勢海老・豊後牛がメインの会席プラン（夕食お部屋食） 和室 朝・夕 朝/個室利用 夕/部屋出し",https://www.jalan.net/yad322964/kuchikomi/archive/,1,food,raw/jalan/archive_page_12.html,cp932,mixed,body_positive_and_negative,high,body_sentiment_inference_needed
OTA full review,Jalan,jalan_5e340fd90139e664,なみさんさん,2022/11/23,5,食事とお風呂が最高でした,友人と2人で利用させていただきました。 スタッフの方も親切で、お部屋.お風呂.お料理全て大満足。 ただ、宿と駐車場がどこか分かりにくい感じはありました。 それ以外は、全てよかったです。 また、利用したいなと思いながら、帰路につきました。,"時期:2022年11月宿泊; プラン:【開業１周年記念】通常より8888円OFF！関あじ・伊勢海老・豊後牛がメインの会席プラン（朝夕お部屋食）; 価格帯:30,001円以上(大人１名あたり/税込); 部屋:4; 風呂:4; 料理(朝食):5; 料理(夕食):5; 接客・サービス:5 | プラン 【開業１周年記念】通常より8888円OFF！関あじ・伊勢海老・豊後牛がメインの会席プラン（朝夕お部屋食） 和洋室 朝・夕 朝/部屋出し 夕/部屋出し",https://www.jalan.net/yad322964/kuchikomi/archive/,1,food;access,raw/jalan/archive_page_12.html,cp932,mixed,body_positive_and_negative,high,body_sentiment_inference_needed
OTA full review,Jalan,jalan_8e6bbe1b178736f5,マッキーさん,2022/11/19,5,結婚27周年記念旅行,結婚してから初めての夫婦２人だけの旅行でしたが、宿の人も親切で部屋も落ち着いた感じでゆっくりと過ごせました。 料理も美味しく特に関アジの刺身がとても美味しかったです。 また利用したいです。,"時期:2022年11月宿泊; プラン:【開業１周年記念】通常より8888円OFF！関あじ・伊勢海老・豊後牛がメインの会席プラン（朝夕お部屋食）; 価格帯:30,001円以上(大人１名あたり/税込); 部屋:5; 風呂:4; 料理(朝食):5; 料理(夕食):5; 接客・サービス:5 | プラン 【開業１周年記念】通常より8888円OFF！関あじ・伊勢海老・豊後牛がメインの会席プラン（朝夕お部屋食） 和室 朝・夕 朝/部屋出し 夕/部屋出し",https://www.jalan.net/yad322964/kuchikomi/archive/,1,food,raw/jalan/archive_page_12.html,cp932,positive,body_positive,high,body_sentiment_inference_needed
OTA full review,Jalan,jalan_40205dc524c0b39e,みかんさん,2022/11/17,3,友達旅で利用しました。,ホテルは民家のようでとてもこじんまりしています。 高級ホテルとはちょっと違うお友達の家に行った感じでした。 お部屋からは屋根が邪魔で折角な湯けむりが見えずらかったです。 お風呂もお部屋にはなくて家族風呂をお借りしましたが大人3人で入るにはぎゅうぎゅうでした。これだけを考えると1人2万とそれなりのお値段の旅館にしては残念でしたが、接客は良かったと思います。お料理は量が多めで美味しかったです。,"時期:2022年11月宿泊; プラン:【開業１周年記念】通常より3888円OFF！関あじ・伊勢海老・豊後牛がメインの会席プラン（夕食お部屋食）; 価格帯:23,001～24,000円(大人１名あたり/税込); 部屋:2; 風呂:2; 料理(朝食):3; 料理(夕食):5; 接客・サービス:5 | プラン 【開業１周年記念】通常より3888円OFF！関あじ・伊勢海老・豊後牛がメインの会席プラン（夕食お部屋食） 和室 朝・夕 朝/個室利用 夕/部屋出し",https://www.jalan.net/yad322964/kuchikomi/archive/,1,family_bath;food,raw/jalan/archive_page_12.html,cp932,mixed,body_positive_and_negative,high,body_sentiment_inference_needed
OTA full review,Jalan,jalan_cfcf615bec7008e3,しまうまさん,2022/11/17,4,部屋食でゆっくり,子ども連れでの旅行だったので、夕食がお部屋でゆっくり食べられて良かったです。前菜からお刺身、ステーキなど、とても美味しく頂きました。ただ子どもメニューはボリューム感はあったのですが、3歳児には味が濃いものばかりでした。,"時期:2022年11月宿泊; プラン:【開業１周年記念】通常より3888円OFF！関あじ・伊勢海老・豊後牛がメインの会席プラン（夕食お部屋食）; 価格帯:25,001～26,000円(大人１名あたり/税込); 部屋:3; 風呂:4; 料理(朝食):4; 料理(夕食):4; 接客・サービス:3 | プラン 【開業１周年記念】通常より3888円OFF！関あじ・伊勢海老・豊後牛がメインの会席プラン（夕食お部屋食） 和室 朝・夕 朝/個室利用 夕/部屋出し",https://www.jalan.net/yad322964/kuchikomi/archive/,1,food,raw/jalan/archive_page_12.html,cp932,positive,body_positive,high,body_sentiment_inference_needed
OTA full review,Jalan,jalan_2aa24374a101ec79,ターちゃんさん,2022/11/16,4,お部屋にある露天風呂が最高！,お湯のなめらかさ、疲れた身体に染み渡り、母親も足に痛みがあるのですが、次の日足が痛くなく起きる事が出来たと喜んでいました。お料理が食べきれなく残してしまいました。申し訳なかったです。ありがとうございました。,"時期:2022年11月宿泊; プラン:【開業１周年記念】通常より3888円OFF！関あじ・伊勢海老・豊後牛がメインの会席プラン（夕食お部屋食）; 価格帯:25,001～26,000円(大人１名あたり/税込); 部屋:4; 風呂:5; 料理(朝食):4; 料理(夕食):4; 接客・サービス:4 | プラン 【開業１周年記念】通常より3888円OFF！関あじ・伊勢海老・豊後牛がメインの会席プラン（夕食お部屋食） 和室 朝・夕 朝/個室利用 夕/部屋出し",https://www.jalan.net/yad322964/kuchikomi/archive/,1,food,raw/jalan/archive_page_12.html,cp932,mixed,body_positive_and_negative,high,body_sentiment_inference_needed
OTA full review,Jalan,jalan_5f01d785e5d2b59f,ようこちゃんさん,2022/11/15,5,結婚記念日のお祝いに泊まったお宿,今年で、結婚34年。主人が好きな 鉄輪温泉。部屋に露天風呂が付いている所というので、八葉さんに決めました。 離れのお部屋で、広い露天風呂付き。お料理も美味しそうで、決めました。 チェックイン後、貸切風呂に入り いつものように 湯上がりビールを飲んでいたら 『お部屋を間違えて通したので、移動を』との事。もう 使用しているし、ビールを飲みながら ゆっくりしていたので 移動はしたくないと伝えました。 夫婦二人で、十分な広さの部屋と露天風呂。 予約したお部屋は、和洋室の露天風呂付き。どんな部屋なのか 泊まってみたかったけど、移動するのも、宿の方たちが 消毒などされるのも 大変だろうから やめました。おかみさんが、何度も『すみません』と、謝られていて。恐縮しました。部屋の差額を引いてもらえました。 間違いは、誰にでもあるので。次回は、そちらの部屋に泊まってみたいです。 夕食は、部屋食。配膳係りの方 何度も運んで頂き 有り難く とても美味しく頂きました。関アジ&伊勢海老のお造り、黒毛和牛のステーキ等、お腹いっぱいでした。朝食は、食事処で だんご汁やアジの開きを。 お土産に、温泉卵まで 頂き、心使いが嬉しかったです。 また、記念日やご褒美旅行で泊まりたいと思います。,"時期:2022年11月宿泊; プラン:【開業１周年記念】通常より8888円OFF！関あじ・伊勢海老・豊後牛がメインの会席プラン（朝夕お部屋食）; 価格帯:30,001円以上(大人１名あたり/税込); 部屋:5; 風呂:5; 料理(朝食):5; 料理(夕食):5; 接客・サービス:5 | プラン 【開業１周年記念】通常より8888円OFF！関あじ・伊勢海老・豊後牛がメインの会席プラン（朝夕お部屋食） 和洋室 朝・夕 朝/部屋出し 夕/部屋出し",https://www.jalan.net/yad322964/kuchikomi/archive/,1,room_open_air_bath;private_bath;food;access,raw/jalan/archive_page_12.html,cp932,positive,body_positive,high,body_sentiment_inference_needed
OTA full review,Jalan,jalan_177b88179e269b67,かずちゃん66さん,2022/11/3,4,関アジと部屋付露天風呂の和モダンな宿,マイカーをやめ、鉄道とバス旅行の熟年夫婦旅行でしたが、鉄輪バスセンターに近く便利でした。歩いて地獄めぐりするにも最適の立地。お部屋は独立コテージ型、新しくモダンで清潔です。お風呂は内湯も露天風呂も部屋付、温泉の湯温が高いので湯加減調整にはちょっと手こずりました。食事も部屋食、別府湾を眺めながら関アジをたっぷり楽しみました。プライバシー重視の方や、小さいお子さんのいる方にもとても良いと思います。,"時期:2022年10月宿泊; プラン:【開業１周年記念】通常より8888円OFF！関あじ・伊勢海老・豊後牛がメインの会席プラン（朝夕お部屋食）; 価格帯:29,001～30,000円(大人１名あたり/税込); 部屋:4; 風呂:4; 料理(朝食):4; 料理(夕食):5; 接客・サービス:4 | プラン 【開業１周年記念】通常より8888円OFF！関あじ・伊勢海老・豊後牛がメインの会席プラン（朝夕お部屋食） 和洋室 朝・夕 朝/部屋出し 夕/部屋出し",https://www.jalan.net/yad322964/kuchikomi/archive/,1,room_bath;small_bath_or_room;food;access,raw/jalan/archive_page_12.html,cp932,positive,body_positive,high,body_sentiment_inference_needed
OTA full review,Jalan,jalan_4999a9f8120630d3,yさん,2022/10/26,4,お気遣いが嬉しかった,全国旅行支援を利用して、2年ぶりに家族で温泉旅行に行きたいと思い小さい子ども連れで宿泊させていただきました。夕食がお部屋食、露天風呂付きということで選びましたが、チェックインやチェックアウト以外で他の宿泊の方と会うこともなく、チェックイン時家族連れが多そうな印象でしたが、とても静かでゆっくり過ごせました。 貸切風呂も朝利用しました。 露天風呂と内風呂とあり４人で充分な広さがありました。 朝食は本来食事処の予定でしたが、10ヶ月のこどもと上の子がいたので、お気遣いで急遽お部屋食にしてくださり、おかげさまでゆっくり味わうことができ、最高でした。特にあじの開きがとっても美味しくて、同価格帯の今まで泊まった宿の中では1番美味しかったです。夕食は食べきれないほど沢山ご用意していただきました。ごちそうさまでした。 お世話になりました。,"時期:2022年10月宿泊; プラン:【開業１周年記念】通常より3888円OFF！関あじ・伊勢海老・豊後牛がメインの会席プラン（夕食お部屋食）; 価格帯:29,001～30,000円(大人１名あたり/税込); 部屋:4; 風呂:4; 料理(朝食):5; 料理(夕食):4; 接客・サービス:5 | プラン 【開業１周年記念】通常より3888円OFF！関あじ・伊勢海老・豊後牛がメインの会席プラン（夕食お部屋食） 和室 朝・夕 朝/個室利用 夕/部屋出し",https://www.jalan.net/yad322964/kuchikomi/archive/,1,room_open_air_bath;private_bath;small_bath_or_room;food,raw/jalan/archive_page_12.html,cp932,positive,body_positive,high,body_sentiment_inference_needed
OTA full review,Jalan,jalan_0f05942b0e9d0293,かなさん,2022/10/21,5,素敵な思い出の1ページになりました,新婚旅行で訪れました お部屋食・部屋に露天風呂付きのお宿という、まさにあったらいいながすべて揃った素敵なお宿でした！ お部屋風呂からの景色も最高で、夜は満天の星空・明け方は朝日が登る景色を温泉に入りながら眺めておりました。 お食事もお部屋食なので、周りの目を気にする事なくゆっくり頂く事ができます プリプリした食感のお刺身や、口に入れた瞬間溶けるようだった豊後牛・初めて食べた伊勢海老。夫婦揃ってお酒を嗜みながら、白ごはんのおかわりを沢山してしまいました 何といってもご主人・スタッフの方がとっても温かく、私達に少しでも良い思いをさせてあげようとしてくれる気持ちが沢山伝わってきました。 チェックアウトした時はホームシックな気持ちになり、素敵なお宿だったと思い出に耽っている所です。 大分に訪れた時は必ずまた行かせてください 素敵な思い出をありがとうございました！,"時期:2022年10月宿泊; プラン:【開業１周年記念】通常より8888円OFF！関あじ・伊勢海老・豊後牛がメインの会席プラン（朝夕お部屋食）; 価格帯:29,001～30,000円(大人１名あたり/税込); 部屋:5; 風呂:5; 料理(朝食):5; 料理(夕食):5; 接客・サービス:5 | プラン 【開業１周年記念】通常より8888円OFF！関あじ・伊勢海老・豊後牛がメインの会席プラン（朝夕お部屋食） 和洋室 朝・夕 朝/部屋出し 夕/部屋出し",https://www.jalan.net/yad322964/kuchikomi/archive/,1,room_open_air_bath;room_bath;food,raw/jalan/archive_page_12.html,cp932,positive,body_positive,high,body_sentiment_inference_needed
OTA full review,Jalan,jalan_61da113e91e74d84,にいちゃんさん,2022/10/16,4,癒やし旅,コロナ禍なので、離れ露天風呂付き部屋食の宿を選びました。部屋からの景色は湯けむり上がる鉄輪の温泉街が一望でき、別府湾まで見渡せ最高の眺めでした。 夕食は、部屋に食事部屋が用意されていて食事の準備も気にならずに過ごすことができました。 食材を生かした料理に舌鼓です。 関アジ、伊勢海老のお刺身から豊後牛蒸し、ステ－キと豪華でとても満足しました。朝食も品数多く美味しく頂きました。オ-プンしてまだ一年余りとのこと、女将さんやスタッフの方の一生懸命が伝わるお宿でした。 お料理、接客がこれからも進化していくことを楽しみにしています。,"時期:2022年9月宿泊; プラン:【開業１周年記念】通常より8888円OFF！関あじ・伊勢海老・豊後牛がメインの会席プラン（朝夕お部屋食）; 価格帯:29,001～30,000円(大人１名あたり/税込); 部屋:4; 風呂:4; 料理(朝食):5; 料理(夕食):4; 接客・サービス:5 | プラン 【開業１周年記念】通常より8888円OFF！関あじ・伊勢海老・豊後牛がメインの会席プラン（朝夕お部屋食） 和室 朝・夕 朝/部屋出し 夕/部屋出し",https://www.jalan.net/yad322964/kuchikomi/archive/,1,room_open_air_bath;food;access,raw/jalan/archive_page_12.html,cp932,positive,body_positive,high,body_sentiment_inference_needed
OTA full review,Jalan,jalan_199b26a03fab0703,かよちゃんさん,2022/10/10,4,おもてなしの心が伝わりました,皆さんのお人柄がとても良かったです。 駐車場は分かりにくいので、事前に電話で確認した方が良いです。 お部屋は清潔にしてあり、チェックイン後のところてんとお茶のサービスが嬉しかったです。4歳のこどもを連れていたので、こども向けにも何かあれば良かったなと思いました。 気になった点は、洋服をかけられるハンガーが一つもなくて困ったことと、洗面台に椅子がなかったこと、座椅子は見た目は良いのですが 座り心地が悪かったことです。高齢の母だけでなく私も気になりました。 気になる点があっても、接客の素晴らしさ、お料理のおいしさ、量、盛り付けの良さがあったので、こちらのお宿にして良かったなと思えました。 夕食後のバースデーケーキを頼んでいたのですが、食後になかなか来なかったので、誕生日の主人にバレないように下に降りて聞きに行くと、すぐにお持ちしますと言ってくださったのですが、部屋に戻った時にケーキを聞きに行ったと子どもが言ってしまい、サプライズじゃなくなりました(笑)ケーキの事がスタッフさん達に伝わっていなかったようで、すみませんと言われましたが、これも皆さんのお人柄を考えると気にならなかったです。 朝食の時に、履物はどうするのですかと尋ねたら、脱いで下さいと言われて脱いで上がりました。でも、すでに食事をされていた二家族は靴を履いたままでした。案内される方がいなかった等で勘違いをされたのでしょうか…？靴を履いたままの家族の方には、分かりにくくてすみませんと食後に言われていましたが、私達家族には1言もありませんでした。靴を履いて通った方達と同じ所を私達家族は食後もまた裸足や靴下で歩かないといけなかったので、部屋に戻ってから足の裏を拭いたりしましたが、靴下や靴の中が不潔になってしまい、朝から嫌な気持ちになりました。 気になる点はありましたが、4歳の娘に皆さん優しく接して下さり、楽しい旅行になりました。,"時期:2022年10月宿泊; プラン:【開業１周年記念】通常より3888円OFF！関あじ・伊勢海老・豊後牛がメインの会席プラン（夕食お部屋食）; 価格帯:26,001～27,000円(大人１名あたり/税込); 部屋:3; 風呂:3; 料理(朝食):5; 料理(夕食):5; 接客・サービス:4 | プラン 【開業１周年記念】通常より3888円OFF！関あじ・伊勢海老・豊後牛がメインの会席プラン（夕食お部屋食） 和室 朝・夕 朝/個室利用 夕/部屋出し",https://www.jalan.net/yad322964/kuchikomi/archive/,1,food;access,raw/jalan/archive_page_12.html,cp932,mixed,body_positive_and_negative,high,body_sentiment_inference_needed
OTA full review,Jalan,jalan_461329fa089de47b,よしぴさん,2022/10/10,5,別府湾の眺めがいい,今回初めて宿泊しました！しかも９時間かけて。明日は彼とお付き合いして４年目の記念日でしたのでいつもな山手の多い温泉ばかりでしたが、今回は海の眺めのいいオープンして1周年のこちらのお宿に宿泊させていただきました。今まであちこちな温泉地宿泊しましたが、お部屋は和モダンなテイストで内湯も露天風呂も最高でした♪ 一番驚いたのが一見、平家と思いきや玄関入ると上に階段が。そこはお部屋でゆっくりくつろげるお食事できる個室の畳のお部屋が。さらに驚いたのが2階の窓から別府湾を眺めながら綺麗な夜景を見ながら時間や周りを気にせずゆっくりと夕食を食べれたことです。今までどんなに高い金額でもお部屋で食事は出来なかったので感激しました！彼がハイボールのお酒が美味しいとおかみさんに聞いておりました。１階に降りるとさらにくつろげるお部屋も。冷蔵庫とクローゼットも別の小部屋に設置され音も気にならず感動しました。小さなお宿でしたが、優しく温かいおもてなしをしてくださった女将さんやスタッフのみなさん、本当にお世話になりました。４周年にふさわしい記念日となりました。ありがとうございました。 また大分に遊びに行く機会があれば是非宿泊したいです。,"時期:2022年10月宿泊; プラン:【開業１周年記念】通常より8888円OFF！関あじ・伊勢海老・豊後牛がメインの会席プラン（朝夕お部屋食）; 価格帯:30,001円以上(大人１名あたり/税込); 部屋:5; 風呂:5; 料理(朝食):5; 料理(夕食):5; 接客・サービス:5 | プラン 【開業１周年記念】通常より8888円OFF！関あじ・伊勢海老・豊後牛がメインの会席プラン（朝夕お部屋食） 和洋室 朝・夕 朝/部屋出し 夕/部屋出し",https://www.jalan.net/yad322964/kuchikomi/archive/,1,room_bath;small_bath_or_room;food,raw/jalan/archive_page_12.html,cp932,positive,body_positive,high,body_sentiment_inference_needed
OTA full review,Jalan,jalan_ee1b90d93c762a12,ダーシャさん,2022/9/27,4,眺めが良かった,二階の部屋からの眺めをみながら美味しく料理を食べられました。私には、とても良かったんですが、階段での移動は、高齢の母に少しきつかったようです。移動がないと思い部屋食のプランを選んだので。予約サイトの部屋の説明に階段がある記述をいれてくれたらと思いました。料理や、お酒、満足できました。外の露天風呂は、ちょっとまる見えのようで入れませんでしたが、内風呂で充分でした。部屋も新しく、ゆっくりできました。またお願いします。,"時期:2022年9月宿泊; プラン:【開業１周年記念】通常より8888円OFF！関あじ・伊勢海老・豊後牛がメインの会席プラン（朝夕お部屋食）; 価格帯:29,001～30,000円(大人１名あたり/税込); 部屋:3; 風呂:4; 料理(朝食):4; 料理(夕食):5; 接客・サービス:5 | プラン 【開業１周年記念】通常より8888円OFF！関あじ・伊勢海老・豊後牛がメインの会席プラン（朝夕お部屋食） 和室 朝・夕 朝/部屋出し 夕/部屋出し",https://www.jalan.net/yad322964/kuchikomi/archive/,1,food,raw/jalan/archive_page_12.html,cp932,positive,body_positive,high,body_sentiment_inference_needed
OTA full review,Jalan,jalan_929dbd1df41a6ad8,つっちーさん,2022/9/26,5,料理も美味しくお風呂も最高です,県民割を使用して開業1周年記念で通常よりも安く泊まれました。 露天風呂付きのお部屋で綺麗です。 露天風呂も気持ちよかったです。 しかも、お風呂のシャワーも化粧が落ちるミストのいいシャワーで感動しました！ 欲を言えば眺めも良いのですが、可能でしたら塀がもう少し高くあれば安心できるかなと笑 料理もとても美味しく、スタッフの皆様のおもてなしもよかったです。 コロナ禍でもあるので人とあまり関わらない様にしたかったのでお部屋食もよかったです。 とても満足です！ ありがとうございました！,"時期:2022年9月宿泊; プラン:【開業１周年記念】通常より8888円OFF！関あじ・伊勢海老・豊後牛がメインの会席プラン（朝夕お部屋食）; 価格帯:30,001円以上(大人１名あたり/税込); 部屋:5; 風呂:4; 料理(朝食):5; 料理(夕食):5; 接客・サービス:5 | プラン 【開業１周年記念】通常より8888円OFF！関あじ・伊勢海老・豊後牛がメインの会席プラン（朝夕お部屋食） 和洋室 朝・夕 朝/部屋出し 夕/部屋出し",https://www.jalan.net/yad322964/kuchikomi/archive/,1,room_open_air_bath;food,raw/jalan/archive_page_12.html,cp932,positive,body_positive,high,body_sentiment_inference_needed
OTA full review,Jalan,jalan_353eec01ed4dadb0,ニモさん,2022/9/21,5,ご飯が美味しい,2度目の利用です。今回もご飯がとても美味しかったです。特にお刺身が最高でした。親子で温泉とご飯に癒さました。お世話になりました。,"時期:2022年9月宿泊; プラン:【開業１周年記念】通常より3888円OFF！関あじ・伊勢海老・豊後牛がメインの会席プラン（夕食お部屋食）; 価格帯:23,001～24,000円(大人１名あたり/税込); 部屋:5; 風呂:5; 料理(朝食):5; 料理(夕食):5; 接客・サービス:5 | プラン 【開業１周年記念】通常より3888円OFF！関あじ・伊勢海老・豊後牛がメインの会席プラン（夕食お部屋食） 和室 朝・夕 朝/個室利用 夕/部屋出し",https://www.jalan.net/yad322964/kuchikomi/archive/,1,food,raw/jalan/archive_page_12.html,cp932,positive,body_positive,high,body_sentiment_inference_needed
OTA full review,Jalan,jalan_45d802c864e79f32,カズちゃんさん,2022/9/19,5,プライベート感満点,離れで朝夕部屋食で宿泊しました。女将さん若女将さんと貸切風呂の鍵を借りた従業員さんの３人しか会うことはなくプライベート感を満喫しました。部屋には内湯と露天風呂に入浴、そして貸切風呂まで入浴出来、何度も入浴して日頃の疲れが癒やされました。食事は部屋食ですが別部屋で料理のにおいが寝室には流れてこず快適に過ごせました。もちろん、関アジ、伊勢海老、豊後牛など料理の美味しさは申し分なく、豊後牛は蒸しとステーキを適量で出して頂き、メニュートータルでちょうど良い量でした。部屋の露天風呂の垣根は別府湾側のみ眺望のため低く設定（隣の部屋とは高く）されていて、夜の湯けむりの先に揺れる工業地帯の灯りが、別府温泉に来たなあと感じさせてくれました。妻は湯あみ着で入浴したので垣根の低さは気にならず寛いでいました。いちばんは、部屋が新しく快適。そして女将さんからの話しをしてくださり人生の参考となりました。ありがとうございました。,"時期:2022年9月宿泊; プラン:【開業１周年記念】通常より8888円OFF！関あじ・伊勢海老・豊後牛がメインの会席プラン（朝夕お部屋食）; 価格帯:29,001～30,000円(大人１名あたり/税込); 部屋:5; 風呂:5; 料理(朝食):5; 料理(夕食):5; 接客・サービス:5 | プラン 【開業１周年記念】通常より8888円OFF！関あじ・伊勢海老・豊後牛がメインの会席プラン（朝夕お部屋食） 和洋室 朝・夕 朝/部屋出し 夕/部屋出し",https://www.jalan.net/yad322964/kuchikomi/archive/,1,room_open_air_bath;room_bath;private_bath;food,raw/jalan/archive_page_12.html,cp932,positive,body_positive,high,body_sentiment_inference_needed
OTA full review,Jalan,jalan_cbb3d30899ca8b86,みさっちさん,2022/9/14,5,大満足です,2人の年齢足して137歳。このコロナ禍それでも旅行に行きたくて、今回 お部屋に露天風呂付き、朝食、夕食とも部屋出しの八葉さんを選びました。近くまで行っても場所がわからず電話で尋ねたのですが 若女将が外まで出てきてくれて丁寧に案内してくれました。 お部屋では、私が膝が悪いのを見て頼んでもいないのに 高い椅子を持ってきてくれました。若女将のさりげない気配りに感謝でした。 貸切湯も無料で入れたし、部屋のお風呂は内風呂と外風呂、２つもあって一泊で６回入りました。 今までの旅行で一番多く入りました。もちろんお湯も最高だし、景観も素晴らしかったです。別府の街と海が見えました。中秋の名月から２日経ってましたが部屋のベッドからとっても綺麗なお月様が見えました。 夕食は食べきれるか不安になるほど 美味しいものが並びました。特に関あじや豊後牛の蒸ししゃぶやステーキは最高でした。もちろん朝食も大変美味しかったです。 機会かあればまた伺いたいと思います。 本当にありがとうございました。,"時期:2022年9月宿泊; プラン:【開業１周年記念】通常より8888円OFF！関あじ・伊勢海老・豊後牛がメインの会席プラン（朝夕お部屋食）; 価格帯:29,001～30,000円(大人１名あたり/税込); 部屋:4; 風呂:5; 料理(朝食):5; 料理(夕食):5; 接客・サービス:5 | プラン 【開業１周年記念】通常より8888円OFF！関あじ・伊勢海老・豊後牛がメインの会席プラン（朝夕お部屋食） 和洋室 朝・夕 朝/部屋出し 夕/部屋出し",https://www.jalan.net/yad322964/kuchikomi/archive/,1,room_open_air_bath;room_bath;private_bath;food,raw/jalan/archive_page_12.html,cp932,mixed,body_positive_and_negative,high,body_sentiment_inference_needed
OTA full review,Jalan,jalan_0af70cc22850119e,ももこさん,2022/9/11,5,☆心温まる素晴らしい宿です(^^)☆,県民割を使用し、こちらの宿を予約させていただきました。 実際に行くととても感じの良い、スタッフの方が迎えてくださりまして こちらも自然と気持ちが明るくなりました。 とっても心温かなスタッフの方ばかりでした。 お部屋もとても清潔感があり、ゆったり快適に過ごすことができました！ お風呂は熱いのが好みの方、おススメです(^^) シャワーを使用して温度調節をさせていただきました。 (尋ねずに勝手にしてしまいました、、すみません。汗汗) お料理はもう大満足で夕ご飯も朝ごはんもどれも美味しすぎました！！ 豪華すぎです！！！ 子どもたち(5歳、2歳)が大騒ぎしてすみませんでした。 嫌な顔ひとつせず優しく接していただき本当にありがとうございました。 いい意味で、のびのびと楽しそうに過ごしていました。 また大分へ来たときにはこちらの宿にしたいです！ 夫婦でもゆっくり来れる機会があれば お風呂付きの部屋にも泊まりたくなりました。 コロナで久しぶりの旅行でした。 語彙力が足りなく申し訳ないのですが本当に素晴らしい宿です。 心に残る素敵な思い出をありがとうございました。,"時期:2022年9月宿泊; プラン:【スタンダード】関あじ・伊勢海老・豊後牛！旬の食材を使用した割烹会席プラン(１泊２食付／夕食お部屋食); 価格帯:30,001円以上(大人１名あたり/税込); 部屋:5; 風呂:4; 料理(朝食):5; 料理(夕食):5; 接客・サービス:5 | プラン 【スタンダード】関あじ・伊勢海老・豊後牛！旬の食材を使用した割烹会席プラン(１泊２食付／夕食お部屋食) 和室 朝・夕 朝/個室利用 夕/部屋出し",https://www.jalan.net/yad322964/kuchikomi/archive/,1,temperature_hot;food,raw/jalan/archive_page_12.html,cp932,mixed,body_positive_and_negative,high,body_sentiment_inference_needed
OTA full review,Jalan,jalan_c9d2ff208dcfbeb1,いくりんさん,2022/9/8,5,気配り最高,今回、80代の両親を連れての家族旅行で利用しました。福岡の家族と待ち合わせて夕食を一緒に頂きました。こちらの要望に快く応えていただき楽しいひと時が過ごせました。ありがとうございました。部屋も清潔で隣の音などもせずゆったりと過ごせました。備品なども故障していることを伝えたらすぐに取り換えてくださいました。食事は夕食も朝食も最高でした。特に朝食の牛肉の時雨煮は絶品！板長さんの手作りなので持ち帰りが出来なくて残念でした。両親も、朝から食欲旺盛でした。また、いつか訪れたいです。,"時期:2022年8月宿泊; プラン:【開業１周年記念】通常より3888円OFF！関あじ・伊勢海老・豊後牛がメインの会席プラン（夕食お部屋食）; 価格帯:25,001～26,000円(大人１名あたり/税込); 部屋:5; 風呂:4; 料理(朝食):5; 料理(夕食):5; 接客・サービス:5 | プラン 【開業１周年記念】通常より3888円OFF！関あじ・伊勢海老・豊後牛がメインの会席プラン（夕食お部屋食） 和室 朝・夕 朝/個室利用 夕/部屋出し",https://www.jalan.net/yad322964/kuchikomi/archive/,1,noise;food,raw/jalan/archive_page_12.html,cp932,mixed,body_positive_and_negative,high,body_sentiment_inference_needed
OTA full review,Jalan,jalan_a2e70ed77e79715a,しーさん,2022/8/29,2,残念でした,お風呂が狭すぎました。シャワーも霧のようなシャワーで 洗った感じがしなく、お風呂に入るのを難しく感じました。お風呂メインに行ったのに残念でした,"時期:2022年8月宿泊; プラン:【開業１周年記念】通常より8888円OFF！関あじ・伊勢海老・豊後牛がメインの会席プラン（朝夕お部屋食）; 価格帯:30,001円以上(大人１名あたり/税込); 部屋:3; 風呂:2; 料理(朝食):3; 料理(夕食):3; 接客・サービス:3 | プラン 【開業１周年記念】通常より8888円OFF！関あじ・伊勢海老・豊後牛がメインの会席プラン（朝夕お部屋食） 和室 朝・夕 朝/部屋出し 夕/部屋出し",https://www.jalan.net/yad322964/kuchikomi/archive/,1,small_bath_or_room;food,raw/jalan/archive_page_12.html,cp932,negative,low_rating_negative_body,high,body_sentiment_inference_needed
OTA full review,Jalan,jalan_b833ec036fbfdb36,montanさん,2022/8/28,5,女将さんこだわりの宿,別館に宿泊しました。部屋、温泉、料理とも大満足です。特に新しいこともあり、部屋は清潔感があります。貸切風呂もありますが、部屋についている露天風呂の方が大きく、別館や離れ宿泊者には貸切風呂を利用する必要はありません。料理も美味しく、夕食の刺身と豊後牛は絶品です。特に刺身と朝食時の干物は女将さんのこだわりの逸品です。部屋の造りも女将さんのこだわりが随所に感じられます。特に不満な点はありませんが、敢えて改善点をあげるとすると、駐車場が別の旅館の駐車場となっているのでわかりにくいです。別府でゆっくりするならお勧めの宿です。,"時期:2022年8月宿泊; プラン:【開業１周年記念】通常より3888円OFF！関あじ・伊勢海老・豊後牛がメインの会席プラン（夕食お部屋食）; 価格帯:25,001～26,000円(大人１名あたり/税込); 部屋:5; 風呂:5; 料理(朝食):5; 料理(夕食):5; 接客・サービス:5 | プラン 【開業１周年記念】通常より3888円OFF！関あじ・伊勢海老・豊後牛がメインの会席プラン（夕食お部屋食） 和室 朝・夕 朝/個室利用 夕/部屋出し",https://www.jalan.net/yad322964/kuchikomi/archive/,1,private_bath;food;access,raw/jalan/archive_page_12.html,cp932,mixed,body_positive_and_negative,high,body_sentiment_inference_needed
OTA full review,Jalan,jalan_aa91f4fd4fe97768,ゆずさん,2022/8/27,5,とにかくご飯が美味しい！,小さい子どもを2人連れての利用でした。 夕食がお部屋食で子どもが居ても周りを気にせず食事ができました。食事中に下の子が泣いてしまった時は私達の代わりに抱っこしてくださって本当にありがたかったです。 夕食も朝食もどちらも大変美味しくて、量が多くて全部食べきれなかったのが残念でした。特にお刺身が最高でした。 できて1年ほどの旅館という事で館内はとても綺麗でした。 また絶対泊まりに行きたいです。,"時期:2022年8月宿泊; プラン:【開業１周年記念】通常より3888円OFF！関あじ・伊勢海老・豊後牛がメインの会席プラン（夕食お部屋食）; 価格帯:23,001～24,000円(大人１名あたり/税込); 部屋:5; 風呂:4; 料理(朝食):5; 料理(夕食):5; 接客・サービス:5 | プラン 【開業１周年記念】通常より3888円OFF！関あじ・伊勢海老・豊後牛がメインの会席プラン（夕食お部屋食） 和室 朝・夕 朝/個室利用 夕/部屋出し",https://www.jalan.net/yad322964/kuchikomi/archive/,1,small_bath_or_room;food,raw/jalan/archive_page_12.html,cp932,mixed,body_positive_and_negative,high,body_sentiment_inference_needed
OTA full review,Jalan,jalan_f7b30144d3ab19ca,ちぃちゃんさん,2022/8/11,4,料理が美味しい！,３歳児を連れての家族旅行でした。 部屋に入り、しばらくすると、冷たいお茶と自家製のところてんが出てきました。暑い中、観光した後だったので、とても嬉しく、癒されました。 子連れだったので、部屋食は助かりました。お料理は、どれも美味しく、従業員の方に聞いても毎回丁寧に説明してくださり、旅館全体でこだわりをもって営業されてるんだろうなと感じました。子どものハンバーグが美味し過ぎて、そちらにもびっくりしました。 部屋も清潔感があり、良かったです。畳の柄が可愛かったことと、豆から挽くコーヒーメーカーがあったのもテンションが上がりました。それと、子ども用の浴衣も可愛かったです。上下別れたタイプというのも良かったです。ただ、ネット予約の際に、3歳と情報を入れていたので、事前に部屋に浴衣が置いてあると良かったと思います。でも、たずねたら、すぐに用意をしてくれました！ 改善されるともっと良いだろうなと感じた事は、チェックアウトの時に手土産として渡すゆで卵です。朝食で既にお腹いっぱいなのと、観光をするため車に置いとくわけにもいかないので、渡すタイミングを変えるか、別な物にかえるといいのかなと思いましま。また、手洗い場の壁紙が剥がれかけていたのが気になりました。 気になった点はありましたが、家族みんなで楽しく過ごすことができました。また利用したいです。 ありがとうございました^_^,"時期:2022年8月宿泊; プラン:【開業１周年記念】通常より3888円OFF！関あじ・伊勢海老・豊後牛がメインの会席プラン（夕食お部屋食）; 価格帯:25,001～26,000円(大人１名あたり/税込); 部屋:3; 風呂:4; 料理(朝食):5; 料理(夕食):5; 接客・サービス:4 | プラン 【開業１周年記念】通常より3888円OFF！関あじ・伊勢海老・豊後牛がメインの会席プラン（夕食お部屋食） 和室 朝・夕 朝/個室利用 夕/部屋出し",https://www.jalan.net/yad322964/kuchikomi/archive/,1,food,raw/jalan/archive_page_12.html,cp932,mixed,body_positive_and_negative,high,body_sentiment_inference_needed
OTA full review,Jalan,jalan_80912cf75059fe27,みかさん,2022/8/11,4,アットホームな雰囲気,お宿の方々の対応がすごく好印象でした。 お部屋に露天風呂付き、そして部屋食（夕食）、とても満足できました。温泉にも癒やされました。 お宿の場所はナビに出てきたので分かりましたが、建物や駐車場は分かりにくかったです。 宿泊したお部屋は離れではありましたが、となりの部屋の足音が少し気になりました。施設自体は新しく清潔感がありますが、サイトの写真の撮り方がお上手なのか、思っていたより少し狭く感じました。 帰りにお土産に頂いた地獄蒸しの卵、とっても美味しかったです(^^) 小さな子連れでの宿泊は色々と気を使うところではありますが、お宿の方々の雰囲気がとても温かく、素敵な時間を過ごせました。 ありがとうございました。,"時期:2022年8月宿泊; プラン:【開業１周年記念】通常より3888円OFF！関あじ・伊勢海老・豊後牛がメインの会席プラン（夕食お部屋食）; 価格帯:24,001～25,000円(大人１名あたり/税込); 部屋:4; 風呂:5; 料理(朝食):4; 料理(夕食):5; 接客・サービス:5 | プラン 【開業１周年記念】通常より3888円OFF！関あじ・伊勢海老・豊後牛がメインの会席プラン（夕食お部屋食） 和室 朝・夕 朝/個室利用 夕/部屋出し",https://www.jalan.net/yad322964/kuchikomi/archive/,1,room_open_air_bath;small_bath_or_room;food;access,raw/jalan/archive_page_12.html,cp932,mixed,body_positive_and_negative,high,body_sentiment_inference_needed
OTA full review,Jalan,jalan_c7211e8a88cee28d,kazuoさん,2022/8/6,3,家族で利用しました,子供3人いて騒がしかったと思いますが、スタッフさんはとても感じが良い対応をして頂けました。ありがとうございます。 夕食のお刺身がとても美味しかったです。 近くの子連れおすすめスポットも教えてもらい楽しめました。,"時期:2022年6月宿泊; プラン:【スタンダード】関アジ・伊勢エビ・豊後牛！旬の食材を使用した割烹会席プラン(一泊二食付／夕食お部屋食); 価格帯:29,001～30,000円(大人１名あたり/税込); 部屋:3; 風呂:3; 料理(朝食):3; 料理(夕食):4; 接客・サービス:4 | プラン 【スタンダード】関アジ・伊勢エビ・豊後牛！旬の食材を使用した割烹会席プラン(一泊二食付／夕食お部屋食) 和室 朝・夕 朝/個室利用 夕/部屋出し",https://www.jalan.net/yad322964/kuchikomi/archive/,1,food,raw/jalan/archive_page_12.html,cp932,mixed,body_positive_and_negative,high,body_sentiment_inference_needed
OTA full review,Jalan,jalan_59169a8e83488b37,礼ちゃんさん,2022/7/18,4,料理が最高,コロナも下火になり、久しぶりに温泉旅行に行きました。 最初に驚いたのは、部屋の中に専用の食事専用スペースがあることでした。夕食は旬の地物食材を使用したもので、女将さんに話しを聞いてみると、産地に直接出向いて買い入れするなどこだわりを感じました。また、朝も新鮮な焼魚などを美味しくいただきのんびり食事ができました。 少し残念だったのが、部屋に備えてある露天風呂が温度設定の関係で使えなかったことや屋根が無く雨天で使えなかったことです。 ただし、女将さんとの話の中で、今後のプランなどを聞いていると応援したくなりました。また伺いたいと思いました。,"時期:2022年7月宿泊; プラン:【開業１周年記念】通常より8888円OFF！関あじ・伊勢海老・豊後牛がメインの会席プラン（朝夕お部屋食）; 価格帯:29,001～30,000円(大人１名あたり/税込); 部屋:5; 風呂:4; 料理(朝食):5; 料理(夕食):5; 接客・サービス:4 | プラン 【開業１周年記念】通常より8888円OFF！関あじ・伊勢海老・豊後牛がメインの会席プラン（朝夕お部屋食） 和洋室 朝・夕 朝/部屋出し 夕/部屋出し",https://www.jalan.net/yad322964/kuchikomi/archive/,1,food,raw/jalan/archive_page_12.html,cp932,mixed,body_positive_and_negative,high,body_sentiment_inference_needed
OTA full review,Jalan,jalan_a68ee768bf17a641,クラスさん,2022/7/4,4,最高の思い出に,ゆっくり温泉をと、内湯付き離れがある八葉さんを選択しました。いつでも自由に入れ、また貸切風呂もあり良かったです。 また、食事も豪華で、連泊の中メニューも変えていただきたいへん満足でした。 内湯の照明が暗く湯船がやや狭い点と、洗面台が小さく使いにくかった点はありましたが、夫婦でゆっくり過ごすことができ、とても良い思い出になりました。 ありがとうございました。,"時期:2022年6月宿泊; プラン:【じゃらん初夏SALE】関アジ・伊勢エビ・豊後牛の割烹会席プラン(一泊二食付／朝夕お部屋食）; 価格帯:30,001円以上(大人１名あたり/税込); 部屋:5; 風呂:4; 料理(朝食):5; 料理(夕食):5; 接客・サービス:5 | プラン 【じゃらん初夏SALE】関アジ・伊勢エビ・豊後牛の割烹会席プラン(一泊二食付／朝夕お部屋食） 和洋室 朝・夕 朝/部屋出し 夕/部屋出し",https://www.jalan.net/yad322964/kuchikomi/archive/,1,room_bath;private_bath;small_bath_or_room;food,raw/jalan/archive_page_13.html,cp932,mixed,body_positive_and_negative,high,body_sentiment_inference_needed
OTA full review,Jalan,jalan_d075005ece52bb0e,たらりんさん,2022/6/28,5,素晴らしい,昨年リニューアルとの事でお部屋も綺麗で料理も温泉も非常に満足でした！ スタッフの方も親身にしてくださり、また行きたいです！,"時期:2022年6月宿泊; プラン:【スタンダード】関アジ・伊勢エビ・豊後牛！旬の食材を使用した割烹会席プラン(一泊二食付／夕食お部屋食); 価格帯:29,001～30,000円(大人１名あたり/税込); 部屋:5; 風呂:4; 料理(朝食):5; 料理(夕食):5; 接客・サービス:5 | プラン 【スタンダード】関アジ・伊勢エビ・豊後牛！旬の食材を使用した割烹会席プラン(一泊二食付／夕食お部屋食) 和室 朝・夕 朝/個室利用 夕/部屋出し",https://www.jalan.net/yad322964/kuchikomi/archive/,1,food,raw/jalan/archive_page_13.html,cp932,positive,body_positive,high,body_sentiment_inference_needed
OTA full review,Jalan,jalan_9ec7f94685a69e41,はるとらさん,2022/6/14,4,コロナ禍なので部屋食は良かったです。,今回、初めて別府に行かせてもらいました。 写真を見てたイメージとは少し違ったように思いました。 部屋は少し狭い感じがしました。外湯の方も少し狭い感じがしました。外湯が、立ったら前の広場みたいな所から見えるのが嫌でした。近くの地元の人が前で体操とかしてたので。もう少し考えてもらえたら嬉しいです。 夕食は部屋の中の個室スペースでした。コロナ禍もあって、周りの人達を気にせずに食べれたのは良かったです。 食事は量が多くて食べるのに大変でした。けど、どれも美味しくて満足しました。 １つ言うなら、少し冷めてた料理もあったので、それを気を付けてもらいたいです。 夕食の片付けの時、部屋が下なので戸が閉まる音とかバタバタする音が気になりました。,"時期:2022年6月宿泊; プラン:【スタンダード】関アジ・伊勢エビ・豊後牛！旬の食材を使用した割烹会席プラン(一泊二食付／朝夕お部屋食); 価格帯:30,001円以上(大人１名あたり/税込); 部屋:4; 風呂:4; 料理(朝食):5; 料理(夕食):4; 接客・サービス:4 | プラン 【スタンダード】関アジ・伊勢エビ・豊後牛！旬の食材を使用した割烹会席プラン(一泊二食付／朝夕お部屋食) 和洋室 朝・夕 朝/部屋出し 夕/部屋出し",https://www.jalan.net/yad322964/kuchikomi/archive/,1,temperature_cold;small_bath_or_room;food,raw/jalan/archive_page_13.html,cp932,mixed,body_positive_and_negative,high,body_sentiment_inference_needed
OTA full review,Jalan,jalan_8f16e0bd0eb43cbc,ターボーさん,2022/6/6,4,いい親孝行ができました！,部屋食、露天風呂付きを期待して、親子で泊まりました。夕食の刺盛りが大満足！本場佐賀関の粋の良い魚を満喫。階段が十段以上あり、高齢の母にはいい運動でした。外湯や部屋の露天ももっと入りやすいと良かったです,"時期:2022年6月宿泊; プラン:【スタンダード】関アジ・伊勢エビ・豊後牛！旬の食材を使用した割烹会席プラン(一泊二食付／朝夕お部屋食); 価格帯:30,001円以上(大人１名あたり/税込); 部屋:3; 風呂:3; 料理(朝食):4; 料理(夕食):5; 接客・サービス:3 | プラン 【スタンダード】関アジ・伊勢エビ・豊後牛！旬の食材を使用した割烹会席プラン(一泊二食付／朝夕お部屋食) 和洋室 朝・夕 朝/部屋出し 夕/部屋出し",https://www.jalan.net/yad322964/kuchikomi/archive/,1,room_open_air_bath;food,raw/jalan/archive_page_13.html,cp932,positive,body_positive,high,body_sentiment_inference_needed
OTA full review,Jalan,jalan_eb9f983d817e83a4,ぺぺぼうさん,2022/6/1,5,料理と温泉に大満足でした,お風呂がない客室に宿泊しましたが、 館内に貸切風呂があり、何度も温泉を楽しめて大満足です。 料理はどれも美味しくて、特にお造りと豊後牛が絶品でした。 客室からは湯けむりが見えて眺望も良かったです。 また別府に旅行する際は、利用したいと思います。 ありがとうございました。,"時期:2022年5月宿泊; プラン:【じゃらん初夏SALE】関アジ・伊勢エビ・豊後牛の割烹会席プラン(一泊二食付／夕食お部屋食）; 価格帯:26,001～27,000円(大人１名あたり/税込); 部屋:5; 風呂:5; 料理(朝食):5; 料理(夕食):5; 接客・サービス:5 | プラン 【じゃらん初夏SALE】関アジ・伊勢エビ・豊後牛の割烹会席プラン(一泊二食付／夕食お部屋食） 和室 朝・夕 朝/個室利用 夕/部屋出し",https://www.jalan.net/yad322964/kuchikomi/archive/,1,private_bath;food,raw/jalan/archive_page_13.html,cp932,positive,body_positive,high,body_sentiment_inference_needed
OTA full review,Jalan,jalan_a022196a62ae7afd,みゆちゃんさん,2022/5/15,3,1人旅にはいいかも,まず、宿の場所が分かりにくい。看板は植木に邪魔され見えません。剪定されることで改善されるかと思いますが…何人もの人がクチコミで分かりにくいと言っているのは本当です。部屋もお風呂も狭いので、一人旅には良いかと思います。食事は普通ですね。料金を考えるとコスパ悪いです。,"時期:2022年4月宿泊; プラン:【スタンダード】関アジ・伊勢エビ・豊後牛！旬の食材を使用した割烹会席プラン(一泊二食付／朝夕お部屋食); 価格帯:30,001円以上(大人１名あたり/税込); 部屋:3; 風呂:3; 料理(朝食):3; 料理(夕食):3; 接客・サービス:3 | プラン 【スタンダード】関アジ・伊勢エビ・豊後牛！旬の食材を使用した割烹会席プラン(一泊二食付／朝夕お部屋食) 和室 朝・夕 朝/部屋出し 夕/部屋出し",https://www.jalan.net/yad322964/kuchikomi/archive/,1,small_bath_or_room;food,raw/jalan/archive_page_13.html,cp932,mixed,body_negative_with_context,high,body_sentiment_inference_needed
OTA full review,Jalan,jalan_9d129b067f58fafb,ひでさん,2022/5/14,4,素晴らしい,本当にお薦めです！ 夕飯の関あじは、真の関あじって感じでした。 女将さんの、ご説明も素晴らしくよく理解できました。 皆さんも是非、訪れて関あじを含めたお食事、お部屋の落ち着きや清潔感を味わってください。 リピーターになりたいですねぇ。 お世話になりました。,"時期:2022年5月宿泊; プラン:【スタンダード】関アジ・伊勢エビ・豊後牛！旬の食材を使用した割烹会席プラン(一泊二食付／朝夕お部屋食); 価格帯:30,001円以上(大人１名あたり/税込); 部屋:5; 風呂:5; 料理(朝食):5; 料理(夕食):5; 接客・サービス:4 | プラン 【スタンダード】関アジ・伊勢エビ・豊後牛！旬の食材を使用した割烹会席プラン(一泊二食付／朝夕お部屋食) 和洋室 朝・夕 朝/部屋出し 夕/部屋出し",https://www.jalan.net/yad322964/kuchikomi/archive/,1,food,raw/jalan/archive_page_13.html,cp932,positive,body_positive,high,body_sentiment_inference_needed
OTA full review,Jalan,jalan_23ffc250796b5135,みなみさん,2022/4/12,3,コロナ禍の温泉旅行,コロナ禍なので、なるべく人と会わない宿を探しました。八葉さんは部屋食と露天風呂付きのお部屋だったので泊まってみることに。 最近できたばかりの宿で新しく、内装も和モダンな感じできれいでした。お部屋は二階建てになっていたので上が食事の部屋、下にお風呂とベッド、階段必須なので両親には負担があったようでした。 お部屋で残念な点は、塀が低いため目の前にある公園で遊んでいる人と部屋の中にいても目が合ってしまうことでした。目の前が公園や建物があるので、露天風呂も立った状態だと丸見えで、専用の肌着を着るよう案内されました。内風呂もありましたが、1人がやっと入れる広さで少し狭く感じました。 夕食はお刺身がとても新鮮で美味しく頂きました。朝夕食どちらも品数も多くボリュームありました。朝夕食ともお部屋食なので、食事を部屋に運び入れる際に扉を開けっ放しにするせいか虫が部屋の中に入っきてました。外に蚊取り線香を置くとか一工夫あってもいいかも？ 部屋から見える一本の桜が満開で素敵な一時でした。,"時期:2022年3月宿泊; プラン:【じゃらん春SALE】関アジ・豊後牛など旬の食材を使用した割烹会席(一泊二食／朝夕お部屋食）; 価格帯:30,001円以上(大人１名あたり/税込); 部屋:3; 風呂:3; 料理(朝食):4; 料理(夕食):5; 接客・サービス:3 | プラン 【じゃらん春SALE】関アジ・豊後牛など旬の食材を使用した割烹会席(一泊二食／朝夕お部屋食） 和室 朝・夕 朝/部屋出し 夕/部屋出し",https://www.jalan.net/yad322964/kuchikomi/archive/,1,room_open_air_bath;water_texture;small_bath_or_room;food,raw/jalan/archive_page_13.html,cp932,mixed,body_negative_with_context,high,body_sentiment_inference_needed
OTA full review,Jalan,jalan_2d4c1f445f9ab796,さゆりさん,2022/3/6,5,癒されました,行きはタクシーで向かったのですが、運転手さんも見逃してしまう感じの隠れ家的な宿でした。 まだ新しく設備は全て綺麗で清潔。 お部屋は離れのような感じで、別荘のように寛げました。 また客室露天がついており好きな時間に何回か楽しませていただきました。 ほかにも借り切り風呂があり、そちらもとても良かったです。 そして何と言ってもお料理が豪華で、お味も量も大満足でした！ 旦那はお酒にも満足したようで、終始ご機嫌でした 笑 接客に至っては、私たちのわがままを一生懸命聞いてくださり、 またチェックアウトの際にはお土産までくださり、 さらにあいにくの雨だったことから傘まで貸していただきまして、本当に感謝です。 八葉さんが新婚旅行最後の宿で、 素敵な宿のおかげで良い思い出になりました。 ありがとうございました。 またいつか利用したいと思います！,"時期:2022年2月宿泊; プラン:【スタンダード】関アジ・伊勢エビ・豊後牛！旬の食材を使用した割烹会席プラン(一泊二食付／夕食お部屋食); 価格帯:30,001円以上(大人１名あたり/税込); 部屋:5; 風呂:5; 料理(朝食):5; 料理(夕食):5; 接客・サービス:5 | プラン 【スタンダード】関アジ・伊勢エビ・豊後牛！旬の食材を使用した割烹会席プラン(一泊二食付／夕食お部屋食) 和室 朝・夕 朝/個室利用 夕/部屋出し",https://www.jalan.net/yad322964/kuchikomi/archive/,1,room_open_air_bath;food,raw/jalan/archive_page_13.html,cp932,positive,body_positive,high,body_sentiment_inference_needed
OTA full review,Jalan,jalan_b89efd1e08c6dedb,まあさん,2022/2/23,4,部屋が最高,料理もお部屋も最高でしたが一番の楽しみだったお風呂が機械？のトラブルで冷たくて楽しめませんでした。代わりにドリンクを無料にしていただきました。,"時期:2021年12月宿泊; プラン:【スタンダード】関アジ・伊勢エビ・豊後牛！旬の食材を使用した割烹会席プラン(一泊二食付／朝夕お部屋食); 価格帯:30,001円以上(大人１名あたり/税込); 部屋:5; 風呂:3; 料理(朝食):5; 料理(夕食):5; 接客・サービス:5 | プラン 【スタンダード】関アジ・伊勢エビ・豊後牛！旬の食材を使用した割烹会席プラン(一泊二食付／朝夕お部屋食) 和室 朝・夕 朝/部屋出し 夕/部屋出し",https://www.jalan.net/yad322964/kuchikomi/archive/,1,food,raw/jalan/archive_page_13.html,cp932,mixed,body_positive_and_negative,high,body_sentiment_inference_needed
OTA full review,Jalan,jalan_a7d35acfd3e02324,さやかぴさん,2022/1/25,3,綺麗なお部屋、清潔,綺麗で清潔なお部屋で快適に過ごせました。 内装も今時の和風な感じでおしゃれ！ 食事も朝夕満足出来ました。,"時期:2021年12月宿泊; プラン:【スタンダード】関アジ・伊勢エビ・豊後牛！旬の食材を使用した割烹会席プラン(一泊二食付／夕食お部屋食); 価格帯:29,001～30,000円(大人１名あたり/税込); 部屋:3; 風呂:3; 料理(朝食):4; 料理(夕食):3; 接客・サービス:2 | プラン 【スタンダード】関アジ・伊勢エビ・豊後牛！旬の食材を使用した割烹会席プラン(一泊二食付／夕食お部屋食) 和室 朝・夕 朝/個室利用 夕/部屋出し",https://www.jalan.net/yad322964/kuchikomi/archive/,1,food,raw/jalan/archive_page_13.html,cp932,positive,body_positive,high,body_sentiment_inference_needed
OTA full review,Jalan,jalan_e245df2308d263da,やまちゃんさん,2022/1/11,4,どんなタイプの家族構成でも必ず満足出来る宿,１泊させていただきました。まず事前に妊娠中とゆうことを伝え忘れていましたが、食事の際に刺身をしゃぶしゃぶできるように出汁を用意してくださって対応には驚きでした。感謝です。他接客面も駐車場まで、お迎えしてくださったり、若い方も頑張って接客してくださり、宿の従業員皆様でもてなそうとゆう心がけが見える部分が多々あり、また来たいなと思わせる宿でした！お風呂、料理も満足感たっぷりで誰がきても喜ぶだろうなとおまいました。今後していただきたい事としては、コロナが収まらないと難しいかもですが、貸切風呂にもアメニティ、ドライヤーを置いて頂けたら助かるなとおもいます。後は駐車場の敷地が隣マンションと同じで、絶対１度従業員の方に聞かないと分からないとおもうので、宿の駐車場はここです！とゆう立て看板があれば良いなと思いました。 景色、料理、従業員、温泉どれも最高なので、また機会があれば訪問させていただきたいと思います。,"時期:2022年1月宿泊; プラン:【スタンダード】関アジ・伊勢エビ・豊後牛！旬の食材を使用した割烹会席プラン(一泊二食付／朝夕お部屋食); 価格帯:30,001円以上(大人１名あたり/税込); 部屋:5; 風呂:3; 料理(朝食):5; 料理(夕食):5; 接客・サービス:5 | プラン 【スタンダード】関アジ・伊勢エビ・豊後牛！旬の食材を使用した割烹会席プラン(一泊二食付／朝夕お部屋食) 和洋室 朝・夕 朝/部屋出し 夕/部屋出し",https://www.jalan.net/yad322964/kuchikomi/archive/,1,private_bath;food;access,raw/jalan/archive_page_13.html,cp932,positive,body_positive,high,body_sentiment_inference_needed
OTA full review,Jalan,jalan_8e09aa1448e0e569,みいさん,2022/1/8,5,おもてなし、景観、食事、オール満点です！,1/3.1/4の1泊2日泊まりました！翠葉の離のお部屋でしたが、新居に泊まったような大きなお部屋でした！夕食朝食共にお部屋食で鉄輪温泉の湯けむりを観ながら素敵な雰囲気で食事もできました！お腹も心もいっぱいです！朝から部屋の露天風呂では初日の出も観ることができとてもよかったです！！女将さんやスタッフの皆さん全員が愛想良くカップル、夫婦、御家族みんなが行ってよかったって必ず思えると思います！長崎から来ましたが、また近いので必ず行きたいと思っております！,"時期:2022年1月宿泊; プラン:【じゃらん冬SALE】関アジ・伊勢エビ・豊後牛！旬の食材を使用した割烹会席(一泊二食付／朝夕お部屋食）; 価格帯:30,001円以上(大人１名あたり/税込); 部屋:5; 風呂:5; 料理(朝食):5; 料理(夕食):5; 接客・サービス:5 | プラン 【じゃらん冬SALE】関アジ・伊勢エビ・豊後牛！旬の食材を使用した割烹会席(一泊二食付／朝夕お部屋食） 和洋室 朝・夕 朝/部屋出し 夕/部屋出し",https://www.jalan.net/yad322964/kuchikomi/archive/,1,room_open_air_bath;food;access,raw/jalan/archive_page_13.html,cp932,positive,body_positive,high,body_sentiment_inference_needed
OTA full review,Jalan,jalan_4cc8979ad3582c55,Angkorさん,2022/1/1,2,本館「一葉」に宿泊,年末に我が家の忘年会として高い温泉旅行を奮発して楽しみに伺いました。いくつかの予約サイトを見ても高評価だったので少し安心していました。とにかく部屋と風呂が残念。 本館の一葉という部屋に宿泊したのですが、従業員の方々の足音や隣部屋から聞こえる扉を開ける音や階段を登り降りするギシギシバタバタという大きな音が部屋中に響く。部屋の中は、テレビとエアコンの位置が宿泊者用に設置されていない。温度調整に時間が掛かり過ぎることや、部屋の大きさと不釣り合いな小さいテレビサイズ。部屋は長方形でデッドスペースが多い。部屋の中には座布団が置いてないので押入れの中にあるかと思い、押入れの中を探したら、布団と椅子と金庫が詰め込まれていて埃も積もっていた。 風呂は部屋には無いので、建物の外にある貸切風呂に入るのだが、サイトには24時までと記載があったにも関わらず23時までと短縮されていた。虚偽？「露天風呂は朝は温度が低いので入らないで下さい」って、そんな温度地の対応は初めて。 食事はお品書きの順番に時間差で持って来る訳では無く、他部屋とまとめて調理している都合で一気に最後のステーキまで運ばれてしまい大分冷めてしまった。,"時期:2021年12月宿泊; プラン:【スタンダード】関アジ・伊勢エビ・豊後牛！旬の食材を使用した割烹会席プラン(一泊二食付／夕食お部屋食); 価格帯:30,001円以上(大人１名あたり/税込); 部屋:2; 風呂:2; 料理(朝食):3; 料理(夕食):3; 接客・サービス:2 | プラン 【スタンダード】関アジ・伊勢エビ・豊後牛！旬の食材を使用した割烹会席プラン(一泊二食付／夕食お部屋食) 和室 朝・夕 朝/個室利用 夕/部屋出し",https://www.jalan.net/yad322964/kuchikomi/archive/,1,private_bath;temperature_cold;small_bath_or_room;food,raw/jalan/archive_page_13.html,cp932,mixed,body_positive_and_negative,high,body_sentiment_inference_needed
OTA full review,Jalan,jalan_ebceaa0cc895c921,まなさん,2021/11/23,4,最高でした！,初めて泊まらせて貰ったのですが、別府の街並みを感じる様なお部屋でお部屋の露天風呂からの朝日は素敵で感動しました！ 従業員の方も気さくで優しい方ばかりでした。 料理も美味しかったです。 帰りに女将さんとお話しをさせていただく機会があったのですが素晴らしい方で楽しくお話させて頂きました！ ありがとうございました。,"時期:2021年11月宿泊; プラン:【スタンダード】関アジ・伊勢エビ・豊後牛！旬の食材を使用した割烹会席プラン(一泊二食付／朝夕お部屋食); 価格帯:30,001円以上(大人１名あたり/税込); 部屋:4; 風呂:5; 料理(朝食):5; 料理(夕食):5; 接客・サービス:5 | プラン 【スタンダード】関アジ・伊勢エビ・豊後牛！旬の食材を使用した割烹会席プラン(一泊二食付／朝夕お部屋食) 和室 朝・夕 朝/部屋出し 夕/部屋出し",https://www.jalan.net/yad322964/kuchikomi/archive/,1,room_open_air_bath;food,raw/jalan/archive_page_13.html,cp932,positive,body_positive,high,body_sentiment_inference_needed
OTA full review,Jalan,jalan_454543996cb5f2fd,amiyさん,2021/11/22,5,また戻りたい宿でした☆,道路沿いから見ると、おしゃれな民家の様に見えましたが敷地内に入ると別世界です。 特に離れは、隣りを気にすることもなくのんびりと過ごせて最高でした。 お部屋の露天風呂にしか入っていませんが、その露天風呂も良かったです。 ただ、温度調整が出来ることをチェックインの際に聞けたらよかったと思います。私たちは調整出来ることに気付きましたが、他の方のクチコミで「露天風呂がぬるかった」とあったのはそれに気付けていなかったからだと思うので…。 接客については駐車場が、分からずフロントに聞きに行ったところわざわざ車を仮に止めていたところまで出てきてくださったり、チェックイン時のお菓子を出してくださった際も夕食、朝食時の配膳の際も丁度良い距離感の接客だったりと気持ちのよいものでした。 夕食はもう少しボリュームがあってもよいと思いましたが、味付けは濃過ぎず丁度良かったです。最後のデザートは美味しすぎておかわりしたいほどでした。 朝食は量も内容もぴったりで、とても満足しました。 チェックアウトの際に、温泉で蒸した卵とおにぎりをお土産でいだいたのですがそれがまた最高に美味しかったです。 （夕食時の牡蠣ごはんも美味しかったですが、それ以上でした） ごまの香りが香ばしく味付けも絶妙でそれがまた食べたくなるほどでした。 トータルでまた行きたいと思える素敵な宿です。,"時期:2021年11月宿泊; プラン:【じゃらん秋SALE】関アジ・伊勢エビ・豊後牛！旬の食材を使用した割烹会席(一泊二食付／朝夕お部屋食）; 価格帯:30,001円以上(大人１名あたり/税込); 部屋:5; 風呂:5; 料理(朝食):5; 料理(夕食):4; 接客・サービス:5 | プラン 【じゃらん秋SALE】関アジ・伊勢エビ・豊後牛！旬の食材を使用した割烹会席(一泊二食付／朝夕お部屋食） 和洋室 朝・夕 朝/部屋出し 夕/部屋出し",https://www.jalan.net/yad322964/kuchikomi/archive/,1,room_open_air_bath;food;access,raw/jalan/archive_page_13.html,cp932,mixed,body_positive_and_negative,high,body_sentiment_inference_needed
OTA full review,Jalan,jalan_0e8444bea07f1cf9,べんちゃんさん,2021/11/7,5,子連れでも気軽に泊まれるお宿,2歳の子供と家族旅行で利用しました。 非常に分かりにくいとこにありましたが、なんとか見つけることができました！ 夕ごはんも朝ごはんもとてもおいしくボリュームがあり食べきれませんでした。ですがデザート（個人的にはテリーヌ）が絶品で、お土産として持ち帰りたかったです。 お部屋に露天風呂がついていたのも非常に良かったです。ぬるめだったんですが、翌日自分たちで温度を変更できることを知り、事前にお風呂の説明してもらうべきだったと後悔しました。。 次利用する時は貸切風呂にも入ってみたいです。,"時期:2021年11月宿泊; プラン:【スタンダード】関アジ・伊勢エビ・豊後牛！旬の食材を使用した割烹会席プラン(一泊二食付／夕食お部屋食); 価格帯:30,001円以上(大人１名あたり/税込); 部屋:5; 風呂:4; 料理(朝食):5; 料理(夕食):5; 接客・サービス:5 | プラン 【スタンダード】関アジ・伊勢エビ・豊後牛！旬の食材を使用した割烹会席プラン(一泊二食付／夕食お部屋食) 和室 朝・夕 朝/個室利用 夕/部屋出し",https://www.jalan.net/yad322964/kuchikomi/archive/,1,room_open_air_bath;private_bath;food,raw/jalan/archive_page_13.html,cp932,mixed,body_positive_and_negative,high,body_sentiment_inference_needed
OTA full review,Jalan,jalan_a01f3bc771838a6c,noirroseさん,2021/10/19,4,また利用したいです。,オープンしたばかりということもありすごく綺麗だったんですが部屋とお風呂の洗い場が狭かったのがマイナスポイントです。でもお風呂からの景色は素敵でした。旅館のお料理って好みじゃないのが多かったりするんですが、どれも美味しく食べられないものが無く、食べ過ぎて翌日お腹壊すぐらい美味しかったです（笑）朝食を沢山残してしまって大変申し訳ありませんでした。 また、利用したいと思います。,"時期:2021年10月宿泊; プラン:【スタンダード】関アジ・伊勢エビと豊後牛の温泉蒸しがメインの割烹会席プラン(一泊二食付／朝夕お部屋食); 価格帯:30,001円以上(大人１名あたり/税込); 部屋:3; 風呂:4; 料理(朝食):4; 料理(夕食):5; 接客・サービス:5 | プラン 【スタンダード】関アジ・伊勢エビと豊後牛の温泉蒸しがメインの割烹会席プラン(一泊二食付／朝夕お部屋食) 和洋室 朝・夕 朝/部屋出し 夕/部屋出し",https://www.jalan.net/yad322964/kuchikomi/archive/,1,small_bath_or_room;food,raw/jalan/archive_page_13.html,cp932,mixed,body_negative_with_context,high,body_sentiment_inference_needed
OTA full review,Jalan,jalan_874a1b1307f37dfd,晴美さん,2021/10/17,5,綺麗な宿で心も身体もリフレッシュ出来ました,2021年7月オープンとの事で新しく綺麗で、接客や料理も素晴らしかったです。 スタッフの方が一生懸命仕事されていたのに好感が持てました。 露天風呂付きの部屋で、お風呂が広々としており大人2人が十分に足を伸ばせて入れました。好きな時間にすぐに温泉に入れて良かったです。 部屋とは別に3つお風呂もあり、どれも入らせてもらいました。時間制限もなく、他のお客さんと被らなければ入れたので良かったです。のんびりお風呂を堪能出来ました。 チェックインしてすぐにウエルカムスイーツを提供頂きました。大変美味しかったです。 夕食も朝食も大変美味しく、量も多過ぎず、またサービスもして頂き嬉しく感じました。 女性には浴衣が用意されていて、柄も選べるとの事でした。 地獄めぐりまでも徒歩で10分程の位置で観光もしやすい位置でした。隣にコインランドリーがあり洗濯も出来ました。コンビニも近く、鉄輪温泉も徒歩ですぐです。立地も素晴らしいです。 2泊しましたが、食事内容が被らないよう配慮頂き、また2泊の為、空いていた本館のお部屋にも泊まっても良いですよとお気遣い頂きました。本館のお部屋で夕食を頂きました。眺めも良いお部屋で大変嬉しかったです。 観光から戻るとお茶を用意してくださるなどのお気遣いまで頂きました。 心遣いが素晴らしかったです。是非また泊まりに行きたいと思いました。,"時期:2021年10月宿泊; プラン:【スタンダード】関アジ・伊勢エビと豊後牛の温泉蒸しがメインの割烹会席プラン(一泊二食付／夕食お部屋食); 価格帯:30,001円以上(大人１名あたり/税込); 部屋:5; 風呂:5; 料理(朝食):5; 料理(夕食):5; 接客・サービス:5 | プラン 【スタンダード】関アジ・伊勢エビと豊後牛の温泉蒸しがメインの割烹会席プラン(一泊二食付／夕食お部屋食) 和室 朝・夕 朝/個室利用 夕/部屋出し",https://www.jalan.net/yad322964/kuchikomi/archive/,1,room_open_air_bath;food;access,raw/jalan/archive_page_13.html,cp932,positive,body_positive,high,body_sentiment_inference_needed
OTA full review,Jalan,jalan_316f7de847eaecc5,かっしーさん,2021/10/5,5,色んな人におすすめ！,オープンしてまもない宿でしたが到着時間が遅れてしまっていたのにもかかわらずスタッフの方が待っていて逆に申し訳なかったです。 でも対応よくその次の日誕生日だったのですが最初言ってた希望の受け入れは難しいと言われて諦めていたのですが当日可能になりサプライズ大成功でスタッフ料理長に感謝です。本当にありがとうございました。 料理はちょうどいい量で特に日頃あっても食べないのですが茶碗蒸しを食べた所すごく美味しくて全部たべちゃいました。 お風呂は露天もあり良かったのですが朝からの日差しはものすごく暑かったです・・・。 部屋も清潔感たっぷりで良かったです。 また別府に行った時は利用したいです。,"時期:2021年10月宿泊; プラン:【スタンダード】関アジ・伊勢エビと豊後牛の温泉蒸しがメインの割烹会席プラン(一泊二食付／朝夕お部屋食); 価格帯:30,001円以上(大人１名あたり/税込); 部屋:5; 風呂:4; 料理(朝食):5; 料理(夕食):4; 接客・サービス:5 | プラン 【スタンダード】関アジ・伊勢エビと豊後牛の温泉蒸しがメインの割烹会席プラン(一泊二食付／朝夕お部屋食) 和室 朝・夕 朝/部屋出し 夕/部屋出し",https://www.jalan.net/yad322964/kuchikomi/archive/,1,food,raw/jalan/archive_page_13.html,cp932,positive,body_positive,high,body_sentiment_inference_needed
OTA full review,Jalan,jalan_28ddad1b8c3113a7,マコちんさん,2021/9/28,5,とても良いお宿,従業員の方々に親切にしていただき、とても満足しました。料理美味しかったです。良い思い出ができました。,"時期:2021年9月宿泊; プラン:【じゃらん秋SALE】関アジ・伊勢エビと豊後牛の温泉蒸しがメインの割烹会席(一泊二食付／朝夕お部屋食）; 価格帯:30,001円以上(大人１名あたり/税込); 部屋:4; 風呂:3; 料理(朝食):5; 料理(夕食):5; 接客・サービス:5 | プラン 【じゃらん秋SALE】関アジ・伊勢エビと豊後牛の温泉蒸しがメインの割烹会席(一泊二食付／朝夕お部屋食） 和洋室 朝・夕 朝/部屋出し 夕/部屋出し",https://www.jalan.net/yad322964/kuchikomi/archive/,1,food,raw/jalan/archive_page_13.html,cp932,positive,body_positive,high,body_sentiment_inference_needed
OTA full review,Jalan,jalan_c8cfb91c2fbc5513,さやかさん,2021/9/20,4,女将さんの優しさに溢れた旅,従業員の方の接客がイマイチだなと感じていた頃、夕食を部屋に運びに来た女将さんと話す機会があり、とても感じが良くそれまでモヤモヤしていた気持ちが一気にどこかにいきました。また機会があれば、泊まりたいと思います。若手の育成に力を入れてより良い旅館を目指していって欲しいです。,"時期:2021年9月宿泊; プラン:【スタンダード】関アジ・伊勢エビと豊後牛の温泉蒸しがメインの割烹会席プラン(一泊二食付／朝夕お部屋食); 価格帯:30,001円以上(大人１名あたり/税込); 部屋:2; 風呂:5; 料理(朝食):4; 料理(夕食):5; 接客・サービス:2 | プラン 【スタンダード】関アジ・伊勢エビと豊後牛の温泉蒸しがメインの割烹会席プラン(一泊二食付／朝夕お部屋食) 和洋室 朝・夕 朝/部屋出し 夕/部屋出し",https://www.jalan.net/yad322964/kuchikomi/archive/,1,food,raw/jalan/archive_page_13.html,cp932,positive,body_positive,high,body_sentiment_inference_needed
OTA full review,Jalan,jalan_264aec19b5a7b506,あっちゃんさん,2021/9/17,2,ツルツルの温泉とピカピカの温泉宿,出来たての温泉宿に行って来ました。お部屋は、1階がベットルームで2階がテーブル席のお食事処になっていてとても綺麗でした。お風呂は内湯と露天が付いていて、内湯は少し狭く、洗い場も狭いです。排水も悪いです。内湯から露天に行くのが窓をまた越して行くのが面倒です。でも流石別府のお湯でツルツルでした。夕食はコロナ禍もあり、お料理全てテーブルに配膳してもらいました。とても美味しかったです。 お世話になりました。,"時期:2021年8月宿泊; プラン:【スタンダード】関アジ・伊勢エビと豊後牛の温泉蒸しがメインの割烹会席プラン(一泊二食付／朝夕お部屋食); 価格帯:30,001円以上(大人１名あたり/税込); 部屋:2; 風呂:1; 料理(朝食):2; 料理(夕食):3; 接客・サービス:3 | プラン 【スタンダード】関アジ・伊勢エビと豊後牛の温泉蒸しがメインの割烹会席プラン(一泊二食付／朝夕お部屋食) 和洋室 朝・夕 朝/部屋出し 夕/部屋出し",https://www.jalan.net/yad322964/kuchikomi/archive/,1,room_bath;small_bath_or_room;food,raw/jalan/archive_page_13.html,cp932,negative,low_rating_negative_body,high,body_sentiment_inference_needed
OTA full review,Jalan,jalan_a7d797c3959568b4,fujiyama21さん,2021/9/12,2,良い部屋なら最高かもしれません,眺望がゼロならきちんとじゃらんの案内に書くべきです。今後ご利用の方は確認した方が良いと思います。その他は最高でしたが。,"時期:2021年8月宿泊; プラン:【じゃらん夏SALE】関アジ・伊勢エビと豊後牛の温泉蒸しがメインの割烹会席(一泊二食付／夕食お部屋食）; 価格帯:27,001～28,000円(大人１名あたり/税込); 部屋:1; 風呂:5; 料理(朝食):5; 料理(夕食):5; 接客・サービス:5 | プラン 【じゃらん夏SALE】関アジ・伊勢エビと豊後牛の温泉蒸しがメインの割烹会席(一泊二食付／夕食お部屋食） 和室 朝・夕 朝/個室利用 夕/部屋出し",https://www.jalan.net/yad322964/kuchikomi/archive/,1,food,raw/jalan/archive_page_13.html,cp932,positive,body_positive,high,body_sentiment_inference_needed
OTA full review,Jalan,jalan_50eff321b73980bc,こうじさん,2021/9/10,5,鉄輪温泉では最高の旅館では…,コロナ感染症が蔓延する中、彼女と二人でワクチン接種を終えて2週間の待機期間も終了し、自分の実家に結婚の挨拶をする前日に宿泊させて頂きました。 何度も鉄輪温泉が大好きで、色々な旅館に宿泊させて頂いたのですが、八葉さんは本当に人をダメにしてしまうぐらい最高の温泉旅館でした(最高の褒め言葉です) 当初は厳しい口コミなどもあり、少し不安な部分もありましたが…。 自分達には、フロントスタッフさんの対応、ウェルカムデザートの美味しさ、お部屋の清潔感、アメニティの品揃え、夕食は地産地消にこだわったお料理内容、お刺身の鮮度、前菜、メインのクオリティの高さ、デザート口当たり、朝食の品揃え、部屋に付いている露天風呂、全てに置いて最高でした^ ^ 自分自身、飲食業に携わる人として、見習わなければと思ってしまった程です。 妻になって頂ける彼女も、また八葉さんに宿泊したいと言ってましたので、コロナが落ち着いたら必ず行こうと思っています。 最後に八葉さんで提供されているデザート作っているパティスリーに翌日立ち寄らせて頂き、いくつかのデザートを購入したのですが、どれも美味しかったです(^^) 八葉さんに宿泊された際はデザートも美味しいので、楽しいひと時が過ごせるのではないかと思います。,"時期:2021年9月宿泊; プラン:【スタンダード】関アジ・伊勢エビと豊後牛の温泉蒸しがメインの割烹会席プラン(一泊二食付／夕食お部屋食); 価格帯:29,001～30,000円(大人１名あたり/税込); 部屋:5; 風呂:5; 料理(朝食):5; 料理(夕食):5; 接客・サービス:5 | プラン 【スタンダード】関アジ・伊勢エビと豊後牛の温泉蒸しがメインの割烹会席プラン(一泊二食付／夕食お部屋食) 和室 朝・夕 朝/個室利用 夕/部屋出し",https://www.jalan.net/yad322964/kuchikomi/archive/,1,food;access,raw/jalan/archive_page_13.html,cp932,positive,body_positive,high,body_sentiment_inference_needed
OTA full review,Jalan,jalan_1061192569e83359,こっこさん,2021/9/3,5,おもてなしが最高でした！,従業員さんのおもてなしが最高でした。 心遣いがすみずみまで行き通っていて快適に過ごせました。お風呂も部屋にあったのでこのご時世ですが、温泉を満喫することができました。 お部屋から見る湯煙の景色も綺麗でした。 料理も美味しく、滞在中、宿に戻るのが楽しみでした。 思い出に残る新婚旅行になりました。 大人でゆったり過ごすのに良い宿だと思います。,"時期:2021年8月宿泊; プラン:【スタンダード】関アジ・伊勢エビと豊後牛の温泉蒸しがメインの割烹会席プラン(一泊二食付／夕食お部屋食); 価格帯:30,001円以上(大人１名あたり/税込); 部屋:5; 風呂:5; 料理(朝食):5; 料理(夕食):5; 接客・サービス:5 | プラン 【スタンダード】関アジ・伊勢エビと豊後牛の温泉蒸しがメインの割烹会席プラン(一泊二食付／夕食お部屋食) 和室 朝・夕 朝/個室利用 夕/部屋出し",https://www.jalan.net/yad322964/kuchikomi/archive/,1,food,raw/jalan/archive_page_13.html,cp932,positive,body_positive,high,body_sentiment_inference_needed
OTA full review,Jalan,jalan_df2628c0abe0ac24,かすみさん,2021/8/25,5,大人の宿 隠れ家 美味しい料理,離れのお部屋に、宿泊しました。落ち着いた和室で静かでゆっくり出来、料理と温泉と十分に楽しむことが出来ました。お部屋の温泉は温めのお湯でしたが、長風呂出来て気持ち良かったです。アメニティも香りが良くて癒やされました。女性目線でセンス良いです。あとで、石風呂の貸切風呂にも入りました。こちらも気持ち良くて長風呂でした(笑) 食事はお部屋食で、コロナ対策で安心して食事が出来ました。料理とお酒を楽しみながら、お部屋から見える温泉の湯けむりと別府湾の夜景がとても綺麗で、贅沢な気分でした。 夕食は写真以上に豪華で品数も多くて、お刺身新鮮で、豊後牛の蒸ししゃぶ、りゅうきゅう、牡蠣も予想以上に美味しくて全部完食して、お腹いっぱいになりました。 あと、最後のデザートも絶品で、口当たりが良く、柔らかくまろやかな食感で今まで食べたことが無いチーズケーキでした。 名店のパテシィエさんがこちらの旅館の為に創られたオリジナルだそうです。 女将さんや、若いスタッフさんが、丁寧に接客対応していただきました。ありがとうございました。 また、季節が変わる頃、利用したいです。 美味しい料理を楽しみにしています。 よろしくお願いいたします。,"時期:2021年8月宿泊; プラン:【スタンダード】関アジ・伊勢エビと豊後牛の温泉蒸しがメインの割烹会席プラン(一泊二食付／夕食お部屋食); 価格帯:30,001円以上(大人１名あたり/税込); 部屋:5; 風呂:5; 料理(朝食):5; 料理(夕食):5; 接客・サービス:5 | プラン 【スタンダード】関アジ・伊勢エビと豊後牛の温泉蒸しがメインの割烹会席プラン(一泊二食付／夕食お部屋食) 和室 朝・夕 朝/個室利用 夕/部屋出し",https://www.jalan.net/yad322964/kuchikomi/archive/,1,private_bath;food,raw/jalan/archive_page_13.html,cp932,positive,body_positive,high,body_sentiment_inference_needed
OTA full review,Jalan,jalan_9ed3f232ab06fa80,ゆみさん,2021/8/25,5,接客が素晴らしく、料理も美味しかった！,魚好きのパートナーの希望で宿泊しました。 料理はどれも美味しく、特にお造りの関アジが気に入ったようで食事中終始ご満悦でした(^^) 貸し切り風呂は他の宿泊客と会わずに入浴できるのでゆったり出来て良かったです。 スタッフの方もとても感じが良かったです。 また利用したいです！ありがとうございました。,"時期:2021年8月宿泊; プラン:【オープン記念】 最大20％OFFでスタンダードプランをご案内！割烹会席プラン(一泊二食付／夕食お部屋食); 価格帯:19,001～20,000円(大人１名あたり/税込); 部屋:5; 風呂:5; 料理(朝食):5; 料理(夕食):5; 接客・サービス:5 | プラン 【オープン記念】 最大20％OFFでスタンダードプランをご案内！割烹会席プラン(一泊二食付／夕食お部屋食) 和室 朝・夕 朝/個室利用 夕/部屋出し",https://www.jalan.net/yad322964/kuchikomi/archive/,1,private_bath;food,raw/jalan/archive_page_13.html,cp932,positive,body_positive,high,body_sentiment_inference_needed
OTA full review,Jalan,jalan_07beb9cbaf28eee2,ホリさん,2021/8/23,5,初◎口コミ,オープン仕立てで綺麗、スタッフはとても親切でした。 お風呂、食事も楽しみました。関アジがとても美味しくて大満足です。また機会があれば利用したいです。,"時期:2021年8月宿泊; プラン:【オープン記念】 最大20％OFFでスタンダードプランをご案内！割烹会席プラン(一泊二食付／夕食お部屋食); 価格帯:19,001～20,000円(大人１名あたり/税込); 部屋:5; 風呂:5; 料理(朝食):5; 料理(夕食):5; 接客・サービス:5 | プラン 【オープン記念】 最大20％OFFでスタンダードプランをご案内！割烹会席プラン(一泊二食付／夕食お部屋食) 和室 朝・夕 朝/個室利用 夕/部屋出し",https://www.jalan.net/yad322964/kuchikomi/archive/,1,food,raw/jalan/archive_page_13.html,cp932,positive,body_positive,high,body_sentiment_inference_needed
OTA full review,Jalan,jalan_4865afe0c64ce2ee,ともさん,2021/8/23,1,期待しただけに大変残念,オープン記念で1万円割引あり、口コミも良かったので宿泊を決めました。スタッフさんのぎこちなさは割引ある分まだ一生懸命だし許せる範囲ですが、部屋のハード面はガッカリだらけです。逆に、露天風呂付き部屋にしなければ口コミにある皆さんの満足いったという感想が得られたのか?とも思ってしまいます。あれで寛げると本気で?細かい事をあげればキリがないくらいで、今後は宿泊客にアンケートを取って参考にされた方がいいのではないでしょうか。 残念ですが私は次回同じ割引があったとしても別な宿を選びます。,"時期:2021年8月宿泊; プラン:【スタンダード】関アジ・伊勢エビと豊後牛の温泉蒸しがメインの割烹会席プラン(一泊二食付／朝夕お部屋食); 価格帯:30,001円以上(大人１名あたり/税込); 部屋:1; 風呂:4; 料理(朝食):4; 料理(夕食):3; 接客・サービス:1 | プラン 【スタンダード】関アジ・伊勢エビと豊後牛の温泉蒸しがメインの割烹会席プラン(一泊二食付／朝夕お部屋食) 和洋室 朝・夕 朝/部屋出し 夕/部屋出し",https://www.jalan.net/yad322964/kuchikomi/archive/,1,room_open_air_bath;food,raw/jalan/archive_page_13.html,cp932,mixed,body_positive_and_negative,high,body_sentiment_inference_needed
OTA full review,Jalan,jalan_49a07478e5e54167,ishiさん,2021/8/18,2,新しいが･･･,私は評価の高い宿しか行きませんが、別府にちょうど新しい宿ができたということだったので、評価情報が無い状態でしたが行ってみました。 まず宿の場所がわかりづらいです。ナビの地図を最新にして行きましたが迷いました。また駐車場は見つけられませんでした。 部屋は新しくていいですが、4人ではギリギリです。狭いと感じます。また洗面所はデザイン優先のため、子供が使うと周りが水浸しになります。その濡れる場所にドライヤーが置かれていたので、危ないと思いました。 部屋の風呂は良かったですが、湯につかると100%雨に打たれます。逃げ場が無いです。一部でも屋根があればと思いました。備え付けのシャワーヘッドは良かったですが、排水口が小さく排水が遅いのが気になりました。 貸し切り風呂は部屋とたいしてかわらず、雨に濡れないというメリットしかないです。また脱衣所はとても狭いので、大人2人までな気がします。 食事はおいしかったですが、デザートのチーズケーキは半解凍でシャリシャリでした。またこの値段の宿なら朝食後に珈琲などが当然ありますが、ここは何も出ませんでした。 一番気になったのは、色々説明が欠けている点です。 まずデザートが出た後、どうすれば片付けてもらえるのかがわかりませんでした。 また朝食場所も聞けていなかったので、適当に行ったら案内されました。 貸し切り風呂にタオルが無いことも聞いておらず、持っていかずに入ってしまった結果、風呂から出たときに気づいて大変な目に遭いました。 あと部屋の傘立てに借りた傘をいれていましたが、朝にそれを使おうと広げたときに、中から大量の水が出てきてそれをかぶってしまいました。こちらの不注意ですが、傘立ての上に屋根が無く傘が水を貯めてしまう構造は問題だと思います。 あと布団が敷かれたときにテーブルの足が畳まれて部屋の端に置かれるのですが、部屋が狭いためにちょうど寝ると頭の上に立てて置かれる状態になります。なのでもし就寝中に地震がおきれば、テーブルが倒れて顔面の怪我は免れないでしょう。危なすぎます。 できたての宿なので仕方のない面もあるとは思うのですが、辛口のコメントになってしましました。従業員の方は頑張られているように見えましたので、今後の改善を期待します！,"時期:2021年8月宿泊; プラン:【スタンダード】関アジ・伊勢エビと豊後牛の温泉蒸しがメインの割烹会席プラン(一泊二食付／夕食お部屋食); 価格帯:30,001円以上(大人１名あたり/税込); 部屋:3; 風呂:4; 料理(朝食):4; 料理(夕食):5; 接客・サービス:2 | プラン 【スタンダード】関アジ・伊勢エビと豊後牛の温泉蒸しがメインの割烹会席プラン(一泊二食付／夕食お部屋食) 和室 朝・夕 朝/個室利用 夕/部屋出し",https://www.jalan.net/yad322964/kuchikomi/archive/,1,private_bath;source_flow;small_bath_or_room;food;access,raw/jalan/archive_page_14.html,cp932,mixed,body_positive_and_negative,high,body_sentiment_inference_needed
OTA full review,Jalan,jalan_eaafe503bdd7c9e4,いっちゃんさん,2021/8/17,5,夫婦でくつろげる宿,夫婦で大好きな別府旅行に行ってきました。じゃらん九州を見て､令和３年７月にオープンの記事でこの宿を選びました。宿の駐車場がわからず､第二駐車場でスタッフの方と合い､親切に宿前の駐車場を案内していただきました､ありがとうございました。夕食は部屋食でコロナを心配せずに沢山のお料理をいただきました。特にお刺身盛りが新鮮で嫁がイセエビが大好きで、大変よろこんでいました。料理が沢山ありすぎで品名をおぼえていませんがどれも美味しかったです。さすが料理長が手間かけ､手抜きをしていない料理でした。朝夕ともに美味しい料理が食べれます。食事の量もボリュームですが、すべてを完食できました。スタッフの接客も丁寧で、嫁も大喜びでした。お部屋は１階が寝室､内湯､露天の二つのお風呂があり､夫婦で３回も入浴しました。 嫁はアトピー持ちですが､入浴後アトピーが少し良くなった気がします。２階は食事所になっています。どの部屋も広いし、綺麗で過ごしやすい部屋でした。また是非宿泊します。心地よい時間を過ごさせてもらいありがとうございました。,"時期:2021年8月宿泊; プラン:【スタンダード】関アジ・伊勢エビと豊後牛の温泉蒸しがメインの割烹会席プラン(一泊二食付／朝夕お部屋食); 価格帯:30,001円以上(大人１名あたり/税込); 部屋:5; 風呂:5; 料理(朝食):5; 料理(夕食):5; 接客・サービス:5 | プラン 【スタンダード】関アジ・伊勢エビと豊後牛の温泉蒸しがメインの割烹会席プラン(一泊二食付／朝夕お部屋食) 和洋室 朝・夕 朝/部屋出し 夕/部屋出し",https://www.jalan.net/yad322964/kuchikomi/archive/,1,room_bath;food;access,raw/jalan/archive_page_14.html,cp932,positive,rating_positive_signal,medium,body_sentiment_inference_needed
OTA full review,Jalan,jalan_e7bfa9e5bfae59f8,UVさん,2021/8/16,3,お風呂が……..。,新しく出来たばかりみたいで綺麗でした。 貸切風呂の脱衣所がもう少し広ければと思います。 部屋の露天風呂も景観が大事なのはわかりますが、あまりにも丸見えで男の私でも入るのに結構勇気が入ります。 夕食は美味しいですが、30分ぐらいで最後の料理まで出てくるので早すぎて酒を飲みながらゆっくり食事は出来ませんでした。もう少しゆっくり出していただけると良かったと思います。,"時期:2021年8月宿泊; プラン:【スタンダード】関アジ・伊勢エビと豊後牛の温泉蒸しがメインの割烹会席プラン(一泊二食付／朝夕お部屋食); 価格帯:30,001円以上(大人１名あたり/税込); 部屋:3; 風呂:2; 料理(朝食):1; 料理(夕食):4; 接客・サービス:4 | プラン 【スタンダード】関アジ・伊勢エビと豊後牛の温泉蒸しがメインの割烹会席プラン(一泊二食付／朝夕お部屋食) 和洋室 朝・夕 朝/部屋出し 夕/部屋出し",https://www.jalan.net/yad322964/kuchikomi/archive/,1,room_open_air_bath;private_bath;food,raw/jalan/archive_page_14.html,cp932,positive,body_positive,high,body_sentiment_inference_needed
OTA full review,Jalan,jalan_c9d33d30ce96e6a3,かわむさん,2021/8/15,5,少し背伸びしてみたら,妻との旅行でお伺い致しました。 新規オープンということで普段より少しランクを 上げてみましたが、それが大正解で、大変満足致しました。 次回は、露天風呂付で、眺めも一段と良いと聞きました 離れのお部屋に改めてお伺いしたいと思います。,"時期:2021年8月宿泊; プラン:【オープン記念】 特別価格でスタンダードプランをご案内！割烹会席プラン(一泊二食付／夕食お部屋食）; 価格帯:19,001～20,000円(大人１名あたり/税込); 部屋:5; 風呂:4; 料理(朝食):5; 料理(夕食):5; 接客・サービス:5 | プラン 【オープン記念】 特別価格でスタンダードプランをご案内！割烹会席プラン(一泊二食付／夕食お部屋食） 和室 朝・夕 朝/個室利用 夕/部屋出し",https://www.jalan.net/yad322964/kuchikomi/archive/,1,food,raw/jalan/archive_page_14.html,cp932,positive,body_positive,high,body_sentiment_inference_needed
OTA full review,Jalan,jalan_076636438aa140e6,玉Qさん,2021/8/14,5,ゆっくりできました,建物はキレイで、従業員さんの対応も素晴らしく、料理もおいしかったです。 このご時世で心身ともに疲労がたまっていましたが、お陰様で癒やされました。 また利用したいと思います。 ありがとうございました。,"時期:2021年8月宿泊; プラン:【オープン記念】 最大20％OFFでスタンダードプランをご案内！割烹会席プラン(一泊二食付／夕食お部屋食); 価格帯:19,001～20,000円(大人１名あたり/税込); 部屋:5; 風呂:5; 料理(朝食):5; 料理(夕食):5; 接客・サービス:5 | プラン 【オープン記念】 最大20％OFFでスタンダードプランをご案内！割烹会席プラン(一泊二食付／夕食お部屋食) 和室 朝・夕 朝/個室利用 夕/部屋出し",https://www.jalan.net/yad322964/kuchikomi/archive/,1,food,raw/jalan/archive_page_14.html,cp932,positive,body_positive,high,body_sentiment_inference_needed
OTA full review,Jalan,jalan_e9b81ada1aafa4e3,ショウさん,2021/8/13,2,何をメインにしているかわからない。,新しく出来て、口コミも良く、近場の宿と思い、別館の露天風呂つきに宿泊しました。新しいですが、部屋から景色も見えず、何処か親戚の家に来たみたいな感じの殺風景な部屋でした。部屋の露天風呂は、配水管が小さく、水がなかなか引かない。脱衣場が無いため、濡れた足のまま部屋に入らないといけない。露天風呂から景色は、あまり見えない。夕食は大変美味しかったが，料理の説明もなく、美味しさ半減。仲居さんは、人が少ない為か、バタバタしてしていました。後、部屋の壁が薄いのか、子供たちの声や走る音もよく聞こえ、ゆっくり旅行をする人には不向きだと思います。子供たちとの家族旅行には、最適だと思います。,"時期:2021年8月宿泊; プラン:【スタンダード】関アジ・伊勢エビと豊後牛の温泉蒸しがメインの割烹会席プラン(一泊二食付／夕食お部屋食); 価格帯:30,001円以上(大人１名あたり/税込); 部屋:3; 風呂:3; 料理(朝食):3; 料理(夕食):4; 接客・サービス:2 | プラン 【スタンダード】関アジ・伊勢エビと豊後牛の温泉蒸しがメインの割烹会席プラン(一泊二食付／夕食お部屋食) 和室 朝・夕 朝/個室利用 夕/部屋出し",https://www.jalan.net/yad322964/kuchikomi/archive/,1,room_open_air_bath;small_bath_or_room;food,raw/jalan/archive_page_14.html,cp932,positive,body_positive,high,body_sentiment_inference_needed
OTA full review,Jalan,jalan_d331f3cb0c561b11,クロちゃんさん,2021/8/12,2,お風呂は良かったけど,何度か離れ露天風呂付きに宿泊しましたが、今回は期待外れでした。施設自体は新しいので綺麗ですが、部屋の作りや夕食はこの金額にしては残念でした。特にお刺身はそれほど新鮮には感じませんでした。従業員さんの対応が悪いとかはないのですが、何かと気遣いが足りないと思いました。まだ新しい旅館なので色々勉強される事を期待します。,"時期:2021年8月宿泊; プラン:【スタンダード】関アジ・伊勢エビと豊後牛の温泉蒸しがメインの割烹会席プラン(一泊二食付／夕食お部屋食); 価格帯:30,001円以上(大人１名あたり/税込); 部屋:1; 風呂:5; 料理(朝食):3; 料理(夕食):2; 接客・サービス:2 | プラン 【スタンダード】関アジ・伊勢エビと豊後牛の温泉蒸しがメインの割烹会席プラン(一泊二食付／夕食お部屋食) 和室 朝・夕 朝/個室利用 夕/部屋出し",https://www.jalan.net/yad322964/kuchikomi/archive/,1,room_open_air_bath;food,raw/jalan/archive_page_14.html,cp932,mixed,body_positive_and_negative,high,body_sentiment_inference_needed
OTA full review,Jalan,jalan_9084f857f749777e,しょうちゃんさん,2021/8/10,4,次は離れに,海鮮が売りのようでしたが新鮮さに欠けるかな。 夕食はとっても美味しく頂きました。 今回は別館だったので見晴らしが悪かったけど 次回は見晴らしがいい離れにします。 オープンしたての旅館だったので とても綺麗でした。 愛想もよくて楽しく過ごせました。 夕食後には女将さん自ら 部屋に挨拶に来ていただいて、 要望等を聞いて下さいました。 細かい改善点がありますが きっとよくなる旅館だと期待してます。 また行きますんで。,"時期:2021年8月宿泊; プラン:【スタンダード】関アジ・伊勢エビと豊後牛の温泉蒸しがメインの割烹会席プラン(一泊二食付／夕食お部屋食); 価格帯:29,001～30,000円(大人１名あたり/税込); 部屋:5; 風呂:5; 料理(朝食):3; 料理(夕食):4; 接客・サービス:5 | プラン 【スタンダード】関アジ・伊勢エビと豊後牛の温泉蒸しがメインの割烹会席プラン(一泊二食付／夕食お部屋食) 和室 朝・夕 朝/個室利用 夕/部屋出し",https://www.jalan.net/yad322964/kuchikomi/archive/,1,food,raw/jalan/archive_page_14.html,cp932,mixed,body_positive_and_negative,high,body_sentiment_inference_needed
OTA full review,Jalan,jalan_5dba98dcd03f9ea7,Rへいさん,2021/8/8,5,料理もお風呂もおもてなしも最高,お料理が味も量も最高でした。お刺身のボリュームもあり、お料理一つ一つのクオリティが高く、かなり量がありましたが、美味しすぎて全部食べてしまいました。デザートまですべて美味しかったです。 アメニティが素敵で、女性は特に喜ぶと思います。お風呂も部屋のものと離れにあるもの両方堪能しました。 部屋でのくつろぎ感覚が良かったです。明確な理由は分かりませんが非常に落ち着きました。 部屋の電気スイッチに一つ一つ場所が書かれてあり、ストレスなく過ごすことができました。 従業員さんからの声かけや雰囲気が心地よく、距離感がちょうど良く感じました。 また利用させていただきたいです。,"時期:2021年8月宿泊; プラン:【オープン記念】 特別価格でスタンダードプランをご案内！割烹会席プラン(一泊二食付／夕食お部屋食）; 価格帯:19,001～20,000円(大人１名あたり/税込); 部屋:5; 風呂:5; 料理(朝食):5; 料理(夕食):5; 接客・サービス:5 | プラン 【オープン記念】 特別価格でスタンダードプランをご案内！割烹会席プラン(一泊二食付／夕食お部屋食） 和室 朝・夕 朝/個室利用 夕/部屋出し",https://www.jalan.net/yad322964/kuchikomi/archive/,1,food,raw/jalan/archive_page_14.html,cp932,positive,body_positive,high,body_sentiment_inference_needed
OTA full review,Jalan,jalan_19635f741a50cf81,小さなサルさん,2021/8/7,5,とても快適に過ごすことができました。,お部屋は細部まで拘りを感じるもので、清潔感もありとてもリラックスして過ごすことができました。 窓からは温泉の湯気が遠くに見え、夜景や朝焼けは特に温泉地に来たな、と感じるものでした。 お料理もとても美味しく、お腹一杯なのにまだ食べたい！と思えるほどでいつも以上に食べてしまいました。 スタッフの方も感じが良く、宿泊できて良かったと大満足です。 また機会がありましたら、宿泊したいと思います。,"時期:2021年8月宿泊; プラン:【オープン記念】 特別価格でスタンダードプランをご案内！割烹会席プラン(一泊二食付／夕食お部屋食）; 価格帯:19,001～20,000円(大人１名あたり/税込); 部屋:5; 風呂:5; 料理(朝食):5; 料理(夕食):5; 接客・サービス:5 | プラン 【オープン記念】 特別価格でスタンダードプランをご案内！割烹会席プラン(一泊二食付／夕食お部屋食） 和洋室 朝・夕 朝/個室利用 夕/部屋出し",https://www.jalan.net/yad322964/kuchikomi/archive/,1,food,raw/jalan/archive_page_14.html,cp932,positive,body_positive,high,body_sentiment_inference_needed
OTA full review,Jalan,jalan_f7836fe887d9528e,ニモさん,2021/8/2,5,料理がおいしい,主人の誕生日で、オープン記念プランがあったので初めて高級旅館を予約しました。 料理、温泉、おもてなしなど全てにおいて完璧でした！ 特に料理が夕食も朝食もとても美味しかったです。 心に残る経験でした。ありがとうございました♪ また、利用したいです。,"時期:2021年7月宿泊; プラン:【オープン記念】 特別価格でスタンダードプランをご案内！割烹会席プラン(一泊二食付／夕食お部屋食）; 価格帯:19,001～20,000円(大人１名あたり/税込); 部屋:5; 風呂:5; 料理(朝食):5; 料理(夕食):5; 接客・サービス:5 | プラン 【オープン記念】 特別価格でスタンダードプランをご案内！割烹会席プラン(一泊二食付／夕食お部屋食） 和室 朝・夕 朝/個室利用 夕/部屋出し",https://www.jalan.net/yad322964/kuchikomi/archive/,1,food,raw/jalan/archive_page_14.html,cp932,neutral,neutral_or_lodging_context,medium,body_sentiment_inference_needed
OTA full review,Jalan,jalan_d3f30a71449f6e4d,カロヤンさん,2025/2/20,3,旅館巡りが趣味なので,毎月旅館に泊まるほど、旅館巡りが趣味なので視点が厳しいかもしれません。 【良かった点】 ・鉄輪温泉巡りに便利な位置 ・スタッフが英語可能、感じが良い ・ステーキ、牛しゃぶ美味しかった ・部屋にコーヒー豆から挽き入れるマシーンは初で良かった ・甚平と色浴衣があった。甚平好き 【改善希望】 ・夕食の刺身の上に飾ってあった大根が乾燥し裏返っていた。 ・温泉は、溜まったの温度が低いから毎度蛇口を調整しなくてはならず、不満足。掛け流しにしておいてほしい。 ・タオルがバスタオルとフェイスタオルが各一枚しかなく、不便だった。フェイスタオルは枚数増やして欲しい。 改善は難しい内容では無いと思うので、検討して頂けたらと思います。やはり温泉と料理が満足できれば、最高の思い出になります。,"時期:2025年2月宿泊; プラン:【じゃらんスペシャルウィーク】関あじ＆伊勢海老＆豊後牛がメインの割烹会席(１泊２食／夕食お部屋食）; 価格帯:22,001～23,000円(大人１名あたり/税込); 部屋:3; 風呂:2; 料理(朝食):4; 料理(夕食):2; 接客・サービス:3 | プラン 【じゃらんスペシャルウィーク】関あじ＆伊勢海老＆豊後牛がメインの割烹会席(１泊２食／夕食お部屋食） 和室 朝・夕 朝/個室利用 夕/部屋出し",https://www.jalan.net/yad322964/kuchikomi/archive/,1,source_flow;food;access,raw/jalan/archive_page_2.html,cp932,mixed,body_positive_and_negative,high,body_sentiment_inference_needed
OTA full review,Jalan,jalan_1bc71b51eac26a3c,MEKAKOさん,2025/2/19,5,1点を除いて言う事なし！,お部屋も、お風呂も、お食事も想像以上に最高でした！ 唯一、食事にも部屋に行くにも階段があるので、足の悪い身には辛かったです。 貸切り風呂にも行きたかったけど、更に階段の登り降りが必要だったので断念してしまいました… でも、それを補っても余りある温かいおもてなしで、とっても満足できました！！！！,"時期:2025年2月宿泊; プラン:【アワード受賞記念】新鮮なウニ付き！関あじ・伊勢海老・豊後牛の会席プラン（朝夕お部屋食）; 価格帯:29,001～30,000円(大人１名あたり/税込); 部屋:2; 風呂:5; 料理(朝食):5; 料理(夕食):5; 接客・サービス:5 | プラン 【アワード受賞記念】新鮮なウニ付き！関あじ・伊勢海老・豊後牛の会席プラン（朝夕お部屋食） 和洋室 朝・夕 朝/部屋出し 夕/部屋出し",https://www.jalan.net/yad322964/kuchikomi/archive/,1,private_bath;food,raw/jalan/archive_page_2.html,cp932,mixed,body_positive_and_negative,high,body_sentiment_inference_needed
OTA full review,Jalan,jalan_3f8ef75e1972bf8c,る～がさん,2025/2/18,5,満足な別府旅行,離れの露天風呂付きのお部屋に宿泊しました。部屋のお風呂と露天風呂とどちらも大変気持ちよく、何度も入浴できて最高でした。食事も、離れ内のお部屋でゆっくりと食べることができ、まわりに気を使うことなく快適でした。夕食は、夫婦とも伊勢海老の殻とエラのみ残し、すべて完食。一品一品が、ちょうどよい量であること、味がしっかりしつつも濃くないこと、食材にこだわっていること、一品一品の食材がかぶらないためたくさんの食材を楽しめること、などなどの理由から、飽きることなく最後まで楽しむことができました。おいしかったです！料理長様、ありがとうございました。 地獄めぐりにも近く、コンビニもすぐそこにあり立地もいいと思いました。朝は、部屋で豆から挽いたコーヒーをおいしく楽しむことができ、本当に満足な滞在となりました。夫婦仲良く、最高な旅となりました。また、利用したいと思っています。,"時期:2025年2月宿泊; プラン:【スタンダード】関あじ・伊勢海老・豊後牛！旬の食材を使用した割烹会席プラン(１泊２食付／朝夕お部屋食); 価格帯:29,001～30,000円(大人１名あたり/税込); 部屋:5; 風呂:5; 料理(朝食):5; 料理(夕食):5; 接客・サービス:5 | プラン 【スタンダード】関あじ・伊勢海老・豊後牛！旬の食材を使用した割烹会席プラン(１泊２食付／朝夕お部屋食) 和洋室 朝・夕 朝/部屋出し 夕/部屋出し",https://www.jalan.net/yad322964/kuchikomi/archive/,1,room_open_air_bath;room_bath;food;access,raw/jalan/archive_page_2.html,cp932,positive,body_positive,high,body_sentiment_inference_needed
OTA full review,Jalan,jalan_902a085cc02dd941,ゆうたんさん,2025/2/14,5,お酒がすすむ宿でした◎,離れのお部屋に泊まらせていただきました！ 20代前半のカップルで宿泊しました！ 【お部屋】 お食事するところと、寝室が別の階で分かれていました！広さがちょうどよく、景色も綺麗でしたし、とても清潔感がありました！ 加湿機能付きの空気清浄機や、コーヒーマシンなどありがたいアメニティが多かったです◎ 【お食事】 夕食はスタンダードなお料理をいただきましたが、十分な量で、お味もお酒とてもすすむ美味しいご飯でした！日本酒も美味しかったですがカボスサワー美味しかったです！ 朝食もご飯のお供がたくさんありました！ただだんご汁の味が少し薄い気がして、そういうものなのか存じ上げませんが、少し濃かったら嬉しかったです泣 【お風呂】 お部屋に内湯と露天風呂がついていたのですが、完全に冷めてから入るには30分程度お湯にするのには時間がかかったので少し余裕を持ってお好みの温度にお湯の準備をする方がいいと思います◎ 貸切風呂も一つ利用させていただきましたが、内湯と露天風呂がついておりどちらも温度調整ができるのがありがたかったです！ 朝は私たちが入ると思って用意してくださったようで、申し訳なかったです泣 【接客】 どの方も優しく親切で、温かい接客でした。ご親切にしてくださり、ありがとうございました！ お値段もお手頃で、設備も良く、接客もお料理も良かったのでとってもおすすめです◎日本酒も美味しいです！！ ぜひ行ってみてください！お世話になりました♪,"時期:2025年2月宿泊; プラン:【じゃらんのお得な10日間】関あじ＆豊後牛など旬の食材を使用した割烹会席(１泊２食／朝夕お部屋食）; 価格帯:28,001～29,000円(大人１名あたり/税込); 部屋:5; 風呂:5; 料理(朝食):4; 料理(夕食):5; 接客・サービス:5 | プラン 【じゃらんのお得な10日間】関あじ＆豊後牛など旬の食材を使用した割烹会席(１泊２食／朝夕お部屋食） 和洋室 朝・夕 朝/部屋出し 夕/部屋出し",https://www.jalan.net/yad322964/kuchikomi/archive/,1,room_bath;private_bath;temperature_cold;food,raw/jalan/archive_page_2.html,cp932,mixed,conditional_signal_tag,medium,body_sentiment_inference_needed
OTA full review,Jalan,jalan_b8d851ee0d5320ed,のりさん,2025/2/8,3,旦那さんの誕生日の記念に,別府にはよく行きますが、こちらは初めて利用しました。まず駐車場が分かりにくい。お部屋は離れでしたが、綺麗でそれは良かったです。部屋の眼下に公園があり、露天風呂は何となく周りが気になり、湯浴みタオルもありましたが、私は入りませんでした。口コミにお風呂が冷えて朝は入れなかったとあったので、毎回確認しぬるくなると自分達が入る前からお湯を入れていましたが、フロントからお風呂の温度が熱くなってるので、とお湯を入れる度に電話があり、それが凄く嫌でした。宿の方は、親切で連絡をされたのかもしれませんが、自分達でちゃんと確かめて入りますし、ストレスです。朝食の準備をして頂き、声を掛けてもらったので部屋にいきましたが、寒い。暖房を入れておいて欲しかったです。それと、仕方ない事かと思いますが、じゃらんで予約した際コメントに旦那さんの誕生日で利用と記入していたので、一言おめでとう御座いますと声をかけてもらえるかな、と少し思っていたのですが…記念日プランにはしていなかったのでしょうがないのかもですね。料理はとても美味しかったです。,"時期:2025年1月宿泊; プラン:【スタンダード】関あじ・伊勢海老・豊後牛！旬の食材を使用した割烹会席プラン(１泊２食付／朝夕お部屋食); 価格帯:30,001円以上(大人１名あたり/税込); 部屋:4; 風呂:3; 料理(朝食):5; 料理(夕食):5; 接客・サービス:2 | プラン 【スタンダード】関あじ・伊勢海老・豊後牛！旬の食材を使用した割烹会席プラン(１泊２食付／朝夕お部屋食) 和洋室 朝・夕 朝/部屋出し 夕/部屋出し",https://www.jalan.net/yad322964/kuchikomi/archive/,1,food;access,raw/jalan/archive_page_2.html,cp932,mixed,body_positive_and_negative,high,body_sentiment_inference_needed
OTA full review,Jalan,jalan_d4c3aeaf241dd86c,アトムさん,2025/2/2,5,風呂が良かった,部屋にコーヒーメーカーとコーヒー豆も置いてあり美味しいコーヒーを飲むことが出来ました、風呂は岩風呂で気持ちよく入ることが出来食事も美味しく頂き接客業務も心がこもっていました、また行きたいと思います,"時期:2025年1月宿泊; プラン:【スタンダード】関あじ・伊勢海老・豊後牛！旬の食材を使用した割烹会席プラン(１泊２食付／夕食お部屋食); 価格帯:26,001～27,000円(大人１名あたり/税込); 部屋:5; 風呂:5; 料理(朝食):5; 料理(夕食):5; 接客・サービス:5 | プラン 【スタンダード】関あじ・伊勢海老・豊後牛！旬の食材を使用した割烹会席プラン(１泊２食付／夕食お部屋食) 和室 朝・夕 朝/個室利用 夕/部屋出し",https://www.jalan.net/yad322964/kuchikomi/archive/,1,food,raw/jalan/archive_page_2.html,cp932,positive,body_positive,high,body_sentiment_inference_needed
OTA full review,Jalan,jalan_d36fb2ededb3a46d,TOMさん,2025/2/1,5,全てに最高。別府観光にオススメの宿！,今回2名で利用させていただきましたが、離れの宿かつ部屋食でしたので、子ども連れでも最高だと思いました。食事も部屋に付いている露天風呂も素晴らしい！ 真冬の利用でしたが、暖かく過ごすことができました。 近所にコンビニもあり、観光名所からのアクセスも考えて、立地条件もgoodです。,"時期:2025年1月宿泊; プラン:【スタンダード】関あじ・伊勢海老・豊後牛！旬の食材を使用した割烹会席プラン(１泊２食付／朝夕お部屋食); 価格帯:29,001～30,000円(大人１名あたり/税込); 部屋:5; 風呂:5; 料理(朝食):5; 料理(夕食):5; 接客・サービス:5 | プラン 【スタンダード】関あじ・伊勢海老・豊後牛！旬の食材を使用した割烹会席プラン(１泊２食付／朝夕お部屋食) 和室 朝・夕 朝/部屋出し 夕/部屋出し",https://www.jalan.net/yad322964/kuchikomi/archive/,1,food;access,raw/jalan/archive_page_2.html,cp932,positive,body_positive,high,body_sentiment_inference_needed
OTA full review,Jalan,jalan_2373e9a954308d17,シゲちゃんさん,2025/1/31,5,食事が最高でした。,妻と一緒に2度目の鉄輪温泉に行きました。じゃらんさんで高評価だったのでハ葉さんに一泊二日で泊まりましたが旅館も新しく清潔感もあり部屋も広くてまた、別府湾の夜景を見ながらの夕食は、格別で家族風呂も広くて露天風呂もあり凄く気持ち良かったです。スタッフの皆さんも接客も素晴らしく親切にしてくれ見も心も温まりました。本当ありがとうございます。今度は離れの翠葉に泊まりたいと思います。,"時期:2025年1月宿泊; プラン:【スタンダード】関あじ・伊勢海老・豊後牛！旬の食材を使用した割烹会席プラン(１泊２食付／夕食お部屋食); 価格帯:24,001～25,000円(大人１名あたり/税込); 部屋:5; 風呂:5; 料理(朝食):5; 料理(夕食):5; 接客・サービス:5 | プラン 【スタンダード】関あじ・伊勢海老・豊後牛！旬の食材を使用した割烹会席プラン(１泊２食付／夕食お部屋食) 和室 朝・夕 朝/個室利用 夕/部屋出し",https://www.jalan.net/yad322964/kuchikomi/archive/,1,family_bath;food;access,raw/jalan/archive_page_2.html,cp932,positive,body_positive,high,body_sentiment_inference_needed
OTA full review,Jalan,jalan_c58d859dad081f10,ひげおさん,2025/1/27,5,飯に大満足,夫婦旅行でお世話になりました。 食事重視で旅館決めさせていただきましたが、 幸せな時間になりました。 何よりも関サバ。 山子の田舎者には、サバを刺し身で頂く事がないので、感動。 美味すぎました。 ごちそうさまでした～。,"時期:2025年1月宿泊; プラン:【じゃらん限定】夕食グレードアップ！視覚と味覚で料理を愉しむ～玉手箱会席プラン～（朝夕お部屋食）; 価格帯:30,001円以上(大人１名あたり/税込); 部屋:4; 風呂:3; 料理(朝食):5; 料理(夕食):5; 接客・サービス:5 | プラン 【じゃらん限定】夕食グレードアップ！視覚と味覚で料理を愉しむ～玉手箱会席プラン～（朝夕お部屋食） 和室 朝・夕 朝/部屋出し 夕/部屋出し",https://www.jalan.net/yad322964/kuchikomi/archive/,1,food,raw/jalan/archive_page_2.html,cp932,positive,body_positive,high,body_sentiment_inference_needed
OTA full review,Jalan,jalan_2de35ab24b73eb32,つんちゃんさん,2025/1/27,5,料理、温泉最高!！,露天風呂付、部屋食で調べたら出ましたので今回、初めてお世話になりました。 部屋も綺麗で景色も良くてゆっくり過ごせました。お部屋の露天風呂、内風呂には何度も入りました。食事部屋での夕食・朝食で関あじ、伊勢海老、豊後牛ステーキなどいろいろあり美味しくてゆっくり食事が出来ました。夜の鉄輪の湯けむりもライトが当たって凄く良かった。朝食も美味しくいただきました。 この度は、有難うございました。,"時期:2025年1月宿泊; プラン:【スタンダード】関あじ・伊勢海老・豊後牛！旬の食材を使用した割烹会席プラン(１泊２食付／朝夕お部屋食); 価格帯:30,001円以上(大人１名あたり/税込); 部屋:5; 風呂:5; 料理(朝食):5; 料理(夕食):5; 接客・サービス:5 | プラン 【スタンダード】関あじ・伊勢海老・豊後牛！旬の食材を使用した割烹会席プラン(１泊２食付／朝夕お部屋食) 和洋室 朝・夕 朝/部屋出し 夕/部屋出し",https://www.jalan.net/yad322964/kuchikomi/archive/,1,room_open_air_bath;food;access,raw/jalan/archive_page_2.html,cp932,positive,body_positive,high,body_sentiment_inference_needed
OTA full review,Jalan,jalan_dfd9ff206a017c4b,オトムさん,2025/1/25,5,料理が最高,久しぶりの鉄輪温泉の旅館に行きました。何時もは別府温泉や由布院温泉に行く事が多いのですが、昔良く行ってた事があって、懐かしくもあり鉄輪温泉で宿を探した所 料理が美味しいという 八葉 という旅館を見つけました。 間違いなく料理が美味しかったです。 我々には少し量が多かったかな? 接客が気持ち良かったです。,"時期:2025年1月宿泊; プラン:【アワード受賞記念】新鮮なウニ付き！関あじ・伊勢海老・豊後牛の会席プラン（夕食お部屋食）; 価格帯:25,001～26,000円(大人１名あたり/税込); 部屋:4; 風呂:3; 料理(朝食):5; 料理(夕食):5; 接客・サービス:5 | プラン 【アワード受賞記念】新鮮なウニ付き！関あじ・伊勢海老・豊後牛の会席プラン（夕食お部屋食） 和室 朝・夕 朝/個室利用 夕/部屋出し",https://www.jalan.net/yad322964/kuchikomi/archive/,1,food;access,raw/jalan/archive_page_2.html,cp932,positive,body_positive,high,body_sentiment_inference_needed
OTA full review,Jalan,jalan_c30b1a1593344f25,ぎゅんぎゅんさん,2025/1/23,5,お料理がとても美味しかった！,夕食、朝食ともにとても美味しくいただきました。 お風呂も貸切風呂が3箇所あり、ゆっくり入れました。 部屋の露天風呂も何度も入りました。 また利用したい宿です。,"時期:2025年1月宿泊; プラン:【じゃらんスペシャルウィーク】関あじ＆伊勢海老＆豊後牛がメインの割烹会席(１泊２食／夕食お部屋食）; 価格帯:25,001～26,000円(大人１名あたり/税込); 部屋:4; 風呂:4; 料理(朝食):5; 料理(夕食):5; 接客・サービス:4 | プラン 【じゃらんスペシャルウィーク】関あじ＆伊勢海老＆豊後牛がメインの割烹会席(１泊２食／夕食お部屋食） 和室 朝・夕 朝/個室利用 夕/部屋出し",https://www.jalan.net/yad322964/kuchikomi/archive/,1,room_open_air_bath;private_bath;food,raw/jalan/archive_page_2.html,cp932,positive,body_positive,high,body_sentiment_inference_needed
OTA full review,Jalan,jalan_c4d621f8df92fe39,やまさん,2025/1/23,4,料理がとても美味しかったです,景色も良く、料理も素晴らしかったです。露天風呂に朝入ろうとした時に、夜中にお湯が止められてたのか、冷たかったのが残念でした。,"時期:2024年11月宿泊; プラン:【じゃらん限定】夕食グレードアップ！視覚と味覚で料理を愉しむ～玉手箱会席プラン～（朝夕お部屋食）; 価格帯:30,001円以上(大人１名あたり/税込); 部屋:5; 風呂:2; 料理(朝食):5; 料理(夕食):5; 接客・サービス:5 | プラン 【じゃらん限定】夕食グレードアップ！視覚と味覚で料理を愉しむ～玉手箱会席プラン～（朝夕お部屋食） 和洋室 朝・夕 朝/部屋出し 夕/部屋出し",https://www.jalan.net/yad322964/kuchikomi/archive/,1,food,raw/jalan/archive_page_2.html,cp932,mixed,body_positive_and_negative,high,body_sentiment_inference_needed
OTA full review,Jalan,jalan_33ab9e771b5a2a68,けいさん,2025/1/18,4,久しぶりの別府宿泊,クチコミ等を参考に利用しました。 料理は量も適量で味も大変満足しました。 温泉付きの部屋でしたが温泉がかけ流しでないので、 お湯が冷めてしまい、朝起きてしばらくお湯の入れ替えをするのに時間がかかったのが残念でした。,"時期:2025年1月宿泊; プラン:【アワード受賞記念】新鮮なウニ付き！関あじ・伊勢海老・豊後牛の会席プラン（夕食お部屋食）; 価格帯:26,001～27,000円(大人１名あたり/税込); 部屋:4; 風呂:3; 料理(朝食):5; 料理(夕食):5; 接客・サービス:4 | プラン 【アワード受賞記念】新鮮なウニ付き！関あじ・伊勢海老・豊後牛の会席プラン（夕食お部屋食） 和室 朝・夕 朝/個室利用 夕/部屋出し",https://www.jalan.net/yad322964/kuchikomi/archive/,1,source_flow;temperature_cold;food,raw/jalan/archive_page_2.html,cp932,mixed,body_positive_and_negative,high,body_sentiment_inference_needed
OTA full review,Jalan,jalan_a10b024243e86408,ルビーさん,2025/1/16,5,食事のクオリティー半端なく素敵です,夕食がどれをとってもおいしく大満足でした。刺身も新鮮でおいしかったですし、お料理がどれも丁寧で、味付けも素材のうま味を最大限に引き出すような味付けで感動ものでした。そしてすすめられて頂いた冷酒「よこやま」が料理によくあい、とてもおいしかったです。朝食もどれもおいしく、特に”だご汁”は絶品でした。お部屋についていた露天風呂も最高でしたし、しっかりと記憶に残る思い出となりました。ありがとうございました。是非また伺いたいと思います。ただ、駐車場とそこからフロントまでの導線（案内と足元）については、もう少し親切であってもいいように思われました。,"時期:2025年1月宿泊; プラン:【アワード受賞記念】新鮮なウニ付き！関あじ・伊勢海老・豊後牛の会席プラン（夕食お部屋食）; 価格帯:26,001～27,000円(大人１名あたり/税込); 部屋:4; 風呂:5; 料理(朝食):5; 料理(夕食):5; 接客・サービス:5 | プラン 【アワード受賞記念】新鮮なウニ付き！関あじ・伊勢海老・豊後牛の会席プラン（夕食お部屋食） 和室 朝・夕 朝/個室利用 夕/部屋出し",https://www.jalan.net/yad322964/kuchikomi/archive/,1,food;access,raw/jalan/archive_page_2.html,cp932,positive,body_positive,high,body_sentiment_inference_needed
OTA full review,Jalan,jalan_a2269c750ec18192,くりさん,2025/1/14,4,食事が美味しい,部屋は眺めはよく、綺麗にしてありましたが、洗面所にコップがないのと、騒音が気になりました。隣に家族連れがいたようで終始ドタドタしてました。離れがあいてれば、ゆっくり過ごせたかなと。貸切風呂は2度入りましたが、掃除が行き届いてない気がしました。気になったことはちょこちょこありましたが、夜ご飯はとても美味しかったです。食事の時対応してくださった方もその他の方もみなさん気持ちの良い対応してくださり、そこはよかったです。,"時期:2025年1月宿泊; プラン:【アワード受賞記念】新鮮なウニ付き！関あじ・伊勢海老・豊後牛の会席プラン（夕食お部屋食）; 価格帯:24,001～25,000円(大人１名あたり/税込); 部屋:3; 風呂:3; 料理(朝食):4; 料理(夕食):5; 接客・サービス:4 | プラン 【アワード受賞記念】新鮮なウニ付き！関あじ・伊勢海老・豊後牛の会席プラン（夕食お部屋食） 和室 朝・夕 朝/個室利用 夕/部屋出し",https://www.jalan.net/yad322964/kuchikomi/archive/,1,private_bath;food,raw/jalan/archive_page_2.html,cp932,mixed,body_positive_and_negative,high,body_sentiment_inference_needed
OTA full review,Jalan,jalan_9846fcea2ea54bdf,はぎちゃんさん,2025/1/12,5,食事が非常に美味しかった。,食事と風呂は完璧です。久しぶりこんな美味しい料理を食べました。部屋もよかったです。１つ残念なのは部屋が寒くて眠れませんでした。一番寒い日だったので仕方ないけど風呂と部屋の暖房は考えて欲しいです。もったいない。,"時期:2025年1月宿泊; プラン:【じゃらんのお得な10日間】関あじ＆豊後牛など旬の食材を使用した割烹会席(１泊２食／夕食お部屋食）; 価格帯:26,001～27,000円(大人１名あたり/税込); 部屋:3; 風呂:4; 料理(朝食):5; 料理(夕食):5; 接客・サービス:5 | プラン 【じゃらんのお得な10日間】関あじ＆豊後牛など旬の食材を使用した割烹会席(１泊２食／夕食お部屋食） 和室 朝・夕 朝/個室利用 夕/部屋出し",https://www.jalan.net/yad322964/kuchikomi/archive/,1,food,raw/jalan/archive_page_2.html,cp932,mixed,body_positive_and_negative,high,body_sentiment_inference_needed
OTA full review,Jalan,jalan_5ecb81377b13c3c4,しかくさん,2025/1/2,4,貸切温泉とお食事で、最高のひと時を過ごせました！,夫婦で利用しました。 こぢんまりとした旅館で、接客に始まり、お部屋の清潔さ、お風呂、お食事、すべて大満足です。 予約した時点で、露天風呂付きの部屋は埋まっていたので、お部屋に露天風呂はついていないプランでしたが、貸切風呂を夜と朝に利用しました。温泉が出る蛇口と水が出る蛇口があり、好みの温度に調整するタイプで、内湯も露天風呂も最高でした！肌がつるつるになりました♪ また、夕飯も朝食もおいしく、量がたくさんでしたがぺろっと平らげ、大満足でした。 お食事を持ってきてくださる方やお風呂の受付をしてくださった方など、旅館のみなさまもとても親切に接客をしてくださり、素敵な思い出になりました。鉄輪温泉、大好きになったので、また近々泊まりたいです。,"時期:2024年11月宿泊; プラン:【スタンダード】関あじ・伊勢海老・豊後牛！旬の食材を使用した割烹会席プラン(１泊２食付／夕食お部屋食); 価格帯:29,001～30,000円(大人１名あたり/税込); 部屋:4; 風呂:5; 料理(朝食):4; 料理(夕食):4; 接客・サービス:4 | プラン 【スタンダード】関あじ・伊勢海老・豊後牛！旬の食材を使用した割烹会席プラン(１泊２食付／夕食お部屋食) 和室 朝・夕 朝/個室利用 夕/部屋出し",https://www.jalan.net/yad322964/kuchikomi/archive/,1,room_open_air_bath;room_bath;private_bath;water_texture;food;access,raw/jalan/archive_page_2.html,cp932,positive,body_positive,high,body_sentiment_inference_needed
OTA full review,Jalan,jalan_02e80ccb81734ef5,セイントさん,2025/1/1,5,初の鉄輪温泉,子どもたちを連れての初の鉄輪温泉旅行でした。お部屋の露天風呂も本当に気持ちよかったですが、貸し切りの露天風呂もあり、どちらも広々としていて子どもたちも大喜びでした。また、４歳の息子は肌が弱いので、どうしてもこの乾燥する季節は赤く荒れてしまっていましたが、こちらの温泉に入ると次の日には綺麗になっていて、さすが別府温泉の名湯と思いました。 夕飯はお部屋食でしたが、関アジや伊勢海老の刺し身など本当に美味しくて大満足でした。 本当にありがとうございました！また、鉄輪温泉に伺った際には、是非泊まらせていただきたいと思います。,"時期:2024年12月宿泊; プラン:【じゃらんのお得な10日間】関あじ＆豊後牛など旬の食材を使用した割烹会席(１泊２食／夕食お部屋食）; 価格帯:25,001～26,000円(大人１名あたり/税込); 部屋:5; 風呂:5; 料理(朝食):5; 料理(夕食):5; 接客・サービス:5 | プラン 【じゃらんのお得な10日間】関あじ＆豊後牛など旬の食材を使用した割烹会席(１泊２食／夕食お部屋食） 和室 朝・夕 朝/個室利用 夕/部屋出し",https://www.jalan.net/yad322964/kuchikomi/archive/,1,room_open_air_bath;private_bath;water_texture;food;access,raw/jalan/archive_page_2.html,cp932,positive,body_positive,high,body_sentiment_inference_needed
OTA full review,Jalan,jalan_89038920ef90b0c1,ｂａｎｓａｎ38さん,2024/12/27,4,美味しい料理,お世話になりました。 和洋室だったので、ベッドだと思いましたが和室でした。 階段も多く、膝が悪いのでちょっと応えました。 お風呂もいいお湯でしたが、源泉掛け流しでは無かったです。 お料理は大変美味しく頂きました。 スタッフの方も一生懸命で感じが良かったです。,"時期:2024年12月宿泊; プラン:【じゃらんスペシャルウィーク】関あじ＆伊勢海老＆豊後牛がメインの割烹会席(１泊２食／朝夕お部屋食）; 価格帯:28,001～29,000円(大人１名あたり/税込); 部屋:3; 風呂:2; 料理(朝食):5; 料理(夕食):5; 接客・サービス:5 | プラン 【じゃらんスペシャルウィーク】関あじ＆伊勢海老＆豊後牛がメインの割烹会席(１泊２食／朝夕お部屋食） 和洋室 朝・夕 朝/部屋出し 夕/部屋出し",https://www.jalan.net/yad322964/kuchikomi/archive/,1,source_flow;food,raw/jalan/archive_page_2.html,cp932,mixed,body_positive_and_negative,high,body_sentiment_inference_needed
OTA full review,Jalan,jalan_6f4ea2ce116c59ec,はこささん,2024/12/26,4,食事最高！,夕食も朝食もボリュームあり とても美味しく頂きました！ スタッフの皆さんの対応も温かくとても好感もてました。 こちらのミスではありますが 脚の悪い母との滞在で和室の利用でしたのでベッドではなかったのと露天風呂に手すりがなかったので今度は和洋室を予約しようと思っています。 母親もとても食事も美味しく楽しかったと話していました。 温かい声掛け対応ありがとうございました♪ 今度は子供達も一緒に伺いたいと思います。人に薦めたくなるお宿でした。ありがとうございました♪,"時期:2024年12月宿泊; プラン:【じゃらんのお得な10日間】関あじ＆豊後牛など旬の食材を使用した割烹会席(１泊２食／夕食お部屋食）; 価格帯:25,001～26,000円(大人１名あたり/税込); 部屋:4; 風呂:4; 料理(朝食):5; 料理(夕食):5; 接客・サービス:5 | プラン 【じゃらんのお得な10日間】関あじ＆豊後牛など旬の食材を使用した割烹会席(１泊２食／夕食お部屋食） 和室 朝・夕 朝/個室利用 夕/部屋出し",https://www.jalan.net/yad322964/kuchikomi/archive/,1,food,raw/jalan/archive_page_2.html,cp932,mixed,body_positive_and_negative,high,body_sentiment_inference_needed
OTA full review,Jalan,jalan_c61d32e8151d855f,さつまいもさん,2024/12/20,5,ゆっくり温泉も食事も楽しめる,今回2度目の宿泊です 1度目が良くて今年もここに宿泊しました メゾネットタイプの離れで凄くよかったです 食事も旬の物を美味しくいただきました 前回は入ってない貸切露天風呂も利用して温泉がよかったです 別府の湯けむりもよく見えます 従業員さん、女将さんのお心遣いがとても嬉しかったです ありがとうございました,"時期:2024年12月宿泊; プラン:【じゃらん限定】夕食グレードアップ！視覚と味覚で料理を愉しむ～玉手箱会席プラン～（朝夕お部屋食）; 価格帯:30,001円以上(大人１名あたり/税込); 部屋:5; 風呂:5; 料理(朝食):5; 料理(夕食):5; 接客・サービス:5 | プラン 【じゃらん限定】夕食グレードアップ！視覚と味覚で料理を愉しむ～玉手箱会席プラン～（朝夕お部屋食） 和室 朝・夕 朝/部屋出し 夕/部屋出し",https://www.jalan.net/yad322964/kuchikomi/archive/,1,private_bath;food,raw/jalan/archive_page_2.html,cp932,positive,body_positive,high,body_sentiment_inference_needed
OTA full review,Jalan,jalan_e6a191cf516ee209,ayaさん,2024/12/16,5,全ておススメ,25年ぶりに夫婦で大人旅をと、こちらのお宿に決めました。離れの宿は2階のお部屋でお食事をゆっくりといただくことができました。1階のお部屋は内風呂と露天風呂があり、お部屋からは別府湾と別府の湯けむりの街並みが見えて日常を忘れてしまうほどでした。次の日の朝は、貸切露天風呂に入り、こちらも内風呂と露天風呂を楽しむことができました。夕・朝のお食事も最高でした。旅館の皆さまのおもてなしを感じながら楽しく過ごすことができました。ありがとうございました。,"時期:2024年12月宿泊; プラン:【スタンダード】関あじ・伊勢海老・豊後牛！旬の食材を使用した割烹会席プラン(１泊２食付／朝夕お部屋食); 価格帯:29,001～30,000円(大人１名あたり/税込); 部屋:5; 風呂:5; 料理(朝食):5; 料理(夕食):5; 接客・サービス:5 | プラン 【スタンダード】関あじ・伊勢海老・豊後牛！旬の食材を使用した割烹会席プラン(１泊２食付／朝夕お部屋食) 和洋室 朝・夕 朝/部屋出し 夕/部屋出し",https://www.jalan.net/yad322964/kuchikomi/archive/,1,private_bath;food,raw/jalan/archive_page_2.html,cp932,positive,body_positive,high,body_sentiment_inference_needed
OTA full review,Jalan,jalan_a4cd50ac5407efdf,カズユキさん,2024/12/15,5,全てが完璧な宿,タイトルの通り、全てが完璧でした。 お風呂は部屋に内風呂と露天風呂、共用スペースに貸切の家族風呂とあり、露天風呂からの景色が良く、雰囲気がとても良かったです。温度調節が自分でできるのでちょうどいい湯加減で入浴できました。 食事は朝食も夕食も部屋食でした。聞くと料理長がこだわりのある方らしく、全て絶品でしたが特に初めて食べた関アジは美味しくて驚きました。 また、こちらの急な要望にも迅速に対応していただき、宿の方には大変感謝しています。 女将さんがとても良い人でためになる話をたくさん聞かせてもらいました。関アジを目利きしているのも女将さんらしく、とてもすごい方でした。 まとめると、全てが満点以上の宿でした。また旅行できたときも泊まりたいです。次回は関サバを食べてみたいです。,"時期:2024年12月宿泊; プラン:【スタンダード】関あじ・伊勢海老・豊後牛！旬の食材を使用した割烹会席プラン(１泊２食付／朝夕お部屋食); 価格帯:29,001～30,000円(大人１名あたり/税込); 部屋:5; 風呂:5; 料理(朝食):5; 料理(夕食):5; 接客・サービス:5 | プラン 【スタンダード】関あじ・伊勢海老・豊後牛！旬の食材を使用した割烹会席プラン(１泊２食付／朝夕お部屋食) 和洋室 朝・夕 朝/部屋出し 夕/部屋出し",https://www.jalan.net/yad322964/kuchikomi/archive/,1,private_bath;family_bath;food,raw/jalan/archive_page_2.html,cp932,positive,body_positive,high,body_sentiment_inference_needed
OTA full review,Jalan,jalan_c7664282e5f961ae,Hitaさん,2024/12/14,4,料理がとても良かったです,口コミや宿のホームページを参考にして、クリスマスを兼ねて利用させていただきました。 大分名物である関あじはもちろん、蓋物、おおいた和牛のほかすべてボリュームもありとても美味しかったです。釜炊きの御飯、真っ白で甘味もあって美味しかったです。 このプランのケーキも派手過ぎずフルーツも厚切りでこれまた美味しくて二人でペロリといただきました。 朝食も良かったですよ～。アジの開きも大分名物だんご汁も食べられたし。お腹いっぱいになりました。 別府湾を遠くに見る部屋と食事部屋からの眺めもたくさんの湯けむりが夜朝ともおんせん県を象徴する景色で最高でした。 部屋風呂は真夜中に入ろうとしたら温泉が出ず朝6時まで入れませんでした。てっきり24時間源泉掛け流しだと思っていたので、おんっせん県の温泉を贅沢で十二分に楽しめなかったのは残念でした。 あと、内湯と露天へのアクセスが仕切窓を抜けて行くのが危なさを感じたし、なんだか悪いこことしてるみたいな気がしました。ドアに改造した方がいいと思います。 総じて良かったです。,"時期:2024年12月宿泊; プラン:【記念日プラン】大切な人と過ごすひとときに…ケーキ＆ノンアルスパークリングワイン付き(朝夕お部屋食）; 価格帯:30,001円以上(大人１名あたり/税込); 部屋:4; 風呂:4; 料理(朝食):5; 料理(夕食):5; 接客・サービス:4 | プラン 【記念日プラン】大切な人と過ごすひとときに…ケーキ＆ノンアルスパークリングワイン付き(朝夕お部屋食） 和洋室 朝・夕 朝/部屋出し 夕/部屋出し",https://www.jalan.net/yad322964/kuchikomi/archive/,1,room_bath;source_flow;food;access,raw/jalan/archive_page_2.html,cp932,mixed,body_positive_and_negative,high,body_sentiment_inference_needed
OTA full review,Jalan,jalan_4d5e4645b3bc5672,さぁぁぁちんさん,2024/12/5,5,とにかくお料理が最高でした,今年、5軒目にお世話になったお宿です。 とにかくお料理がよかった。夕食はもちろん、朝食も最高でした。 丁寧に作って頂いたお料理をありがたく頂く。とても、幸せな1泊でした。 今回は、10年ぶりの夫婦旅行でした。お部屋も清潔感があり、夫婦２人でゆっくりと過ごす事ができました。 普段は、家族が多い為、みんなで利用するには、室内のお風呂（温泉）が少し狭いかな？と感じる所ですが、家族風呂もある為、全く問題はないと思います。ぜひまた利用したいです。,"時期:2024年10月宿泊; プラン:【じゃらんのお得な10日間】関あじ＆豊後牛など旬の食材を使用した割烹会席(１泊２食／朝夕お部屋食）; 価格帯:28,001～29,000円(大人１名あたり/税込); 部屋:5; 風呂:5; 料理(朝食):5; 料理(夕食):5; 接客・サービス:5 | プラン 【じゃらんのお得な10日間】関あじ＆豊後牛など旬の食材を使用した割烹会席(１泊２食／朝夕お部屋食） 和洋室 朝・夕 朝/部屋出し 夕/部屋出し",https://www.jalan.net/yad322964/kuchikomi/archive/,1,family_bath;small_bath_or_room;food,raw/jalan/archive_page_2.html,cp932,mixed,body_positive_and_negative,high,body_sentiment_inference_needed
OTA full review,Jalan,jalan_f4f55cef7796700d,まーさんさん,2024/12/2,1,まーさんさんのクチコミ,風呂は館内の貸切風呂の部屋に止まりました。 貸切風呂は我が家の部屋の湯船が岩風呂になったようなところで（３畳弱？）二人がギリギリ。うちの方が風情はないけれどゆったりしていたかな(^_^)。フロントで鍵を借りないと入れず、母と妻が入りに行った後に息子と二人で入ろうと思ったら、母たちが出てくるまで待ってくださいと言われてしまいました（一つは空いていたと思ったのですが・・・）。小さい風呂なので掛け流しではなく、ぬるかったらコックをひねって温泉を入れるシステムなのですが、朝入ったら湯を足そうとするとどんどんぬるくなってしまい、風邪を引きそうになったので、早々に出てきました。 食事は良かったです。母が高齢なので、部屋食で良いなと思っていたのですが、我々だけだからと食堂での食事を勧められて、それはそれで良かったです。が、今思うと、早く布団の準備をしたかったのかなと・・・。 ゆっくり夕食を食べて泊まりに行くなら良いと思いますが、「温泉」は期待してはいけません。,"時期:2024年11月宿泊; プラン:【アワード受賞記念】通常より5%OFF&旬のウニ付き！関あじ・伊勢海老・豊後牛の会席プラン（夕食お部屋食）; 価格帯:24,001～25,000円(大人１名あたり/税込); 部屋:3; 風呂:1; 料理(朝食):5; 料理(夕食):5; 接客・サービス:3 | プラン 【アワード受賞記念】通常より5%OFF&旬のウニ付き！関あじ・伊勢海老・豊後牛の会席プラン（夕食お部屋食） 和室 朝・夕 朝/個室利用 夕/部屋出し",https://www.jalan.net/yad322964/kuchikomi/archive/,1,private_bath;source_flow;small_bath_or_room;food,raw/jalan/archive_page_2.html,cp932,mixed,body_positive_and_negative,high,body_sentiment_inference_needed
OTA full review,Jalan,jalan_0cb27385e3fb1d58,直ちゃんさん,2024/11/30,5,有り難う、感謝です。,よく夫婦で、旅行します。またお世話になりたい宿には、なかなか出会えません。接客◯、食事◎部屋お風呂◯サービスも本当に良かった。また、来年、関サバ、ウニ食べに行きますね。有難うございます。お世話になりました。,"時期:2024年11月宿泊; プラン:【スタンダード】関あじ・伊勢海老・豊後牛！旬の食材を使用した割烹会席プラン(１泊２食付／朝夕お部屋食); 価格帯:29,001～30,000円(大人１名あたり/税込); 部屋:5; 風呂:4; 料理(朝食):4; 料理(夕食):5; 接客・サービス:5 | プラン 【スタンダード】関あじ・伊勢海老・豊後牛！旬の食材を使用した割烹会席プラン(１泊２食付／朝夕お部屋食) 和洋室 朝・夕 朝/部屋出し 夕/部屋出し",https://www.jalan.net/yad322964/kuchikomi/archive/,1,food,raw/jalan/archive_page_2.html,cp932,positive,body_positive,high,body_sentiment_inference_needed
OTA full review,Jalan,jalan_aeae446616ef235e,ペンさん,2024/11/28,4,料理が素晴らしい！,夕食(関サバ、豊後和牛)が素晴らしく、朝食も品数多く大満足。一方、建物の外に宿の名前の看板がない！ 隠れ家狙いなのかもしれないが、ナビだけではたどりつけず、何度も電話で確認が必要だった。そこはいかがなものかと。また、風呂が都度フロントにカギを借りる必要があり、気楽に風呂に向かえる感じではない。また、家族三人だったので少し狭かった。,"時期:2024年11月宿泊; プラン:【じゃらんスペシャルウィーク】関あじ＆伊勢海老＆豊後牛がメインの割烹会席(１泊２食／夕食お部屋食）; 価格帯:22,001～23,000円(大人１名あたり/税込); 部屋:4; 風呂:4; 料理(朝食):5; 料理(夕食):5; 接客・サービス:4 | プラン 【じゃらんスペシャルウィーク】関あじ＆伊勢海老＆豊後牛がメインの割烹会席(１泊２食／夕食お部屋食） 和室 朝・夕 朝/個室利用 夕/部屋出し",https://www.jalan.net/yad322964/kuchikomi/archive/,1,small_bath_or_room;food,raw/jalan/archive_page_2.html,cp932,mixed,body_positive_and_negative,high,body_sentiment_inference_needed
OTA full review,Jalan,jalan_ad6909ff3c310c05,ショウエイさん,2024/11/23,5,料理に部屋にお風呂にさいこ～。,今回は夫婦旅行で利用させてもらいました。 着いて5分後には、露天風呂へダイブ、さいこ～。 夕食後は貸切露天風呂さいこ～。 寝る前にも湯けむりを見ながらの露天風呂さいこ～。 朝焼けからの日の出を見ながらの露天風呂さいこ～。 泉質も良いのでしょう。風呂上がりはお肌すべすべでした。 夕食は大分和牛に関アジに他の料理も料理長の手が込んだ料理はさいこ～。デザートもさいこ～。 朝食もさいこ～でしたが、一つ言えば、おかわり分のご飯があればまじでさいこ～。 本当に、良き夫婦時間を過ごすことができました。 これもさいこ～。 また、利用したいと思わせてくれる旅館でした。,"時期:2024年11月宿泊; プラン:【じゃらんスペシャルウィーク】関あじ＆伊勢海老＆豊後牛がメインの割烹会席(１泊２食／朝夕お部屋食）; 価格帯:28,001～29,000円(大人１名あたり/税込); 部屋:5; 風呂:5; 料理(朝食):4; 料理(夕食):5; 接客・サービス:5 | プラン 【じゃらんスペシャルウィーク】関あじ＆伊勢海老＆豊後牛がメインの割烹会席(１泊２食／朝夕お部屋食） 和洋室 朝・夕 朝/部屋出し 夕/部屋出し",https://www.jalan.net/yad322964/kuchikomi/archive/,1,private_bath;water_texture;food,raw/jalan/archive_page_2.html,cp932,positive,body_positive,high,body_sentiment_inference_needed
OTA full review,Jalan,jalan_d1b81333a707b7c5,とーたさん,2024/11/23,5,客室露天風呂が良い,部屋タイプ:葉雫を夫婦で利用しました。 入り口の外観の第一印象は、こじんまりとしたお宿という印象でしたが、 部屋に案内されると、宿の部屋の写真から思い浮かべてたより1.2倍ほど広い玄関・洗面・居住スペースでした。 客室露天風呂はちょうどよい大きさです。 あと何より夜ご飯がおいしかったです。 総合的に星5です。 ※現金払いなのを事前確認してなかったので一瞬焦りましたが、持ち合わせがありました。皆さんはお気をつけて。,"時期:2024年11月宿泊; プラン:【スタンダード】関あじ・伊勢海老・豊後牛！旬の食材を使用した割烹会席プラン(１泊２食付／夕食お部屋食); 価格帯:27,001～28,000円(大人１名あたり/税込); 部屋:5; 風呂:5; 料理(朝食):5; 料理(夕食):5; 接客・サービス:5 | プラン 【スタンダード】関あじ・伊勢海老・豊後牛！旬の食材を使用した割烹会席プラン(１泊２食付／夕食お部屋食) 和室 朝・夕 朝/個室利用 夕/部屋出し",https://www.jalan.net/yad322964/kuchikomi/archive/,1,room_open_air_bath;food,raw/jalan/archive_page_3.html,cp932,positive,rating_positive_signal,medium,body_sentiment_inference_needed
OTA full review,Jalan,jalan_26c1d0b8cf2e2efb,はなちゃんさん,2024/11/21,4,女将さん最高,今回は子供と孫と3人で家族旅行で 予約させて頂きました。駐車場の場所がわかりにくく 尋ねに行くと親切に教えて頂き助かりました ただ 玄関の所に荷物は置いたまま 部屋だけ案内されかなりの時間がたったと思います 荷物大丈夫かなと心配になりました。 それからお茶をお待ちすると行って結局来なくて 夜の食事の直前に持って来たので 今更とは思いました… その時は宿選び失敗したかなと思ってしまいました。 そこからの復活は凄かったです 夜の食事は大満足で 大変美味しかったです ウニは最高でした お風呂の 貸切風呂も丁度いい大きさの岩風呂で 熱さもすぐ調節でき 気持ち良かったです タオルは1枚ずつではなく せめてフェイスタオルを置いて頂くと大変良いかと思います 朝ご飯の時に女将さんとお会いして 優しく色々 食事の説明をして頂いたり 話しをしてくれました。またウニを食べに 行きたいと思います,"時期:2024年11月宿泊; プラン:【期間限定】大人気のウニを増しまし！！！関あじ・伊勢海老・豊後牛の会席プラン（夕食お部屋食）; 価格帯:26,001～27,000円(大人１名あたり/税込); 部屋:3; 風呂:4; 料理(朝食):5; 料理(夕食):5; 接客・サービス:3 | プラン 【期間限定】大人気のウニを増しまし！！！関あじ・伊勢海老・豊後牛の会席プラン（夕食お部屋食） 和室 朝・夕 朝/個室利用 夕/部屋出し",https://www.jalan.net/yad322964/kuchikomi/archive/,1,private_bath;food;access,raw/jalan/archive_page_3.html,cp932,mixed,body_positive_and_negative,high,body_sentiment_inference_needed
OTA full review,Jalan,jalan_d71d7953e5f6b344,やよさん,2024/11/20,5,すごいお料理でした！,初めての九州、大分、別府でしたので、少し奮発して八葉さんにしました。 こじんまりとしたお宿、お風呂も貸し切りでゆったり入ることができました。中でもお料理（夕食・朝食とも）は本当に豪華だし、地元の食材を生かされた美味しいものばかりで、お腹一杯でしたが、すべて食べてしまいました。次別府を訪れる際も必ず泊まりたい素敵なお宿です。,"時期:2024年11月宿泊; プラン:【アワード受賞記念】通常より5%OFF&旬のウニ付き！関あじ・伊勢海老・豊後牛の会席プラン（夕食お部屋食）; 価格帯:22,001～23,000円(大人１名あたり/税込); 部屋:5; 風呂:4; 料理(朝食):5; 料理(夕食):5; 接客・サービス:5 | プラン 【アワード受賞記念】通常より5%OFF&旬のウニ付き！関あじ・伊勢海老・豊後牛の会席プラン（夕食お部屋食） 和室 朝・夕 朝/個室利用 夕/部屋出し",https://www.jalan.net/yad322964/kuchikomi/archive/,1,private_bath;food,raw/jalan/archive_page_3.html,cp932,positive,rating_positive_signal,medium,body_sentiment_inference_needed
OTA full review,Jalan,jalan_e7d89fd028f857ce,Ｋちゃんちゃんさん,2024/11/16,5,接客が良かった,接客が良かったです。話しやすく、フレンドリーな感じも好印象でした。 料理は、口コミでもあったように、とても美味しかったです。品数も多く、色々な味を楽しませていただきました。又、目でも楽しませていただきました。 内湯は少し狭めでした。 部屋の露天風呂・貸切風呂の露天風呂は、良かったのですが、雨の日対策があればもっと良かったのではと思いました。 心から満足した時間を過ごす事が出来ました。ありがとうございました。,"時期:2024年11月宿泊; プラン:【じゃらん限定】夕食グレードアップ！視覚と味覚で料理を愉しむ～玉手箱会席プラン～（朝夕お部屋食）; 価格帯:30,001円以上(大人１名あたり/税込); 部屋:4; 風呂:4; 料理(朝食):5; 料理(夕食):5; 接客・サービス:5 | プラン 【じゃらん限定】夕食グレードアップ！視覚と味覚で料理を愉しむ～玉手箱会席プラン～（朝夕お部屋食） 和洋室 朝・夕 朝/部屋出し 夕/部屋出し",https://www.jalan.net/yad322964/kuchikomi/archive/,1,room_open_air_bath;room_bath;private_bath;small_bath_or_room;food,raw/jalan/archive_page_3.html,cp932,mixed,body_positive_and_negative,high,body_sentiment_inference_needed
OTA full review,Jalan,jalan_c8093550a2d68862,えりさん,2024/11/12,5,食事が美味しかった。,接客サービスがとても良かったです！！ 食事とお風呂も良いし、立地も最高です！ また泊まりたいと思う。,"時期:2024年10月宿泊; プラン:【じゃらんスペシャルウィーク】関あじ＆伊勢海老＆豊後牛がメインの割烹会席(１泊２食／夕食お部屋食）; 価格帯:22,001～23,000円(大人１名あたり/税込); 部屋:5; 風呂:5; 料理(朝食):5; 料理(夕食):5; 接客・サービス:5 | プラン 【じゃらんスペシャルウィーク】関あじ＆伊勢海老＆豊後牛がメインの割烹会席(１泊２食／夕食お部屋食） 和室 朝・夕 朝/個室利用 夕/部屋出し",https://www.jalan.net/yad322964/kuchikomi/archive/,1,food,raw/jalan/archive_page_3.html,cp932,positive,body_positive,high,body_sentiment_inference_needed
OTA full review,Jalan,jalan_bc6c967d5a626b5e,mさん,2024/11/8,5,部屋風呂も広く、夕食がとても良かった。,別館を２部屋予約して、両親と宿泊しました。夕食は、片方の部屋で一緒に食べました。夕食の料理が豪華でとても良かったです。また、部屋風呂も割と広くて大満足でした。次回は、離れの部屋に宿泊してみたいです。,"時期:2024年11月宿泊; プラン:【アワード受賞記念】通常より5%OFF&旬のウニ付き！関あじ・伊勢海老・豊後牛の会席プラン（夕食お部屋食）; 価格帯:30,001円以上(大人１名あたり/税込); 部屋:5; 風呂:5; 料理(朝食):4; 料理(夕食):5; 接客・サービス:4 | プラン 【アワード受賞記念】通常より5%OFF&旬のウニ付き！関あじ・伊勢海老・豊後牛の会席プラン（夕食お部屋食） 和室 朝・夕 朝/個室利用 夕/部屋出し",https://www.jalan.net/yad322964/kuchikomi/archive/,1,room_bath;food,raw/jalan/archive_page_3.html,cp932,positive,body_positive,high,body_sentiment_inference_needed
OTA full review,Jalan,jalan_6154f1d6a83d0edd,あーちゃんさん,2024/11/5,3,カップル、夫婦におすすめ,量が多くて食べるのに大変だったけど、美味しくって満足でした！ 部屋の温泉入れるのでゆっくり出来ましたが、温泉付きの部屋なのに23時までで温泉が止まり、24時間入れなかったのが残念でした。,"時期:2024年10月宿泊; プラン:【アワード受賞記念】通常より5%OFF&旬のウニ付き！関あじ・伊勢海老・豊後牛の会席プラン（夕食お部屋食）; 価格帯:28,001～29,000円(大人１名あたり/税込); 部屋:3; 風呂:2; 料理(朝食):5; 料理(夕食):5; 接客・サービス:3 | プラン 【アワード受賞記念】通常より5%OFF&旬のウニ付き！関あじ・伊勢海老・豊後牛の会席プラン（夕食お部屋食） 和室 朝・夕 朝/個室利用 夕/部屋出し",https://www.jalan.net/yad322964/kuchikomi/archive/,1,food,raw/jalan/archive_page_3.html,cp932,mixed,body_positive_and_negative,high,body_sentiment_inference_needed
OTA full review,Jalan,jalan_02b968a5e4aa77c6,namiさん,2024/11/5,5,母との女子旅,”翠葉”という離れの露天風呂付のお部屋に泊まりました。 【お部屋】 想像してたよりも少し狭く感じましたが、お部屋の中は清潔感があり、とても快適でした。朝は東面の大きなガラス窓から朝陽が差し込み、気持ちよかったです。ベットではなかったのが少し残念でした。 ミル付きのコーヒーメーカーで朝から美味しいコーヒーを飲むことができました。 【お風呂】 内湯も露天風呂も２４時間利用できました。 他の利用者様のクチコミに、「内湯から露天風呂に行くのが大変」とありましたが、部屋から露天風呂に行けば全然問題なかったです。 内湯は少し狭いけど、露天風呂はすごく広いです。 【食事】 朝夕は部屋食なので、他の人を気にすることなく食事ができました。 料理は、評判通り凄く美味しかったです。関あじ・伊勢海老のお刺身最高！ウニも豊後牛も美味しかったです。母がお刺身が食べれない事を連絡していたので、母の分だけ別メニュー（お刺身をしゃぶしゃぶに）に変更してもらいました。凄く美味しかったと喜んでました。 スタッフさんの対応も素晴らしく、本当に心も体ものんびりと過ごすことができました。ただコロナ予防の関係で売店が営業されていなかったのが残念でした。 また美味しい食事と露天風呂を楽しみに伺いたいと思います。,"時期:2024年11月宿泊; プラン:【スタンダード】関あじ・伊勢海老・豊後牛！旬の食材を使用した割烹会席プラン(１泊２食付／朝夕お部屋食); 価格帯:30,001円以上(大人１名あたり/税込); 部屋:5; 風呂:5; 料理(朝食):5; 料理(夕食):5; 接客・サービス:5 | プラン 【スタンダード】関あじ・伊勢海老・豊後牛！旬の食材を使用した割烹会席プラン(１泊２食付／朝夕お部屋食) 和洋室 朝・夕 朝/部屋出し 夕/部屋出し",https://www.jalan.net/yad322964/kuchikomi/archive/,1,room_bath;small_bath_or_room;food,raw/jalan/archive_page_3.html,cp932,mixed,body_positive_and_negative,high,body_sentiment_inference_needed
OTA full review,Jalan,jalan_8554910d1449949c,しんさん,2024/11/5,4,プライベート感が最高,温泉、夕食もとても良かったです。が、個人的には離れで他の宿泊者が全く感じられず、とてもゆったりとした時間を過ごす事ができ、久しぶりに全てにおいて満足できる宿でした。 また別府に行く事があれば利用したいと思います。,"時期:2024年11月宿泊; プラン:【じゃらんスペシャルウィーク】関あじ＆伊勢海老＆豊後牛がメインの割烹会席(１泊２食／朝夕お部屋食）; 価格帯:29,001～30,000円(大人１名あたり/税込); 部屋:5; 風呂:4; 料理(朝食):4; 料理(夕食):5; 接客・サービス:4 | プラン 【じゃらんスペシャルウィーク】関あじ＆伊勢海老＆豊後牛がメインの割烹会席(１泊２食／朝夕お部屋食） 和洋室 朝・夕 朝/部屋出し 夕/部屋出し",https://www.jalan.net/yad322964/kuchikomi/archive/,1,food,raw/jalan/archive_page_3.html,cp932,positive,body_positive,high,body_sentiment_inference_needed
OTA full review,Jalan,jalan_1fa41ce487387000,なおちゃんさん,2024/11/4,4,料理、女将のお喋り最高！,駐車場が分かりずらかったけど部屋の作りや眺めが最高！ 女将の説明、たわいない話しで盛り上がりました 良い記念になりました,"時期:2024年11月宿泊; プラン:【スタンダード】関あじ・伊勢海老・豊後牛！旬の食材を使用した割烹会席プラン(１泊２食付／朝夕お部屋食); 価格帯:30,001円以上(大人１名あたり/税込); 部屋:3; 風呂:3; 料理(朝食):4; 料理(夕食):5; 接客・サービス:5 | プラン 【スタンダード】関あじ・伊勢海老・豊後牛！旬の食材を使用した割烹会席プラン(１泊２食付／朝夕お部屋食) 和室 朝・夕 朝/部屋出し 夕/部屋出し",https://www.jalan.net/yad322964/kuchikomi/archive/,1,food;access,raw/jalan/archive_page_3.html,cp932,positive,body_positive,high,body_sentiment_inference_needed
OTA full review,Jalan,jalan_6ea946560a983635,つるるさん,2024/11/2,5,評判通りお料理がとても美味しかったです,口コミを読んでこちらに決めました。旅館によっては品数を揃える為なのか妙な創作料理が出されたりしますが、こちらは前菜からどのお料理ももれなく美味しかったです。朝夕ともお部屋食で気兼ねなく食事を楽しめました。お部屋についてる露天風呂は少し狭いかなと思いましたが1人で入るには十分でした。 また利用させて頂きたいなと思います。,"時期:2024年10月宿泊; プラン:【じゃらんスペシャルウィーク】関あじ＆伊勢海老＆豊後牛がメインの割烹会席(１泊２食／朝夕お部屋食）; 価格帯:28,001～29,000円(大人１名あたり/税込); 部屋:4; 風呂:4; 料理(朝食):5; 料理(夕食):5; 接客・サービス:5 | プラン 【じゃらんスペシャルウィーク】関あじ＆伊勢海老＆豊後牛がメインの割烹会席(１泊２食／朝夕お部屋食） 和室 朝・夕 朝/部屋出し 夕/部屋出し",https://www.jalan.net/yad322964/kuchikomi/archive/,1,small_bath_or_room;food,raw/jalan/archive_page_3.html,cp932,mixed,body_positive_and_negative,high,body_sentiment_inference_needed
OTA full review,Jalan,jalan_e197c1940642f7c2,つかっちさん,2024/11/1,4,料理が美味しい。,関あじ、伊勢エビ、３段に盛り付けられた料理が美味しかった。 難点として駐車場が土で雨天だった為、水溜りがあり止め辛かった。,"時期:2024年10月宿泊; プラン:【スタンダード】関あじ・伊勢海老・豊後牛！旬の食材を使用した割烹会席プラン(１泊２食付／夕食お部屋食); 価格帯:26,001～27,000円(大人１名あたり/税込); 部屋:4; 風呂:5; 料理(朝食):3; 料理(夕食):5; 接客・サービス:5 | プラン 【スタンダード】関あじ・伊勢海老・豊後牛！旬の食材を使用した割烹会席プラン(１泊２食付／夕食お部屋食) 和室 朝・夕 朝/個室利用 夕/部屋出し",https://www.jalan.net/yad322964/kuchikomi/archive/,1,food;access,raw/jalan/archive_page_3.html,cp932,neutral,neutral_or_lodging_context,medium,body_sentiment_inference_needed
OTA full review,Jalan,jalan_27cd88f07fd9bec7,ふくさん,2024/10/13,5,ごはんが美味しい！,とにかくご飯が美味しい。盛り盛りで食べ切れ無いくらいありました。朝ごはんも美味しかったなぁー サービスもフレンドリーで、親しみ安い雰囲気でしたね。,"時期:2024年10月宿泊; プラン:【じゃらんのお得な10日間】関あじ＆豊後牛など旬の食材を使用した割烹会席(１泊２食／朝夕お部屋食）; 価格帯:29,001～30,000円(大人１名あたり/税込); 部屋:4; 風呂:4; 料理(朝食):5; 料理(夕食):5; 接客・サービス:5 | プラン 【じゃらんのお得な10日間】関あじ＆豊後牛など旬の食材を使用した割烹会席(１泊２食／朝夕お部屋食） 和洋室 朝・夕 朝/部屋出し 夕/部屋出し",https://www.jalan.net/yad322964/kuchikomi/archive/,1,food,raw/jalan/archive_page_3.html,cp932,neutral,neutral_or_lodging_context,medium,body_sentiment_inference_needed
OTA full review,Jalan,jalan_94db5b53d33e7746,タケヤンさん,2024/10/10,5,味噌汁が本当に美味い！笑,部屋も広く清潔感もあり部屋からの眺めも少し海が見えたりと良かったです！ 朝食も夕食もとっても豪華でとても美味しく満足でした(^^) 2人して味噌汁に感動しました！笑 本当に美味いです！ 従業員さんの対応もよくお風呂も貸切風呂で夜に入ったお風呂とは別に朝は違うお風呂に案内してくれたりと従業員さんの優しい対応に感謝です！ ゆっくりと癒される新婚旅行でした！,"時期:2024年9月宿泊; プラン:【じゃらん限定／直前割】本館限定！関あじ・伊勢海老・豊後牛がメインの会席プラン（夕食お部屋食）; 価格帯:19,001～20,000円(大人１名あたり/税込); 部屋:5; 風呂:4; 料理(朝食):5; 料理(夕食):5; 接客・サービス:5 | プラン 【じゃらん限定／直前割】本館限定！関あじ・伊勢海老・豊後牛がメインの会席プラン（夕食お部屋食） 和室 朝・夕 朝/個室利用 夕/部屋出し",https://www.jalan.net/yad322964/kuchikomi/archive/,1,private_bath;food,raw/jalan/archive_page_3.html,cp932,positive,body_positive,high,body_sentiment_inference_needed
OTA full review,Jalan,jalan_88301804c08999db,よしべえさん,2024/10/5,4,伊勢海老、関アジの夕食、朝食共に、満足です。,和室のお部屋を予約しました。座椅子では夕食時に足が痛くなりそうだったので、椅子とテーブル席に急遽変更して頂いたので、助かりました。露天風呂付お部屋でした。お湯が温くなり温度調節にちょっと時間がかかりました。寒い時期じゃなくてよかったです。従業員の方は皆さん、感じが良くて、快適に過ごせました。,"時期:2024年10月宿泊; プラン:【アワード受賞記念】通常より5%OFF&旬のウニ付き！関あじ・伊勢海老・豊後牛の会席プラン（夕食お部屋食）; 価格帯:25,001～26,000円(大人１名あたり/税込); 部屋:4; 風呂:4; 料理(朝食):5; 料理(夕食):5; 接客・サービス:4 | プラン 【アワード受賞記念】通常より5%OFF&旬のウニ付き！関あじ・伊勢海老・豊後牛の会席プラン（夕食お部屋食） 和室 朝・夕 朝/個室利用 夕/部屋出し",https://www.jalan.net/yad322964/kuchikomi/archive/,1,food,raw/jalan/archive_page_3.html,cp932,mixed,body_positive_and_negative,high,body_sentiment_inference_needed
OTA full review,Jalan,jalan_749f72fc8ee08ef3,はるかさん,2024/10/5,5,お部屋も食事も大満足,お部屋はメゾネットタイプで、玄関を1階とすると1.5階は朝食と夕食を食べる際に利用しました。0.5階は居室スペースでトイレ、お風呂、ベッドルームとなっていました。食事の準備していただく際に、旅館の方が入室されますが、1.5階に入られるだけなのでご安心を！1軒家という感じなので、受付や貸し切り風呂までは外を歩かなければならず、もし天気が悪いと大変かなと思います。 食事は夕食も朝食も大満足でした。お部屋食なので、リラックスできるし、テレビも付いているし、湯煙上がる景色を見ながら食べられるしとても満足です。 お風呂は露天風呂付き客室にしましたが、貸し切り風呂も空いていたので利用しました。脱衣所の壁が薄いのか、脱衣所では隣の声が聞こえます。 お部屋の露天風呂は屋根無しなので、雨は防げません。また、内風呂(シャワー有り)から露天風呂(シャワー無し)に直接出られないので、不便だと感じました。 旅館の方はどなたも親切で、困ったことがあれば嫌な顔せず、すぐに対応してくださいました。チェックインの際も、旅館の設備について丁寧に説明して回ってくださいます。 この度は素敵な時間をありがとうございました。,"時期:2024年9月宿泊; プラン:【アワード受賞記念】通常より5%OFF&旬のウニ付き！関あじ・伊勢海老・豊後牛の会席プラン（朝夕お部屋食）; 価格帯:30,001円以上(大人１名あたり/税込); 部屋:5; 風呂:4; 料理(朝食):5; 料理(夕食):5; 接客・サービス:5 | プラン 【アワード受賞記念】通常より5%OFF&旬のウニ付き！関あじ・伊勢海老・豊後牛の会席プラン（朝夕お部屋食） 和洋室 朝・夕 朝/部屋出し 夕/部屋出し",https://www.jalan.net/yad322964/kuchikomi/archive/,1,room_open_air_bath;private_bath;food,raw/jalan/archive_page_3.html,cp932,mixed,body_positive_and_negative,high,body_sentiment_inference_needed
OTA full review,Jalan,jalan_fd3a9f06ac102f68,まりんさん,2024/9/22,5,スタッフの方が親切な宿です,最初 宿の場所が分からず ちょっと迷ったのですが 電話して スタッフの方が前に立ちますとの事で解決 着いたら 和風の癒される創にホット一息 お部屋に案内され 部屋はちょっと狭かったのですが きちんと お掃除がされて気持ち良かったです。 お食事もお部屋でしたし 関あじ 伊勢エビ とても美味しかったです 何より 担当のスタッフさんがとても親切な方でした 日常を忘れさせてくれる一日でした。,"時期:2024年9月宿泊; プラン:【じゃらんスペシャルウィーク】関あじ＆伊勢海老＆豊後牛がメインの割烹会席(１泊２食／夕食お部屋食）; 価格帯:25,001～26,000円(大人１名あたり/税込); 部屋:4; 風呂:4; 料理(朝食):5; 料理(夕食):5; 接客・サービス:5 | プラン 【じゃらんスペシャルウィーク】関あじ＆伊勢海老＆豊後牛がメインの割烹会席(１泊２食／夕食お部屋食） 和室 朝・夕 朝/個室利用 夕/部屋出し",https://www.jalan.net/yad322964/kuchikomi/archive/,1,small_bath_or_room;food,raw/jalan/archive_page_3.html,cp932,mixed,body_positive_and_negative,high,body_sentiment_inference_needed
OTA full review,Jalan,jalan_00c578f45bc47726,玉さん,2024/9/14,5,料理が良かった,初めて別府に来たので、楽しみがいっぱいでした。 部屋がすごく綺麗で、サービスも良かったです。丁寧で不安感が全然なかったです。夕食、朝食が全て部屋で、ゆっくりできます。料理がめっちゃ美味しかったで、大満足でした。 また行きたいと思います。,"時期:2024年9月宿泊; プラン:【じゃらんのお得な10日間】関あじ＆豊後牛など旬の食材を使用した割烹会席(１泊２食／朝夕お部屋食）; 価格帯:29,001～30,000円(大人１名あたり/税込); 部屋:5; 風呂:5; 料理(朝食):4; 料理(夕食):5; 接客・サービス:5 | プラン 【じゃらんのお得な10日間】関あじ＆豊後牛など旬の食材を使用した割烹会席(１泊２食／朝夕お部屋食） 和洋室 朝・夕 朝/部屋出し 夕/部屋出し",https://www.jalan.net/yad322964/kuchikomi/archive/,1,food,raw/jalan/archive_page_3.html,cp932,positive,body_positive,high,body_sentiment_inference_needed
OTA full review,Jalan,jalan_d37504c6e5d56586,わかなさん,2024/9/10,5,関アジのお刺身がとても美味しかったです！！！,温泉もトロトロで、ご飯もとても美味しかったです！ お腹いっぱいになりました。 お部屋に露天風呂もついていたのですが、広くてゆっくり入ることができました！！ スタッフの方もとても優しく、気さくに話してくださいました！笑顔が素敵でした(^○^) 大分旅行に初めて行きましたが、八葉でよかったです！,"時期:2024年9月宿泊; プラン:【じゃらんのお得な10日間】関あじ＆豊後牛など旬の食材を使用した割烹会席(１泊２食／朝夕お部屋食）; 価格帯:28,001～29,000円(大人１名あたり/税込); 部屋:5; 風呂:5; 料理(朝食):5; 料理(夕食):5; 接客・サービス:5 | プラン 【じゃらんのお得な10日間】関あじ＆豊後牛など旬の食材を使用した割烹会席(１泊２食／朝夕お部屋食） 和洋室 朝・夕 朝/部屋出し 夕/部屋出し",https://www.jalan.net/yad322964/kuchikomi/archive/,1,room_open_air_bath;food,raw/jalan/archive_page_3.html,cp932,positive,body_positive,high,body_sentiment_inference_needed
OTA full review,Jalan,jalan_867ee826137d79c0,ゆきちゃんさん,2024/9/9,5,女子会にお勧め,着いて早々、色々お願いしまして、お手数をおかけしました、ありがとうございました。部屋もお風呂もとても清潔で落ち着きます。お茶もコーヒーも美味しかったです。勿論、夕食も朝食も大満足です。お食事の際は女将さんとお話しが出来て嬉しかったし、女将さん自ら仲居さんもされ、お掃除もされるとの事、関心します。 湯布院の姉妹店には是非伺います。,"時期:2024年9月宿泊; プラン:【アワード受賞記念】通常より5%OFF！今が旬のウニ＆関あじ・豊後牛の割烹会席プラン（夕食お部屋食）; 価格帯:20,001～21,000円(大人１名あたり/税込); 部屋:5; 風呂:5; 料理(朝食):5; 料理(夕食):5; 接客・サービス:5 | プラン 【アワード受賞記念】通常より5%OFF！今が旬のウニ＆関あじ・豊後牛の割烹会席プラン（夕食お部屋食） 和室 朝・夕 朝/個室利用 夕/部屋出し",https://www.jalan.net/yad322964/kuchikomi/archive/,1,food,raw/jalan/archive_page_3.html,cp932,mixed,body_positive_and_negative,high,body_sentiment_inference_needed
OTA full review,Jalan,jalan_d449e41fe27691e2,Vさん,2024/9/7,2,気を使う…,公共の交通機関だった為、チェックインより25分程早く到着してしまいました。真夏の暑い時間帯のため、少し早いけど伺わせて頂き、受付の男性に、お部屋でなくていいので受付の前の椅子にいていいかお願いしたところ、「まだ入れません」「どこか外で…」の様なことを言われ驚きました。（別にお部屋に通せとは言っておりません。）大変躊躇したあげく、仕方なく…みたいな感じでチェックインできましたが。この価格の宿ではありえません。安いビジネスホテルの方が親切です。その後も、何か依頼する度に上からというか、あまり気持ちの良くない対応をされ、滞在中はなんとなく気を使う始末。仲居さんやその他のスタッフの方は皆さん感じ良かったです。 温泉は、せっかくの別府の素晴らしいお湯のはずなのに、自由に加水できるシステムのため、前に使用した方が水を入れ過ぎたのかぬる過ぎて入れないことがありました。源泉も自由に足せますが温度が戻るのに時間がかかりました。 お食事は夕食のお刺身は美味しかったです。 口コミが良く別府の数ある宿の中から選んだものの、総合すると残念な思いが残りました。,"時期:2024年8月宿泊; プラン:【アワード受賞記念】通常より5%OFF&旬のウニ付き！関あじ・伊勢海老・豊後牛の会席プラン（夕食お部屋食）; 価格帯:22,001～23,000円(大人１名あたり/税込); 部屋:3; 風呂:2; 料理(朝食):1; 料理(夕食):3; 接客・サービス:1 | プラン 【アワード受賞記念】通常より5%OFF&旬のウニ付き！関あじ・伊勢海老・豊後牛の会席プラン（夕食お部屋食） 和室 朝・夕 朝/個室利用 夕/部屋出し",https://www.jalan.net/yad322964/kuchikomi/archive/,1,source_flow;food,raw/jalan/archive_page_3.html,cp932,mixed,body_positive_and_negative,high,body_sentiment_inference_needed
OTA full review,Jalan,jalan_182e4f77d2035002,ゆぅさん,2024/8/29,3,夕食が良かった,夕食のお刺身とウニ美味しかったです。 部屋で食事できたのも良かったです。 部屋から見える湯けむりも風情がありました。 台風の影響で温泉が楽しめなかったのが残念でした。,"時期:2024年8月宿泊; プラン:【じゃらんのお得な10日間】関あじ＆豊後牛など旬の食材を使用した割烹会席(１泊２食／朝夕お部屋食）; 価格帯:28,001～29,000円(大人１名あたり/税込); 部屋:3; 風呂:2; 料理(朝食):3; 料理(夕食):4; 接客・サービス:3 | プラン 【じゃらんのお得な10日間】関あじ＆豊後牛など旬の食材を使用した割烹会席(１泊２食／朝夕お部屋食） 和洋室 朝・夕 朝/部屋出し 夕/部屋出し",https://www.jalan.net/yad322964/kuchikomi/archive/,1,food,raw/jalan/archive_page_3.html,cp932,mixed,body_positive_and_negative,high,body_sentiment_inference_needed
OTA full review,Jalan,jalan_883566a5446ea2b1,ためちゃんさん,2024/8/28,5,八葉さん 最高のお宿 みーつけた,鉄輪温泉 八葉さんへ口コミを見て今回宿泊先を決めました。 旅行の企画担当が大好きでいつもワクワクしながら旅行先を決めています。 別府へは、良く日帰りで温泉に入りランチして日々のストレス発散をしています。 八葉さんは、支配人がとても親切で女将さんは奥様で今回は、お会い出来なかったのがすごく残念でした。 お宿は、8部屋あり 今回は、離れタイプの内風呂と露天風呂付きのお部屋に決めました。 こちらの離れのお部屋は、玄関を入り階段で降りて和室のお部屋とお風呂があり階段を上がれば個室の食事処があり、コンパクトな作りですが すごく考えて作られたお部屋で、鉄輪温泉の上の方なので景色が最高です。お風呂は、お部屋にもありますが貸切湯が三ヶ所あり広くてゆったり入れて最高です。今回８回も温泉に入りました。 さて、楽しみの食事ですが 夕食が2階の食事処で夜景を見ながら、関アジのお造りから大分和牛などなどお腹いっぱいで大満足でした。 今回 じゃらんの賞をいただいたという事でお客様にプレゼントで なんと なんと ウニをサプライズで一人に一個いただきめちゃくちゃクリーミーで甘くて 感動しました。 また、 お部屋担当のスタッフさんの接客がとても素敵で次回、年内にもう一度彼女指名で予約を家に戻りリピートしました。 翌朝も温泉に2回入り、大分名物の団子汁からアジの開きなどちょうど良い量て美味しい朝食をいただき10時にチェックアウトへ行き支配人とお話をして今回の旅も大満足でした。 スタッフの皆様お世話になりました。,"時期:2024年8月宿泊; プラン:【アワード受賞記念】通常より5%OFF&旬のウニ付き！関あじ・伊勢海老・豊後牛の会席プラン（朝夕お部屋食）; 価格帯:30,001円以上(大人１名あたり/税込); 部屋:5; 風呂:5; 料理(朝食):5; 料理(夕食):5; 接客・サービス:5 | プラン 【アワード受賞記念】通常より5%OFF&旬のウニ付き！関あじ・伊勢海老・豊後牛の会席プラン（朝夕お部屋食） 和室 朝・夕 朝/部屋出し 夕/部屋出し",https://www.jalan.net/yad322964/kuchikomi/archive/,1,room_open_air_bath;private_bath;food;access,raw/jalan/archive_page_3.html,cp932,mixed,body_positive_and_negative,high,body_sentiment_inference_needed
OTA full review,Jalan,jalan_d6c3d04c5d5abb2e,ふーさん,2024/8/26,3,料金の割には…,全体的に、悪くはなかったですがお部屋が少し残念感がありました。普通です。 夕食は美味しかったです。 朝食は、もう少しボリュームが欲しかったかな。 スタッフさんの感じは良かったと思います。,"時期:2024年8月宿泊; プラン:【じゃらんスペシャルウィーク】関あじ＆伊勢海老＆豊後牛がメインの割烹会席(１泊２食／夕食お部屋食）; 価格帯:25,001～26,000円(大人１名あたり/税込); 部屋:3; 風呂:3; 料理(朝食):2; 料理(夕食):3; 接客・サービス:4 | プラン 【じゃらんスペシャルウィーク】関あじ＆伊勢海老＆豊後牛がメインの割烹会席(１泊２食／夕食お部屋食） 和室 朝・夕 朝/個室利用 夕/部屋出し",https://www.jalan.net/yad322964/kuchikomi/archive/,1,food,raw/jalan/archive_page_3.html,cp932,mixed,body_positive_and_negative,high,body_sentiment_inference_needed
OTA full review,Jalan,jalan_1b61a3ee18b290fb,みとしさん,2024/8/26,4,全体的に良い旅館でした。,おもてなしや料理風呂は良かったのですが。駐車場の入りにくさ雑草がかってあれば良かったかな。 部屋着がなんとなく汗臭い回数着てるからかも 支払いが重なって時間がかかるなどなどでもゆっくり出来て良かったです。,"時期:2024年8月宿泊; プラン:【じゃらんスペシャルウィーク】関あじ＆伊勢海老＆豊後牛がメインの割烹会席(１泊２食／夕食お部屋食）; 価格帯:26,001～27,000円(大人１名あたり/税込); 部屋:3; 風呂:4; 料理(朝食):4; 料理(夕食):5; 接客・サービス:4 | プラン 【じゃらんスペシャルウィーク】関あじ＆伊勢海老＆豊後牛がメインの割烹会席(１泊２食／夕食お部屋食） 和室 朝・夕 朝/個室利用 夕/部屋出し",https://www.jalan.net/yad322964/kuchikomi/archive/,1,food;access,raw/jalan/archive_page_3.html,cp932,mixed,body_positive_and_negative,high,body_sentiment_inference_needed
OTA full review,Jalan,jalan_7c94de43833bb06d,かなさん,2024/8/20,5,心遣いに感動しました！！,「玉葉」というお部屋に宿泊しました！棟で部屋が分かれていて玄関を入り階段を上がると食事の部屋、階段をおりると寝室やトイレ、お風呂と言う造りで隣の部屋の音も気にする事なくゆっくり出来るお部屋でした！！ お部屋のお風呂は内湯と露天風呂とあり、内湯は狭かったのですが露天風呂はとてもよかったです。床がヌルヌルする事もなく掃除も行き届いており大満足。 夕食はとても豪華で美味しかったです。新婚旅行だと伝えるとサービスしていただき、また妊娠中だと言う事も気付いてくださってステーキはよく焼いてくださいました。(お刺身はせっかくだからと思って久しぶりに堪能しとても美味しかったです)心遣いにとても感動しました。また絶対行きたいとすぐに思える宿でした！子どもが生まれて落ち着いたら今度は家族旅行として利用させていただきたいです！,"時期:2024年8月宿泊; プラン:【お盆専用】関あじ・伊勢海老・豊後牛！旬の食材を使用した割烹会席プラン(１泊２食／朝夕お部屋食）; 価格帯:29,001～30,000円(大人１名あたり/税込); 部屋:5; 風呂:4; 料理(朝食):5; 料理(夕食):5; 接客・サービス:5 | プラン 【お盆専用】関あじ・伊勢海老・豊後牛！旬の食材を使用した割烹会席プラン(１泊２食／朝夕お部屋食） 和洋室 朝・夕 朝/部屋出し 夕/部屋出し",https://www.jalan.net/yad322964/kuchikomi/archive/,1,room_bath;small_bath_or_room;food,raw/jalan/archive_page_3.html,cp932,mixed,body_positive_and_negative,high,body_sentiment_inference_needed
OTA full review,Jalan,jalan_66ff14375843b5c5,みっちさん,2024/8/19,5,九州旅行のハイライト,３泊の九州旅行で鹿児島から別府までJRの観光列車で回って、ここでの宿泊がハイライトでした。 口コミで料理がおいしいと書いている方が多かったのですが、正にその通りでした。 それよりも女将さんをはじめスタッフの皆さんの対応がとても素晴らしかったです。 出張含め別府は三度目でしたが今回の宿泊が一番、と言うよりも今までの人生で一番感動した宿でした。 他にも宿泊客がいる中で、いち宿泊者にこれだけの対応をして頂けるのは大変な労力だと思いますが、頑張って続けて頂けることを願っています。 別府に行く機会があれば是非とも再度利用させて頂きたいと考えています。 追記：別府駅からはタクシー利用で１５~２０分程度の鉄輪温泉の観光名所にほど近いロケーションでしたが、残念なのはお盆期間のため、とても暑く温泉資源が有名な別府の観光名所に行く気持ちになれなかったこと,"時期:2024年8月宿泊; プラン:【お盆専用】関あじ・伊勢海老・豊後牛！旬の食材を使用した割烹会席プラン(１泊２食／夕食お部屋食）; 価格帯:29,001～30,000円(大人１名あたり/税込); 部屋:4; 風呂:4; 料理(朝食):5; 料理(夕食):5; 接客・サービス:5 | プラン 【お盆専用】関あじ・伊勢海老・豊後牛！旬の食材を使用した割烹会席プラン(１泊２食／夕食お部屋食） 和室 朝・夕 朝/個室利用 夕/部屋出し",https://www.jalan.net/yad322964/kuchikomi/archive/,1,food;access,raw/jalan/archive_page_3.html,cp932,mixed,body_positive_and_negative,high,body_sentiment_inference_needed
OTA full review,Jalan,jalan_733ef8572d938d7b,酒呑みぴんぽんさん,2024/8/17,5,お疲れ様ス(￣^￣)ゞ,前回も九州を襲った地震後 今回も同様にキャンセルせずに 別府へ！ いゃー別荘に丁度良い具合の宿で 大満足(^^) お盆時期に温泉掛け流し露天風呂付いて、各別府の美味しいどころに女将さんから別腹雲丹も頂き、かなり酒も進みました(^^) 四季を通じてまた行きたい宿です。 この時期は暑過ぎです、風呂上がりは 汗が止まらないんです（ ; ; ） 次回は洋室の露天風呂に泊まってみたいですね♪ また、よろしくお願いします(o^^o),"時期:2024年8月宿泊; プラン:【お盆専用】関あじ・伊勢海老・豊後牛！旬の食材を使用した割烹会席プラン(１泊２食／夕食お部屋食）; 価格帯:29,001～30,000円(大人１名あたり/税込); 部屋:4; 風呂:5; 料理(朝食):4; 料理(夕食):5; 接客・サービス:5 | プラン 【お盆専用】関あじ・伊勢海老・豊後牛！旬の食材を使用した割烹会席プラン(１泊２食／夕食お部屋食） 和室 朝・夕 朝/個室利用 夕/部屋出し",https://www.jalan.net/yad322964/kuchikomi/archive/,1,source_flow;food,raw/jalan/archive_page_3.html,cp932,positive,body_positive,high,body_sentiment_inference_needed
OTA full review,Jalan,jalan_1d7dfaeed25994b0,はやもみさん,2024/8/15,5,料理が美味しい,家庭的でお部屋やお風呂が気持ち良く過ごせました、料理がとても美味しく 家族みんなが満足していました。ご主人の接待が良かったです、家族風呂が 良かったので親を連れて来たいです,"時期:2024年8月宿泊; プラン:【お盆専用】関あじ・伊勢海老・豊後牛！旬の食材を使用した割烹会席プラン(１泊２食／夕食お部屋食）; 価格帯:25,001～26,000円(大人１名あたり/税込); 部屋:4; 風呂:4; 料理(朝食):5; 料理(夕食):5; 接客・サービス:5 | プラン 【お盆専用】関あじ・伊勢海老・豊後牛！旬の食材を使用した割烹会席プラン(１泊２食／夕食お部屋食） 和室 朝・夕 朝/個室利用 夕/部屋出し",https://www.jalan.net/yad322964/kuchikomi/archive/,1,family_bath;food,raw/jalan/archive_page_3.html,cp932,positive,body_positive,high,body_sentiment_inference_needed
OTA full review,Jalan,jalan_f8e514a5a6a40886,monさん,2024/8/14,5,料理が豪華,綺麗な部屋で温泉も貸切でのんびりできました。料理も豪華で部屋で食べられるとこが良かった。また来たいと思います。,"時期:2024年8月宿泊; プラン:【お盆専用】関あじ・伊勢海老・豊後牛！旬の食材を使用した割烹会席プラン(１泊２食／夕食お部屋食）; 価格帯:25,001～26,000円(大人１名あたり/税込); 部屋:5; 風呂:4; 料理(朝食):4; 料理(夕食):5; 接客・サービス:5 | プラン 【お盆専用】関あじ・伊勢海老・豊後牛！旬の食材を使用した割烹会席プラン(１泊２食／夕食お部屋食） 和室 朝・夕 朝/個室利用 夕/部屋出し",https://www.jalan.net/yad322964/kuchikomi/archive/,1,private_bath;food,raw/jalan/archive_page_3.html,cp932,positive,body_positive,high,body_sentiment_inference_needed
OTA full review,Jalan,jalan_29042a1ef462631d,さやたかさん,2024/8/13,5,食事が大満足！,久しぶりの大分旅行。クチコミで料理が美味しいとあり、とても楽しみにしていました。 朝夕共に本当に美味しく家族全員大満足でした！！ お風呂も気持ち良く、お部屋も広く、ゆっくりできました。 ありがとうございます。,"時期:2024年8月宿泊; プラン:【お盆専用】関あじ・伊勢海老・豊後牛！旬の食材を使用した割烹会席プラン(１泊２食／夕食お部屋食）; 価格帯:29,001～30,000円(大人１名あたり/税込); 部屋:4; 風呂:4; 料理(朝食):5; 料理(夕食):5; 接客・サービス:5 | プラン 【お盆専用】関あじ・伊勢海老・豊後牛！旬の食材を使用した割烹会席プラン(１泊２食／夕食お部屋食） 和室 朝・夕 朝/個室利用 夕/部屋出し",https://www.jalan.net/yad322964/kuchikomi/archive/,1,food,raw/jalan/archive_page_4.html,cp932,positive,body_positive,high,body_sentiment_inference_needed
OTA full review,Jalan,jalan_3bbcd03efa5c82d5,くろきりさん,2024/8/12,5,のんびり過ごせました！,このお値段で露天風呂付きの部屋食！ 露天風呂は源泉かけ流しで24時間入れます。 5回くらい入りました！ お刺身もとても新鮮で事前に切って冷蔵庫に入れていたようなものとは全く違います。 量も満足でお腹パンパンになりました。 スタッフの方の段取りも素晴らしくいつも笑顔でありがたいです。 悪いとこが見つからないのであえて要望を言います。 駐車場の場所は事前にわかるように案内しておいた方がありがたいです。駐車場へ曲がるところに看板があると助かります。 またお邪魔します！,"時期:2024年8月宿泊; プラン:【じゃらんスペシャルウィーク】関あじ＆伊勢海老＆豊後牛がメインの割烹会席(１泊２食／夕食お部屋食）; 価格帯:27,001～28,000円(大人１名あたり/税込); 部屋:5; 風呂:5; 料理(朝食):4; 料理(夕食):5; 接客・サービス:5 | プラン 【じゃらんスペシャルウィーク】関あじ＆伊勢海老＆豊後牛がメインの割烹会席(１泊２食／夕食お部屋食） 和室 朝・夕 朝/個室利用 夕/部屋出し",https://www.jalan.net/yad322964/kuchikomi/archive/,1,room_open_air_bath;source_flow;food;access,raw/jalan/archive_page_4.html,cp932,mixed,body_positive_and_negative,high,body_sentiment_inference_needed
OTA full review,Jalan,jalan_ccc6406d231e9466,Junyaさん,2024/8/9,4,鉄輪へ行ってきました。,地獄めぐりを2日かけて、ゆっくり廻ってきました！！ 拠点にするにはちょうど良い場所。 今回は、塚原に明礬、別府温泉保養ランドを堪能。 また、行くよ！！！,"時期:2024年7月宿泊; プラン:【じゃらんスペシャルウィーク】関あじ＆伊勢海老＆豊後牛がメインの割烹会席(１泊２食／夕食お部屋食）; 価格帯:26,001～27,000円(大人１名あたり/税込); 部屋:4; 風呂:4; 料理(朝食):4; 料理(夕食):4; 接客・サービス:4 | プラン 【じゃらんスペシャルウィーク】関あじ＆伊勢海老＆豊後牛がメインの割烹会席(１泊２食／夕食お部屋食） 和室 朝・夕 朝/個室利用 夕/部屋出し",https://www.jalan.net/yad322964/kuchikomi/archive/,1,food;access,raw/jalan/archive_page_4.html,cp932,positive,body_positive,high,body_sentiment_inference_needed
OTA full review,Jalan,jalan_cd0dade407beac20,rinrinさん,2024/8/3,4,駐車場、旅館、探しました,お部屋はメゾネットになっててちょっと変わってました。内湯から露天風呂に移動するのに、窓を開けて乗り越えていかないといけなくて、お年寄りには危ない？かと。でも、 夕食の伊勢海老の刺し身や、関アジなどはとても美味しかったです。 宿に到着するまでが2度も電話入れたりして分かりづらく、そこはまたまた残念なところでもありました。,"時期:2024年7月宿泊; プラン:【期間限定・特別価格】通常より8888円OFF！関あじ・伊勢海老・豊後牛がメインの会席プラン／朝夕お部屋食; 価格帯:30,001円以上(大人１名あたり/税込); 部屋:3; 風呂:3; 料理(朝食):3; 料理(夕食):4; 接客・サービス:4 | プラン 【期間限定・特別価格】通常より8888円OFF！関あじ・伊勢海老・豊後牛がメインの会席プラン／朝夕お部屋食 和洋室 朝・夕 朝/部屋出し 夕/部屋出し",https://www.jalan.net/yad322964/kuchikomi/archive/,1,room_bath;food;access,raw/jalan/archive_page_4.html,cp932,mixed,body_negative_with_context,high,body_sentiment_inference_needed
OTA full review,Jalan,jalan_9270f3b431b99e9e,蒼のきりんさん,2024/8/3,5,ご飯が本当に美味しかったです,子どもに食育もかねてはじめての会席料理を、と思い、ご飯の口コミがよく個室風呂もついているこちらの宿を予約しましたが、期待以上の美味しさでした！ 小学生の娘の料理は半分会席、半分お子様ランチ風、未就園児の娘はパスタと大きなハンバーグで、普段食の細い上の子もよく食べていました。 大人用の会席料理もどれを食べても美味しくて、夫と「美味しいね」言葉を何度も繰り返してました。 部屋食のおかげで、集中がきれたこどもたちは個室の半露天風呂につかりにいくこともでき、親はゆったり食べることができました。 部屋は、お風呂と和室が直接繋がっており、着替え場所がありませんが、パーテーションを構えてくださってますし、その身近さで子どもたちを安心してみていられました。 ただ、子供の浴衣はお伝えしてから用意していただけたので、部屋に置いておくか事前にフロントで確認いただけると、子どもたちも着るものがないと不安に思うことなく浴衣に喜べたのかな、と思いました。 いずれにせよ、子どもたちの笑顔がたくさん見られ、親も食にお風呂にと充実した思い出に残る一日となりました。 素敵な時間を過ごさせていただき、ありがとうございました。,"時期:2024年8月宿泊; プラン:【じゃらんのお得な10日間】関あじ＆豊後牛など旬の食材を使用した割烹会席(１泊２食／夕食お部屋食）; 価格帯:25,001～26,000円(大人１名あたり/税込); 部屋:5; 風呂:5; 料理(朝食):4; 料理(夕食):5; 接客・サービス:5 | プラン 【じゃらんのお得な10日間】関あじ＆豊後牛など旬の食材を使用した割烹会席(１泊２食／夕食お部屋食） 和室 朝・夕 朝/個室利用 夕/部屋出し",https://www.jalan.net/yad322964/kuchikomi/archive/,1,food,raw/jalan/archive_page_4.html,cp932,neutral,neutral_or_lodging_context,medium,body_sentiment_inference_needed
OTA full review,Jalan,jalan_c98aa787afa4328e,やすさん,2024/8/2,5,全てがオススメ,今回は離れの1番良い部屋を予約しました。 まず清潔感が素晴らしいです。隅々まで手が届いているお部屋でした。お部屋には内湯と露天風呂があり、露天は2人で入っても十分ゆっくり浸かれます。 食事は夕食、朝食ともに部屋食でした。食事処専用のお部屋が2階に設けてあったのでゆったりと楽しむことができました。料理は味も見た目も量も全て最高でした。仲居さんもお2人（お1人は初出勤）とも非常に丁寧に接客していただき、リラックスして過ごすことができました。 お部屋からは別府湾を眺めることができ、夜は湯煙のライトアップも楽しめます。 是非、また行きたいと思える最高の旅館でした。 スタッフの皆様ありがとうございました。,"時期:2024年8月宿泊; プラン:【スタンダード】関あじ・伊勢海老・豊後牛！旬の食材を使用した割烹会席プラン(１泊２食付／朝夕お部屋食); 価格帯:29,001～30,000円(大人１名あたり/税込); 部屋:5; 風呂:5; 料理(朝食):5; 料理(夕食):5; 接客・サービス:5 | プラン 【スタンダード】関あじ・伊勢海老・豊後牛！旬の食材を使用した割烹会席プラン(１泊２食付／朝夕お部屋食) 和洋室 朝・夕 朝/部屋出し 夕/部屋出し",https://www.jalan.net/yad322964/kuchikomi/archive/,1,room_bath;food,raw/jalan/archive_page_4.html,cp932,positive,body_positive,high,body_sentiment_inference_needed
OTA full review,Jalan,jalan_1f91c1fca4af94f7,どばしさん,2024/7/24,5,料理とスタッフさんが素敵すぎるお宿,とてもリラックスのできた非日常的な1日を過ごすことができました！ 料理はとにかく新鮮で美味しく、1つ1つの料理に感動してしまいました！ スタッフの方とも気さくにお話ができ、地元のお話など色々知ることができて貴重なお時間でした！ また大分に行った時には行きたい宿です！ 素敵なおもてなしをありがとうございました！,"時期:2024年7月宿泊; プラン:【期間限定・特別価格】通常より8888円OFF！関あじ・伊勢海老・豊後牛がメインの会席プラン／朝夕お部屋食; 価格帯:29,001～30,000円(大人１名あたり/税込); 部屋:5; 風呂:5; 料理(朝食):5; 料理(夕食):5; 接客・サービス:5 | プラン 【期間限定・特別価格】通常より8888円OFF！関あじ・伊勢海老・豊後牛がメインの会席プラン／朝夕お部屋食 和洋室 朝・夕 朝/部屋出し 夕/部屋出し",https://www.jalan.net/yad322964/kuchikomi/archive/,1,food,raw/jalan/archive_page_4.html,cp932,positive,body_positive,high,body_sentiment_inference_needed
OTA full review,Jalan,jalan_712c85f2a6ae2e25,りょうさん,2024/7/22,5,大満足でした！,ご飯もおいしく、温泉もとてもよかったです。 スタッフの方も優しくまた利用させていただきたいと思いました！,"時期:2024年7月宿泊; プラン:【期間限定・特別価格】通常より8888円OFF！関あじ・伊勢海老・豊後牛がメインの会席プラン／朝夕お部屋食; 価格帯:29,001～30,000円(大人１名あたり/税込); 部屋:5; 風呂:5; 料理(朝食):5; 料理(夕食):5; 接客・サービス:5 | プラン 【期間限定・特別価格】通常より8888円OFF！関あじ・伊勢海老・豊後牛がメインの会席プラン／朝夕お部屋食 和室 朝・夕 朝/部屋出し 夕/部屋出し",https://www.jalan.net/yad322964/kuchikomi/archive/,1,food,raw/jalan/archive_page_4.html,cp932,positive,body_positive,high,body_sentiment_inference_needed
OTA full review,Jalan,jalan_586b7e2bd7aae2c5,みちゅえさん,2024/7/22,5,文句なしで大満足のお宿,部屋風呂つきでごはんが美味しいお宿というテーマで選ばせていただきましたが、全て大満足の素敵なお宿でした。 従業員の皆さんも感じの良い方ばかりで、とても良くしてくださいました。チェックイン時間の変更や、予定していた連れのバースデーサプライズでの急なお願いにも細かく対応してくださり、ありがたい限りでした。 ☆がひとつ欠けているところは、強いて言うならなのですが、内湯から外湯への出かたがややわかりづらかったところです。でもそれすら楽しめるような、居心地の良いお宿でした。 またぜひお伺いしたいとおもいます。 ありがとうございました。,"時期:2024年7月宿泊; プラン:【期間限定・特別価格】通常より8888円OFF！関あじ・伊勢海老・豊後牛がメインの会席プラン／朝夕お部屋食; 価格帯:29,001～30,000円(大人１名あたり/税込); 部屋:5; 風呂:4; 料理(朝食):5; 料理(夕食):5; 接客・サービス:5 | プラン 【期間限定・特別価格】通常より8888円OFF！関あじ・伊勢海老・豊後牛がメインの会席プラン／朝夕お部屋食 和洋室 朝・夕 朝/部屋出し 夕/部屋出し",https://www.jalan.net/yad322964/kuchikomi/archive/,1,room_bath;food,raw/jalan/archive_page_4.html,cp932,positive,body_positive,high,body_sentiment_inference_needed
OTA full review,Jalan,jalan_9044c2b572f93107,うみちゃんさん,2024/7/17,5,料理もおもてなしも最高です。,内湯と露天風呂、部屋食に惹かれて離れに泊まりました。スタッフさんも優しく接してくださり心地良く過ごせました。部屋に湯浴み着が準備されていて露天風呂も安心して入浴出来ます。バスタオル、タオルとも一人2枚ずつ準備されていて、部屋のお風呂と貸切湯どちらも気兼ねなく利用出来て良かったです。夕食朝食ともとても美味しく、質量とも満足出来ました。ありがとうございました。また、ぜひ利用したいと思います。,"時期:2024年7月宿泊; プラン:【じゃらん限定／直前割】離れ客室に無料グレードアップ！スタンダード会席プラン（朝夕お部屋食）; 価格帯:25,001～26,000円(大人１名あたり/税込); 部屋:5; 風呂:5; 料理(朝食):5; 料理(夕食):5; 接客・サービス:5 | プラン 【じゃらん限定／直前割】離れ客室に無料グレードアップ！スタンダード会席プラン（朝夕お部屋食） 和室 朝・夕 朝/部屋出し 夕/部屋出し",https://www.jalan.net/yad322964/kuchikomi/archive/,1,room_bath;private_bath;food;access,raw/jalan/archive_page_4.html,cp932,positive,body_positive,high,body_sentiment_inference_needed
OTA full review,Jalan,jalan_e8ebfe6a0781454f,ヒロエさん,2024/7/16,4,きれい！,露天風呂付の別館に泊まりました。 部屋も綺麗で食事も美味しく大変満足でした。 しかし、お部屋に付いてるお風呂の露天風呂には屋根がなく、当日は結構な雨で、濡れながら入るしかなくゆっくり堪能できませんでした。雨がたくさん入ったお風呂…と考えてしまうとあまり気持ちが良いものではなかったです。接客やおもてなしはいいのに、なぜお風呂の上だけ屋根がないのか？不思議でした。 あとは言うことなし！です。,"時期:2024年7月宿泊; プラン:【期間限定・特別価格】通常より3888円OFF！関あじ・伊勢海老・豊後牛がメインの会席プラン／夕食お部屋食; 価格帯:30,001円以上(大人１名あたり/税込); 部屋:5; 風呂:2; 料理(朝食):5; 料理(夕食):5; 接客・サービス:5 | プラン 【期間限定・特別価格】通常より3888円OFF！関あじ・伊勢海老・豊後牛がメインの会席プラン／夕食お部屋食 和室 朝・夕 朝/個室利用 夕/部屋出し",https://www.jalan.net/yad322964/kuchikomi/archive/,1,food,raw/jalan/archive_page_4.html,cp932,positive,body_positive,high,body_sentiment_inference_needed
OTA full review,Jalan,jalan_162d96ab48bb50a1,えむさん,2024/7/11,5,おもてなしのあたたかなお宿,前日予約で突然お邪魔致しましたm(_ _)m 従業員さんが皆さん、感じ良くあたたかく、、子どもにもとても優しいお声がけをありがとうございました。お部屋におむつゴミ箱の設置なんかもありがたい配慮でした(o^^o) お部屋食でゆっくり食べれたお夕飯もボリュームがあり、美味しかったです。お子様ランチもボリューム抜群で、ハンバーグとっても美味しかったです。 また行きたいなと思えるいいお宿でした。 ありがとうございました。,"時期:2024年7月宿泊; プラン:【じゃらん限定／直前割】本館限定！関あじ・伊勢海老・豊後牛がメインの会席プラン（夕食お部屋食）; 価格帯:19,001～20,000円(大人１名あたり/税込); 部屋:5; 風呂:4; 料理(朝食):4; 料理(夕食):5; 接客・サービス:5 | プラン 【じゃらん限定／直前割】本館限定！関あじ・伊勢海老・豊後牛がメインの会席プラン（夕食お部屋食） 和室 朝・夕 朝/個室利用 夕/部屋出し",https://www.jalan.net/yad322964/kuchikomi/archive/,1,food,raw/jalan/archive_page_4.html,cp932,positive,body_positive,high,body_sentiment_inference_needed
OTA full review,Jalan,jalan_1598a631569d4c8c,kattoさん,2024/6/22,5,露天風呂付き離れ客室で子供連れには最高。,子供を連れて利用させてもらいましたが、食事の際に子供用の食器や椅子なのど準備も事前に準備して頂き良かったです！ 宿の職員の方も優しく丁寧でした。 食事は量も味も抜群でした。,"時期:2024年6月宿泊; プラン:【期間限定・特別価格】通常より3888円OFF！関あじ・伊勢海老・豊後牛がメインの会席プラン／夕食お部屋食; 価格帯:26,001～27,000円(大人１名あたり/税込); 部屋:5; 風呂:5; 料理(朝食):5; 料理(夕食):5; 接客・サービス:5 | プラン 【期間限定・特別価格】通常より3888円OFF！関あじ・伊勢海老・豊後牛がメインの会席プラン／夕食お部屋食 和室 朝・夕 朝/個室利用 夕/部屋出し",https://www.jalan.net/yad322964/kuchikomi/archive/,1,room_open_air_bath;food,raw/jalan/archive_page_4.html,cp932,positive,body_positive,high,body_sentiment_inference_needed
OTA full review,Jalan,jalan_61523e71a92a616e,ゆーやさん,2024/6/15,5,料理が最高。サービスも素晴らしいです。,離れの露天風呂付きの部屋に宿泊しました。部屋はまるで一軒家で、2階が食事場、1階がその他諸々。部屋食プランで露天風呂付きなので、チェックインからチェックアウトまで離れを出る必要がありませんでした。料理はどれもホントに美味しい。1泊では勿体無いほど満足でした。唯一気になったのが、離れかつ露天風呂ならではの虫。周りが自然豊かなのでどうしてもアリや蚊などの虫はいました。,"時期:2024年6月宿泊; プラン:【期間限定・特別価格】通常より8888円OFF！関あじ・伊勢海老・豊後牛がメインの会席プラン／朝夕お部屋食; 価格帯:29,001～30,000円(大人１名あたり/税込); 部屋:5; 風呂:4; 料理(朝食):5; 料理(夕食):5; 接客・サービス:5 | プラン 【期間限定・特別価格】通常より8888円OFF！関あじ・伊勢海老・豊後牛がメインの会席プラン／朝夕お部屋食 和洋室 朝・夕 朝/部屋出し 夕/部屋出し",https://www.jalan.net/yad322964/kuchikomi/archive/,1,room_open_air_bath;food,raw/jalan/archive_page_4.html,cp932,mixed,body_positive_and_negative,high,body_sentiment_inference_needed
OTA full review,Jalan,jalan_d7c1f4b058a615b3,あやぱんさん,2024/6/12,5,人がとてもいい,9月に子供が産まれるので、夫婦二人での最後の旅行がてらお邪魔しました。お部屋がとても広く、夕食もとても豪華で美味しかったです！スタッフの方々全員とても愛想良くたくさんお話して下さったりと対応も最高でした。一つだけ気になったのは部屋の内風呂に大きな蜘蛛の巣があったのでそこだけ、虫が苦手な私には少し気になりました。他は掃除も行き届いており、気にならず過ごせました！また息子が生まれて落ち着いたらお邪魔したいお宿です！,"時期:2024年6月宿泊; プラン:【期間限定・特別価格】通常より8888円OFF！関あじ・伊勢海老・豊後牛がメインの会席プラン／朝夕お部屋食; 価格帯:29,001～30,000円(大人１名あたり/税込); 部屋:5; 風呂:4; 料理(朝食):5; 料理(夕食):5; 接客・サービス:5 | プラン 【期間限定・特別価格】通常より8888円OFF！関あじ・伊勢海老・豊後牛がメインの会席プラン／朝夕お部屋食 和洋室 朝・夕 朝/部屋出し 夕/部屋出し",https://www.jalan.net/yad322964/kuchikomi/archive/,1,food,raw/jalan/archive_page_4.html,cp932,mixed,body_positive_and_negative,high,body_sentiment_inference_needed
OTA full review,Jalan,jalan_1bb42b0f3af994a8,あおぞらたろうさん,2024/6/9,5,高齢の方におすすめ,高齢の両親を連れて宿泊しました。 部屋食希望と、足が不自由なので歩行動線がシンプル な宿を探してました。まさにピッタリの宿でした。 フロントから部屋まで20メートルくらいだし 朝食は食事処でしたが、部屋からすぐなので 夕食も部屋食じゃなくても充分でした。 部屋で、ゆっくりして、温泉入って 食事を楽しむ過ごし方をしたい人には もってこいの宿でした。 料理は最高でした！,"時期:2024年6月宿泊; プラン:【スタンダード】関あじ・伊勢海老・豊後牛！旬の食材を使用した割烹会席プラン(１泊２食付／夕食お部屋食); 価格帯:30,001円以上(大人１名あたり/税込); 部屋:4; 風呂:4; 料理(朝食):5; 料理(夕食):5; 接客・サービス:5 | プラン 【スタンダード】関あじ・伊勢海老・豊後牛！旬の食材を使用した割烹会席プラン(１泊２食付／夕食お部屋食) 和室 朝・夕 朝/個室利用 夕/部屋出し",https://www.jalan.net/yad322964/kuchikomi/archive/,1,food,raw/jalan/archive_page_4.html,cp932,positive,body_positive,high,body_sentiment_inference_needed
OTA full review,Jalan,jalan_16dfa22365e8c716,まこちゃんさん,2024/6/9,4,料理、お部屋共に満足,まだ新しい宿で比較的綺麗なんですが、人件費削減なのか接客が少し足りないというか忙しいみたいでした。 料理は満足だったしお部屋も綺麗ではあるけど作り的に少し不便のような作りでしま。 セキュリティにしても万全に期してありますが、駐車場と宿たとが少し離れており、事前に説明をしてほしかった。,"時期:2024年5月宿泊; プラン:【期間限定・特別価格】通常より8888円OFF！関あじ・伊勢海老・豊後牛がメインの会席プラン／朝夕お部屋食; 価格帯:29,001～30,000円(大人１名あたり/税込); 部屋:4; 風呂:4; 料理(朝食):4; 料理(夕食):5; 接客・サービス:4 | プラン 【期間限定・特別価格】通常より8888円OFF！関あじ・伊勢海老・豊後牛がメインの会席プラン／朝夕お部屋食 和洋室 朝・夕 朝/部屋出し 夕/部屋出し",https://www.jalan.net/yad322964/kuchikomi/archive/,1,food;access,raw/jalan/archive_page_4.html,cp932,mixed,body_positive_and_negative,high,body_sentiment_inference_needed
OTA full review,Jalan,jalan_3ade96ad70b419be,うみらいママさん,2024/6/8,4,夕食が最高,夕食を食べて温泉に入ってゆっくりしようといくつかの候補のお宿の中から、部屋に露天風呂つきで部屋内の食事室にて食事とあったので選びました。 夕食は、伊勢海老のお刺身が特に美味しかったです。 お風呂とお部屋は、もう少し広くても良いかなとは思いました。 でも、まだ新しいのか綺麗で心地よく過ごすことができました。 ぜひまた利用したいと思ったお宿です。,"時期:2024年6月宿泊; プラン:【期間限定・特別価格】通常より8888円OFF！関あじ・伊勢海老・豊後牛がメインの会席プラン／朝夕お部屋食; 価格帯:29,001～30,000円(大人１名あたり/税込); 部屋:4; 風呂:4; 料理(朝食):3; 料理(夕食):5; 接客・サービス:4 | プラン 【期間限定・特別価格】通常より8888円OFF！関あじ・伊勢海老・豊後牛がメインの会席プラン／朝夕お部屋食 和室 朝・夕 朝/部屋出し 夕/部屋出し",https://www.jalan.net/yad322964/kuchikomi/archive/,1,room_open_air_bath;food,raw/jalan/archive_page_4.html,cp932,positive,body_positive,high,body_sentiment_inference_needed
OTA full review,Jalan,jalan_f27b526b692b3118,もんすてらさん,2024/6/5,5,ゆったり過ごすことができました,母親と2人旅行でした。 定期的に色々な温泉に行ってますが今回は大変満足しました。 部屋には露天風呂と内風呂もあり、気軽に入ることが出来るので何度も入り癒されました。 今回のプランの食事は朝夕とも部屋食で、部屋の2階の食事用の部屋でいただき贅沢感があり良かったです。 食事も大変おいしくて、どれを食べても美味しくてお勧めです！ 量もちょうど良かったです。,"時期:2024年6月宿泊; プラン:【期間限定・特別価格】通常より8888円OFF！関あじ・伊勢海老・豊後牛がメインの会席プラン／朝夕お部屋食; 価格帯:29,001～30,000円(大人１名あたり/税込); 部屋:5; 風呂:5; 料理(朝食):5; 料理(夕食):5; 接客・サービス:5 | プラン 【期間限定・特別価格】通常より8888円OFF！関あじ・伊勢海老・豊後牛がメインの会席プラン／朝夕お部屋食 和洋室 朝・夕 朝/部屋出し 夕/部屋出し",https://www.jalan.net/yad322964/kuchikomi/archive/,1,food,raw/jalan/archive_page_4.html,cp932,positive,body_positive,high,body_sentiment_inference_needed
OTA full review,Jalan,jalan_8676b222fdb8eb97,ヒロさん,2024/6/4,4,夕食が美味しい,お世話になりました。宿泊して感じた良かったところは、料理が美味しく、特に関あじがとても美味しかったです。また、バスタオルが２枚ずつあるのは良かったと思います。コーヒーも豆から挽いて入れるというのは初めてでした。部屋はメゾネットタイプで清潔で、朝晩とも食事は部屋食というのは良かったです。ただ、食事場所が２階だったので、足の不自由な方や年配の方には少し厳しいかと思いました。気になった点は、駐車場の場所が分かりにくかったことと、荷物が多かったにもかかわらず、部屋への案内時に、荷物を持ちましょうかといった声が掛けられなかったのが残念でした。,"時期:2024年6月宿泊; プラン:【期間限定・特別価格】通常より8888円OFF！関あじ・伊勢海老・豊後牛がメインの会席プラン／朝夕お部屋食; 価格帯:29,001～30,000円(大人１名あたり/税込); 部屋:4; 風呂:3; 料理(朝食):4; 料理(夕食):5; 接客・サービス:4 | プラン 【期間限定・特別価格】通常より8888円OFF！関あじ・伊勢海老・豊後牛がメインの会席プラン／朝夕お部屋食 和洋室 朝・夕 朝/部屋出し 夕/部屋出し",https://www.jalan.net/yad322964/kuchikomi/archive/,1,food;access,raw/jalan/archive_page_4.html,cp932,mixed,body_positive_and_negative,high,body_sentiment_inference_needed
OTA full review,Jalan,jalan_26d03683098b8d8c,りよまるさん,2024/6/2,4,食事は素晴らしかった,特に、夕食は内容・量ともにすばらかったです。難を指摘すれば部屋についている露天風呂が内風呂の窓からの出入りで奇妙な感がありました。 部屋の風呂は、内風呂も露天風呂も別府温泉の豪快さを感じることは出来なかったのが残念です。,"時期:2024年5月宿泊; プラン:【期間限定・特別価格】通常より8888円OFF！関あじ・伊勢海老・豊後牛がメインの会席プラン／朝夕お部屋食; 価格帯:29,001～30,000円(大人１名あたり/税込); 部屋:4; 風呂:2; 料理(朝食):5; 料理(夕食):5; 接客・サービス:4 | プラン 【期間限定・特別価格】通常より8888円OFF！関あじ・伊勢海老・豊後牛がメインの会席プラン／朝夕お部屋食 和洋室 朝・夕 朝/部屋出し 夕/部屋出し",https://www.jalan.net/yad322964/kuchikomi/archive/,1,food,raw/jalan/archive_page_4.html,cp932,mixed,body_positive_and_negative,high,body_sentiment_inference_needed
OTA full review,Jalan,jalan_2bae309adf3794c7,よねちゃんさん,2024/6/1,5,全てが大変良かった,全ての料理が最高だった。内風呂も本格的な岩風呂で広さがあり、源泉かけ流しで3回も入ってしまった。何より接客が非常に良かったので、ぜひまた利用したいと思いました。,"時期:2024年5月宿泊; プラン:【じゃらん限定】夕食グレードアップ！視覚と味覚で料理を愉しむ～玉手箱会席プラン～（夕食お部屋食）; 価格帯:28,001～29,000円(大人１名あたり/税込); 部屋:5; 風呂:5; 料理(朝食):5; 料理(夕食):5; 接客・サービス:5 | プラン 【じゃらん限定】夕食グレードアップ！視覚と味覚で料理を愉しむ～玉手箱会席プラン～（夕食お部屋食） 和室 朝・夕 朝/個室利用 夕/部屋出し",https://www.jalan.net/yad322964/kuchikomi/archive/,1,source_flow;food,raw/jalan/archive_page_4.html,cp932,positive,body_positive,high,body_sentiment_inference_needed
OTA full review,Jalan,jalan_ac9bf2efdb308225,jinさん,2024/5/31,3,夕食はとても良かった,関アジ、伊勢エビ等の豪華舟盛り、とろける豊後牛しゃぶしゃぶとステーキ、などなど、素晴らしい夕食を頂きました。残念だったのは部屋付風呂が素人手作りのようなものであること。せっかく名湯鉄輪温泉を引いているのですから、改善すれば美味しい料理に快適な温泉、鬼に金棒、です。 お世話になりました。,"時期:2024年5月宿泊; プラン:【期間限定・特別価格】通常より8888円OFF！関あじ・伊勢海老・豊後牛がメインの会席プラン／朝夕お部屋食; 価格帯:29,001～30,000円(大人１名あたり/税込); 部屋:3; 風呂:1; 料理(朝食):3; 料理(夕食):5; 接客・サービス:3 | プラン 【期間限定・特別価格】通常より8888円OFF！関あじ・伊勢海老・豊後牛がメインの会席プラン／朝夕お部屋食 和洋室 朝・夕 朝/部屋出し 夕/部屋出し",https://www.jalan.net/yad322964/kuchikomi/archive/,1,food;access,raw/jalan/archive_page_4.html,cp932,mixed,body_positive_and_negative,high,body_sentiment_inference_needed
OTA full review,Jalan,jalan_ac32b719c5599672,さたけさん,2024/5/15,5,食事が美味しい素敵な宿,夫婦で利用しました。 地獄めぐりや鉄輪温泉街の観光にとても便利な場所でした。 どのお料理もとても美味しく、朝食も多過ぎずちょうど良い量で有り難かったです。 お部屋では温泉のほか、こだわられた小物や家具もとても素敵で、飽きることなくゆったりと過ごせました。 スタッフの方の接客も丁寧で、様々なお気遣いが嬉しかったです。,"時期:2024年5月宿泊; プラン:【期間限定・特別価格】通常より3888円OFF！関あじ・伊勢海老・豊後牛がメインの会席プラン／夕食お部屋食; 価格帯:29,001～30,000円(大人１名あたり/税込); 部屋:5; 風呂:5; 料理(朝食):5; 料理(夕食):5; 接客・サービス:5 | プラン 【期間限定・特別価格】通常より3888円OFF！関あじ・伊勢海老・豊後牛がメインの会席プラン／夕食お部屋食 和室 朝・夕 朝/個室利用 夕/部屋出し",https://www.jalan.net/yad322964/kuchikomi/archive/,1,food;access,raw/jalan/archive_page_4.html,cp932,neutral,neutral_or_lodging_context,medium,body_sentiment_inference_needed
OTA full review,Jalan,jalan_4385639daffbcc4f,サダさん,2024/5/8,4,食事に満足,離れの部屋を利用しました。部屋食だったので、気を使わずゆっくり食事できました。食べごたえありです。 景色もよく、温泉も気持ちよかったです。 また利用したいとおもいます。,"時期:2024年5月宿泊; プラン:【GW専用】関あじ・伊勢海老・豊後牛！旬の食材を使用した割烹会席プラン(１泊２食／朝夕お部屋食）; 価格帯:30,001円以上(大人１名あたり/税込); 部屋:5; 風呂:3; 料理(朝食):5; 料理(夕食):5; 接客・サービス:4 | プラン 【GW専用】関あじ・伊勢海老・豊後牛！旬の食材を使用した割烹会席プラン(１泊２食／朝夕お部屋食） 和室 朝・夕 朝/部屋出し 夕/部屋出し",https://www.jalan.net/yad322964/kuchikomi/archive/,1,food,raw/jalan/archive_page_4.html,cp932,positive,body_positive,high,body_sentiment_inference_needed
OTA full review,Jalan,jalan_485577c17254b229,マイさん,2024/5/6,3,温泉街に近く、食事が豪華,鉄輪温泉街に徒歩で行け、コンビニもバス停も近く便利です。 夕食の鯵と伊勢海老が美味しかったです。 旅館というより民宿的な雰囲気ですが、静かに休むことができました。 温泉の源泉が出ないなどのアクシデントもありましたが、別の家族風呂に入り直したので良かったです。,"時期:2024年4月宿泊; プラン:【GW専用】関あじ・伊勢海老・豊後牛！旬の食材を使用した割烹会席プラン(１泊２食／夕食お部屋食）; 価格帯:25,001～26,000円(大人１名あたり/税込); 部屋:2; 風呂:1; 料理(朝食):3; 料理(夕食):4; 接客・サービス:3 | プラン 【GW専用】関あじ・伊勢海老・豊後牛！旬の食材を使用した割烹会席プラン(１泊２食／夕食お部屋食） 和室 朝・夕 朝/個室利用 夕/部屋出し",https://www.jalan.net/yad322964/kuchikomi/archive/,1,family_bath;source_flow;food;access,raw/jalan/archive_page_4.html,cp932,positive,body_positive,high,body_sentiment_inference_needed
OTA full review,Jalan,jalan_935a4b2e0c7176d2,のりくんさん,2024/4/24,5,お部屋お食事が良かった,お部屋はプライベート感が高く、お料理内容も満足出来ました。接客内容も程良い距離感で心地よかったです。鉄輪温泉の観光スポットも徒歩圏内で散策して楽しめました。,"時期:2024年4月宿泊; プラン:【じゃらんのお得な10日間】関あじ＆豊後牛など旬の食材を使用した割烹会席(１泊２食／朝夕お部屋食）; 価格帯:30,001円以上(大人１名あたり/税込); 部屋:4; 風呂:4; 料理(朝食):5; 料理(夕食):5; 接客・サービス:4 | プラン 【じゃらんのお得な10日間】関あじ＆豊後牛など旬の食材を使用した割烹会席(１泊２食／朝夕お部屋食） 和洋室 朝・夕 朝/部屋出し 夕/部屋出し",https://www.jalan.net/yad322964/kuchikomi/archive/,1,food;access,raw/jalan/archive_page_4.html,cp932,positive,body_positive,high,body_sentiment_inference_needed
OTA full review,Jalan,jalan_d6894d5ccf5c7d87,のんさん,2024/3/25,5,とても良かったです,料理はどれも美味しくボリュームもあり、お酒や飲み比べを楽しみました。関アジ新鮮で美味しかったです。仲居さんのさりげないお気遣いが良かったです。お部屋食は旅館の方が準備して下さるのをお部屋の隅っこで待ってるイメージでしたが、こちらは食事の部屋と寝る部屋のフロアが別なので、食事までの間は自由に過ごすことができました。チェックインの時間が夕食間近だったのでバタつきましたが、次回は早く到着して別府の景色をゆっくり見ながら外風呂、内風呂を楽しみたいです。,"時期:2024年3月宿泊; プラン:【記念日プラン】大切な人と過ごすひとときに…ケーキ＆ノンアルスパークリングワイン付き(朝夕お部屋食）; 価格帯:30,001円以上(大人１名あたり/税込); 部屋:5; 風呂:4; 料理(朝食):5; 料理(夕食):5; 接客・サービス:5 | プラン 【記念日プラン】大切な人と過ごすひとときに…ケーキ＆ノンアルスパークリングワイン付き(朝夕お部屋食） 和洋室 朝・夕 朝/部屋出し 夕/部屋出し",https://www.jalan.net/yad322964/kuchikomi/archive/,1,food,raw/jalan/archive_page_4.html,cp932,positive,body_positive,high,body_sentiment_inference_needed
OTA full review,Jalan,jalan_f695e9a1dda7b02d,kazuさん,2024/3/25,4,料理が美味しい宿です。,夫婦で近場の温泉旅館に泊まりたいので八葉さんに宿泊させていただきました。 料理に関しては、関あじ、伊勢えび、ステーキと大変満足できるものでした。 部屋食なので周りに気にせず食事が取れるのもいいかなと思います。 お風呂もお部屋に露天風呂がついていますが、当日雨だったのでしっかり濡れてしまいます。できれば屋根をつけていただきたいです。 お部屋も綺麗で満足できました。,"時期:2024年3月宿泊; プラン:【期間限定・特別価格】通常より8888円OFF！関あじ・伊勢海老・豊後牛がメインの会席プラン／朝夕お部屋食; 価格帯:30,001円以上(大人１名あたり/税込); 部屋:4; 風呂:3; 料理(朝食):4; 料理(夕食):5; 接客・サービス:3 | プラン 【期間限定・特別価格】通常より8888円OFF！関あじ・伊勢海老・豊後牛がメインの会席プラン／朝夕お部屋食 和室 朝・夕 朝/部屋出し 夕/部屋出し",https://www.jalan.net/yad322964/kuchikomi/archive/,1,room_open_air_bath;food,raw/jalan/archive_page_4.html,cp932,positive,body_positive,high,body_sentiment_inference_needed
OTA full review,Jalan,jalan_0ce05f54afdaa0e9,トシちゃんさん,2024/3/22,4,料理がおいしかった。,コロナが明けて久し振りに友人3人旅で別府に来ました。 八葉さんは初めてでしたが、夕食の舟盛りなど新鮮な魚介類とステーキは大変美味しく満喫出来ました。,"時期:2024年2月宿泊; プラン:【旅得クーポン付き】通常より3888円OFF！関あじ・伊勢海老・豊後牛がメインの会席プラン／夕食お部屋食; 価格帯:23,001～24,000円(大人１名あたり/税込); 部屋:3; 風呂:4; 料理(朝食):4; 料理(夕食):5; 接客・サービス:5 | プラン 【旅得クーポン付き】通常より3888円OFF！関あじ・伊勢海老・豊後牛がメインの会席プラン／夕食お部屋食 和室 朝・夕 朝/個室利用 夕/部屋出し",https://www.jalan.net/yad322964/kuchikomi/archive/,1,food,raw/jalan/archive_page_4.html,cp932,positive,body_positive,high,body_sentiment_inference_needed
OTA full review,Jalan,jalan_0f10fc5169fb616b,ゆきさん,2024/3/18,5,時間を忘れてゆったり,時間の問題を抱えてチェックイン。大変有り難い対応していただきました。料理がとにかく美味しくて。素敵なスタッフの方々の対応にとても心癒されました。何よりお部屋がとても綺麗で写真で見ていたイメージが覆されました！個室食事。内風呂露天風呂客室。どこもかしこも綺麗で時計がないのはゆっくり過ごす為でしょうか？時間を忘れて過ごしました。ゆっくり流れる時間と素敵な温泉景色癒されました。ありがとうございました！,"時期:2024年3月宿泊; プラン:【期間限定・特別価格】通常より8888円OFF！関あじ・伊勢海老・豊後牛がメインの会席プラン／朝夕お部屋食; 価格帯:30,001円以上(大人１名あたり/税込); 部屋:5; 風呂:5; 料理(朝食):5; 料理(夕食):5; 接客・サービス:5 | プラン 【期間限定・特別価格】通常より8888円OFF！関あじ・伊勢海老・豊後牛がメインの会席プラン／朝夕お部屋食 和室 朝・夕 朝/部屋出し 夕/部屋出し",https://www.jalan.net/yad322964/kuchikomi/archive/,1,food,raw/jalan/archive_page_5.html,cp932,positive,body_positive,high,body_sentiment_inference_needed
OTA full review,Jalan,jalan_8d79be80403ba7ef,Toさん,2024/3/18,4,この度はありがとうございました,静かに2人でゆっくり泊まることができ、新しいお宿だけに設備が新しくて綺麗でした。 辛口評価かもしれませんが、お夕飯は期待しすぎてしまったのか宿泊代からすると可もなく不可もなくかもしれません。関あじと豊後牛の蒸ししゃぶは美味でした。 朝食はもう少し品数があるとより嬉しいのと、これはワガママですがデザートにもう一工夫あると嬉しいなと思いました。 楽しみにしていた貸切風呂は貸切できるのが嬉しいですが、3種類似通っているのと狭めでシャワーが1つしかなかったので設備的には若干期待外れなところはありました。また、硫黄泉で温度低めにされているのかわかりませんが、温泉がぬるかったのでもう少し熱いお湯だと良かったです。 お部屋で接客いただいた方が大変優しく接客していただいて嬉しかったです。,"時期:2024年3月宿泊; プラン:【期間限定・特別価格】通常より3888円OFF！関あじ・伊勢海老・豊後牛がメインの会席プラン／夕食お部屋食; 価格帯:26,001～27,000円(大人１名あたり/税込); 部屋:5; 風呂:3; 料理(朝食):4; 料理(夕食):4; 接客・サービス:3 | プラン 【期間限定・特別価格】通常より3888円OFF！関あじ・伊勢海老・豊後牛がメインの会席プラン／夕食お部屋食 和室 朝・夕 朝/個室利用 夕/部屋出し",https://www.jalan.net/yad322964/kuchikomi/archive/,1,private_bath;temperature_hot;small_bath_or_room;food,raw/jalan/archive_page_5.html,cp932,mixed,body_positive_and_negative,high,body_sentiment_inference_needed
OTA full review,Jalan,jalan_b6ec9a1c44e868b5,メロンちゃんさん,2024/3/15,5,地元でのんびり,母と2人で日頃の疲れを癒しに近場でのんびりしようと今回利用させて頂きました。 夕食は部屋でゆっくりいただけましたし、 温泉も家族湯が空いていれば何度も利用できました。 お部屋から月あかりの中、別府の湯けむりと夜景がとても綺麗で母と感動しました。 少し残念だったのは朝食後に温泉に入れなかった事です。,"時期:2024年2月宿泊; プラン:【じゃらん限定／直前割】本館限定！関あじ・伊勢海老・豊後牛がメインの会席プラン（夕食お部屋食）; 価格帯:19,001～20,000円(大人１名あたり/税込); 部屋:5; 風呂:5; 料理(朝食):4; 料理(夕食):5; 接客・サービス:5 | プラン 【じゃらん限定／直前割】本館限定！関あじ・伊勢海老・豊後牛がメインの会席プラン（夕食お部屋食） 和室 朝・夕 朝/個室利用 夕/部屋出し",https://www.jalan.net/yad322964/kuchikomi/archive/,1,family_bath;food,raw/jalan/archive_page_5.html,cp932,mixed,body_positive_and_negative,high,body_sentiment_inference_needed
OTA full review,Jalan,jalan_609ac11731a6de5c,ようちゃんさん,2024/3/15,5,全て大満足のお宿,口コミみてこのお宿に決めました。口コミ半信半疑で伺ったのですが、最初から最後まで最高でした。 こじんまりしてますが、それがとても心地よい空間、清潔感もあり、ゆっくりくつろぐことができました。夕食は部屋食で全てが美味しかったです。今回、母と一緒の旅でした。高齢の母はいつもは残してしまう料理も完食、今までで一番最高だと喜んでいました。 お風呂は貸切風呂で、こじんまりしてますが清潔感もあり温泉の香もして何度も入りました。3つある貸切を全て入れるようスタッフの方も配慮してくれました。貸切風呂にはドライヤーがありませんが、お部屋には某ドライヤーが置いてあるので女性には嬉しいと思います。 どのスタッフの方も笑顔で気持ち良い対応していただきました。父を亡くして落ち込んで二年、母に元気になってほしいと色々な宿に連れて行きましたが、今回が一番、母の笑顔がみれて嬉しかったです。また連れて行きたいです。今度は子供も連れて別邸に泊まりたいと思います。,"時期:2024年3月宿泊; プラン:【じゃらん限定／直前割】本館限定！関あじ・伊勢海老・豊後牛がメインの会席プラン（夕食お部屋食）; 価格帯:19,001～20,000円(大人１名あたり/税込); 部屋:5; 風呂:5; 料理(朝食):5; 料理(夕食):5; 接客・サービス:5 | プラン 【じゃらん限定／直前割】本館限定！関あじ・伊勢海老・豊後牛がメインの会席プラン（夕食お部屋食） 和室 朝・夕 朝/個室利用 夕/部屋出し",https://www.jalan.net/yad322964/kuchikomi/archive/,1,private_bath;food,raw/jalan/archive_page_5.html,cp932,positive,body_positive,high,body_sentiment_inference_needed
OTA full review,Jalan,jalan_3f939ee17d03a3f3,きょうさん,2024/3/15,5,離れの部屋がとても良い,連泊で行きましたが、スタッフさんの接客がどなたも本当に素敵でした。 海地獄等も近く本当に観光にはおすすめです。 露天風呂ですが、前に公園があり若干気になります。 部屋食、のんびりしたい方には本当にオススメの場所です。 スタッフさんの接客が本当に素晴らしいんで、また行きたいと思いました。,"時期:2024年2月宿泊; プラン:【期間限定・特別価格】通常より8888円OFF！関あじ・伊勢海老・豊後牛がメインの会席プラン／朝夕お部屋食; 価格帯:29,001～30,000円(大人１名あたり/税込); 部屋:5; 風呂:5; 料理(朝食):5; 料理(夕食):5; 接客・サービス:5 | プラン 【期間限定・特別価格】通常より8888円OFF！関あじ・伊勢海老・豊後牛がメインの会席プラン／朝夕お部屋食 和洋室 朝・夕 朝/部屋出し 夕/部屋出し",https://www.jalan.net/yad322964/kuchikomi/archive/,1,food;access,raw/jalan/archive_page_5.html,cp932,positive,body_positive,high,body_sentiment_inference_needed
OTA full review,Jalan,jalan_e4a224a6a94a2bc3,kkさん,2024/3/14,4,部屋の露天風呂が良かった,昨年離れに泊まり良かったのでまたお世話になりました。 離れは空いて無かったので、息子夫婦のハネムーン代わりのプレゼントとしてどうかと不安もありましたが部屋も適度な広さで綺麗だったので安心しました。 部屋の露天風呂は景観は無くても広く気持ち良かったです。 ただ湯から出ようとすると寒いので気をつけた方がいいですね。 料理は美味しいのですが昨年と同じなので感動は薄いです。 刺身はもっとカボスひらめやイカ等もあればと思います。 残念だったのは密かに楽しみにしていた茹で卵が無かった事です。 全体的に良かったのでまた行きたいです。,"時期:2024年3月宿泊; プラン:【期間限定・特別価格】通常より3888円OFF！関あじ・伊勢海老・豊後牛がメインの会席プラン／夕食お部屋食; 価格帯:25,001～26,000円(大人１名あたり/税込); 部屋:4; 風呂:5; 料理(朝食):3; 料理(夕食):4; 接客・サービス:4 | プラン 【期間限定・特別価格】通常より3888円OFF！関あじ・伊勢海老・豊後牛がメインの会席プラン／夕食お部屋食 和室 朝・夕 朝/個室利用 夕/部屋出し",https://www.jalan.net/yad322964/kuchikomi/archive/,1,room_open_air_bath;food,raw/jalan/archive_page_5.html,cp932,mixed,body_positive_and_negative,high,body_sentiment_inference_needed
OTA full review,Jalan,jalan_55d1aca618286c17,meさん,2024/3/13,5,スタッフの方々が暖かい,朝夕の食事がとにかくおいしかったです！ 地元のものも食べられて大満足でした！ スタッフの方たちも暖かくホッコリ癒されました！ ここのお宿にしてよかったねーって友達ともずっと話してます。 朝入ったお風呂の露天風呂だけ お湯が冷たかったのがざんねんでした… でも朝風呂もきもちよかったです！,"時期:2024年3月宿泊; プラン:【期間限定・特別価格】通常より3888円OFF！関あじ・伊勢海老・豊後牛がメインの会席プラン／夕食お部屋食; 価格帯:23,001～24,000円(大人１名あたり/税込); 部屋:4; 風呂:4; 料理(朝食):5; 料理(夕食):5; 接客・サービス:5 | プラン 【期間限定・特別価格】通常より3888円OFF！関あじ・伊勢海老・豊後牛がメインの会席プラン／夕食お部屋食 和室 朝・夕 朝/個室利用 夕/部屋出し",https://www.jalan.net/yad322964/kuchikomi/archive/,1,food,raw/jalan/archive_page_5.html,cp932,mixed,body_positive_and_negative,high,body_sentiment_inference_needed
OTA full review,Jalan,jalan_300833b43bded85a,舞子さん,2024/3/13,5,食事最高です！,新婚旅行で利用させてもらいましたが、とっても満足出来ました。 なにより料理がどれも美味しく豪華でとってもおすすめです！ どのスタッフさんもみんな感じがよく話しやすく、丁寧な接客をして下さいました。部屋に付いてる露天風呂も大きく足をしっかり伸ばせて入浴できました。部屋以外の貸切露天風呂も利用させていただき、色んなお風呂を楽しむ事が出来ました！とっても清潔なお部屋で、タオルも沢山置いて下さっていたので安心して清潔感を保ちながら過ごせました。 宿の近くには地獄温泉があったので徒歩で出掛けて楽しんで帰りました。ほんとにおすすめな宿です。またぜひ利用したい宿です！,"時期:2024年3月宿泊; プラン:【期間限定・特別価格】通常より8888円OFF！関あじ・伊勢海老・豊後牛がメインの会席プラン／朝夕お部屋食; 価格帯:29,001～30,000円(大人１名あたり/税込); 部屋:5; 風呂:5; 料理(朝食):5; 料理(夕食):5; 接客・サービス:5 | プラン 【期間限定・特別価格】通常より8888円OFF！関あじ・伊勢海老・豊後牛がメインの会席プラン／朝夕お部屋食 和洋室 朝・夕 朝/部屋出し 夕/部屋出し",https://www.jalan.net/yad322964/kuchikomi/archive/,1,private_bath;food;access,raw/jalan/archive_page_5.html,cp932,positive,body_positive,high,body_sentiment_inference_needed
OTA full review,Jalan,jalan_d68f1ea0782588d3,りっちゃんさん,2024/3/12,5,ご飯が最高！,初の九州旅行の宿として利用させていただきました。タイトルの通り、何と言っても1番はご飯がめちゃくちゃ美味しかったです！特におおいた和牛ステーキと伊勢海老のお刺身の美味しさに感動してました。しかもボリュームが凄い…笑 たらふく食べて、温泉に浸かって、おかげさまでとてもリフレッシュできました。ありがとうございました！！ あと、部屋からの朝日がめちゃくちゃ綺麗でした。,"時期:2024年3月宿泊; プラン:【記念日プラン】大切な人と過ごすひとときに…ケーキ＆ノンアルスパークリングワイン付き(朝夕お部屋食）; 価格帯:30,001円以上(大人１名あたり/税込); 部屋:4; 風呂:4; 料理(朝食):5; 料理(夕食):5; 接客・サービス:4 | プラン 【記念日プラン】大切な人と過ごすひとときに…ケーキ＆ノンアルスパークリングワイン付き(朝夕お部屋食） 和洋室 朝・夕 朝/部屋出し 夕/部屋出し",https://www.jalan.net/yad322964/kuchikomi/archive/,1,food,raw/jalan/archive_page_5.html,cp932,positive,body_positive,high,body_sentiment_inference_needed
OTA full review,Jalan,jalan_0e5f96124bc62f30,ちえさん,2024/3/11,5,お料理が最高,今回で2度目の利用です。 去年の5月に、二女の誕生日で利用させて頂いきました。離れの和室でしたが、夕食もとても豪華で美味しかったので 今回は長女と一緒にお泊まりさせて頂きました。 お部屋は離れの和洋室！ 2階がお食事処、1階がお部屋で 内風呂と露天風呂もありいつても入浴出来るので満喫出来ました。 入浴した後はお肌がとてもスベスベになり、やっぱり温泉ていいなと思いました。娘の疲労感も軽くなった様です！ 朝には、どちらのお風呂も冷めているので入る前に半分位お湯を抜いて温泉を入れました。温泉は入れっぱなしでも良かったのかなと思いました。 お料理は今回も殆ど同じ内容でしたが、何度食べてもボリュームがあり、お刺身、お肉などとっても美味しかったです。 連泊だと翌日の食事内容が変わるそうです。食べてみたいですね！ 近くなのでまた利用させて頂きます♪ 皆さん感じの良い方達ばかりで、とてもゆっくり出来て楽しかったです！ 娘も帰りたくない…と言っておりました。 ありがとうございました(^^),"時期:2024年3月宿泊; プラン:【オンラインカード専用】8888円OFF！関あじ・伊勢海老・豊後牛がメインの会席プラン（朝夕お部屋食）; 価格帯:29,001～30,000円(大人１名あたり/税込); 部屋:5; 風呂:5; 料理(朝食):5; 料理(夕食):5; 接客・サービス:5 | プラン 【オンラインカード専用】8888円OFF！関あじ・伊勢海老・豊後牛がメインの会席プラン（朝夕お部屋食） 和洋室 朝・夕 朝/部屋出し 夕/部屋出し",https://www.jalan.net/yad322964/kuchikomi/archive/,1,temperature_cold;water_texture;food,raw/jalan/archive_page_5.html,cp932,mixed,conditional_signal_tag,medium,body_sentiment_inference_needed
OTA full review,Jalan,jalan_e5943414635e39fb,さぁーさん,2024/3/10,4,食事が美味しい,結婚記念日と温泉(日頃の癒し)を兼ねて、鉄輪温泉に行きました♪口コミ通り、夕食、朝食ともに大満足でした。お味がとても良かったです。関アジも新鮮でしたが、おおいた和牛のせいろが、とても美味しく、大満足でした。朝夕ともにお部屋の中2階で、周りを気にせずゆったりと食事ができました。また食事しながらの別府湾の眺めも良かったです。お部屋付きのお風呂は、やや小さめに感じましたが、貸切の家族風呂が3つあり、そちらもスムーズに利用でき、楽しめました。食事を堪能したい方は、ぜひお勧めです。また鉄輪温泉に行く際は、利用したいです。,"時期:2024年3月宿泊; プラン:【期間限定・特別価格】通常より8888円OFF！関あじ・伊勢海老・豊後牛がメインの会席プラン／朝夕お部屋食; 価格帯:29,001～30,000円(大人１名あたり/税込); 部屋:4; 風呂:3; 料理(朝食):5; 料理(夕食):5; 接客・サービス:4 | プラン 【期間限定・特別価格】通常より8888円OFF！関あじ・伊勢海老・豊後牛がメインの会席プラン／朝夕お部屋食 和洋室 朝・夕 朝/部屋出し 夕/部屋出し",https://www.jalan.net/yad322964/kuchikomi/archive/,1,private_bath;family_bath;small_bath_or_room;food;access,raw/jalan/archive_page_5.html,cp932,positive,body_positive,high,body_sentiment_inference_needed
OTA full review,Jalan,jalan_1a076b098dc30946,lalanさん,2024/3/9,5,大満足！,お部屋、お風呂、食事等どれも素晴らしかったですが、一番は人(宿の皆さん)が本当に良かったです。女性陣はフレンドリーでとても話が楽しく、男性の皆さんも優しく丁寧に接してくださり、ちょっとしたところでも心遣いが感じられ、ゆったりと過ごすことができました。 お部屋がきれいなのはもちろん、お風呂も好みの温度調節ができ、食事も朝晩本当に美味しかった！過不足なく、すべてが程よく、居心地が良かったので、癒されたひと時でした。また伺いたいと思っています。,"時期:2024年3月宿泊; プラン:【じゃらん限定／直前割】本館限定！関あじ・伊勢海老・豊後牛がメインの会席プラン（夕食お部屋食）; 価格帯:19,001～20,000円(大人１名あたり/税込); 部屋:5; 風呂:5; 料理(朝食):5; 料理(夕食):5; 接客・サービス:5 | プラン 【じゃらん限定／直前割】本館限定！関あじ・伊勢海老・豊後牛がメインの会席プラン（夕食お部屋食） 和室 朝・夕 朝/個室利用 夕/部屋出し",https://www.jalan.net/yad322964/kuchikomi/archive/,1,food,raw/jalan/archive_page_5.html,cp932,positive,body_positive,high,body_sentiment_inference_needed
OTA full review,Jalan,jalan_1bb554dc47b536da,かおちゃんさん,2024/3/8,4,美味しいお料理と湯煙でのんびり過ごせる宿,お部屋はこぢんまりしてますが清潔感があり、お料理もお造りが最高で、お肉もついた大満足の夕食でした。,"時期:2024年2月宿泊; プラン:【旅得クーポン付き】通常より3888円OFF！関あじ・伊勢海老・豊後牛がメインの会席プラン／夕食お部屋食; 価格帯:24,001～25,000円(大人１名あたり/税込); 部屋:3; 風呂:3; 料理(朝食):3; 料理(夕食):5; 接客・サービス:4 | プラン 【旅得クーポン付き】通常より3888円OFF！関あじ・伊勢海老・豊後牛がメインの会席プラン／夕食お部屋食 和室 朝・夕 朝/個室利用 夕/部屋出し",https://www.jalan.net/yad322964/kuchikomi/archive/,1,food,raw/jalan/archive_page_5.html,cp932,positive,body_positive,high,body_sentiment_inference_needed
OTA full review,Jalan,jalan_b5ab24887885a224,みーちゃんさん,2024/3/4,5,サイコーでした。,記念日の家族旅行ではじめて利用しました。食事は質、量ともに素晴らしく、お風呂の貸切湯も更衣室が少し狭目ですが泉質は良く大満足な旅でした。,"時期:2024年3月宿泊; プラン:【期間限定・特別価格】通常より3888円OFF！関あじ・伊勢海老・豊後牛がメインの会席プラン／夕食お部屋食; 価格帯:21,001～22,000円(大人１名あたり/税込); 部屋:5; 風呂:5; 料理(朝食):5; 料理(夕食):5; 接客・サービス:5 | プラン 【期間限定・特別価格】通常より3888円OFF！関あじ・伊勢海老・豊後牛がメインの会席プラン／夕食お部屋食 和室 朝・夕 朝/個室利用 夕/部屋出し",https://www.jalan.net/yad322964/kuchikomi/archive/,1,private_bath;water_texture;small_bath_or_room;food,raw/jalan/archive_page_5.html,cp932,mixed,body_positive_and_negative,high,body_sentiment_inference_needed
OTA full review,Jalan,jalan_b834077e021d3d20,かなさん,2024/3/3,5,ご飯もお風呂も最高でした！,初めての大分でしたが、まず食事がとても美味しかったです。魚もお肉も美味しくて、感動しました！お風呂も露天付きのところにご案内いただき、星を見ながら入浴できて最高でした。お部屋の清潔感、スタッフの方のサービスも全て良くて、ぜひまた泊まれたらいいなと思っています。 本当にありがとうございました！,"時期:2024年3月宿泊; プラン:【オンラインカード専用】3888円OFF！関あじ・伊勢海老・豊後牛がメインの会席プラン（夕食お部屋食）; 価格帯:24,001～25,000円(大人１名あたり/税込); 部屋:5; 風呂:5; 料理(朝食):5; 料理(夕食):5; 接客・サービス:5 | プラン 【オンラインカード専用】3888円OFF！関あじ・伊勢海老・豊後牛がメインの会席プラン（夕食お部屋食） 和室 朝・夕 朝/個室利用 夕/部屋出し",https://www.jalan.net/yad322964/kuchikomi/archive/,1,food,raw/jalan/archive_page_5.html,cp932,positive,body_positive,high,body_sentiment_inference_needed
OTA full review,Jalan,jalan_8cbf589fc3873d34,Nさん,2024/3/2,5,対応が丁寧だった,今回初めてこちらの宿に泊まりましたが、従業員の方がとても対応がよく楽しい時間を過ごすことができました。 朝、夕の食事も豪華で温泉もリラックスすることができました。 また大分に旅行に行く際にはこちらの宿に泊まりたいと思います。,"時期:2024年2月宿泊; プラン:【期間限定・特別価格】通常より3888円OFF！関あじ・伊勢海老・豊後牛がメインの会席プラン／夕食お部屋食; 価格帯:25,001～26,000円(大人１名あたり/税込); 部屋:5; 風呂:5; 料理(朝食):5; 料理(夕食):5; 接客・サービス:5 | プラン 【期間限定・特別価格】通常より3888円OFF！関あじ・伊勢海老・豊後牛がメインの会席プラン／夕食お部屋食 和室 朝・夕 朝/個室利用 夕/部屋出し",https://www.jalan.net/yad322964/kuchikomi/archive/,1,food,raw/jalan/archive_page_5.html,cp932,positive,body_positive,high,body_sentiment_inference_needed
OTA full review,Jalan,jalan_dec87e90618204d6,のりぴさん,2024/3/2,5,素敵なお宿,お宿はメゾネットタイプのお家のようなお部屋てとても素敵。夕食も朝食もとても豪華でゆっくり堪能できました。 また、地獄蒸しのお店がいっぱいだったことを伝えると、お野菜を買ってくれば蒸して出してあげると仲居さんに仰っていただき楽しめました。 一点、夕食の時間が19時20時台もあると予定が組みやすかったかなと。 総合的にはとてもよかったです。,"時期:2024年2月宿泊; プラン:【旅得クーポン付き】通常より8888円OFF！関あじ・伊勢海老・豊後牛がメインの会席プラン／朝夕お部屋食; 価格帯:29,001～30,000円(大人１名あたり/税込); 部屋:5; 風呂:5; 料理(朝食):5; 料理(夕食):5; 接客・サービス:4 | プラン 【旅得クーポン付き】通常より8888円OFF！関あじ・伊勢海老・豊後牛がメインの会席プラン／朝夕お部屋食 和室 朝・夕 朝/部屋出し 夕/部屋出し",https://www.jalan.net/yad322964/kuchikomi/archive/,1,food;access,raw/jalan/archive_page_5.html,cp932,positive,body_positive,high,body_sentiment_inference_needed
OTA full review,Jalan,jalan_b0ede7465484a144,ゆうたそさん,2024/2/26,5,別府・鉄輪温泉を満喫しました,子供が間も無く産まれるため、夫婦二人っきりの最後の旅行としてお邪魔しました。 部屋で食事や温泉が楽しめるプランにしたところ、ゆったりと過ごすことができました。 食事は大分別府の名産を中心としたコース料理をいただき、質と量ともに満足できる内容でした。お酒は別料金で楽しめます！ お風呂は部屋に内風呂と外風呂、別棟の貸切風呂がありました。外風呂の露出度が気になりました。私たちは貸切風呂の方がゆっくりできました。 部屋は2階建のような形で1階が寝室、トイレ、お風呂で2階が食事スペースになってました。 従業員の皆さんが親切で丁寧に対応いただき満足でした。,"時期:2024年2月宿泊; プラン:【旅得クーポン付き】通常より8888円OFF！関あじ・伊勢海老・豊後牛がメインの会席プラン／朝夕お部屋食; 価格帯:30,001円以上(大人１名あたり/税込); 部屋:5; 風呂:4; 料理(朝食):5; 料理(夕食):5; 接客・サービス:5 | プラン 【旅得クーポン付き】通常より8888円OFF！関あじ・伊勢海老・豊後牛がメインの会席プラン／朝夕お部屋食 和洋室 朝・夕 朝/部屋出し 夕/部屋出し",https://www.jalan.net/yad322964/kuchikomi/archive/,1,private_bath;food;access,raw/jalan/archive_page_5.html,cp932,positive,body_positive,high,body_sentiment_inference_needed
OTA full review,Jalan,jalan_ddf005c4668f6a9a,郁ちゃんさん,2024/2/25,4,こじんまり,鉄輪温泉は別府温泉の中でも、歴史を感じさせる場所です。 八葉さんは部屋が広くないのですが、かえって無駄が無く 過ごしやすいです。部屋付きの風呂、露天風呂もこじんまりしています。無料で使える風呂もこぢんまりしていいと思います。 何よりも料理を自分の部屋で食べられるのが一番です。 料理の関アジ、肉をはじめすべてが美味しいです。 何度も泊まりたい旅館だと思います。,"時期:2024年2月宿泊; プラン:【旅得クーポン付き】通常より8888円OFF！関あじ・伊勢海老・豊後牛がメインの会席プラン／朝夕お部屋食; 価格帯:29,001～30,000円(大人１名あたり/税込); 部屋:3; 風呂:4; 料理(朝食):4; 料理(夕食):5; 接客・サービス:4 | プラン 【旅得クーポン付き】通常より8888円OFF！関あじ・伊勢海老・豊後牛がメインの会席プラン／朝夕お部屋食 和室 朝・夕 朝/部屋出し 夕/部屋出し",https://www.jalan.net/yad322964/kuchikomi/archive/,1,food;access,raw/jalan/archive_page_5.html,cp932,neutral,neutral_or_lodging_context,medium,body_sentiment_inference_needed
OTA full review,Jalan,jalan_8114a764dfbdbdbe,はっせさん,2024/2/23,5,最高の思い出！,初めての別府旅行で宿泊しました。 温泉地でゆっくりしたい、お部屋で美味しいご飯が食べたいと思い、この宿を選びました。 バス停から近く、地獄めぐりをするための宿泊先にうってつけです。 とにかくご飯が美味しく、夕食、朝食共に大満足でした。 お部屋からの景色が温泉地に来たなと思えるくらい湯けむりが上がっていて眺めも良かったです。 貸切露天風呂もゆっくりとくつろぐことが出来ました。 スタッフの方々も気さくな方ばかりでつい話したくなるような暖かい雰囲気の宿でした。 最高の思い出になりました！ 次は離れのお部屋にも泊まってみたいです！,"時期:2024年2月宿泊; プラン:【期間限定・特別価格】通常より3888円OFF！関あじ・伊勢海老・豊後牛がメインの会席プラン／夕食お部屋食; 価格帯:26,001～27,000円(大人１名あたり/税込); 部屋:5; 風呂:5; 料理(朝食):5; 料理(夕食):5; 接客・サービス:5 | プラン 【期間限定・特別価格】通常より3888円OFF！関あじ・伊勢海老・豊後牛がメインの会席プラン／夕食お部屋食 和室 朝・夕 朝/個室利用 夕/部屋出し",https://www.jalan.net/yad322964/kuchikomi/archive/,1,private_bath;food;access,raw/jalan/archive_page_5.html,cp932,positive,body_positive,high,body_sentiment_inference_needed
OTA full review,Jalan,jalan_863df5629bc1ef67,えんたそさん,2024/2/21,5,料理最高,離れの露天風呂付きの部屋に泊まりました。部屋の露天からは町の湯けむり、遠くに別府湾も見えました。朝夕と部屋食なので周りを気にせずゆっくり食べれました。夕食の関アジと伊勢海老の刺身が特に最高でした。お風呂もお食事もお部屋も最高でのんびりできました。ありがとうございました。,"時期:2024年2月宿泊; プラン:【旅得クーポン付き】通常より8888円OFF！関あじ・伊勢海老・豊後牛がメインの会席プラン／朝夕お部屋食; 価格帯:30,001円以上(大人１名あたり/税込); 部屋:5; 風呂:4; 料理(朝食):3; 料理(夕食):5; 接客・サービス:4 | プラン 【旅得クーポン付き】通常より8888円OFF！関あじ・伊勢海老・豊後牛がメインの会席プラン／朝夕お部屋食 和洋室 朝・夕 朝/部屋出し 夕/部屋出し",https://www.jalan.net/yad322964/kuchikomi/archive/,1,room_open_air_bath;food,raw/jalan/archive_page_5.html,cp932,positive,body_positive,high,body_sentiment_inference_needed
OTA full review,Jalan,jalan_fce9a5aeb347bcd0,やすさん,2024/2/20,5,全てがオススメ！！,部屋のお風呂の雰囲気が良くてゆっくりできました。 部屋も和の感じが良かったです！ 温泉たまごもとても美味しくて，女性のスタッフの方の対応が素晴らしかったです♪ また行きたいです！,"時期:2024年2月宿泊; プラン:【旅得クーポン付き】通常より8888円OFF！関あじ・伊勢海老・豊後牛がメインの会席プラン／朝夕お部屋食; 価格帯:29,001～30,000円(大人１名あたり/税込); 部屋:5; 風呂:5; 料理(朝食):5; 料理(夕食):5; 接客・サービス:5 | プラン 【旅得クーポン付き】通常より8888円OFF！関あじ・伊勢海老・豊後牛がメインの会席プラン／朝夕お部屋食 和洋室 朝・夕 朝/部屋出し 夕/部屋出し",https://www.jalan.net/yad322964/kuchikomi/archive/,1,room_bath;food,raw/jalan/archive_page_5.html,cp932,positive,body_positive,high,body_sentiment_inference_needed
OTA full review,Jalan,jalan_bc392cadb593727e,けいちゃんさん,2024/2/18,5,大満足,子供たちが手を離れてから本格的な夫婦旅の宿に使わせていただきました。宿泊した部屋はメゾネットタイプのようになっていて上はお食事部屋、下は寝室と部屋風呂が2つ。部屋からは湯けむりがみえ、朝日の中の湯けむりは雰囲気があって最高でした。貸し切り風呂もどれも気持ちよくて日々の疲れがとれました。夫婦でゆっくり美味しい食事をたべて、温泉にもつかり、最高の癒しになりました。受付の方、お食事を運んで下さったかた、皆さん優しく声をかけて下さり気持ちよくすごすことができました。帰りに頂いた温泉たまごも美味しかったです！,"時期:2024年2月宿泊; プラン:【旅得クーポン付き】通常より8888円OFF！関あじ・伊勢海老・豊後牛がメインの会席プラン／朝夕お部屋食; 価格帯:30,001円以上(大人１名あたり/税込); 部屋:5; 風呂:5; 料理(朝食):5; 料理(夕食):5; 接客・サービス:5 | プラン 【旅得クーポン付き】通常より8888円OFF！関あじ・伊勢海老・豊後牛がメインの会席プラン／朝夕お部屋食 和洋室 朝・夕 朝/部屋出し 夕/部屋出し",https://www.jalan.net/yad322964/kuchikomi/archive/,1,room_bath;private_bath;food,raw/jalan/archive_page_5.html,cp932,positive,body_positive,high,body_sentiment_inference_needed
OTA full review,Jalan,jalan_e5cac17ee2812840,ミカさん,2024/2/15,4,料理 最高,駐車場は離れた場所にあります。雨天だったので足元も悪く往生しました。 部屋にソファー 洗面所に椅子がほしかったです。 貸切風呂は毎回フロントに鍵を借りに行くのが面倒くさかったです。 が、スタッフさんも親切丁寧 料理も素晴らしく美味しかったです。 チェックアウト時の温泉玉子のお土産うれしかったです。,"時期:2024年2月宿泊; プラン:【期間限定・特別価格】通常より3888円OFF！関あじ・伊勢海老・豊後牛がメインの会席プラン／夕食お部屋食; 価格帯:23,001～24,000円(大人１名あたり/税込); 部屋:3; 風呂:4; 料理(朝食):4; 料理(夕食):5; 接客・サービス:5 | プラン 【期間限定・特別価格】通常より3888円OFF！関あじ・伊勢海老・豊後牛がメインの会席プラン／夕食お部屋食 和室 朝・夕 朝/個室利用 夕/部屋出し",https://www.jalan.net/yad322964/kuchikomi/archive/,1,private_bath;food;access,raw/jalan/archive_page_5.html,cp932,positive,body_positive,high,body_sentiment_inference_needed
OTA full review,Jalan,jalan_089075fb87b11ad4,charlie2ndさん,2024/2/15,4,貸切風呂がいい,まだ新しく綺麗で、スタッフの方はアットホームな雰囲気のいい宿でした。やはり湯量が豊富な温泉は最高で、すべて貸切風呂なのが夫婦で利用するにはちょうどよかったです。 夕食・朝食ともに料理は地のもので味がよく、アレルギー対応は事前にお伝えしておけばよかったのですが、当日でも快く対応いただけました。 部屋はテーブルと椅子だったので、個人的には座卓が良かったのですが、別府湾と湯けむりの眺望を楽しみながらゆっくり過ごせました。,"時期:2024年2月宿泊; プラン:【旅得クーポン付き】通常より3888円OFF！関あじ・伊勢海老・豊後牛がメインの会席プラン／夕食お部屋食; 価格帯:23,001～24,000円(大人１名あたり/税込); 部屋:4; 風呂:4; 料理(朝食):4; 料理(夕食):4; 接客・サービス:5 | プラン 【旅得クーポン付き】通常より3888円OFF！関あじ・伊勢海老・豊後牛がメインの会席プラン／夕食お部屋食 和室 朝・夕 朝/個室利用 夕/部屋出し",https://www.jalan.net/yad322964/kuchikomi/archive/,1,private_bath;flow_caution;food,raw/jalan/archive_page_5.html,cp932,positive,body_positive,high,body_sentiment_inference_needed
OTA full review,Jalan,jalan_44a4f48cd1befe1c,ジロ吉さん,2024/2/14,5,こじんまりした感じですが、落ち着けます。,夕食の関あじ伊勢えびのお刺身が特に美味しく感じました。 離れの和室でしたので、二階の食事部屋から湯けむりのライトアップなどを眺めなから食事が出来ました。 部屋はこじんまりしていますか、落ち着いて過ごせます。 露天風呂、内風呂とも良かったですが、朝方5時まで温泉が止まってしまう点だけが減点です。 スタッフの対応も丁寧でした。 お土産の自家製茹で卵も美味しかったです。,"時期:2024年2月宿泊; プラン:【期間限定・特別価格】通常より8888円OFF！関あじ・伊勢海老・豊後牛がメインの会席プラン／朝夕お部屋食; 価格帯:30,001円以上(大人１名あたり/税込); 部屋:5; 風呂:4; 料理(朝食):5; 料理(夕食):5; 接客・サービス:5 | プラン 【期間限定・特別価格】通常より8888円OFF！関あじ・伊勢海老・豊後牛がメインの会席プラン／朝夕お部屋食 和室 朝・夕 朝/部屋出し 夕/部屋出し",https://www.jalan.net/yad322964/kuchikomi/archive/,1,food,raw/jalan/archive_page_5.html,cp932,positive,body_positive,high,body_sentiment_inference_needed
OTA full review,Jalan,jalan_35f76df7cde75ce2,ぶみえさん,2024/2/13,5,最高のお宿です。,今回、友達夫婦と一緒に宿泊しました。夕飯はお部屋食のプランだったので、連絡して２部屋一緒に食べたいというと、本当に快くお返事をいただきました。宿に到着したときにはお部屋の露天風呂にはお湯が入っており、すぐに入ることが出来ました。 夕食も朝食も大満足で、お米やお茶がおいしいので聞くと、毎日、湯布院からお水をもってきてるとのことで納得でした。 スタッフの方々の対応も最高で気持ちよく宿泊することができました。 もう一度、宿泊したいと思うお宿でした。,"時期:2024年2月宿泊; プラン:【旅得クーポン付き】通常より3888円OFF！関あじ・伊勢海老・豊後牛がメインの会席プラン／夕食お部屋食; 価格帯:26,001～27,000円(大人１名あたり/税込); 部屋:5; 風呂:5; 料理(朝食):5; 料理(夕食):5; 接客・サービス:5 | プラン 【旅得クーポン付き】通常より3888円OFF！関あじ・伊勢海老・豊後牛がメインの会席プラン／夕食お部屋食 和室 朝・夕 朝/個室利用 夕/部屋出し",https://www.jalan.net/yad322964/kuchikomi/archive/,1,room_open_air_bath;food,raw/jalan/archive_page_5.html,cp932,positive,body_positive,high,body_sentiment_inference_needed
OTA full review,Jalan,jalan_8f5fed399f1528da,あおあおさん,2024/2/12,5,料理全て良かった。風呂も気持ちよくのんびりできました。,最初は、別棟ではなく、部屋は、テーブルでえっと思いましたが、対応が良く、食事も全て美味しく頂きました。 温泉も鉄平？の湯は、内湯、外湯も良くのんびり出来ました。 別府に来た時は、八葉にまた来たいです。,"時期:2024年2月宿泊; プラン:【旅得クーポン付き】通常より3888円OFF！関あじ・伊勢海老・豊後牛がメインの会席プラン／夕食お部屋食; 価格帯:24,001～25,000円(大人１名あたり/税込); 部屋:4; 風呂:5; 料理(朝食):5; 料理(夕食):5; 接客・サービス:5 | プラン 【旅得クーポン付き】通常より3888円OFF！関あじ・伊勢海老・豊後牛がメインの会席プラン／夕食お部屋食 和室 朝・夕 朝/個室利用 夕/部屋出し",https://www.jalan.net/yad322964/kuchikomi/archive/,1,room_bath;food,raw/jalan/archive_page_5.html,cp932,positive,body_positive,high,body_sentiment_inference_needed
OTA full review,Jalan,jalan_02526a89b2defeda,雪祭りさん,2024/2/11,2,こじんまりした素敵なお宿,お部屋はすみずみまで清潔で気持ちよく、お部屋の露天風呂も大きくてゆったり入れました。ただ、シャワーも外で大変寒く、脱衣スペースもありませんでした。 食事は豊後牛がとても美味しかったです。お刺身は期待外れでした。また、次の日から湯あたりして旅行になりませんでしたが、口頭ででも硫黄泉に入る場合の注意などあれば有難かったと思いました。,"時期:2024年2月宿泊; プラン:【期間限定・特別価格】通常より3888円OFF！関あじ・伊勢海老・豊後牛がメインの会席プラン／夕食お部屋食; 価格帯:25,001～26,000円(大人１名あたり/税込); 部屋:3; 風呂:2; 料理(朝食):3; 料理(夕食):3; 接客・サービス:2 | プラン 【期間限定・特別価格】通常より3888円OFF！関あじ・伊勢海老・豊後牛がメインの会席プラン／夕食お部屋食 和室 朝・夕 朝/個室利用 夕/部屋出し",https://www.jalan.net/yad322964/kuchikomi/archive/,1,room_open_air_bath;food,raw/jalan/archive_page_5.html,cp932,mixed,body_positive_and_negative,high,body_sentiment_inference_needed
OTA full review,Jalan,jalan_fa1f6df1b3f1e879,maさん,2024/2/9,4,お夕食に満足！,清潔感があるお部屋と設備でした。 客室露天風呂に入る動線が改善されるといいなぁと。夕食のお魚やお肉など美味しくお腹いっぱいになりました。 反対に朝食はもう少し品数があるとなお嬉しいなぁと思いました。 おひつでのご飯の提供などあれば嬉しいな。と。 お声がけなど気持ちの良い接客を有難うございました。,"時期:2024年2月宿泊; プラン:【期間限定・特別価格】通常より8888円OFF！関あじ・伊勢海老・豊後牛がメインの会席プラン／朝夕お部屋食; 価格帯:29,001～30,000円(大人１名あたり/税込); 部屋:3; 風呂:3; 料理(朝食):3; 料理(夕食):4; 接客・サービス:4 | プラン 【期間限定・特別価格】通常より8888円OFF！関あじ・伊勢海老・豊後牛がメインの会席プラン／朝夕お部屋食 和室 朝・夕 朝/部屋出し 夕/部屋出し",https://www.jalan.net/yad322964/kuchikomi/archive/,1,room_open_air_bath;food,raw/jalan/archive_page_5.html,cp932,positive,body_positive,high,body_sentiment_inference_needed
OTA full review,Jalan,jalan_95e76c35feecb8fc,Yoさん,2024/2/8,5,夕食＆温泉サイコー,家族旅行として、利用させていただきました。 他の方も投稿されていましたが、夕食がとてもボリュームがあり、美味しく頂きました。 宿泊したお部屋に、お風呂はありませんが貸切風呂は個室になっており、1人でゆっくり入りたい人向けだと思います。 お部屋も、清潔感がありスタッフさんも感じの良い方でしたので、大変満足しました。,"時期:2024年2月宿泊; プラン:【旅得クーポン付き】通常より3888円OFF！関あじ・伊勢海老・豊後牛がメインの会席プラン／夕食お部屋食; 価格帯:24,001～25,000円(大人１名あたり/税込); 部屋:4; 風呂:5; 料理(朝食):4; 料理(夕食):5; 接客・サービス:5 | プラン 【旅得クーポン付き】通常より3888円OFF！関あじ・伊勢海老・豊後牛がメインの会席プラン／夕食お部屋食 和室 朝・夕 朝/個室利用 夕/部屋出し",https://www.jalan.net/yad322964/kuchikomi/archive/,1,private_bath;food,raw/jalan/archive_page_6.html,cp932,positive,body_positive,high,body_sentiment_inference_needed
OTA full review,Jalan,jalan_3d168d141b126651,ジローさん,2024/2/8,4,別府湾一望の素晴らしい景色,離れに宿泊させて戴きました。部屋の造りも2階建てのオシャレな造りでした。2階が玄関でエントランスも広く快適でした。朝夕ともに部屋食で2階が食事部屋となっていて、寝室と食事部屋が一階と2階でしっかりと分けられていてとても清潔感があり素敵なお部屋でした。料理も想像していた以上に豪華で美味しかったです。離れについている内湯が少し狭いとこらがちょっとマイナスでしたが、サービスともに素敵なひとときを過ごせました。ありがとうございます。,"時期:2024年1月宿泊; プラン:【旅得クーポン付き】通常より8888円OFF！関あじ・伊勢海老・豊後牛がメインの会席プラン／朝夕お部屋食; 価格帯:29,001～30,000円(大人１名あたり/税込); 部屋:5; 風呂:3; 料理(朝食):5; 料理(夕食):5; 接客・サービス:4 | プラン 【旅得クーポン付き】通常より8888円OFF！関あじ・伊勢海老・豊後牛がメインの会席プラン／朝夕お部屋食 和洋室 朝・夕 朝/部屋出し 夕/部屋出し",https://www.jalan.net/yad322964/kuchikomi/archive/,1,room_bath;small_bath_or_room;food,raw/jalan/archive_page_6.html,cp932,mixed,body_positive_and_negative,high,body_sentiment_inference_needed
OTA full review,Jalan,jalan_2e95bbe5abb1906c,MOMOさん,2024/2/6,5,ご飯が美味しい,鉄輪温泉初めて利用しました。 お湯は凄く気持ちよかったですが、なんと言ってもご飯は最高でした！！主人は、お米がおいしすぎると大絶賛。もちろん、お魚お肉全て美味しかったです。ご飯を担当してくださった方が、宿近辺の観光地を教えてくださり、朝散歩がてらに回りましたが、色々ありそうで、日中回りたかったな…と少し後悔。とても、リフレッシュで大満足でした。,"時期:2024年1月宿泊; プラン:【じゃらん限定】夕食グレードアップ！視覚と味覚で料理を愉しむ～玉手箱会席プラン～（夕食お部屋食）; 価格帯:28,001～29,000円(大人１名あたり/税込); 部屋:4; 風呂:4; 料理(朝食):5; 料理(夕食):5; 接客・サービス:4 | プラン 【じゃらん限定】夕食グレードアップ！視覚と味覚で料理を愉しむ～玉手箱会席プラン～（夕食お部屋食） 和室 朝・夕 朝/個室利用 夕/部屋出し",https://www.jalan.net/yad322964/kuchikomi/archive/,1,food;access,raw/jalan/archive_page_6.html,cp932,positive,body_positive,high,body_sentiment_inference_needed
OTA full review,Jalan,jalan_43ea279f6f70a1eb,カトさん,2024/2/5,5,地獄巡り近くの落ち着いた旅館,公共交通機関を利用しての旅行でしたが、最寄りのバス停から徒歩5分の好立地で、地獄巡りや温泉も近く観光がしやすかったです。貸切温泉も十分な広さがあり、露天付きのものもありました。朝食、夕食もとても美味しかったです。 また九州旅行の際には利用させて頂きたいです。,"時期:2024年1月宿泊; プラン:【旅得クーポン付き】通常より8888円OFF！関あじ・伊勢海老・豊後牛がメインの会席プラン／朝夕お部屋食; 価格帯:29,001～30,000円(大人１名あたり/税込); 部屋:5; 風呂:5; 料理(朝食):5; 料理(夕食):5; 接客・サービス:5 | プラン 【旅得クーポン付き】通常より8888円OFF！関あじ・伊勢海老・豊後牛がメインの会席プラン／朝夕お部屋食 和室 朝・夕 朝/部屋出し 夕/部屋出し",https://www.jalan.net/yad322964/kuchikomi/archive/,1,private_bath;food;access,raw/jalan/archive_page_6.html,cp932,positive,rating_positive_signal,medium,body_sentiment_inference_needed
OTA full review,Jalan,jalan_94cb249795a76f8f,まーくんさん,2024/2/3,5,夕食が最高！接客が最高！温泉が最高！,嫁さんとの二人旅、部屋に温泉があって、部屋食で料理が美味しい所が良いよね！という事で口コミの評価が高い八葉さんを予約、利用させて頂きました。口コミどおり、夕食、朝食も最高でした。また夕食時の料理を出すタイミング、食事中にワインやビールを頂いたので、ご飯(釜だき)を最後に頂くタイミングと伊勢エビの味噌汁の加減が、これまた最高でした。フロントの方の対応、食事中の仲居さんの対応ともに丁寧で優しく、心暖まるものでした。有難うございました。また是非、利用させて頂きたいと思いました。 １つだけ、気になるのが、露天風呂の前が公園という事なので、夏場の日が長い場合は、女性は気になりますね。ゆあみを用意して頂いてましたが、やはり公園の人通りが気になって、ゆっくり浸かれませんでした。(嫁さんいわく)垣根を高くすると、別府湾の景色が見にくくなるので、それはそれで、もったいないですけどね。ゆあみを使用せず、女性も気にしないで、のんびりと露天風呂に入れるようにご検討下さい。宜しくお願い致します。 最後に、大変、楽しい旅行となりました。有難うございました。,"時期:2024年1月宿泊; プラン:【旅得クーポン付き】通常より8888円OFF！関あじ・伊勢海老・豊後牛がメインの会席プラン／朝夕お部屋食; 価格帯:30,001円以上(大人１名あたり/税込); 部屋:5; 風呂:4; 料理(朝食):5; 料理(夕食):5; 接客・サービス:5 | プラン 【旅得クーポン付き】通常より8888円OFF！関あじ・伊勢海老・豊後牛がメインの会席プラン／朝夕お部屋食 和室 朝・夕 朝/部屋出し 夕/部屋出し",https://www.jalan.net/yad322964/kuchikomi/archive/,1,food,raw/jalan/archive_page_6.html,cp932,positive,body_positive,high,body_sentiment_inference_needed
OTA full review,Jalan,jalan_b941ffe37dbb5551,ままぱんさん,2024/2/2,4,日頃の疲れを癒す旅,家族経営されているような、温かい感じの旅館でした。まだ新しく、私たちは、土足で階段を上がるのに、仲居さんたちは履物を脱いであがられるように綺麗でした。ちょっとびっくりしました。夕食時の刺身盛り合わせは最高で、ワカメをひと月分食べた量にもビックリで満足しました。,"時期:2024年1月宿泊; プラン:【旅得クーポン付き】通常より3888円OFF！関あじ・伊勢海老・豊後牛がメインの会席プラン／夕食お部屋食; 価格帯:23,001～24,000円(大人１名あたり/税込); 部屋:4; 風呂:4; 料理(朝食):4; 料理(夕食):5; 接客・サービス:5 | プラン 【旅得クーポン付き】通常より3888円OFF！関あじ・伊勢海老・豊後牛がメインの会席プラン／夕食お部屋食 和室 朝・夕 朝/個室利用 夕/部屋出し",https://www.jalan.net/yad322964/kuchikomi/archive/,1,food,raw/jalan/archive_page_6.html,cp932,positive,body_positive,high,body_sentiment_inference_needed
OTA full review,Jalan,jalan_04718ce1332d448f,ねこさん,2024/1/31,3,お風呂が残念,部屋は綺麗ですが、敷き布団が薄くかたくて、枕も寝心地が悪く熟睡出来ませんでした。 部屋についている、露天風呂はぬるく、自分で温度調整しなければならず、良い温度にするまで30-40分かかりました。夜も朝も時間がかかり、本当に残念でした。 以上が改善されなければリピートはないかもです。 お食事はとても美味しかったです。,"時期:2024年1月宿泊; プラン:【旅得クーポン付き】通常より8888円OFF！関あじ・伊勢海老・豊後牛がメインの会席プラン／朝夕お部屋食; 価格帯:29,001～30,000円(大人１名あたり/税込); 部屋:4; 風呂:2; 料理(朝食):5; 料理(夕食):5; 接客・サービス:2 | プラン 【旅得クーポン付き】通常より8888円OFF！関あじ・伊勢海老・豊後牛がメインの会席プラン／朝夕お部屋食 和洋室 朝・夕 朝/部屋出し 夕/部屋出し",https://www.jalan.net/yad322964/kuchikomi/archive/,1,food,raw/jalan/archive_page_6.html,cp932,mixed,body_negative_with_context,high,body_sentiment_inference_needed
OTA full review,Jalan,jalan_1fbdedc36fde2918,なおくんさん,2024/1/30,4,両親の旅行,両親に旅行をプレゼントする形で予約させて頂きました！ 両親ともに満足していたようで、特に料理の満足度が高かったようでした！ 料理は申し分無かったようですが、部屋風呂が写真で見るよりもやや狭かったようです。 とはいえ、とにかく料理に満足したようで、楽しそうに思い出話をしてくれました！ ありがとうございました！！,"時期:2024年1月宿泊; プラン:【旅得クーポン付き】通常より8888円OFF！関あじ・伊勢海老・豊後牛がメインの会席プラン／朝夕お部屋食; 価格帯:29,001～30,000円(大人１名あたり/税込); 部屋:4; 風呂:4; 料理(朝食):5; 料理(夕食):5; 接客・サービス:4 | プラン 【旅得クーポン付き】通常より8888円OFF！関あじ・伊勢海老・豊後牛がメインの会席プラン／朝夕お部屋食 和室 朝・夕 朝/部屋出し 夕/部屋出し",https://www.jalan.net/yad322964/kuchikomi/archive/,1,room_bath;small_bath_or_room;food,raw/jalan/archive_page_6.html,cp932,mixed,body_positive_and_negative,high,body_sentiment_inference_needed
OTA full review,Jalan,jalan_937acd8d7486f59a,あすたりあさん,2024/1/29,5,お料理が美味しく、色々とご親切にしていただきました,友人と二人で泊まりました。チェックイン前にも関わらず、朝から丁寧で親切な対応をしていただき、お荷物を預かっていただきましたので、鉄輪温泉を有意義に楽しむことができました。また、夕ご飯の時間に遅れてしまったのですが、快く対応していただきました。とても有り難かったです。夕食は色鮮やかな前菜や立派な関アジの刺し身が並んでおり、味はもちろん、見ていて楽しいお食事でした。蒸し料理も非常に美味しかったです。露天風呂付きのお部屋にお泊りさせていただきましたが、露天風呂が大きく開放感がありました。ただお風呂が大きかったので、湯船を温めるのに時間がかかってしまったため、あまりゆっくり入ることが出来なかったのが心残りです。全て良かったのですが、何よりお宿の方々が丁寧で、優しく、暖かい対応でした。体は温泉で、心はお宿の方々で、心身共に暖まる別府旅行でした。,"時期:2024年1月宿泊; プラン:【期間限定・特別価格】通常より3888円OFF！関あじ・伊勢海老・豊後牛がメインの会席プラン／夕食お部屋食; 価格帯:29,001～30,000円(大人１名あたり/税込); 部屋:4; 風呂:5; 料理(朝食):5; 料理(夕食):5; 接客・サービス:5 | プラン 【期間限定・特別価格】通常より3888円OFF！関あじ・伊勢海老・豊後牛がメインの会席プラン／夕食お部屋食 和室 朝・夕 朝/個室利用 夕/部屋出し",https://www.jalan.net/yad322964/kuchikomi/archive/,1,room_open_air_bath;food;access,raw/jalan/archive_page_6.html,cp932,positive,body_positive,high,body_sentiment_inference_needed
OTA full review,Jalan,jalan_35155706f68041f6,きょんさん,2024/1/28,5,夕食の部屋食が最高,息子との二人旅行でした 鉄輪温泉は何度か訪れています 部屋は露天風呂つきの部屋にしました。アパートのようなタイプの 畳の部屋とお風呂とトイレと洗面所と露天風呂がついています 始めに入ったとき少し狭いなぁと思いましたが二人なので大丈夫でした お部屋はとても綺麗でしたよ 夕食は部屋まで持ってきて頂けるので大変有り難かったです いつも料理処まで行って食べているので今回はお風呂も早めに入って夕食を堪能できました スタッフの方々も皆さん優しく丁寧に接してくださってゆっくり くつろげました 朝食は食事処で食べましたが とても美味しく息子はご飯をおかわりしていました 露天風呂が結構大きいので暫くすると覚めてしまってお湯を足して入らないとぬるくなってしまうのが少し残念でした 後は、パーフェクトです ３種類の貸し切り風呂に息子は 入ってきてとても良かったと 話をしていました また、機会がありましたら お世話になりたいと思います どうも有り難うございました,"時期:2024年1月宿泊; プラン:【旅得クーポン付き】通常より3888円OFF！関あじ・伊勢海老・豊後牛がメインの会席プラン／夕食お部屋食; 価格帯:26,001～27,000円(大人１名あたり/税込); 部屋:4; 風呂:5; 料理(朝食):5; 料理(夕食):5; 接客・サービス:5 | プラン 【旅得クーポン付き】通常より3888円OFF！関あじ・伊勢海老・豊後牛がメインの会席プラン／夕食お部屋食 和室 朝・夕 朝/個室利用 夕/部屋出し",https://www.jalan.net/yad322964/kuchikomi/archive/,1,private_bath;flow_caution;small_bath_or_room;food;access,raw/jalan/archive_page_6.html,cp932,mixed,body_positive_and_negative,high,body_sentiment_inference_needed
OTA full review,Jalan,jalan_217b7e2b94ec707b,もりちゃんさん,2024/1/23,4,料理が美味しい,この度、家族3人で利用させてもらいました。 宿の位置は、鉄輪のバス停から歩いてすぐでした。 地獄巡りがメインだったので、宿を拠点に、重宝しました。 食事は、HPの写真に掲載されていた通りの凄いボリュームで、関アジも大変美味しかったです。朝食も和食で、色々なものが出て、目にも鮮やかで、しかもとても美味しかったです。 部屋に露天風呂があったのですが、岩風呂で、お湯張りに時間がかかり大変でした。チェックインした時に、お湯張りに時間がかかる旨、もう少し説明が欲しかったと思います。 それを除くと大変良かったです。,"時期:2024年1月宿泊; プラン:【期間限定・特別価格】通常より3888円OFF！関あじ・伊勢海老・豊後牛がメインの会席プラン／夕食お部屋食; 価格帯:29,001～30,000円(大人１名あたり/税込); 部屋:5; 風呂:4; 料理(朝食):5; 料理(夕食):5; 接客・サービス:4 | プラン 【期間限定・特別価格】通常より3888円OFF！関あじ・伊勢海老・豊後牛がメインの会席プラン／夕食お部屋食 和室 朝・夕 朝/個室利用 夕/部屋出し",https://www.jalan.net/yad322964/kuchikomi/archive/,1,room_open_air_bath;food;access,raw/jalan/archive_page_6.html,cp932,positive,body_positive,high,body_sentiment_inference_needed
OTA full review,Jalan,jalan_75b3afad520e57b4,にいちゃんさん,2024/1/22,4,癒やし旅,今回二度目の宿泊となります。部屋付きの内湯、露天風呂の利用については高齢のため、内湯の窓から露天風呂への行き来は少し不便を感じます。でも今回も料理、スタッフの接客は大変良く気持ち良く過ごすことが出来ました。今回、元気な女将さんに会うことが出来ませんでした。姉妹店に居られたようです。が翌朝わざわざお礼のお電話をいただきました。元気な声が聞けて良かったです。チェックアウトのさい温泉蒸気で蒸した茹で卵をいただきました。ありがとうございました。,"時期:2023年12月宿泊; プラン:【旅得クーポン付き】通常より8888円OFF！関あじ・伊勢海老・豊後牛がメインの会席プラン／朝夕お部屋食; 価格帯:29,001～30,000円(大人１名あたり/税込); 部屋:4; 風呂:2; 料理(朝食):4; 料理(夕食):4; 接客・サービス:4 | プラン 【旅得クーポン付き】通常より8888円OFF！関あじ・伊勢海老・豊後牛がメインの会席プラン／朝夕お部屋食 和室 朝・夕 朝/部屋出し 夕/部屋出し",https://www.jalan.net/yad322964/kuchikomi/archive/,1,room_bath;food,raw/jalan/archive_page_6.html,cp932,mixed,body_positive_and_negative,high,body_sentiment_inference_needed
OTA full review,Jalan,jalan_1bcb21e07f6bbc31,釣りキチさん,2024/1/20,5,静かな環境で美味しい食事、最高です。,露天風呂付の部屋に宿泊しましたが、残念なことに外は雨、楽しみの露天風呂はあきらめ、貸切風呂に入浴、温度も丁度良く硫黄の匂いで温泉感満喫。夕食は、高級魚の関アジのお造り、おまけにイセエビまでも最高ですね。ご飯も1人用の窯で炊き上げ熱々を美味しく頂きました。ただ個人の感想ですが、しき布団が少し薄く感じました、それ以外は文句無しです。,"時期:2024年1月宿泊; プラン:【旅得クーポン付き】通常より8888円OFF！関あじ・伊勢海老・豊後牛がメインの会席プラン／朝夕お部屋食; 価格帯:29,001～30,000円(大人１名あたり/税込); 部屋:4; 風呂:4; 料理(朝食):5; 料理(夕食):5; 接客・サービス:5 | プラン 【旅得クーポン付き】通常より8888円OFF！関あじ・伊勢海老・豊後牛がメインの会席プラン／朝夕お部屋食 和洋室 朝・夕 朝/部屋出し 夕/部屋出し",https://www.jalan.net/yad322964/kuchikomi/archive/,1,room_open_air_bath;private_bath;food,raw/jalan/archive_page_6.html,cp932,mixed,body_positive_and_negative,high,body_sentiment_inference_needed
OTA full review,Jalan,jalan_91056c20ee2ec81c,たけちゃんさん,2024/1/19,4,おもてなしが最高,おもてなしが最高で気持ち良かったです。風呂が４点なのは、部屋風呂が露天なので仕方がないのですが、湯張りから時間が経つとぬるくなってお湯を足してもなかなか温まらない感じでした。清潔感が４点なのは、お部屋に靴下が備えられているのですが、前の方が使用したであろう靴下の片方がテーブルの下に落ちていたので、そこがマイナス点でした。,"時期:2024年1月宿泊; プラン:【期間限定・特別価格】通常より3888円OFF！関あじ・伊勢海老・豊後牛がメインの会席プラン／夕食お部屋食; 価格帯:25,001～26,000円(大人１名あたり/税込); 部屋:5; 風呂:4; 料理(朝食):5; 料理(夕食):5; 接客・サービス:5 | プラン 【期間限定・特別価格】通常より3888円OFF！関あじ・伊勢海老・豊後牛がメインの会席プラン／夕食お部屋食 和室 朝・夕 朝/個室利用 夕/部屋出し",https://www.jalan.net/yad322964/kuchikomi/archive/,1,room_bath;flow_caution;food,raw/jalan/archive_page_6.html,cp932,positive,body_positive,high,body_sentiment_inference_needed
OTA full review,Jalan,jalan_586ac1686d85e073,ケンちゃんさん,2024/1/18,5,湯気が立ち上る別府市街を見ながらの夕食は絶品！こじんまり宿,2024年1月11日50代夫婦で一泊しました。別府は至る所で温泉の湯気と匂いを感じられ、部屋からは別府湾を一望でき、夜のライトアップや朝日は絶景です！夕食はお部屋で新鮮な伊勢海老や関アジの舟盛り、大分牛のステーキや釜で炊く白米などなど手の込んだお料理で大満足でした。お風呂は大浴場ではなく三種類の貸し切り風呂があり、好きな時間に鍵をもらって入るといった今まで経験したことのない形式で面白かったです。お子様連れの方は他のお客様を気にしなくて良いのでオススメです。スタッフの方々も一生懸命でしたし、隣にはコンビニもありました。ただ、夕方薄暗くなってからの到着だったので宿の看板を見過ごしてしまいました。もう少し分かりやすい看板などあれば良いのではと思います。思い出に残る素敵な宿でした。,"時期:2024年1月宿泊; プラン:【期間限定・特別価格】通常より3888円OFF！関あじ・伊勢海老・豊後牛がメインの会席プラン／夕食お部屋食; 価格帯:23,001～24,000円(大人１名あたり/税込); 部屋:5; 風呂:4; 料理(朝食):5; 料理(夕食):5; 接客・サービス:4 | プラン 【期間限定・特別価格】通常より3888円OFF！関あじ・伊勢海老・豊後牛がメインの会席プラン／夕食お部屋食 和室 朝・夕 朝/個室利用 夕/部屋出し",https://www.jalan.net/yad322964/kuchikomi/archive/,1,private_bath;food,raw/jalan/archive_page_6.html,cp932,positive,body_positive,high,body_sentiment_inference_needed
OTA full review,Jalan,jalan_c5e9f3a5d9b5263d,うずらさん,2024/1/14,5,ご飯が美味しく、部屋からの湯煙に癒されます,新婚旅行で、夫婦2人で利用しました。 まず立地ですが、近くにはコンビニ、コインランドリー、バス停があり旅に便利でした。 今回ご飯を楽しみに泊まりましたが、関アジと伊勢海老のお造り、大分牛のステーキなど写真どおり豪華で期待を裏切らない美味しさでした。伊勢海老は食べ終わったあとでお味噌汁にしていただけるのも良かったです。大分日本酒飲み比べも追加で注文しましたが、氷のたくさん入った器で来るのでキンキンに冷えていて美味しかったです。 今回は離れの部屋を利用しました。食事は部屋で食べることができ、お風呂も部屋についているので基本的に他の宿泊者を気にせず2人でゆっくりすることができました。 部屋からは湯けむりが立ち上る様子が一望でき、夜になると青くライトアップされて綺麗で癒されます。 スタッフの方にはチェックイン前に荷物を預かっていただいたり、傘を忘れて貸していただいたりと大変お世話になりました。お土産に地獄蒸し卵を頂きましたがこれも美味しかったです。 以上、立地や利用目的、サービスに大変満足でしたので星5をつけさせていただきました。また別府に行った際に利用したいです。,"時期:2024年1月宿泊; プラン:【期間限定・特別価格】通常より8888円OFF！関あじ・伊勢海老・豊後牛がメインの会席プラン／朝夕お部屋食; 価格帯:29,001～30,000円(大人１名あたり/税込); 部屋:5; 風呂:5; 料理(朝食):5; 料理(夕食):5; 接客・サービス:5 | プラン 【期間限定・特別価格】通常より8888円OFF！関あじ・伊勢海老・豊後牛がメインの会席プラン／朝夕お部屋食 和洋室 朝・夕 朝/部屋出し 夕/部屋出し",https://www.jalan.net/yad322964/kuchikomi/archive/,1,food;access,raw/jalan/archive_page_6.html,cp932,positive,body_positive,high,body_sentiment_inference_needed
OTA full review,Jalan,jalan_7b795de8e02d98f5,がじゅまるさん,2024/1/11,5,ゆっくり出来ました！,80代の両親と娘夫婦での旅行。階段があるので心配でしたが、他のお客様とすれ違う事もあまりなく、ゆっくりと移動出来ました。夕食朝食共に大満足で、食が細くなっていた母もまさかの完食でした！ 女将さんをはじめスタッフの皆さんの温かい接客で、とても楽しい旅となりました。たくさんのお心遣いありがとうございました。,"時期:2024年1月宿泊; プラン:【期間限定・特別価格】通常より3888円OFF！関あじ・伊勢海老・豊後牛がメインの会席プラン／夕食お部屋食; 価格帯:26,001～27,000円(大人１名あたり/税込); 部屋:4; 風呂:4; 料理(朝食):5; 料理(夕食):5; 接客・サービス:5 | プラン 【期間限定・特別価格】通常より3888円OFF！関あじ・伊勢海老・豊後牛がメインの会席プラン／夕食お部屋食 和室 朝・夕 朝/個室利用 夕/部屋出し",https://www.jalan.net/yad322964/kuchikomi/archive/,1,food,raw/jalan/archive_page_6.html,cp932,positive,body_positive,high,body_sentiment_inference_needed
OTA full review,Jalan,jalan_f99b080406959d8a,わったーさん,2024/1/11,4,料理の品数が多く、大分名物のご飯を堪能できる。,夕食を部屋でいただける点と、客室露天風呂がついている点に惹かれ予約しました。夕食、朝食ともに美味しく、品数も大変多かったので男性でも満足できると思います。露天風呂は屋外というのもあり、多少の汚れと寒さは気になりましたが、十分温泉としても楽しめる旅館だったと思います。旅館の方々の接客もよく、最後には自家製の温泉卵もいただきました。,"時期:2024年1月宿泊; プラン:【旅得クーポン付き】通常より3888円OFF！関あじ・伊勢海老・豊後牛がメインの会席プラン／夕食お部屋食; 価格帯:25,001～26,000円(大人１名あたり/税込); 部屋:4; 風呂:4; 料理(朝食):5; 料理(夕食):5; 接客・サービス:4 | プラン 【旅得クーポン付き】通常より3888円OFF！関あじ・伊勢海老・豊後牛がメインの会席プラン／夕食お部屋食 和室 朝・夕 朝/個室利用 夕/部屋出し",https://www.jalan.net/yad322964/kuchikomi/archive/,1,room_open_air_bath;food,raw/jalan/archive_page_6.html,cp932,mixed,body_positive_and_negative,high,body_sentiment_inference_needed
OTA full review,Jalan,jalan_647ab9f304b0dd0e,花水木さん,2024/1/9,5,料理が美味しい,昨年宿泊してお料理が美味しかったので今回家族でおじゃますることに。 4人だと離れは予約できなかったので本館を利用しました。 部屋は大人4人だとお布団をひくと手狭になります。 夕食は部屋食なので周りを気にせず、くつろいで食事ができます。 今回は関サバと関アジの両方いただけてラッキーでした。 日によって違うそうです。 前回同様お料理が豪華で美味しく、家族も大満足でした。 お風呂は全て貸切り風呂で3つあり、小さな露天風呂付きが１つ。 宿泊日は満室でしたが３つ全部入れました。 露天風呂から星が見えて綺麗。 湯温もちょうど良く気持ちよかったです。 お料理が美味しく気に入っているので、4人で離れを利用できるようにしてほしいです。,"時期:2024年1月宿泊; プラン:【旅得クーポン付き】通常より3888円OFF！関あじ・伊勢海老・豊後牛がメインの会席プラン／夕食お部屋食; 価格帯:26,001～27,000円(大人１名あたり/税込); 部屋:3; 風呂:5; 料理(朝食):5; 料理(夕食):5; 接客・サービス:5 | プラン 【旅得クーポン付き】通常より3888円OFF！関あじ・伊勢海老・豊後牛がメインの会席プラン／夕食お部屋食 和室 朝・夕 朝/個室利用 夕/部屋出し",https://www.jalan.net/yad322964/kuchikomi/archive/,1,room_open_air_bath;private_bath;small_bath_or_room;food,raw/jalan/archive_page_6.html,cp932,mixed,body_positive_and_negative,high,body_sentiment_inference_needed
OTA full review,Jalan,jalan_9b76442f5300ed15,凪-nagi-さん,2024/1/6,5,結婚1年記念旅行,初めての九州旅行ということもあり、有名な別府温泉から露天風呂付き客室を探している時に八葉さんを見つけました。 まず客室の広さにびっくりし、それでいて隅々までちゃんと清掃されており、着いて早々に満足してましたが、その後の夕食はどの料理もとても美味でした。1番感動したのが白米でしたね。数々の白米は食べてきましたが、八葉さんで炊かれた白米はもうツヤといい味も忘れることができないほど美味でした。 その後のお風呂ものんびり入ることができ、ちゃんと朝風呂まで入りながら朝日を観るという、最高のスタートを切ることができました。 朝食もまた全部美味しかったです。 お店の方の接客もとても丁寧でとても過ごしやすかったです。 周りにコンビニとかコインランドリーも徒歩で行ける距離にあるので立地もいいと思うのでオススメの旅館です。 また九州行った際には是非、お邪魔させていただきたいと思ってます。 ありがとうございました。,"時期:2023年12月宿泊; プラン:【期間限定・特別価格】通常より8888円OFF！関あじ・伊勢海老・豊後牛がメインの会席プラン／朝夕お部屋食; 価格帯:29,001～30,000円(大人１名あたり/税込); 部屋:5; 風呂:5; 料理(朝食):5; 料理(夕食):5; 接客・サービス:5 | プラン 【期間限定・特別価格】通常より8888円OFF！関あじ・伊勢海老・豊後牛がメインの会席プラン／朝夕お部屋食 和洋室 朝・夕 朝/部屋出し 夕/部屋出し",https://www.jalan.net/yad322964/kuchikomi/archive/,1,room_open_air_bath;food;access,raw/jalan/archive_page_6.html,cp932,positive,body_positive,high,body_sentiment_inference_needed
OTA full review,Jalan,jalan_d3ecefc3884ca5f1,あんなこんなさん,2024/1/4,4,あたたかいスタッフさんの対応と大満足のお料理,今回お正月休みを利用して夫婦で宿泊させて頂きました。 宿泊に関して聞きたいことがあり何度かお電話したのですが（当日も含め）いつも感じがとても良く素敵な対応をしてくださいました。もちろん、それは宿泊中も同様で 特に感じたのは私たちが外にはいていく草履のようなもので間違えてお部屋に入ってしまった際の教えて頂き方がとてもスマートで私たちを傷つけないように言葉を考えてくださいました。 お料理もバランスが良く 関アジのお刺身などは身がしまっていて盛り付けも良かったです。お刺身に添えられているワカメもおいしく、牛肉の蒸籠蒸しもお肉が甘く、とにかくどれも美味しく頂きました。もしひとつ希望が叶うのでしたらステーキの焼き加減を聞いていただけたら嬉しいなと思いました。 （個人的に赤いのが苦手でして…） ですが、他にはなにもなくこれが1番ということもなく 全て美味しいという感じです。お正月休みを満喫させて頂きました。当然お湯も良かったです。次の日の夜になってもスベスベでした。気持ちよかったです。 ありがとうございました。,"時期:2024年1月宿泊; プラン:【年末年始専用】関あじ・伊勢海老・豊後牛！旬の食材を使用した割烹会席プラン(１泊２食／朝夕お部屋食）; 価格帯:30,001円以上(大人１名あたり/税込); 部屋:4; 風呂:4; 料理(朝食):5; 料理(夕食):5; 接客・サービス:5 | プラン 【年末年始専用】関あじ・伊勢海老・豊後牛！旬の食材を使用した割烹会席プラン(１泊２食／朝夕お部屋食） 和洋室 朝・夕 朝/部屋出し 夕/部屋出し",https://www.jalan.net/yad322964/kuchikomi/archive/,1,food,raw/jalan/archive_page_6.html,cp932,positive,body_positive,high,body_sentiment_inference_needed
OTA full review,Jalan,jalan_ed9bc8ed95e3cad8,りゅうさん,2024/1/2,5,恋人との旅行にオススメ,部屋がとても綺麗で、露天風呂がすごく良かった。 ご飯も美味しく、接客が良かった。 また宿泊したくなるような旅館です。,"時期:2023年12月宿泊; プラン:【期間限定・特別価格】通常より8888円OFF！関あじ・伊勢海老・豊後牛がメインの会席プラン／朝夕お部屋食; 価格帯:29,001～30,000円(大人１名あたり/税込); 部屋:5; 風呂:4; 料理(朝食):5; 料理(夕食):5; 接客・サービス:5 | プラン 【期間限定・特別価格】通常より8888円OFF！関あじ・伊勢海老・豊後牛がメインの会席プラン／朝夕お部屋食 和洋室 朝・夕 朝/部屋出し 夕/部屋出し",https://www.jalan.net/yad322964/kuchikomi/archive/,1,food,raw/jalan/archive_page_6.html,cp932,positive,body_positive,high,body_sentiment_inference_needed
OTA full review,Jalan,jalan_98c62a125400515a,ぐぅすけさん,2023/12/30,5,料理も温泉も良かった,母と本館に宿泊しました。部屋は広くて海も見渡せて良かったです。部屋は旅館と言う雰囲気じゃなかったですけど必要最低限のものが置かれておりシンプルでした。可愛い浴衣は2種類(2人分)用意されていましたが、自分たちで選べるといいなと思いました(^_^;)温泉はとても気持ちよかったです。多分部屋数分の貸切風呂があるので待つことがないですし、ゆっくり入れます。お掃除も毎回してくださってるみたいでした。ご飯はどれも美味しくいただきました。夕色も朝食も満足です。スマホの充電器を忘れてしまったのですがフロンの方が快く貸してくださいました。ありがとうございました。次回は離れに宿泊してみたいです。,"時期:2023年11月宿泊; プラン:【期間限定・特別価格】通常より3888円OFF！関あじ・伊勢海老・豊後牛がメインの会席プラン／夕食お部屋食; 価格帯:23,001～24,000円(大人１名あたり/税込); 部屋:4; 風呂:5; 料理(朝食):5; 料理(夕食):5; 接客・サービス:5 | プラン 【期間限定・特別価格】通常より3888円OFF！関あじ・伊勢海老・豊後牛がメインの会席プラン／夕食お部屋食 和室 朝・夕 朝/個室利用 夕/部屋出し",https://www.jalan.net/yad322964/kuchikomi/archive/,1,private_bath;food,raw/jalan/archive_page_6.html,cp932,mixed,body_positive_and_negative,high,body_sentiment_inference_needed
OTA full review,Jalan,jalan_7262e7a4342aaddf,さぁちゃんさん,2023/12/29,4,お料理はお腹いっぱい！,誕生日だったので露天風呂付きのお部屋に宿泊しましたがお部屋とお風呂は1階に、食事をするお部屋は2階になっていてゆっくりしている間に食事の準備をしてくれ、食事をしている間にお布団を準備してくれました。 食事は関あじにお肉、どれも美味しかったです。 伊勢海老がついていたのですが１人エビアレルギーだと伝えてあったら対応はしてくれていたがお刺身のエビはないだけでかわりがなく少し残念でした…味噌汁はあさりにしていただき美味しくいただくことができました。 泊まった日に花火大会があり部屋から遠くに花火を見ることもできとても良かったです。 帰りに温泉卵のサービスもありました。 とても寒い日だったので内湯も露天風呂もあたたかいお湯を自分でためないといけなかったのがちょっと面倒でした。常にあたたかいお風呂になってたらさらによかったです。,"時期:2023年12月宿泊; プラン:【期間限定・特別価格】通常より8888円OFF！関あじ・伊勢海老・豊後牛がメインの会席プラン／朝夕お部屋食; 価格帯:30,001円以上(大人１名あたり/税込); 部屋:4; 風呂:4; 料理(朝食):5; 料理(夕食):5; 接客・サービス:4 | プラン 【期間限定・特別価格】通常より8888円OFF！関あじ・伊勢海老・豊後牛がメインの会席プラン／朝夕お部屋食 和室 朝・夕 朝/部屋出し 夕/部屋出し",https://www.jalan.net/yad322964/kuchikomi/archive/,1,room_open_air_bath;room_bath;food,raw/jalan/archive_page_6.html,cp932,mixed,body_positive_and_negative,high,body_sentiment_inference_needed
OTA full review,Jalan,jalan_7d24bc4f50f3baaa,さーちゃんさん,2023/12/29,5,食事も景色も温泉も最高,新婚旅行で宿泊しました。 お部屋で美味しい食事を頂き、部屋付きの露天風呂に好きな時に浸かり、景色も最高！！！ 大変ゆっくり寛げて、別府での良い思い出になりました。また結婚記念日などに利用したいです。,"時期:2023年12月宿泊; プラン:【期間限定・特別価格】通常より8888円OFF！関あじ・伊勢海老・豊後牛がメインの会席プラン／朝夕お部屋食; 価格帯:30,001円以上(大人１名あたり/税込); 部屋:5; 風呂:5; 料理(朝食):5; 料理(夕食):5; 接客・サービス:5 | プラン 【期間限定・特別価格】通常より8888円OFF！関あじ・伊勢海老・豊後牛がメインの会席プラン／朝夕お部屋食 和室 朝・夕 朝/部屋出し 夕/部屋出し",https://www.jalan.net/yad322964/kuchikomi/archive/,1,food,raw/jalan/archive_page_6.html,cp932,positive,body_positive,high,body_sentiment_inference_needed
OTA full review,Jalan,jalan_b45d55afb85dbcc8,ヒデさん,2023/12/28,5,温かなもてなしと満足の食事,連泊で宿泊しました。 フロント従業員、仲居さん全ての方々の温かなおもてなしに加え、大変美味しくたっぷりの食事に大満足でした。 連泊であったため、二日目の部屋夕食は前日と違った趣向の夕食をご用意いただきました。 旅館の温かな心遣いを感じました。,"時期:2023年12月宿泊; プラン:【旅得クーポン付き】通常より3888円OFF！関あじ・伊勢海老・豊後牛がメインの会席プラン／夕食お部屋食; 価格帯:29,001～30,000円(大人１名あたり/税込); 部屋:5; 風呂:5; 料理(朝食):5; 料理(夕食):5; 接客・サービス:5 | プラン 【旅得クーポン付き】通常より3888円OFF！関あじ・伊勢海老・豊後牛がメインの会席プラン／夕食お部屋食 和室 朝・夕 朝/個室利用 夕/部屋出し",https://www.jalan.net/yad322964/kuchikomi/archive/,1,food,raw/jalan/archive_page_6.html,cp932,positive,body_positive,high,body_sentiment_inference_needed
OTA full review,Jalan,jalan_6fd369423a50d97a,まーさーさん,2023/12/28,5,温かいスタッフ！最高の料理！(^^),新婚旅行で宿泊しました。 「温泉でのんびりしたい！」＋「料理が美味しい所！」という条件で宿を探していて、こちらの宿に決めました。 料理は品数も多く、どれも美味しくて、妻もとても満足していました。見た目も豪華で綺麗に盛り付けされており、後から写真で振り返っても楽しめる料理でした。 温泉も貸し切りで利用でき、ゆっくりくつろぐことができました。また、スタッフの方達の雰囲気もとても温かくて、最高の時間を過ごすことができました。 帰る時には温泉卵もプレゼントしてくれました（笑） 別府には沢山の宿があり、選ぶのが難しいですが、八葉さんの情報を見ていいかもと思う方には本当におすすめできる場所です！(^^),"時期:2023年12月宿泊; プラン:【期間限定・特別価格】通常より3888円OFF！関あじ・伊勢海老・豊後牛がメインの会席プラン／夕食お部屋食; 価格帯:29,001～30,000円(大人１名あたり/税込); 部屋:4; 風呂:4; 料理(朝食):5; 料理(夕食):5; 接客・サービス:5 | プラン 【期間限定・特別価格】通常より3888円OFF！関あじ・伊勢海老・豊後牛がメインの会席プラン／夕食お部屋食 和室 朝・夕 朝/個室利用 夕/部屋出し",https://www.jalan.net/yad322964/kuchikomi/archive/,1,private_bath;food,raw/jalan/archive_page_6.html,cp932,positive,body_positive,high,body_sentiment_inference_needed
OTA full review,Jalan,jalan_d7ae3697e05cd3ba,ぽんさん,2023/12/27,5,ちょっと贅沢な旅行にピッタリ,１年間の疲れを癒すために、３泊４日の九州旅行に行きました。 ２日目の宿は別府でゆっくりできる宿を探していて、離れ、部屋食、露天風呂付部屋の八葉さんにお邪魔することにしました！ 宿に着いてからは、鉄輪温泉の石畳をのんびり散歩して、用意いただいた豪華な夕食をお腹いっぱいいただき、お部屋から別府の花火も見ることができました。温泉もゆっくり入れて幸せでした。 きれいなお部屋に気を遣わない温泉、おいしいご飯に、もっと長居したいくらいでした！ 八葉さんに泊まることはサプライズだったのですが、とっても喜んでもらえました。ありがとうございました！！,"時期:2023年12月宿泊; プラン:【期間限定・特別価格】通常より8888円OFF！関あじ・伊勢海老・豊後牛がメインの会席プラン／朝夕お部屋食; 価格帯:30,001円以上(大人１名あたり/税込); 部屋:5; 風呂:5; 料理(朝食):5; 料理(夕食):5; 接客・サービス:5 | プラン 【期間限定・特別価格】通常より8888円OFF！関あじ・伊勢海老・豊後牛がメインの会席プラン／朝夕お部屋食 和洋室 朝・夕 朝/部屋出し 夕/部屋出し",https://www.jalan.net/yad322964/kuchikomi/archive/,1,food;access,raw/jalan/archive_page_6.html,cp932,positive,body_positive,high,body_sentiment_inference_needed
OTA full review,Jalan,jalan_2ea1df544038d966,たいちさん,2023/12/27,5,おいしいごはん,夕食も朝食も、地域の食材を使ったとっても美味しいご飯でした。お部屋からの景色も素晴らしかったです。温泉も気持ちよくて、４回も入りました^_^また行きたいです。,"時期:2023年12月宿泊; プラン:【旅得クーポン付き】通常より8888円OFF！関あじ・伊勢海老・豊後牛がメインの会席プラン／朝夕お部屋食; 価格帯:30,001円以上(大人１名あたり/税込); 部屋:5; 風呂:5; 料理(朝食):5; 料理(夕食):5; 接客・サービス:5 | プラン 【旅得クーポン付き】通常より8888円OFF！関あじ・伊勢海老・豊後牛がメインの会席プラン／朝夕お部屋食 和洋室 朝・夕 朝/部屋出し 夕/部屋出し",https://www.jalan.net/yad322964/kuchikomi/archive/,1,food,raw/jalan/archive_page_6.html,cp932,positive,body_positive,high,body_sentiment_inference_needed
OTA full review,Jalan,jalan_4baf3c82974838c9,ゆうへいさん,2023/12/26,5,素敵なお風呂,客室露天風呂が最高で何度も入浴しました。 食事も豪華で大分県の良い食材を堪能することができました。 ある従業員の方に花火大会があると教えていただいたことで、夏に見れなかった花火を見ることができたのでとても感謝しています。 また泊まりに行きたいと思います！,"時期:2023年12月宿泊; プラン:【旅得クーポン付き】通常より3888円OFF！関あじ・伊勢海老・豊後牛がメインの会席プラン／夕食お部屋食; 価格帯:30,001円以上(大人１名あたり/税込); 部屋:5; 風呂:5; 料理(朝食):5; 料理(夕食):5; 接客・サービス:5 | プラン 【旅得クーポン付き】通常より3888円OFF！関あじ・伊勢海老・豊後牛がメインの会席プラン／夕食お部屋食 和室 朝・夕 朝/個室利用 夕/部屋出し",https://www.jalan.net/yad322964/kuchikomi/archive/,1,room_open_air_bath;food,raw/jalan/archive_page_6.html,cp932,positive,body_positive,high,body_sentiment_inference_needed
OTA full review,Jalan,jalan_dd9c7d2b8ad50aab,まあみさん,2023/12/26,5,ご飯も美味しく、家族みんなでゆっくりできました,娘の食物アレルギー対応をしてもらえて、清潔感があり、ご飯も美味しい八葉さんにまた行きたいねということで、今回2回目の利用でした。 残念ながら温泉付きの部屋が予約いっぱいで取れなかったので、お部屋は4の評価にしています。今回のお部屋も広かったし、全然良かったのですが、前回温泉付きの部屋が快適だったので、、、 サービスで4にしているのは、温泉にタオルを置いておくか、毎回新しいタオルを使いたいと思ったからです。 今回もご飯も美味しく、部屋食だし、アレルギー対応してもらえたし、ゆっくり過ごすことができて、大変幸せな年末旅行でした。,"時期:2023年12月宿泊; プラン:【旅得クーポン付き】通常より3888円OFF！関あじ・伊勢海老・豊後牛がメインの会席プラン／夕食お部屋食; 価格帯:29,001～30,000円(大人１名あたり/税込); 部屋:4; 風呂:5; 料理(朝食):5; 料理(夕食):5; 接客・サービス:4 | プラン 【旅得クーポン付き】通常より3888円OFF！関あじ・伊勢海老・豊後牛がメインの会席プラン／夕食お部屋食 和室 朝・夕 朝/個室利用 夕/部屋出し",https://www.jalan.net/yad322964/kuchikomi/archive/,1,food,raw/jalan/archive_page_7.html,cp932,mixed,body_positive_and_negative,high,body_sentiment_inference_needed
OTA full review,Jalan,jalan_20edf7d68c3964ac,かすみさん,2023/12/26,5,全て満足！！,お店の方の対応がとても丁寧で可愛らしかったです。離れを利用させてもらいましたが、綺麗でアメニティーも充実しており、部屋にあるお風呂もとてもよかったです！ お料理は朝夕頂きましたが、量もちょうど良く、新鮮なお魚等本当に美味しくて大満足です。機会があればまた利用したいです！ありがとうございました！,"時期:2023年12月宿泊; プラン:【旅得クーポン付き】通常より8888円OFF！関あじ・伊勢海老・豊後牛がメインの会席プラン／朝夕お部屋食; 価格帯:30,001円以上(大人１名あたり/税込); 部屋:5; 風呂:5; 料理(朝食):5; 料理(夕食):5; 接客・サービス:5 | プラン 【旅得クーポン付き】通常より8888円OFF！関あじ・伊勢海老・豊後牛がメインの会席プラン／朝夕お部屋食 和室 朝・夕 朝/部屋出し 夕/部屋出し",https://www.jalan.net/yad322964/kuchikomi/archive/,1,food,raw/jalan/archive_page_7.html,cp932,positive,body_positive,high,body_sentiment_inference_needed
OTA full review,Jalan,jalan_0799fc426d299626,あやさん,2023/12/24,3,お刺身が美味しかった,夕食のお刺身、豊後牛には大満足です。 仲居さんの対応がとてもよく、旅館は一軒家のお部屋みたいな感じで部屋の細部にこだわりを感じました。 個人的には家族風呂の脱衣所が少し寒く、狭かったです。,"時期:2023年12月宿泊; プラン:【旅得クーポン付き】通常より3888円OFF！関あじ・伊勢海老・豊後牛がメインの会席プラン／夕食お部屋食; 価格帯:24,001～25,000円(大人１名あたり/税込); 部屋:3; 風呂:2; 料理(朝食):4; 料理(夕食):4; 接客・サービス:5 | プラン 【旅得クーポン付き】通常より3888円OFF！関あじ・伊勢海老・豊後牛がメインの会席プラン／夕食お部屋食 和室 朝・夕 朝/個室利用 夕/部屋出し",https://www.jalan.net/yad322964/kuchikomi/archive/,1,family_bath;small_bath_or_room;food,raw/jalan/archive_page_7.html,cp932,mixed,body_positive_and_negative,high,body_sentiment_inference_needed
OTA full review,Jalan,jalan_6e292b6738f58d1a,かさん,2023/12/23,5,初めての大分旅行がかけがえのない思い出になりました！,ご当地のお料理が楽しめてお部屋に温泉が付いているところで探していてたまたま見つけました。 迷わず行けるか心配でしたが、バス停から近くて行きやすかったです。 スタッフの方々の接客がとても丁寧でしたし、特にお料理を運んでくださった女性の方と色々と楽しいお話が出来て嬉しかったです！ お料理は期待していたよりもさらに上を行く素晴らしさでした…！！夕食で食べた新鮮なお刺身はもちろん朝食も美味しくて、白ご飯もめちゃくちゃ美味しかったです！ お部屋は比較的新しく出来た施設なので綺麗で、メゾネットタイプなので広かったですし、何より温泉が部屋に2つ付いていたので好きなタイミングでつかることができて本当に癒されまくりました…！！！ 外風呂は裏が公園で衝立の高さも低いので少し心配に思いましたが、夜の人通りはほぼないような様子でしたし、体に巻いてそのまま温泉につかれるものが常備されていたので快適に過ごせました。 チェックアウト時まで気持ちよくお見送りいただき、本当に楽しい思い出になりました。 またぜひ大分に旅行してこちらに泊まりたいです！！,"時期:2023年11月宿泊; プラン:【期間限定・特別価格】通常より8888円OFF！関あじ・伊勢海老・豊後牛がメインの会席プラン／朝夕お部屋食; 価格帯:29,001～30,000円(大人１名あたり/税込); 部屋:5; 風呂:5; 料理(朝食):5; 料理(夕食):5; 接客・サービス:5 | プラン 【期間限定・特別価格】通常より8888円OFF！関あじ・伊勢海老・豊後牛がメインの会席プラン／朝夕お部屋食 和室 朝・夕 朝/部屋出し 夕/部屋出し",https://www.jalan.net/yad322964/kuchikomi/archive/,1,food;access,raw/jalan/archive_page_7.html,cp932,positive,body_positive,high,body_sentiment_inference_needed
OTA full review,Jalan,jalan_b75259aae57e1df0,はやたさん,2023/12/22,3,スタッフの態度が悪い。,ご飯とお酒は美味しかったです。 部屋は、景色と温泉は良かったです。 ただ、それ以外に不満が多かったです。 まず部屋が1、2階のメゾネットだったのですが、入っていきなり階段を降りなければならず、3泊分の荷物が入ったキャリーを下まで運ぶのがしんどかったです。 案内してくれた宿の方は荷物を運ぶのを手伝ってくれもせず、見てるだけでした。 また、貸切風呂を利用出来るのですが、鍵を貸してくれるフロントの担当の方の態度が悪く、こちらも気分が悪かったです。 正直、お風呂とご飯は値段相応でしたがそれ以外が余りにも割高に感じました。 鉄輪温泉はまた来たいなと思いましたが、この宿を選ぶ事は無いです。 温泉と景色に胡坐をかいた宿でした。,"時期:2023年11月宿泊; プラン:【記念日プラン】大切な人と過ごすひとときに…ケーキ＆ノンアルスパークリングワイン付き(朝夕お部屋食）; 価格帯:30,001円以上(大人１名あたり/税込); 部屋:2; 風呂:4; 料理(朝食):5; 料理(夕食):5; 接客・サービス:1 | プラン 【記念日プラン】大切な人と過ごすひとときに…ケーキ＆ノンアルスパークリングワイン付き(朝夕お部屋食） 和洋室 朝・夕 朝/部屋出し 夕/部屋出し",https://www.jalan.net/yad322964/kuchikomi/archive/,1,private_bath;food;access,raw/jalan/archive_page_7.html,cp932,mixed,body_positive_and_negative,high,body_sentiment_inference_needed
OTA full review,Jalan,jalan_0050b38123c4f599,GVD5さん,2023/12/21,5,スタッフが話しやすく、清潔感のある建物で大満足！,今回の夫婦旅では、お世話になりました。 初めて利用させていただきましたが、結果的には夫婦共に大満足でした。 予約したのは露天風呂付きの部屋食だったので、部屋から出ることはありませんでしたが、その分ゆっくりと過ごすことが出来ました。 玄関から入ると、４段ほどの上り階段と先の見えない下り階段が出迎えてくれました。傾斜地に建ててあるので、なるほど、面白い建物だなぁと思いました。 EVは無いので、足の悪い方は大変かもしれませんね。 上り階段の先は食事処で、窓からは別府の湯けむりが間近に見ることが出来ました。食事は全部が美味しくて完食してしまいました。 お風呂は内湯と露天風呂があり、どちらも温度調節は必要ですが、バルブの操作の説明もあり、気持ち良く温泉を満喫出来ました。 帰りには、ご主人とお酒の話しで盛り上がり、また泊まりに来ますからと挨拶して宿を出ました。 とても充実した1泊2日になりました。,"時期:2023年12月宿泊; プラン:【旅得クーポン付き】通常より8888円OFF！関あじ・伊勢海老・豊後牛がメインの会席プラン／朝夕お部屋食; 価格帯:29,001～30,000円(大人１名あたり/税込); 部屋:5; 風呂:5; 料理(朝食):5; 料理(夕食):5; 接客・サービス:5 | プラン 【旅得クーポン付き】通常より8888円OFF！関あじ・伊勢海老・豊後牛がメインの会席プラン／朝夕お部屋食 和洋室 朝・夕 朝/部屋出し 夕/部屋出し",https://www.jalan.net/yad322964/kuchikomi/archive/,1,room_open_air_bath;room_bath;food,raw/jalan/archive_page_7.html,cp932,mixed,body_positive_and_negative,high,body_sentiment_inference_needed
OTA full review,Jalan,jalan_810ed48b6fe03e57,さつまいもさん,2023/12/20,5,夫婦旅行に最高,朝夕ご飯付で部屋食。朝も夜も湯けむりが見える部屋を予約しました。部屋は客室露天風呂と内風呂付でとてもよかったです。接客もよく観光地の色々話が聞けてよかったです。また地獄巡りが近く特に白池地獄のすぐそばでした。別府鉄輪に行く際はまた行きたい宿です。素敵なおもてなしをありがとうございました。,"時期:2023年12月宿泊; プラン:【期間限定・特別価格】通常より8888円OFF！関あじ・伊勢海老・豊後牛がメインの会席プラン／朝夕お部屋食; 価格帯:29,001～30,000円(大人１名あたり/税込); 部屋:5; 風呂:5; 料理(朝食):5; 料理(夕食):5; 接客・サービス:5 | プラン 【期間限定・特別価格】通常より8888円OFF！関あじ・伊勢海老・豊後牛がメインの会席プラン／朝夕お部屋食 和洋室 朝・夕 朝/部屋出し 夕/部屋出し",https://www.jalan.net/yad322964/kuchikomi/archive/,1,room_open_air_bath;food;access,raw/jalan/archive_page_7.html,cp932,positive,body_positive,high,body_sentiment_inference_needed
OTA full review,Jalan,jalan_2d5c168878a7558e,わたるさん,2023/12/20,5,接客が良かった！,対応されたスタッフさんの人柄も良く、何から何まで良かったです！ また機会があれば利用させて頂きたいと思いました！,"時期:2023年12月宿泊; プラン:【期間限定・特別価格】通常より8888円OFF！関あじ・伊勢海老・豊後牛がメインの会席プラン／朝夕お部屋食; 価格帯:29,001～30,000円(大人１名あたり/税込); 部屋:5; 風呂:5; 料理(朝食):5; 料理(夕食):5; 接客・サービス:5 | プラン 【期間限定・特別価格】通常より8888円OFF！関あじ・伊勢海老・豊後牛がメインの会席プラン／朝夕お部屋食 和洋室 朝・夕 朝/部屋出し 夕/部屋出し",https://www.jalan.net/yad322964/kuchikomi/archive/,1,food,raw/jalan/archive_page_7.html,cp932,positive,body_positive,high,body_sentiment_inference_needed
OTA full review,Jalan,jalan_3500c4be94d11ccc,ともやさん,2023/12/19,5,食事が美味しかった。,夕食はお刺身からステーキまで品数も大変多く満足しました。 朝食は郷土料理もあり、夕食、朝食とも大変美味しく頂きました。 ありがとうございました。,"時期:2023年12月宿泊; プラン:【旅得クーポン付き】通常より3888円OFF！関あじ・伊勢海老・豊後牛がメインの会席プラン／夕食お部屋食; 価格帯:23,001～24,000円(大人１名あたり/税込); 部屋:5; 風呂:5; 料理(朝食):5; 料理(夕食):5; 接客・サービス:5 | プラン 【旅得クーポン付き】通常より3888円OFF！関あじ・伊勢海老・豊後牛がメインの会席プラン／夕食お部屋食 和室 朝・夕 朝/個室利用 夕/部屋出し",https://www.jalan.net/yad322964/kuchikomi/archive/,1,food,raw/jalan/archive_page_7.html,cp932,positive,body_positive,high,body_sentiment_inference_needed
OTA full review,Jalan,jalan_964998b37be7051e,ミカリンさん,2023/12/17,5,料理が最高！,初めての別府温泉旅行。 地獄めぐりや町の散策するには立地がとても良かったです。 一番は料理。夕食も朝食もどれもみんなおいしく大満足の旅行になりました。,"時期:2023年12月宿泊; プラン:【期間限定・特別価格】通常より3888円OFF！関あじ・伊勢海老・豊後牛がメインの会席プラン／夕食お部屋食; 価格帯:23,001～24,000円(大人１名あたり/税込); 部屋:5; 風呂:5; 料理(朝食):5; 料理(夕食):5; 接客・サービス:5 | プラン 【期間限定・特別価格】通常より3888円OFF！関あじ・伊勢海老・豊後牛がメインの会席プラン／夕食お部屋食 和室 朝・夕 朝/個室利用 夕/部屋出し",https://www.jalan.net/yad322964/kuchikomi/archive/,1,food;access,raw/jalan/archive_page_7.html,cp932,positive,body_positive,high,body_sentiment_inference_needed
OTA full review,Jalan,jalan_6c0eca4c2bc73368,はーちゃんさん,2023/12/16,5,夫婦旅行にオススメ,今回、両親の結婚記念日でアニバーサリープランをご予約させていただきました。 お部屋のお風呂も夕飯も朝食も大満足だったようです。 また、機会があればご利用したいと思います。,"時期:2023年12月宿泊; プラン:【記念日プラン】大切な人と過ごすひとときに…ケーキ＆ノンアルスパークリングワイン付き(朝夕お部屋食）; 価格帯:30,001円以上(大人１名あたり/税込); 部屋:5; 風呂:5; 料理(朝食):5; 料理(夕食):5; 接客・サービス:5 | プラン 【記念日プラン】大切な人と過ごすひとときに…ケーキ＆ノンアルスパークリングワイン付き(朝夕お部屋食） 和室 朝・夕 朝/部屋出し 夕/部屋出し",https://www.jalan.net/yad322964/kuchikomi/archive/,1,room_bath;food,raw/jalan/archive_page_7.html,cp932,positive,body_positive,high,body_sentiment_inference_needed
OTA full review,Jalan,jalan_c1e4d3c5feb59d53,OGさん,2023/12/14,5,ご飯が美味しい宿,2泊3日の連泊で利用しました。 チェックイン時間が遅れてしまいましたが快く受け入れてくださいました。 お部屋は一階にお風呂と客室、2階に食事部屋になっており部屋から別府湾と立ち上る湯煙が一望出来て眺めのいいお部屋でした。 お風呂は内湯と露天風呂があり2人で入るとやや手狭に感じましたが泉質はとても良かったです。部屋風呂とは別に予約不要の貸切風呂が3種類ありまして全ていいお風呂で癒されました。 食事は関あじ、豊後牛、伊勢海老と豪華でとても美味しかったです。また、量も程よく満足感のある食事でした。 温泉、食事、お部屋、接客全てが良い宿でした。また機会があれば利用したいと思います。,"時期:2023年12月宿泊; プラン:【期間限定・特別価格】通常より8888円OFF！関あじ・伊勢海老・豊後牛がメインの会席プラン／朝夕お部屋食; 価格帯:29,001～30,000円(大人１名あたり/税込); 部屋:5; 風呂:5; 料理(朝食):5; 料理(夕食):5; 接客・サービス:5 | プラン 【期間限定・特別価格】通常より8888円OFF！関あじ・伊勢海老・豊後牛がメインの会席プラン／朝夕お部屋食 和室 朝・夕 朝/部屋出し 夕/部屋出し",https://www.jalan.net/yad322964/kuchikomi/archive/,1,room_bath;private_bath;water_texture;small_bath_or_room;food,raw/jalan/archive_page_7.html,cp932,mixed,body_positive_and_negative,high,body_sentiment_inference_needed
OTA full review,Jalan,jalan_aa00a4e3415930a5,おかゆさん,2023/12/13,5,お魚が美味しく、ゆったりくつろげました。,宿でゆっくりとくつろぐことを目的とした旅行で、夕食が部屋食、露天風呂付き客室の条件で宿を探してました。「ご飯が美味しい！」という口コミが多いのが決め手となり、こちらの宿を利用しました。実際に食事はとても美味しく、とくにお魚がどれも美味しかったです。 部屋のお風呂はとてもゆったりとした露天風呂でしたが、自分でバルブをひねって温度を調節するタイプだったので、部屋についたらすぐに温度を確認して調整することをおすすめします。いつでも何回でも入りたいという方は、保温するようにバルブを調節しておくとよいかと思います。部屋のお風呂とは別の貸し切り風呂も同じ仕組みで、朝イチ（6時から使用可）は宿の人が温めているようですが、人が入らないとだんだんと冷めてくるので、朝風呂に入りたい方は朝イチがおすすめです。また、貸切風呂の脱衣所は空調がなく小さいサーキュレーターがあるだけなので、特に夏は暑くなると思います。温泉は体を温める効能が強く、熱々の温度でなくても指先までぽっかぽかに温まりました。 着替えに、男性は作務衣、女性は浴衣とスーパー銭湯服みたいなものが用意されていますが、女性の浴衣は、160ｃｍほどの彼女には少し丈が短いようでした。 宿の方は、みなさん親しみやすいお人柄でしたが丁寧で、肩ひじ張らずに安心してくつろげました。 バス停が近く、地獄蒸しのお店や地獄巡りが徒歩圏内にある（コンビニもすぐ近くにある）好立地で、値段も高くなく、とても満足しています。,"時期:2023年12月宿泊; プラン:【期間限定・特別価格】通常より3888円OFF！関あじ・伊勢海老・豊後牛がメインの会席プラン／夕食お部屋食; 価格帯:25,001～26,000円(大人１名あたり/税込); 部屋:5; 風呂:4; 料理(朝食):5; 料理(夕食):5; 接客・サービス:5 | プラン 【期間限定・特別価格】通常より3888円OFF！関あじ・伊勢海老・豊後牛がメインの会席プラン／夕食お部屋食 和室 朝・夕 朝/個室利用 夕/部屋出し",https://www.jalan.net/yad322964/kuchikomi/archive/,1,room_open_air_bath;room_bath;private_bath;temperature_cold;small_bath_or_room;food;access,raw/jalan/archive_page_7.html,cp932,mixed,conditional_signal_tag,medium,body_sentiment_inference_needed
OTA full review,Jalan,jalan_cbd487f05eda2f45,fujikawaさん,2023/12/13,5,概ね満足です。,部屋、食事、お風呂、接客、どれも満足です。とくに部屋風呂と貸切風呂は、殆ど自由に入れて最高でした。雨天だったので景色は今ひとつでしたが、晴れた日は最高の景色だと思います。また、別府に行ったら利用したいと思いました。,"時期:2023年12月宿泊; プラン:【期間限定・特別価格】通常より8888円OFF！関あじ・伊勢海老・豊後牛がメインの会席プラン／朝夕お部屋食; 価格帯:29,001～30,000円(大人１名あたり/税込); 部屋:4; 風呂:5; 料理(朝食):4; 料理(夕食):4; 接客・サービス:5 | プラン 【期間限定・特別価格】通常より8888円OFF！関あじ・伊勢海老・豊後牛がメインの会席プラン／朝夕お部屋食 和室 朝・夕 朝/部屋出し 夕/部屋出し",https://www.jalan.net/yad322964/kuchikomi/archive/,1,room_bath;private_bath;food,raw/jalan/archive_page_7.html,cp932,positive,body_positive,high,body_sentiment_inference_needed
OTA full review,Jalan,jalan_8881666667e02b37,あみさん,2023/12/13,5,幸せのひと時をありがとうございました,初めて九州の旅、一日目は大分別府。八葉さんへ おもてなし、お料理、露天風呂付客室ほんとに最高！！幸せなひと時を過ごすごとができました。特に夕食のお料理どれもほんとにおいしく頂きました。私はアジは苦手で食べることがないのですが、関アジほんとになんの臭みもなく最高においしく頂きました。はじめてアジを美味しく思いました。朝食もどれもこれも美味しくすべてたいらげました。 接客もほんとに素晴らしく感謝します。 子供も旅行にいくとあまり食べないのですが、夕食も朝食もすべてきれいに完食でした。またいつか別府に着たら八葉さんへお邪魔させていただきます。,"時期:2023年12月宿泊; プラン:【期間限定・特別価格】通常より3888円OFF！関あじ・伊勢海老・豊後牛がメインの会席プラン／夕食お部屋食; 価格帯:26,001～27,000円(大人１名あたり/税込); 部屋:4; 風呂:5; 料理(朝食):5; 料理(夕食):5; 接客・サービス:5 | プラン 【期間限定・特別価格】通常より3888円OFF！関あじ・伊勢海老・豊後牛がメインの会席プラン／夕食お部屋食 和室 朝・夕 朝/個室利用 夕/部屋出し",https://www.jalan.net/yad322964/kuchikomi/archive/,1,food,raw/jalan/archive_page_7.html,cp932,mixed,body_positive_and_negative,high,body_sentiment_inference_needed
OTA full review,Jalan,jalan_79ec212ddeb90577,でんでんさん,2023/12/12,4,久しぶりの別府温泉,じゃらんで見たお部屋のイメージと違い メゾネットタイプで 思っていたより狭い部屋、 狭いお風呂でした。 食事は盛り付けも綺麗で美味しく 頂きました。 内風呂から露天風呂への 移動が、とても恥ずかしいと感じました。 なんといってもすっぽんぽんですし、 上がって跨いで降りて…と。 初めてお風呂見た時、お湯が流れていない状態で掛け流しされていない風呂 びっくりしました。 熱いと事前に説明をされたにも関わらず、 掛け流しにしていると、２回ほど温度が高いですから火傷しないようにと連絡が入りました。うん？と感じました。,"時期:2023年12月宿泊; プラン:【期間限定・特別価格】通常より8888円OFF！関あじ・伊勢海老・豊後牛がメインの会席プラン／朝夕お部屋食; 価格帯:29,001～30,000円(大人１名あたり/税込); 部屋:4; 風呂:3; 料理(朝食):4; 料理(夕食):5; 接客・サービス:3 | プラン 【期間限定・特別価格】通常より8888円OFF！関あじ・伊勢海老・豊後牛がメインの会席プラン／朝夕お部屋食 和洋室 朝・夕 朝/部屋出し 夕/部屋出し",https://www.jalan.net/yad322964/kuchikomi/archive/,1,source_flow;temperature_hot;small_bath_or_room;food,raw/jalan/archive_page_7.html,cp932,mixed,body_positive_and_negative,high,body_sentiment_inference_needed
OTA full review,Jalan,jalan_dd39783b8329ce29,あやゆうまさままさん,2023/12/12,5,食事が最高でした,夕食がとても美味しく頂きました。 舟盛が出されたのですが、見た瞬間に間違いで持ってこられたのかと思うほどびっくりしました。とても新鮮で美味しかったです。ただ一つ、お部屋の露天風呂が朝入りたいかったのですが、雨で入れず残念でした。,"時期:2023年12月宿泊; プラン:【期間限定・特別価格】通常より3888円OFF！関あじ・伊勢海老・豊後牛がメインの会席プラン／夕食お部屋食; 価格帯:25,001～26,000円(大人１名あたり/税込); 部屋:5; 風呂:4; 料理(朝食):5; 料理(夕食):5; 接客・サービス:5 | プラン 【期間限定・特別価格】通常より3888円OFF！関あじ・伊勢海老・豊後牛がメインの会席プラン／夕食お部屋食 和室 朝・夕 朝/個室利用 夕/部屋出し",https://www.jalan.net/yad322964/kuchikomi/archive/,1,room_open_air_bath;food,raw/jalan/archive_page_7.html,cp932,mixed,body_positive_and_negative,high,body_sentiment_inference_needed
OTA full review,Jalan,jalan_483b8514fa1a674d,ジャイアンさん,2023/12/10,5,予約して良かったです。,夕食、朝食がとても美味しいく食べきれないほどの量でした。従業員の皆さんも、楽しんでもらおうという気持ちが全面に出ていて気持ち良かったです。お風呂は入る度に違う浴室を選んでもらえるので飽きずに入浴出来ました。客室から日の出が見えるので正月は最高だと思います。,"時期:2023年12月宿泊; プラン:【期間限定・特別価格】通常より3888円OFF！関あじ・伊勢海老・豊後牛がメインの会席プラン／夕食お部屋食; 価格帯:24,001～25,000円(大人１名あたり/税込); 部屋:5; 風呂:5; 料理(朝食):5; 料理(夕食):5; 接客・サービス:5 | プラン 【期間限定・特別価格】通常より3888円OFF！関あじ・伊勢海老・豊後牛がメインの会席プラン／夕食お部屋食 和室 朝・夕 朝/個室利用 夕/部屋出し",https://www.jalan.net/yad322964/kuchikomi/archive/,1,food,raw/jalan/archive_page_7.html,cp932,positive,body_positive,high,body_sentiment_inference_needed
OTA full review,Jalan,jalan_201b2237ec30cde7,ぷくぷくさん,2023/12/9,5,全てが最高,全てが最高でした。特に夜ご飯のアジ、豊後牛のせいろ蒸しは最高で嫁さんと美味しくいただきました。また必ず行きたいです。かなりオススメです,"時期:2023年11月宿泊; プラン:【期間限定・特別価格】通常より3888円OFF！関あじ・伊勢海老・豊後牛がメインの会席プラン／夕食お部屋食; 価格帯:26,001～27,000円(大人１名あたり/税込); 部屋:5; 風呂:5; 料理(朝食):5; 料理(夕食):5; 接客・サービス:5 | プラン 【期間限定・特別価格】通常より3888円OFF！関あじ・伊勢海老・豊後牛がメインの会席プラン／夕食お部屋食 和室 朝・夕 朝/個室利用 夕/部屋出し",https://www.jalan.net/yad322964/kuchikomi/archive/,1,food,raw/jalan/archive_page_7.html,cp932,positive,body_positive,high,body_sentiment_inference_needed
OTA full review,Jalan,jalan_5e3c2bac2599dccf,かよさん,2023/12/5,5,20周年結婚記念に,スキップフロアの部屋は初めてでした。住みたいくらい、居心地が良かったです。料理も美味しかったです。晴れていたこともあり露天風呂から見える景色は最高でした。 ただ、露天風呂にお湯を足すのに時間がかかったり、朝方内湯にお湯を足したいのに機能しなくて。内湯には入れませんでした。 でも、また、行きたいです。,"時期:2023年12月宿泊; プラン:【期間限定・特別価格】通常より8888円OFF！関あじ・伊勢海老・豊後牛がメインの会席プラン／朝夕お部屋食; 価格帯:29,001～30,000円(大人１名あたり/税込); 部屋:5; 風呂:4; 料理(朝食):5; 料理(夕食):5; 接客・サービス:5 | プラン 【期間限定・特別価格】通常より8888円OFF！関あじ・伊勢海老・豊後牛がメインの会席プラン／朝夕お部屋食 和洋室 朝・夕 朝/部屋出し 夕/部屋出し",https://www.jalan.net/yad322964/kuchikomi/archive/,1,room_bath;flow_caution;food,raw/jalan/archive_page_7.html,cp932,positive,body_positive,high,body_sentiment_inference_needed
OTA full review,Jalan,jalan_0e17c01e029ce107,みかさん,2023/12/4,5,マタ旅でお世話になりました,妊娠7ヶ月で、遠出では最後の旅行と決めて大分へ。 その際に八葉さんを利用させていただきました。 予約の際に妊娠中であることを伝えたら、食事等配慮していただき夫と安心して過ごすことができました。 スタッフの方々もとても親切で、たくさんお話ができてとても楽しかったです！ お部屋もまだできたばかりでとてもきれいで、お風呂も本格的な作りでびっくり！温泉を楽しみながら、のんびり過ごすことができました。 子どもが産まれて、旅行できるようになったら、また遊びに行きたいと思います。,"時期:2023年10月宿泊; プラン:【期間限定・特別価格】通常より3888円OFF！関あじ・伊勢海老・豊後牛がメインの会席プラン／夕食お部屋食; 価格帯:25,001～26,000円(大人１名あたり/税込); 部屋:5; 風呂:5; 料理(朝食):5; 料理(夕食):5; 接客・サービス:5 | プラン 【期間限定・特別価格】通常より3888円OFF！関あじ・伊勢海老・豊後牛がメインの会席プラン／夕食お部屋食 和室 朝・夕 朝/個室利用 夕/部屋出し",https://www.jalan.net/yad322964/kuchikomi/archive/,1,food,raw/jalan/archive_page_7.html,cp932,positive,body_positive,high,body_sentiment_inference_needed
OTA full review,Jalan,jalan_680c5c919383f2bc,池松さん,2023/12/4,5,部屋食も部屋風呂も大満足でした！,妊娠して安定期にはいったので、最後の夫婦水入らずの旅行に、翠葉の部屋をえらばせてもらいました。 夕飯も朝食も量もちょうどよく、メインの関アジや大分牛はもちろん、釜のごはんがとても美味しかったです。 部屋食ですが、食事の部屋が分かれていたので、たべてすぐ布団の部屋でくつろぐことができて幸せでした。 部屋風呂なので好きな時に朝風呂も楽しめて、周辺のお宿の湯気も見えて朝焼けが綺麗でした。 妊娠中生肉がだめなので、夕飯のお肉もしっかり焼いていただいて、スタッフさんの対応も良く、帰りもお声掛けいただいて嬉しかったです。 素敵な空間と接遇をありがとうございました。,"時期:2023年12月宿泊; プラン:【旅得クーポン付き】通常より8888円OFF！関あじ・伊勢海老・豊後牛がメインの会席プラン／朝夕お部屋食; 価格帯:30,001円以上(大人１名あたり/税込); 部屋:5; 風呂:5; 料理(朝食):5; 料理(夕食):5; 接客・サービス:5 | プラン 【旅得クーポン付き】通常より8888円OFF！関あじ・伊勢海老・豊後牛がメインの会席プラン／朝夕お部屋食 和洋室 朝・夕 朝/部屋出し 夕/部屋出し",https://www.jalan.net/yad322964/kuchikomi/archive/,1,room_bath;food,raw/jalan/archive_page_7.html,cp932,positive,body_positive,high,body_sentiment_inference_needed
OTA full review,Jalan,jalan_d0db0d23dc3c4b5c,てっちんさん,2023/12/3,5,結婚記念日に,毎年、結婚記念日は妻と二人で旅行しています。 去年は沖縄の石垣島へ。 今年はゆっくり温泉にでもと思い立ち、名湯別府を選びました。 最初は宿の場所がわからず迷いましたが、一門をくぐれば落ち着きのある宿。 案内も丁寧で、ひと安心。 湯も当然ながら夕食の豪勢さ、美味しさに舌鼓を打ちました。 朝食も贅沢なひとときを過ごせる完璧としか言わざるを得ないものでした。 またまた、帰りには宿の蒸したまごもプレゼントでいただき大満足の一泊でした。 来年もまた来たいと思わせてくれる宿でした。,"時期:2023年12月宿泊; プラン:【期間限定・特別価格】通常より8888円OFF！関あじ・伊勢海老・豊後牛がメインの会席プラン／朝夕お部屋食; 価格帯:30,001円以上(大人１名あたり/税込); 部屋:5; 風呂:5; 料理(朝食):5; 料理(夕食):5; 接客・サービス:5 | プラン 【期間限定・特別価格】通常より8888円OFF！関あじ・伊勢海老・豊後牛がメインの会席プラン／朝夕お部屋食 和室 朝・夕 朝/部屋出し 夕/部屋出し",https://www.jalan.net/yad322964/kuchikomi/archive/,1,food,raw/jalan/archive_page_7.html,cp932,positive,body_positive,high,body_sentiment_inference_needed
OTA full review,Jalan,jalan_33fd39642e6731c9,山ちゃんさん,2023/12/3,5,お部屋が最高,お部屋には内湯も露天風呂もついていて、いつでも自由に入浴でき、快適でした。階段は多かったですが、食事処と休む部屋が別だったので、気兼ねなくくつろげました。お食事もとても美味しくきれいに完食しました。全てにおいて大変満足しました。機会があればまた是非利用したいと思います。,"時期:2023年11月宿泊; プラン:【期間限定・特別価格】通常より8888円OFF！関あじ・伊勢海老・豊後牛がメインの会席プラン／朝夕お部屋食; 価格帯:29,001～30,000円(大人１名あたり/税込); 部屋:5; 風呂:5; 料理(朝食):5; 料理(夕食):5; 接客・サービス:5 | プラン 【期間限定・特別価格】通常より8888円OFF！関あじ・伊勢海老・豊後牛がメインの会席プラン／朝夕お部屋食 和室 朝・夕 朝/部屋出し 夕/部屋出し",https://www.jalan.net/yad322964/kuchikomi/archive/,1,room_bath;food,raw/jalan/archive_page_7.html,cp932,positive,body_positive,high,body_sentiment_inference_needed
OTA full review,Jalan,jalan_959c44227cad82f7,yokoさん,2023/12/3,4,息抜き夫婦旅行,なかなか仕事の休みが取れない夫婦なので離れのお部屋でゆっくり過ごしました。 朝食しっかり食べるので、ご飯のおかわり可能だとよかったかな。,"時期:2023年12月宿泊; プラン:【期間限定・特別価格】通常より8888円OFF！関あじ・伊勢海老・豊後牛がメインの会席プラン／朝夕お部屋食; 価格帯:30,001円以上(大人１名あたり/税込); 部屋:5; 風呂:5; 料理(朝食):3; 料理(夕食):4; 接客・サービス:5 | プラン 【期間限定・特別価格】通常より8888円OFF！関あじ・伊勢海老・豊後牛がメインの会席プラン／朝夕お部屋食 和洋室 朝・夕 朝/部屋出し 夕/部屋出し",https://www.jalan.net/yad322964/kuchikomi/archive/,1,food,raw/jalan/archive_page_7.html,cp932,positive,body_positive,high,body_sentiment_inference_needed
OTA full review,Jalan,jalan_59448482ae89bb42,007さん,2023/11/27,5,食事が最高でした,夫婦で別府温泉でゆっくり過ごしたいと思い、八葉さんを予約しました。お部屋食を楽しみにしていたところ、大変美味しい夕食と朝食を頂きました。中でも、夕食時の関あじは今まで食べたことのない美味しさで驚きました。また食べに来たいと思っています。お部屋の露天風呂も、朝の湯けむりを観ながら楽しめ、最高に癒されました。,"時期:2023年11月宿泊; プラン:【オンラインカード専用】8888円OFF！関あじ・伊勢海老・豊後牛がメインの会席プラン（朝夕お部屋食）; 価格帯:30,001円以上(大人１名あたり/税込); 部屋:5; 風呂:4; 料理(朝食):5; 料理(夕食):5; 接客・サービス:5 | プラン 【オンラインカード専用】8888円OFF！関あじ・伊勢海老・豊後牛がメインの会席プラン（朝夕お部屋食） 和洋室 朝・夕 朝/部屋出し 夕/部屋出し",https://www.jalan.net/yad322964/kuchikomi/archive/,1,room_open_air_bath;food,raw/jalan/archive_page_7.html,cp932,positive,body_positive,high,body_sentiment_inference_needed
OTA full review,Jalan,jalan_88b9519c77a8d1bc,ケロットさん,2023/11/27,5,スタッフがみんな親切,家族旅行での利用で泊まらせてもらいました。離れの造りが二階建てになってたのが一風変わってて面白かったですが お年寄りにはちょっとキツイかなと思います。 スタッフの接客は二重丸で 旅先での癒しになりました。ありがとうございました。１つ残念だったのは外の喫煙所ですね。脱衣所にまで臭いが充満してましたので そこが改善の余地ありと感じました。それ以外は料理もよしお風呂もよしでした。,"時期:2023年11月宿泊; プラン:【期間限定・特別価格】通常より8888円OFF！関あじ・伊勢海老・豊後牛がメインの会席プラン／朝夕お部屋食; 価格帯:30,001円以上(大人１名あたり/税込); 部屋:4; 風呂:5; 料理(朝食):5; 料理(夕食):5; 接客・サービス:5 | プラン 【期間限定・特別価格】通常より8888円OFF！関あじ・伊勢海老・豊後牛がメインの会席プラン／朝夕お部屋食 和洋室 朝・夕 朝/部屋出し 夕/部屋出し",https://www.jalan.net/yad322964/kuchikomi/archive/,1,food,raw/jalan/archive_page_7.html,cp932,mixed,body_negative_with_context,high,body_sentiment_inference_needed
OTA full review,Jalan,jalan_dfc04575134c6767,温泉海亀さん,2023/11/27,5,初!鉄輪温泉!,初の鉄輪温泉、八葉さんにして本当に良かったと思いました。窓から見える湯けむりの街並みが本当に素晴らしかったです。特に夜はライトアップされてるので本当に綺麗でした。部屋の風呂は内風呂、露天風呂共に源泉かけ流しで最高のお湯でした。そして夕食の関アジ、、、おいおい、あまりの美味さに酒が止まりませんよ!贅沢に伊勢海老まで付いておりました!あとスタッフの方々、特に夕食にて担当していただいたスタッフさん!べっぴんさんで本当に親切に対応していただきました!有難うございます! 客室露天風呂の宿は結構行ってる方だと思いますが(特に東北地方)私的には総合5以上の宿だと思います! この口コミを見た方々、是非一度足を運んでワタクシが感じた事を感じてみて下さい!,"時期:2023年11月宿泊; プラン:【開業１周年記念】通常より8888円OFF！関あじ・伊勢海老・豊後牛がメインの会席プラン（朝夕お部屋食）; 価格帯:30,001円以上(大人１名あたり/税込); 部屋:5; 風呂:5; 料理(朝食):5; 料理(夕食):5; 接客・サービス:5 | プラン 【開業１周年記念】通常より8888円OFF！関あじ・伊勢海老・豊後牛がメインの会席プラン（朝夕お部屋食） 和洋室 朝・夕 朝/部屋出し 夕/部屋出し",https://www.jalan.net/yad322964/kuchikomi/archive/,1,room_open_air_bath;source_flow;food;access,raw/jalan/archive_page_7.html,cp932,positive,body_positive,high,body_sentiment_inference_needed
OTA full review,Jalan,jalan_560b03b618dd1117,はなちゃんさん,2023/11/27,5,関アジ・伊勢海老のお刺身がとても美味しかった,"お誕生日旅行で利用しました。 離れのお部屋でモダンな感じのお部屋でした。お風呂は部屋付きの石風呂風な感じでした！お湯もとっても良かったです！朝方、朝日が上がるころに入るお風呂のロケーションも最高でした！別府湾とまわりの湯けむりが立ち込めていてとても良かったです。 夜と朝の食事も部屋食ですべてのお料理がおいしかったです！特に私は伊勢海老が美味しかった！肉料理のステーキも美味しかったです。 お誕生日で、急なお願いにもかかわらずフルーツの盛り合わせも作って頂けて最高のお誕生日祝いができました！ 二人ともお酒が好きなので、飲み過ぎるくらい飲みました""(-""""-)"" 本日の飲み比べと大分飲み比べを頂きました。 もし、可能ならば飲み比べのお酒の銘柄がわかるようにされていたらとても良かったと思います。 また行きたいお宿です＼(^o^)／","時期:2023年11月宿泊; プラン:【期間限定・特別価格】通常より8888円OFF！関あじ・伊勢海老・豊後牛がメインの会席プラン／朝夕お部屋食; 価格帯:30,001円以上(大人１名あたり/税込); 部屋:5; 風呂:5; 料理(朝食):5; 料理(夕食):5; 接客・サービス:5 | プラン 【期間限定・特別価格】通常より8888円OFF！関あじ・伊勢海老・豊後牛がメインの会席プラン／朝夕お部屋食 和洋室 朝・夕 朝/部屋出し 夕/部屋出し",https://www.jalan.net/yad322964/kuchikomi/archive/,1,food,raw/jalan/archive_page_7.html,cp932,positive,body_positive,high,body_sentiment_inference_needed
OTA full review,Jalan,jalan_c7e4dbdfc561ba3b,サクさん,2023/11/26,5,お風呂と料理が最高です！,年に1回、夫婦で別府に旅行しています。八葉さんは初めての利用でした。一言感想から言うと、全体的に大満足です。 こじんまりしていますが、新しくてとても清潔な館内、お風呂です 特に部屋風呂は広くて素敵でした。お風呂付のお部屋がおすすめです！ 料理も新鮮なお刺身や、豊後牛などとってもおいしいです。 何よりお宿の皆さんの温かい声かけや説明の丁寧さなど、素晴らしいサービスでした。 またぜひお伺いしたいと思います。ありがとうございました。,"時期:2023年11月宿泊; プラン:【期間限定・特別価格】通常より3888円OFF！関あじ・伊勢海老・豊後牛がメインの会席プラン／夕食お部屋食; 価格帯:26,001～27,000円(大人１名あたり/税込); 部屋:5; 風呂:5; 料理(朝食):5; 料理(夕食):5; 接客・サービス:5 | プラン 【期間限定・特別価格】通常より3888円OFF！関あじ・伊勢海老・豊後牛がメインの会席プラン／夕食お部屋食 和室 朝・夕 朝/個室利用 夕/部屋出し",https://www.jalan.net/yad322964/kuchikomi/archive/,1,room_bath;food,raw/jalan/archive_page_7.html,cp932,positive,body_positive,high,body_sentiment_inference_needed
OTA full review,Jalan,jalan_39332bbaa2c9ba9b,ゆいさん,2023/11/26,5,大分大好き,今回は温泉と美味しい食事を目的にきました 関あじ、伊勢えび、マグロの船盛で日本酒が美味しく飲めました 朝、夜の食事は大満足でした 部屋は落ち着き綺麗でした,"時期:2023年11月宿泊; プラン:【期間限定・特別価格】通常より3888円OFF！関あじ・伊勢海老・豊後牛がメインの会席プラン／夕食お部屋食; 価格帯:24,001～25,000円(大人１名あたり/税込); 部屋:5; 風呂:5; 料理(朝食):5; 料理(夕食):5; 接客・サービス:5 | プラン 【期間限定・特別価格】通常より3888円OFF！関あじ・伊勢海老・豊後牛がメインの会席プラン／夕食お部屋食 和室 朝・夕 朝/個室利用 夕/部屋出し",https://www.jalan.net/yad322964/kuchikomi/archive/,1,food,raw/jalan/archive_page_8.html,cp932,positive,body_positive,high,body_sentiment_inference_needed
OTA full review,Jalan,jalan_d5c5b6b23247689b,hiromiさん,2023/11/26,3,料理はよかったのに待たせすぎ,地獄めぐりからは近くとても便利。宿も新しく綺麗かった。料理はクチコミ通り関アジのお造りはとてもおいしかったが、板さんがひとりしかいないのでと料理と料理の間が長すぎるうえ出てきた料理は冷めている。せっかくのお肉も冷めて温かかったらおいしかっただろうと思うととても残念。お風呂付きのお部屋でしたが、朝9時半にはもうお湯が出ず、チェックアウト前に最後に鉄輪温泉のお湯を楽しもうと思っていたのに入れず残念だった。チェックアウトの時に謝罪してもらったが、温泉が楽しみで行ったし、そこそこの料金を払っているのでそれではちよっと…。次はないかな。,"時期:2023年11月宿泊; プラン:【期間限定・特別価格】通常より3888円OFF！関あじ・伊勢海老・豊後牛がメインの会席プラン／夕食お部屋食; 価格帯:25,001～26,000円(大人１名あたり/税込); 部屋:4; 風呂:4; 料理(朝食):3; 料理(夕食):3; 接客・サービス:3 | プラン 【期間限定・特別価格】通常より3888円OFF！関あじ・伊勢海老・豊後牛がメインの会席プラン／夕食お部屋食 和室 朝・夕 朝/個室利用 夕/部屋出し",https://www.jalan.net/yad322964/kuchikomi/archive/,1,temperature_cold;food;access,raw/jalan/archive_page_8.html,cp932,mixed,body_positive_and_negative,high,body_sentiment_inference_needed
OTA full review,Jalan,jalan_59df1dbb1381060d,とっぴーさん,2023/11/25,5,ゆっくり休養できました！,久しぶりに主人と二人温泉に出かけました 部屋は少し狭さを感じましたが 内湯、露天風呂とゆっくり入ることができました 食事も部屋食だったので移動することもなく美味しく頂きました 羽釜での炊き立てのご飯はピカピカで感動！ またお邪魔したいと思います,"時期:2023年11月宿泊; プラン:【期間限定・特別価格】通常より8888円OFF！関あじ・伊勢海老・豊後牛がメインの会席プラン／朝夕お部屋食; 価格帯:30,001円以上(大人１名あたり/税込); 部屋:5; 風呂:5; 料理(朝食):4; 料理(夕食):5; 接客・サービス:5 | プラン 【期間限定・特別価格】通常より8888円OFF！関あじ・伊勢海老・豊後牛がメインの会席プラン／朝夕お部屋食 和洋室 朝・夕 朝/部屋出し 夕/部屋出し",https://www.jalan.net/yad322964/kuchikomi/archive/,1,room_bath;small_bath_or_room;food,raw/jalan/archive_page_8.html,cp932,mixed,body_positive_and_negative,high,body_sentiment_inference_needed
OTA full review,Jalan,jalan_6bc13e5357117bb2,akamさん,2023/11/20,5,食事と温泉が最高,遅れて夜にチェックインしたにも関わらず、親切にご対応頂きありがとうございました。関アジを始め、夕食はどれも美味しく頂きました。 またお風呂も3カ所制覇出来て、別府温泉を満喫出来ました。 地獄めぐりも近く、立地も良かったです。 1点だけ、コーヒーメーカーがあまり綺麗になってなくて、残念でした。,"時期:2023年11月宿泊; プラン:【期間限定・特別価格】通常より3888円OFF！関あじ・伊勢海老・豊後牛がメインの会席プラン／夕食お部屋食; 価格帯:23,001～24,000円(大人１名あたり/税込); 部屋:4; 風呂:5; 料理(朝食):5; 料理(夕食):5; 接客・サービス:5 | プラン 【期間限定・特別価格】通常より3888円OFF！関あじ・伊勢海老・豊後牛がメインの会席プラン／夕食お部屋食 和室 朝・夕 朝/個室利用 夕/部屋出し",https://www.jalan.net/yad322964/kuchikomi/archive/,1,food;access,raw/jalan/archive_page_8.html,cp932,mixed,body_positive_and_negative,high,body_sentiment_inference_needed
OTA full review,Jalan,jalan_29909458d634047e,まいまいさん,2023/11/17,4,お料理がとても美味しかったです。,新しいお宿でこじんまりとした、アットホームな雰囲気が良かったです。フロントにかけてあった”こもれび”の油絵が素敵でした。部屋食でゆっくりと味わって食事ができ、丁寧に作られたお料理はどれも美味しかったです。きき酒の３つのお酒もいろいろ味わえて楽しめました。部屋の露天風呂、貸し切りの湯、温度も調整出来て気持ち良かったです。ただ、外の景色がほとんど見えない部屋だったのが残念でした・・・・次は別府湾が見える景色の良いお部屋に泊まりたいです！スタッフの皆さんとても親切にしていただき、ありがとうございました！,"時期:2023年11月宿泊; プラン:【期間限定・特別価格】通常より3888円OFF！関あじ・伊勢海老・豊後牛がメインの会席プラン／夕食お部屋食; 価格帯:25,001～26,000円(大人１名あたり/税込); 部屋:3; 風呂:4; 料理(朝食):5; 料理(夕食):5; 接客・サービス:5 | プラン 【期間限定・特別価格】通常より3888円OFF！関あじ・伊勢海老・豊後牛がメインの会席プラン／夕食お部屋食 和室 朝・夕 朝/個室利用 夕/部屋出し",https://www.jalan.net/yad322964/kuchikomi/archive/,1,room_open_air_bath;private_bath;food,raw/jalan/archive_page_8.html,cp932,mixed,body_positive_and_negative,high,body_sentiment_inference_needed
OTA full review,Jalan,jalan_75aecfbd7c738326,ぷーさんさん,2023/11/15,5,癒されました,道中は湯治の鉄輪だったので、どんなお宿かと少しドキドキでした。でも行って感激！フロントから温かさを感じ癒されました。勿論 温泉、食事、接客、各所に見受けられるこだわり、特にお部屋が清潔感があり二階だったので、窓からの朝日、眺め最高でした。また癒されに行きます。,"時期:2023年11月宿泊; プラン:【期間限定・特別価格】通常より3888円OFF！関あじ・伊勢海老・豊後牛がメインの会席プラン／夕食お部屋食; 価格帯:23,001～24,000円(大人１名あたり/税込); 部屋:5; 風呂:5; 料理(朝食):5; 料理(夕食):5; 接客・サービス:5 | プラン 【期間限定・特別価格】通常より3888円OFF！関あじ・伊勢海老・豊後牛がメインの会席プラン／夕食お部屋食 和室 朝・夕 朝/個室利用 夕/部屋出し",https://www.jalan.net/yad322964/kuchikomi/archive/,1,food;access,raw/jalan/archive_page_8.html,cp932,positive,body_positive,high,body_sentiment_inference_needed
OTA full review,Jalan,jalan_604e96672ca4456e,りくさん,2023/11/13,5,とにかく全てが良かったです。,彼女の誕生日ということで八葉さんを利用させていただきました。チェックインの時から部屋の説明を詳しくしていただき好印象でした。プランで誕生日ケーキとスパークリングワインがついているプランを予約させていただきました。仲居さん3人が電気を消してケーキを持ってきてもらいとても嬉しかったです。部屋が少ない分アットホームな雰囲気で居心地がとても良かったです。また、ご飯は大分県の名産を多く食べることができとてもおいしく大変満足いきました！ 次大分に旅行に来た際もぜひ利用したいくらい、いい旅館でした。ありがとうございました！,"時期:2023年11月宿泊; プラン:【記念日プラン】大切な人と過ごすひとときに…ケーキ＆ノンアルスパークリングワイン付き(朝夕お部屋食）; 価格帯:30,001円以上(大人１名あたり/税込); 部屋:5; 風呂:5; 料理(朝食):5; 料理(夕食):5; 接客・サービス:5 | プラン 【記念日プラン】大切な人と過ごすひとときに…ケーキ＆ノンアルスパークリングワイン付き(朝夕お部屋食） 和室 朝・夕 朝/部屋出し 夕/部屋出し",https://www.jalan.net/yad322964/kuchikomi/archive/,1,food,raw/jalan/archive_page_8.html,cp932,positive,body_positive,high,body_sentiment_inference_needed
OTA full review,Jalan,jalan_246c173345f945a2,もんちさん,2023/11/10,5,部屋からの別府湾と湯煙の眺めが素晴らしいです,初めての九州旅行、奮発して室内に露天風呂があるお部屋にしましたがとてもゆっくりできました。なんだか新築の友人の家に遊びに行ったようなアットホームな感じがしました。朝焼けの中、露天風呂から別府湾と湯煙を眺めながらの温泉は最高でした。料理も美味しく良かったです。 宿の方にはバスの出発時間などで大変お世話になりました。ありがとうございました。,"時期:2023年11月宿泊; プラン:【期間限定・特別価格】通常より8888円OFF！関あじ・伊勢海老・豊後牛がメインの会席プラン／朝夕お部屋食; 価格帯:30,001円以上(大人１名あたり/税込); 部屋:5; 風呂:5; 料理(朝食):5; 料理(夕食):5; 接客・サービス:5 | プラン 【期間限定・特別価格】通常より8888円OFF！関あじ・伊勢海老・豊後牛がメインの会席プラン／朝夕お部屋食 和洋室 朝・夕 朝/部屋出し 夕/部屋出し",https://www.jalan.net/yad322964/kuchikomi/archive/,1,food;access,raw/jalan/archive_page_8.html,cp932,positive,body_positive,high,body_sentiment_inference_needed
OTA full review,Jalan,jalan_7bda02d03d57b0d0,どらどら母さん,2023/11/8,5,美味しい刺し身にのんびり家族風呂,美味しいお刺身にその場で炊いたご飯が美味しかったです。じゃらんの直前割で本館にお安く泊まりましたが、行き届いたサービスを受け、とても良かったです。家族風呂もゆっくりできました。清掃も行き届いていてとても気持ちよかったです。温泉玉子のお土産もありがとうございました。,"時期:2023年10月宿泊; プラン:【じゃらん限定／直前割】本館限定！関あじ・伊勢海老・豊後牛がメインの会席プラン（夕食お部屋食）; 価格帯:19,001～20,000円(大人１名あたり/税込); 部屋:5; 風呂:5; 料理(朝食):5; 料理(夕食):5; 接客・サービス:5 | プラン 【じゃらん限定／直前割】本館限定！関あじ・伊勢海老・豊後牛がメインの会席プラン（夕食お部屋食） 和室 朝・夕 朝/個室利用 夕/部屋出し",https://www.jalan.net/yad322964/kuchikomi/archive/,1,family_bath;food,raw/jalan/archive_page_8.html,cp932,positive,body_positive,high,body_sentiment_inference_needed
OTA full review,Jalan,jalan_5d9b061fe77788be,ひろこさん,2023/11/8,5,口コミ通りの満足宿です,清潔感のあるキレイなホテルです。 従業員の方はみんな親切に声をかけてくださいます。 お風呂は家族風呂ですがゆっくり入浴時間がとれます。 お湯もよいです。 何よりご飯が食べきれないくらいあり一つ一つの料理が美味しいです。 朝ごはんも見た目ごきれいでまだお腹いっぱいでも食べれてしまいました。 お土産に温泉卵をいただきました。おいしかったです。 いい思い出ができました。 ありがとうございました。,"時期:2023年11月宿泊; プラン:【オンラインカード専用】3888円OFF！関あじ・伊勢海老・豊後牛がメインの会席プラン（夕食お部屋食）; 価格帯:29,001～30,000円(大人１名あたり/税込); 部屋:5; 風呂:5; 料理(朝食):5; 料理(夕食):5; 接客・サービス:5 | プラン 【オンラインカード専用】3888円OFF！関あじ・伊勢海老・豊後牛がメインの会席プラン（夕食お部屋食） 和室 朝・夕 朝/個室利用 夕/部屋出し",https://www.jalan.net/yad322964/kuchikomi/archive/,1,family_bath;food,raw/jalan/archive_page_8.html,cp932,positive,body_positive,high,body_sentiment_inference_needed
OTA full review,Jalan,jalan_0f0a58abb7186f8d,じゅんさん,2023/11/7,1,料理は美味しかったですが・・・,露天風呂付の部屋に宿泊しました。露天風呂には屋根がなく、寒すぎましたので、貸し切り風呂を予約したところ、スタッフ間の連絡がきちんとされていなかったようで、2時間近く待たされた挙句、「予約はされたのですか？」と問われる始末。呆れて開いた口がふさがらない。加えて、部屋に虫が出たので、部屋に置いてあったベープを使おうとしたところ、ベープの液体が空の状態で、フロントに連絡する羽目に。これもまともな宿ではあり得ない不手際です。さらに、部屋の壁が薄いのか、隣の子供が部屋を走り回る音が筒抜けで、リラックスして就寝できずませんでした。二度と泊まることはありません。,"時期:2023年10月宿泊; プラン:【期間限定・特別価格】通常より3888円OFF！関あじ・伊勢海老・豊後牛がメインの会席プラン／夕食お部屋食; 価格帯:25,001～26,000円(大人１名あたり/税込); 部屋:2; 風呂:1; 料理(朝食):4; 料理(夕食):4; 接客・サービス:1 | プラン 【期間限定・特別価格】通常より3888円OFF！関あじ・伊勢海老・豊後牛がメインの会席プラン／夕食お部屋食 和室 朝・夕 朝/個室利用 夕/部屋出し",https://www.jalan.net/yad322964/kuchikomi/archive/,1,room_open_air_bath;private_bath;food,raw/jalan/archive_page_8.html,cp932,negative,low_rating_negative_body,high,body_sentiment_inference_needed
OTA full review,Jalan,jalan_67e02966295a8a06,ひよこさん,2023/11/6,5,親孝行旅行,とても料理が素晴らしいかったです。 夜のご飯は 関アジ、伊勢エビ、牛肉、湯布院米 朝のご飯は、あじの開き、美味しいものばかり。 両親に親孝行出来ました。,"時期:2023年11月宿泊; プラン:【期間限定・特別価格】通常より8888円OFF！関あじ・伊勢海老・豊後牛がメインの会席プラン／朝夕お部屋食; 価格帯:30,001円以上(大人１名あたり/税込); 部屋:4; 風呂:5; 料理(朝食):5; 料理(夕食):5; 接客・サービス:5 | プラン 【期間限定・特別価格】通常より8888円OFF！関あじ・伊勢海老・豊後牛がメインの会席プラン／朝夕お部屋食 和室 朝・夕 朝/部屋出し 夕/部屋出し",https://www.jalan.net/yad322964/kuchikomi/archive/,1,food,raw/jalan/archive_page_8.html,cp932,positive,body_positive,high,body_sentiment_inference_needed
OTA full review,Jalan,jalan_5c4566eda232b7e6,ひよこさん,2023/11/6,5,お料理が素晴らしい,お料理が本当に素晴らしいかったです。 急なお部屋変更も快く受けてくださり、接客も優しさあふれて感動でした。 母の誕生日も一緒にお祝いしていただき、感謝でいっぱいです。 １つ残念なのはお部屋の壁が薄いのか、隣りのお部屋の子供さんの足音が響いてた事でした。,"時期:2023年11月宿泊; プラン:【期間限定・特別価格】通常より8888円OFF！関あじ・伊勢海老・豊後牛がメインの会席プラン／朝夕お部屋食; 価格帯:30,001円以上(大人１名あたり/税込); 部屋:4; 風呂:5; 料理(朝食):5; 料理(夕食):5; 接客・サービス:5 | プラン 【期間限定・特別価格】通常より8888円OFF！関あじ・伊勢海老・豊後牛がメインの会席プラン／朝夕お部屋食 和洋室 朝・夕 朝/部屋出し 夕/部屋出し",https://www.jalan.net/yad322964/kuchikomi/archive/,1,food,raw/jalan/archive_page_8.html,cp932,mixed,body_positive_and_negative,high,body_sentiment_inference_needed
OTA full review,Jalan,jalan_58bc797bb5dbaae9,ニモさん,2023/11/6,5,玉手箱でわくわく,玉手箱プランは当日のお楽しみということで、わくわくした気持ちで夕食を待つことに！ ラッキーなことに関サバが出てきました！！関サバの他にもたっぷりのウニ、カニが出てお酒がすすみました。意外でしたがタコがすごく美味しかったです！ 従業員さんも感じ良く好印象でした。,"時期:2023年9月宿泊; プラン:【夕食グレードアップ】視覚と味覚で料理を愉しむ～玉手箱会席プラン～（夕食お部屋食）; 価格帯:22,001～23,000円(大人１名あたり/税込); 部屋:5; 風呂:5; 料理(朝食):5; 料理(夕食):5; 接客・サービス:5 | プラン 【夕食グレードアップ】視覚と味覚で料理を愉しむ～玉手箱会席プラン～（夕食お部屋食） 和室 朝・夕 朝/個室利用 夕/部屋出し",https://www.jalan.net/yad322964/kuchikomi/archive/,1,food,raw/jalan/archive_page_8.html,cp932,positive,body_positive,high,body_sentiment_inference_needed
OTA full review,Jalan,jalan_dd158e0d3ddd2bf9,miicoさん,2023/11/1,5,料理もお風呂も最高！,地獄めぐりを全て周り宿に着いた頃には体がヘトヘト。 足も痛いしまずは夕食の前に疲弊した体をリセットしようと貸切風呂へ。 中に入ると足も伸ばせるゆったりとしたお風呂。 そして外には丸い露天風呂 疲れた体を癒すことが出来ました。 それと浴衣ではなくバジャマなのも良かった。 夕食も朝食も口コミ通りに美味しく特に1人用の釜で炊くご飯(夕食)は甘みがあって格別でした。 接客も素晴らしかったです。 チェックアウトの際には宿の方で茹でたという卵のお土産までいただきそれがまた美味しく又いつか訪ねたい宿の1つになりました。お世話になりました。,"時期:2023年10月宿泊; プラン:【期間限定・特別価格】通常より3888円OFF！関あじ・伊勢海老・豊後牛がメインの会席プラン／夕食お部屋食; 価格帯:23,001～24,000円(大人１名あたり/税込); 部屋:5; 風呂:5; 料理(朝食):5; 料理(夕食):5; 接客・サービス:5 | プラン 【期間限定・特別価格】通常より3888円OFF！関あじ・伊勢海老・豊後牛がメインの会席プラン／夕食お部屋食 和室 朝・夕 朝/個室利用 夕/部屋出し",https://www.jalan.net/yad322964/kuchikomi/archive/,1,private_bath;food;access,raw/jalan/archive_page_8.html,cp932,mixed,body_positive_and_negative,high,body_sentiment_inference_needed
OTA full review,Jalan,jalan_2e77887b1f743737,花水木さん,2023/10/30,5,素敵なお宿,3日前に急遽探したお宿でしたが大当たり！ 予定より到着が遅れることを連絡して、夕食時間にギリギリ間に合いましたが、お気遣いくださり夕食時間を少しずらしてくださいました。 長距離運転で疲れていたので、夕食前に温泉に浸かることができて嬉しかったです。 ご配慮ありがとうございました。 夕飯は彩りよく見た目も楽しめ、関あじと伊勢エビの刺身は新鮮で脂のノリがちょうど良い～。 大分和牛のせいろ、ステーキと全て美味しかったです！ 配膳の方のお気遣いや、楽しいお話し、おすすめスポットをご紹介くださったりと、おかげで美味しく楽しく食事ができました。 朝食にだんご汁があり嬉しかったです。 貸切り風呂は空き状況を内線で確認できて便利です。 湯温はちょうど良く、1人で入浴できてリラックスできました。 他の宿泊者と一緒にならないので、やはり貸切り風呂は良いですね～！ 近くにコンビニがあり、街散策や地獄巡りにも便利な立地。 帰りにいただいた温泉玉子美味しかったです。 美味しい料理、貸切り温泉、丁寧な接客、綺麗で清潔な部屋、便利な立地、全て良かったです。 家族も大変喜んでいました。 また別府に来る際は是非伺いたいです。 素敵な旅行の思い出をありがとうございました！,"時期:2023年10月宿泊; プラン:【じゃらん限定／直前割】本館限定！関あじ・伊勢海老・豊後牛がメインの会席プラン（夕食お部屋食）; 価格帯:19,001～20,000円(大人１名あたり/税込); 部屋:4; 風呂:4; 料理(朝食):5; 料理(夕食):5; 接客・サービス:5 | プラン 【じゃらん限定／直前割】本館限定！関あじ・伊勢海老・豊後牛がメインの会席プラン（夕食お部屋食） 和室 朝・夕 朝/個室利用 夕/部屋出し",https://www.jalan.net/yad322964/kuchikomi/archive/,1,private_bath;food;access,raw/jalan/archive_page_8.html,cp932,positive,body_positive,high,body_sentiment_inference_needed
OTA full review,Jalan,jalan_1b2af1ba1fb37b58,カオリさん,2023/10/30,4,臨機応変な対応で良かった,朝一に露天風呂付きの家族風呂に入りたく、入浴時間前の6時20分にフロントに行ったら、お風呂の温度が規定温度に達しているとのことですぐに入らせてもらいました。また朝ごはんもお腹が空いて仲居さんに早めにお願いしたらすぐに準備してくれました。嫌な顔ひとつもせずに対応してくれたのでとても感じがよくまた利用したいです。,"時期:2023年10月宿泊; プラン:【期間限定・特別価格】通常より8888円OFF！関あじ・伊勢海老・豊後牛がメインの会席プラン／朝夕お部屋食; 価格帯:30,001円以上(大人１名あたり/税込); 部屋:4; 風呂:4; 料理(朝食):4; 料理(夕食):4; 接客・サービス:5 | プラン 【期間限定・特別価格】通常より8888円OFF！関あじ・伊勢海老・豊後牛がメインの会席プラン／朝夕お部屋食 和洋室 朝・夕 朝/部屋出し 夕/部屋出し",https://www.jalan.net/yad322964/kuchikomi/archive/,1,room_open_air_bath;family_bath;food,raw/jalan/archive_page_8.html,cp932,positive,body_positive,high,body_sentiment_inference_needed
OTA full review,Jalan,jalan_03b6fd2e36959f8f,Hosokaさん,2023/10/29,4,好立地でリーズナブル,70歳近い母とふたりで利用しました。鉄輪バス停に近く、コンビニも近く、とても良い立地でした。チェックイン前後で荷物も預かってくださり、大変助かりました。 食事も美味しく、関アジ、伊勢海老、豊後牛を味わえる夕食は満足です。 お部屋も清潔感あり、テレビが壁掛けなのも部屋がスッキリしてよかったです。 部屋についている露天風呂は開放感があり、お湯の温度調整が難しかったですが、リフレッシュできました。脱衣所がなく、衝立で仕切るタイプになっており、狭い部屋を最大限効率的に使っていると感じました。 椅子のお部屋と座椅子のお部屋があるようで、希望がある場合は事前にお宿に相談するのが良いと思います。 母娘で楽しいひと時を過ごせました。ありがとうございました。,"時期:2023年10月宿泊; プラン:【期間限定・特別価格】通常より3888円OFF！関あじ・伊勢海老・豊後牛がメインの会席プラン／夕食お部屋食; 価格帯:26,001～27,000円(大人１名あたり/税込); 部屋:4; 風呂:4; 料理(朝食):4; 料理(夕食):4; 接客・サービス:4 | プラン 【期間限定・特別価格】通常より3888円OFF！関あじ・伊勢海老・豊後牛がメインの会席プラン／夕食お部屋食 和室 朝・夕 朝/個室利用 夕/部屋出し",https://www.jalan.net/yad322964/kuchikomi/archive/,1,small_bath_or_room;food;access,raw/jalan/archive_page_8.html,cp932,mixed,body_positive_and_negative,high,body_sentiment_inference_needed
OTA full review,Jalan,jalan_32f85150e2360374,ハナちゃんさん,2023/10/27,5,食事が美味しい,宿に着いて駐車場が分かりづらいので一度宿まで聞きに行かないといけないと思います。 部屋は離れの二階建てで綺麗でした 露天風呂が目の前の建物や公園、隣の部屋から見えそうな気がして落ち着きませんでしたが内湯でも充分満足出来ました。 食事は夕食は、前菜から見た目も綺麗で美味しいです。 関アジもお昼も佐賀関まで行って食べたのですが同じ位美味しかったです。お肉も綺麗でとても美味しいです。 夕食のお世話をして頂いた仲居さんお二人共にマニュアル的な接客では無く楽しくお話しして頂いて楽しくお食事できました。ありがとうございます。 朝食も美味しく頂きました。 ただご飯が1膳、お茶も一杯しかなく、お願いしたらもらえたのかもですけど主人に私のご飯を分けて、部屋にあったペットボトルの水飲みました。急須を置いて居て欲しかったのと、ご飯少しほしかったです。 とっても良い宿でしたので、また利用させて頂きます。,"時期:2023年10月宿泊; プラン:【期間限定・特別価格】通常より8888円OFF！関あじ・伊勢海老・豊後牛がメインの会席プラン／朝夕お部屋食; 価格帯:29,001～30,000円(大人１名あたり/税込); 部屋:5; 風呂:5; 料理(朝食):5; 料理(夕食):5; 接客・サービス:5 | プラン 【期間限定・特別価格】通常より8888円OFF！関あじ・伊勢海老・豊後牛がメインの会席プラン／朝夕お部屋食 和洋室 朝・夕 朝/部屋出し 夕/部屋出し",https://www.jalan.net/yad322964/kuchikomi/archive/,1,room_bath;food;access,raw/jalan/archive_page_8.html,cp932,positive,body_positive,high,body_sentiment_inference_needed
OTA full review,Jalan,jalan_346f99e4b59aaa01,かつおみさん,2023/10/26,5,特に料理は絶品でした。,今回は銀婚の節目でちょっと贅沢したくて利用させて頂きました。妻も喜んでくれて、八葉さんを予約してほんと良かったと思いました。離れがおすすめです!,"時期:2023年10月宿泊; プラン:【期間限定・特別価格】通常より8888円OFF！関あじ・伊勢海老・豊後牛がメインの会席プラン／朝夕お部屋食; 価格帯:29,001～30,000円(大人１名あたり/税込); 部屋:5; 風呂:5; 料理(朝食):5; 料理(夕食):5; 接客・サービス:5 | プラン 【期間限定・特別価格】通常より8888円OFF！関あじ・伊勢海老・豊後牛がメインの会席プラン／朝夕お部屋食 和洋室 朝・夕 朝/部屋出し 夕/部屋出し",https://www.jalan.net/yad322964/kuchikomi/archive/,1,food,raw/jalan/archive_page_8.html,cp932,positive,body_positive,high,body_sentiment_inference_needed
OTA full review,Jalan,jalan_e7211d0531aeafa8,みかんさん,2023/10/25,5,料理が期待通り美味しかった！,4年ぶりに友達2人と旅行を計画して料理の写真にひかれて鉄輪温泉八葉さんを選びました。駐車場に迷いましたが丁寧に教えて頂きすぐ近くの駐車場に停める事もできました。2人にちょうどいい大きさの部屋と露天風呂も広く、夜の食事も期待通りに大満足。関アジの美味しさにビックリしたのと、伊勢海老の刺身を食べたあとにその味噌汁まで最高に美味しくて、お釜でたいたご飯もお腹いっぱいなのに食べれるねーと、友達と幸せだねと言いあいながら食べました。部屋食は落ち着いて食べれるし、友達との会話もはずむし、今まで泊まった旅館の料理で1番美味しかったです。次は家族と行きたいと思いました。帰りに温泉卵もお土産でもらえて嬉しかったです。ありがとうございました。,"時期:2023年10月宿泊; プラン:【期間限定・特別価格】通常より3888円OFF！関あじ・伊勢海老・豊後牛がメインの会席プラン／夕食お部屋食; 価格帯:25,001～26,000円(大人１名あたり/税込); 部屋:5; 風呂:5; 料理(朝食):5; 料理(夕食):5; 接客・サービス:5 | プラン 【期間限定・特別価格】通常より3888円OFF！関あじ・伊勢海老・豊後牛がメインの会席プラン／夕食お部屋食 和室 朝・夕 朝/個室利用 夕/部屋出し",https://www.jalan.net/yad322964/kuchikomi/archive/,1,food;access,raw/jalan/archive_page_8.html,cp932,positive,body_positive,high,body_sentiment_inference_needed
OTA full review,Jalan,jalan_510f72ea1686f808,よっしさん,2023/10/25,5,温泉最高。,離れをご利用しましたが隅々まで綺麗にされておりとても居心地がよく過ごすことができました。露天風呂も内風呂も気持ちよくご利用させていただきました。また別府に旅行に行く際はご利用したいです！,"時期:2023年10月宿泊; プラン:【期間限定・特別価格】通常より8888円OFF！関あじ・伊勢海老・豊後牛がメインの会席プラン／朝夕お部屋食; 価格帯:30,001円以上(大人１名あたり/税込); 部屋:5; 風呂:5; 料理(朝食):5; 料理(夕食):4; 接客・サービス:5 | プラン 【期間限定・特別価格】通常より8888円OFF！関あじ・伊勢海老・豊後牛がメインの会席プラン／朝夕お部屋食 和洋室 朝・夕 朝/部屋出し 夕/部屋出し",https://www.jalan.net/yad322964/kuchikomi/archive/,1,food,raw/jalan/archive_page_8.html,cp932,positive,body_positive,high,body_sentiment_inference_needed
OTA full review,Jalan,jalan_46bff95650ac6d83,ゆうさん,2023/10/24,5,とにかく温泉が最高でした,2歳の娘を連れての初めての温泉旅行だったので、部屋風呂付き、部屋食にして大正解でした！！時間も気にする事もなくゆっくり温泉につかる事ができてとても良かったです。ご飯もおいしかったです。子供用のご飯もボリュームがあって良かったです。全てにおいて大満足でした。,"時期:2023年10月宿泊; プラン:【期間限定・特別価格】通常より3888円OFF！関あじ・伊勢海老・豊後牛がメインの会席プラン／夕食お部屋食; 価格帯:29,001～30,000円(大人１名あたり/税込); 部屋:5; 風呂:5; 料理(朝食):4; 料理(夕食):5; 接客・サービス:4 | プラン 【期間限定・特別価格】通常より3888円OFF！関あじ・伊勢海老・豊後牛がメインの会席プラン／夕食お部屋食 和室 朝・夕 朝/個室利用 夕/部屋出し",https://www.jalan.net/yad322964/kuchikomi/archive/,1,room_bath;food,raw/jalan/archive_page_8.html,cp932,positive,body_positive,high,body_sentiment_inference_needed
OTA full review,Jalan,jalan_53ad01df349b4ed5,あきよママさん,2023/10/24,4,お世話になりました,母の傘寿のお祝いで利用させていただきました。夕食、朝食共にとても美味しくて家族みんな大満足でした。お風呂も身体の芯まで温まり、いいお湯でした。もう少し脱衣所が広かったら良かったかなと思いました。また機会があれば利用させていただきたいと思います。,"時期:2023年10月宿泊; プラン:【期間限定・特別価格】通常より3888円OFF！関あじ・伊勢海老・豊後牛がメインの会席プラン／夕食お部屋食; 価格帯:26,001～27,000円(大人１名あたり/税込); 部屋:4; 風呂:4; 料理(朝食):5; 料理(夕食):5; 接客・サービス:4 | プラン 【期間限定・特別価格】通常より3888円OFF！関あじ・伊勢海老・豊後牛がメインの会席プラン／夕食お部屋食 和室 朝・夕 朝/個室利用 夕/部屋出し",https://www.jalan.net/yad322964/kuchikomi/archive/,1,food,raw/jalan/archive_page_8.html,cp932,positive,body_positive,high,body_sentiment_inference_needed
OTA full review,Jalan,jalan_51789c48fc78cb90,たーちゃんさん,2023/10/17,5,お土産まで美味しかったです,笑顔で丁寧に接客いただき、家族風呂を含め、温かみのある施設内は清潔で、夫とともに心地よく過ごせました。 食事は朝晩ともにボリューミーでしたが、どれも美味しくて完食でした。お土産にいただいた温泉卵も美味しかったです。 心もお腹も大満足の温泉旅行ができました。 また機会があればぜひ利用したいお宿です。,"時期:2023年10月宿泊; プラン:【じゃらん限定／直前割】本館限定！関あじ・伊勢海老・豊後牛がメインの会席プラン（夕食お部屋食）; 価格帯:19,001～20,000円(大人１名あたり/税込); 部屋:5; 風呂:5; 料理(朝食):5; 料理(夕食):5; 接客・サービス:5 | プラン 【じゃらん限定／直前割】本館限定！関あじ・伊勢海老・豊後牛がメインの会席プラン（夕食お部屋食） 和室 朝・夕 朝/個室利用 夕/部屋出し",https://www.jalan.net/yad322964/kuchikomi/archive/,1,family_bath;food,raw/jalan/archive_page_8.html,cp932,positive,body_positive,high,body_sentiment_inference_needed
OTA full review,Jalan,jalan_40a991cb6513ea49,たかぼーさん,2023/10/17,5,とにかく食事が美味しい！,今回母との旅行に利用させて頂きました。とにかく料理が美味しいくてびっくりしました。新鮮なお刺身、ジューシーな豊後牛…お造りが運ばれてきた時には思わず声をあげてしまいました。お部屋も想像よりはちょっと狭かったのですが笑内風呂外風呂気ままに自由に行き来できるレイアウトがとても良かったです。また別府に行く時には利用させて頂きます。素敵な思い出になりました。ありがとうございました。,"時期:2023年10月宿泊; プラン:【期間限定・特別価格】通常より8888円OFF！関あじ・伊勢海老・豊後牛がメインの会席プラン／朝夕お部屋食; 価格帯:29,001～30,000円(大人１名あたり/税込); 部屋:4; 風呂:4; 料理(朝食):5; 料理(夕食):5; 接客・サービス:4 | プラン 【期間限定・特別価格】通常より8888円OFF！関あじ・伊勢海老・豊後牛がメインの会席プラン／朝夕お部屋食 和洋室 朝・夕 朝/部屋出し 夕/部屋出し",https://www.jalan.net/yad322964/kuchikomi/archive/,1,small_bath_or_room;food,raw/jalan/archive_page_8.html,cp932,mixed,body_positive_and_negative,high,body_sentiment_inference_needed
OTA full review,Jalan,jalan_0916b32160691d49,あきひろさん,2023/10/16,5,夕食、貸切温泉が最高です,スタッフの方々の対応が丁寧でした。 料理に関しては、夕食の大分和牛のせいろがとても美味しく、また、朝食では自家製干物を楽しむことができました。 貸切の温泉も気持ちよく、3ヶ所全てを堪能することがができ、日々の生活を忘れることができました。 ふとんもふかふかでぐっすり休むことができました。 また行きたいと思える宿でよかったです。 ありがとうございました。,"時期:2023年10月宿泊; プラン:【期間限定・特別価格】通常より3888円OFF！関あじ・伊勢海老・豊後牛がメインの会席プラン／夕食お部屋食; 価格帯:26,001～27,000円(大人１名あたり/税込); 部屋:4; 風呂:4; 料理(朝食):4; 料理(夕食):5; 接客・サービス:5 | プラン 【期間限定・特別価格】通常より3888円OFF！関あじ・伊勢海老・豊後牛がメインの会席プラン／夕食お部屋食 和室 朝・夕 朝/個室利用 夕/部屋出し",https://www.jalan.net/yad322964/kuchikomi/archive/,1,private_bath;food,raw/jalan/archive_page_8.html,cp932,positive,body_positive,high,body_sentiment_inference_needed
OTA full review,Jalan,jalan_0b529b7455c9af28,りぃさん,2023/10/16,4,料理が美味しかった!,料理は大変美味しかったです。特に、伊勢海老の刺し身と、牛肉のセイロ！予約の時に苦手な食べ物伝えていたので違う物に替えて頂きました。残さず食べれてよかったです！食べ過ぎて、昼食は食べれてませんでした。 母も大変満足していました。次回は部屋にお風呂がある部屋で泊まろうと思います。,"時期:2023年10月宿泊; プラン:【期間限定・特別価格】通常より3888円OFF！関あじ・伊勢海老・豊後牛がメインの会席プラン／夕食お部屋食; 価格帯:24,001～25,000円(大人１名あたり/税込); 部屋:4; 風呂:4; 料理(朝食):5; 料理(夕食):5; 接客・サービス:5 | プラン 【期間限定・特別価格】通常より3888円OFF！関あじ・伊勢海老・豊後牛がメインの会席プラン／夕食お部屋食 和室 朝・夕 朝/個室利用 夕/部屋出し",https://www.jalan.net/yad322964/kuchikomi/archive/,1,food,raw/jalan/archive_page_8.html,cp932,positive,body_positive,high,body_sentiment_inference_needed
OTA full review,Jalan,jalan_76675282961f593c,KS君さん,2023/10/16,5,のんびり過ごせたお宿です,久しぶりに別府を堪能しました。 地獄めぐりにも近く、お散歩も楽しめました 夕食、朝食も美味しく頂きました。 お刺身、豊後牛も最高でした。,"時期:2023年10月宿泊; プラン:【期間限定・特別価格】通常より3888円OFF！関あじ・伊勢海老・豊後牛がメインの会席プラン／夕食お部屋食; 価格帯:26,001～27,000円(大人１名あたり/税込); 部屋:5; 風呂:4; 料理(朝食):5; 料理(夕食):5; 接客・サービス:5 | プラン 【期間限定・特別価格】通常より3888円OFF！関あじ・伊勢海老・豊後牛がメインの会席プラン／夕食お部屋食 和室 朝・夕 朝/個室利用 夕/部屋出し",https://www.jalan.net/yad322964/kuchikomi/archive/,1,food;access,raw/jalan/archive_page_8.html,cp932,positive,body_positive,high,body_sentiment_inference_needed
OTA full review,Jalan,jalan_a55b2bc1c433f125,あこさん,2023/10/15,5,結婚記念日,43回の結婚記念日で宿泊しました。離れの部屋での一泊部屋に内風呂露天風呂があり4回ほどはいりました。朝お湯がぬるくなっていたので詮を抜き新しくお湯をいれてはいりました。最高でした。料理は朝夕と美味しくいただきました。その時お世話してくださったかたと楽しいお話もでき心地よかったです。かえりには 、お祝いでお酒いただきました。心づけありがとうございました。ゆっくりできました。,"時期:2023年10月宿泊; プラン:【期間限定・特別価格】通常より8888円OFF！関あじ・伊勢海老・豊後牛がメインの会席プラン／朝夕お部屋食; 価格帯:29,001～30,000円(大人１名あたり/税込); 部屋:5; 風呂:5; 料理(朝食):5; 料理(夕食):5; 接客・サービス:5 | プラン 【期間限定・特別価格】通常より8888円OFF！関あじ・伊勢海老・豊後牛がメインの会席プラン／朝夕お部屋食 和室 朝・夕 朝/部屋出し 夕/部屋出し",https://www.jalan.net/yad322964/kuchikomi/archive/,1,food,raw/jalan/archive_page_8.html,cp932,positive,body_positive,high,body_sentiment_inference_needed
OTA full review,Jalan,jalan_4587518a718c179a,くみちゃんさん,2023/10/13,5,また行きたい,女子旅で宿泊しました。景色、客室、料理共に大満足でした。友達の誕生日のお祝い旅行を、なにげに話していただけなのに…仲居さんが近くの美味しいケーキを買って来てお部屋に届けて下さいました。温かくて親切で色んな所に配慮が行き届いていました。また行きたいと思います。,"時期:2023年9月宿泊; プラン:【期間限定・特別価格】通常より3888円OFF！関あじ・伊勢海老・豊後牛がメインの会席プラン／夕食お部屋食; 価格帯:25,001～26,000円(大人１名あたり/税込); 部屋:5; 風呂:5; 料理(朝食):5; 料理(夕食):5; 接客・サービス:5 | プラン 【期間限定・特別価格】通常より3888円OFF！関あじ・伊勢海老・豊後牛がメインの会席プラン／夕食お部屋食 和室 朝・夕 朝/個室利用 夕/部屋出し",https://www.jalan.net/yad322964/kuchikomi/archive/,1,food,raw/jalan/archive_page_9.html,cp932,positive,body_positive,high,body_sentiment_inference_needed
OTA full review,Jalan,jalan_8fc0e81773ff9822,みくさん,2023/10/11,5,ご飯が非常に美味しい！ボリュームあり！,部屋からの景観は、湯煙と別府湾を覗くことができました。 夕食・朝食どちらも新鮮且つ、ボリューム満点で非常に美味しかったです。 夫婦共々落ち着いた時間を過ごすことができ、また利用したいと思います。,"時期:2023年10月宿泊; プラン:【開業１周年記念】通常より8888円OFF！関あじ・伊勢海老・豊後牛がメインの会席プラン（朝夕お部屋食）; 価格帯:29,001～30,000円(大人１名あたり/税込); 部屋:5; 風呂:5; 料理(朝食):5; 料理(夕食):5; 接客・サービス:5 | プラン 【開業１周年記念】通常より8888円OFF！関あじ・伊勢海老・豊後牛がメインの会席プラン（朝夕お部屋食） 和室 朝・夕 朝/部屋出し 夕/部屋出し",https://www.jalan.net/yad322964/kuchikomi/archive/,1,food,raw/jalan/archive_page_9.html,cp932,neutral,neutral_or_lodging_context,medium,body_sentiment_inference_needed
OTA full review,Jalan,jalan_e4623ae5306595ec,あみちゃんさん,2023/10/7,3,御夕飯の前菜が良かったが部屋が狭い,接客は素晴らしかった。 とてもよく歓迎して頂き仲居さんのお話も心和ませて頂きました。 お部屋がお値段の割には狭く窮屈でした。 2階のお部屋は食事専用のようでそれ以外利用しませんでさした。 内湯から露天風呂に行くのが危なく感じました。 朝食に卵焼きが写ってあり楽しみでしたが無かったのが残念です。 朝食は夕食よりお宿の醍醐味です。,"時期:2023年9月宿泊; プラン:【記念日プラン】大切な人と過ごすひとときに…ケーキ＆ノンアルスパークリングワイン付き(朝夕お部屋食）; 価格帯:30,001円以上(大人１名あたり/税込); 部屋:1; 風呂:2; 料理(朝食):3; 料理(夕食):3; 接客・サービス:5 | プラン 【記念日プラン】大切な人と過ごすひとときに…ケーキ＆ノンアルスパークリングワイン付き(朝夕お部屋食） 和洋室 朝・夕 朝/部屋出し 夕/部屋出し",https://www.jalan.net/yad322964/kuchikomi/archive/,1,room_bath;small_bath_or_room;food,raw/jalan/archive_page_9.html,cp932,mixed,body_positive_and_negative,high,body_sentiment_inference_needed
OTA full review,Jalan,jalan_ba0b83ccc8752322,あけちゃんさん,2023/10/5,4,夕食に感激,友達と親子ペアで旅行にきました！ 宿泊も定数があるそうなので、他の人とは接せずゆっくりと自分たちの時間を楽しめました。 夕食も部屋食だっし、懐石だけどすごく豪華でなんと言っても豊後牛のセイロは、また食べたくなる美味しさでみんなニコニコで食べました。 スタッフの方々も親切でしたねー 特に料理を持ってきてくれる方々はとても親切でした。 お風呂も貸し切りなので親子でゆっくりできて大変満足でした。 今度は、離れのお部屋はお風呂付きなのでそちらでゆっくりと過ごしたいです。,"時期:2023年10月宿泊; プラン:【期間限定・特別価格】通常より3888円OFF！関あじ・伊勢海老・豊後牛がメインの会席プラン／夕食お部屋食; 価格帯:21,001～22,000円(大人１名あたり/税込); 部屋:3; 風呂:3; 料理(朝食):5; 料理(夕食):5; 接客・サービス:4 | プラン 【期間限定・特別価格】通常より3888円OFF！関あじ・伊勢海老・豊後牛がメインの会席プラン／夕食お部屋食 和室 朝・夕 朝/個室利用 夕/部屋出し",https://www.jalan.net/yad322964/kuchikomi/archive/,1,private_bath;food,raw/jalan/archive_page_9.html,cp932,positive,body_positive,high,body_sentiment_inference_needed
OTA full review,Jalan,jalan_bb46cf875f883bd5,patagon2210さん,2023/10/5,5,新しくて清潔で料理が美味しい。,接客やおもてなしが気持ちいい。 設備が新しくて掃除も行き届いています。 料理も美味しく部屋食でゆっくりできました。 是非別府に行く機会があればリピートしたいです。,"時期:2023年9月宿泊; プラン:【開業１周年記念】通常より3888円OFF！関あじ・伊勢海老・豊後牛がメインの会席プラン（夕食お部屋食）; 価格帯:29,001～30,000円(大人１名あたり/税込); 部屋:3; 風呂:3; 料理(朝食):5; 料理(夕食):5; 接客・サービス:5 | プラン 【開業１周年記念】通常より3888円OFF！関あじ・伊勢海老・豊後牛がメインの会席プラン（夕食お部屋食） 和室 朝・夕 朝/個室利用 夕/部屋出し",https://www.jalan.net/yad322964/kuchikomi/archive/,1,food,raw/jalan/archive_page_9.html,cp932,mixed,body_positive_and_negative,high,body_sentiment_inference_needed
OTA full review,Jalan,jalan_6b575157ba58083c,ふくちゃんさん,2023/10/4,5,おなかいっぱいです！,温泉とお魚さんに巡りあえるプランに引かれお邪魔しました。 海無し県民には眩しいほどの関アジさんと、立派な伊勢海老さんをいただきました。ボリュームが多くてご飯を残してしまいましたがご好意でおにぎりにしてもらい、夜食にしました。 温泉は、貸し切り風呂でほっこりしました。(あのシャワー、好きです) スタッフの皆さんも良い感じの方です。 しいて言うなら、駐車場への入り口が狭いので気を遣うのが難点。 地理的な問題なのでしかたないですが…。 良い１日でした。 今度は、露天風呂付きの部屋に泊まりたいです!,"時期:2023年9月宿泊; プラン:【じゃらん限定／直前割】本館限定！関あじ・伊勢海老・豊後牛がメインの会席プラン（夕食お部屋食）; 価格帯:19,001～20,000円(大人１名あたり/税込); 部屋:4; 風呂:5; 料理(朝食):5; 料理(夕食):5; 接客・サービス:5 | プラン 【じゃらん限定／直前割】本館限定！関あじ・伊勢海老・豊後牛がメインの会席プラン（夕食お部屋食） 和室 朝・夕 朝/個室利用 夕/部屋出し",https://www.jalan.net/yad322964/kuchikomi/archive/,1,room_open_air_bath;private_bath;small_bath_or_room;food;access,raw/jalan/archive_page_9.html,cp932,mixed,body_negative_with_context,high,body_sentiment_inference_needed
OTA full review,Jalan,jalan_fe440e7194b118d0,いっちゃんさん,2023/10/4,5,大満足できる宿です,宿選びは絶対に外したくなくて色々な宿の口コミや写真､場所を検索した中で八葉さんを選びました。宿に入るとても良い木の香りがして､笑顔の素敵なご主人がお出迎えしてくれました。部屋の作りもとてもおしゃれで絶景でした。観光スポットからも近く､徒歩圏内で立ち寄り湯や足湯を楽しめる立地。食事も申し分なし。とても美味しかったです。中でも豊後牛の蒸しゃぶが絶品！！お替わりまでしちゃいました。ご主人を始め従業員の方々が親切で丁寧な対応で大満足のお宿でした。帰りに美味しい◯◯◯のお土産も頂きました。ありがとうございました。,"時期:2023年10月宿泊; プラン:【期間限定・特別価格】通常より8888円OFF！関あじ・伊勢海老・豊後牛がメインの会席プラン／朝夕お部屋食; 価格帯:29,001～30,000円(大人１名あたり/税込); 部屋:5; 風呂:5; 料理(朝食):4; 料理(夕食):5; 接客・サービス:5 | プラン 【期間限定・特別価格】通常より8888円OFF！関あじ・伊勢海老・豊後牛がメインの会席プラン／朝夕お部屋食 和洋室 朝・夕 朝/部屋出し 夕/部屋出し",https://www.jalan.net/yad322964/kuchikomi/archive/,1,food;access,raw/jalan/archive_page_9.html,cp932,positive,body_positive,high,body_sentiment_inference_needed
OTA full review,Jalan,jalan_945b4b4d03e43d1f,ひなさん,2023/10/1,5,みなさん親切で幸せな時間を過ごせました,大分旅行が初めてで、たくさん調べてご飯が美味しいとの口コミが多かったので利用させていただきました。お風呂も綺麗で3種類全部入りましたが、どれも素敵でした。夜ご飯も朝ご飯も食べ切れないくらい豪華で全部美味しかったです。おかみさんをはじめ、従業員の方皆さん素敵な対応をして頂き、良い時間を過ごすことができました。,"時期:2023年9月宿泊; プラン:【じゃらん限定／直前割】本館限定！関あじ・伊勢海老・豊後牛がメインの会席プラン（夕食お部屋食）; 価格帯:19,001～20,000円(大人１名あたり/税込); 部屋:4; 風呂:5; 料理(朝食):4; 料理(夕食):5; 接客・サービス:5 | プラン 【じゃらん限定／直前割】本館限定！関あじ・伊勢海老・豊後牛がメインの会席プラン（夕食お部屋食） 和室 朝・夕 朝/個室利用 夕/部屋出し",https://www.jalan.net/yad322964/kuchikomi/archive/,1,food,raw/jalan/archive_page_9.html,cp932,neutral,neutral_or_lodging_context,medium,body_sentiment_inference_needed
OTA full review,Jalan,jalan_1bb60e180b4353a2,いよさん,2023/9/30,5,綺麗で丁寧でご飯も美味しくて大満足です！,別府温泉旅行で利用しました。露天風呂付客室を探してこの宿に宿泊しましたが、まず女将さんはじめ、スタッフの方々がとても丁寧でとても気持ち良く過ごすことができました！ また、夕・朝食も豪華で綺麗で、丁寧で、美味しくて、目でも舌でも楽しめて最高の時間でした。 お部屋の建物が独立しているので他の宿泊客の方々を気にせずゆったり過ごせますし、ゆっくりお宿を楽しみたい方にはオススメかと思います。 もちろん、貸切風呂も、お部屋の露天風呂も、いいお湯でした！お部屋に露天風呂があると、時間を気にせず好きな時に入れるのがいいですね。 別府を訪れた際にはまた宿泊したいと思っています！ありがとうございました！,"時期:2023年8月宿泊; プラン:【期間限定・特別価格】通常より3888円OFF！関あじ・伊勢海老・豊後牛がメインの会席プラン／夕食お部屋食; 価格帯:29,001～30,000円(大人１名あたり/税込); 部屋:5; 風呂:5; 料理(朝食):5; 料理(夕食):5; 接客・サービス:5 | プラン 【期間限定・特別価格】通常より3888円OFF！関あじ・伊勢海老・豊後牛がメインの会席プラン／夕食お部屋食 和室 朝・夕 朝/個室利用 夕/部屋出し",https://www.jalan.net/yad322964/kuchikomi/archive/,1,room_open_air_bath;private_bath;food,raw/jalan/archive_page_9.html,cp932,positive,body_positive,high,body_sentiment_inference_needed
OTA full review,Jalan,jalan_56cf8fb100157543,みわさん,2023/9/26,4,料理が美味しい！,結婚記念日に久しぶりに夫婦旅行を計画しました。客室露天風呂があり食事が美味しそうな宿を探していたところ、八葉を見つけました。食事は大満足でした。離れも居室と食事処が2階に分かれており、仲居さんを気にすることなくプライバシーが守られていました。 気になるのは、宿の入り口がわかりにくいところです。何度か通り過ぎてやっと気づきました。駐車場も離れており、職員に尋ねてから車を移動させました。案内の看板などを出してもらえるとわかりやすくなると思います。 部屋は清潔感がありアメニティも充実していましたが、布団も座椅子も年齢的に立ち上がりがきつかったです。簡単な応接セットがあると椅子に座ってゆっくり過ごせたと思います。職員の対応は好感が持て安心できました。,"時期:2023年9月宿泊; プラン:【期間限定・特別価格】通常より8888円OFF！関あじ・伊勢海老・豊後牛がメインの会席プラン／朝夕お部屋食; 価格帯:30,001円以上(大人１名あたり/税込); 部屋:4; 風呂:4; 料理(朝食):5; 料理(夕食):5; 接客・サービス:4 | プラン 【期間限定・特別価格】通常より8888円OFF！関あじ・伊勢海老・豊後牛がメインの会席プラン／朝夕お部屋食 和洋室 朝・夕 朝/部屋出し 夕/部屋出し",https://www.jalan.net/yad322964/kuchikomi/archive/,1,room_open_air_bath;food;access,raw/jalan/archive_page_9.html,cp932,mixed,body_positive_and_negative,high,body_sentiment_inference_needed
OTA full review,Jalan,jalan_eea54ff325465d26,akoさん,2023/9/25,5,もう一度泊まりたいです♪,初めての別府旅行でしたので 部屋食と部屋に露天風呂・・・は欠かせなくて 色々探していたのですが こちらの離れにある『禄葉』というお部屋は 部屋からの景色も最高で・・・満喫しました。 いつもは宿に厳しい主人も今回は『全部すごいねー』と 満足いっぱい。 夕食がまたまた豪華で、関アジと大分牛も堪能できて 「美味しいねー」「しあわせじゃねー」の繰り返し。 朝食はフェリーの時間もあり遠慮させていただきましたが 次はきっと朝食もいただいて帰りたいです。 またいつか必ず泊まりたい宿になりました。 スタッフの皆様、お世話になりました。,"時期:2023年9月宿泊; プラン:【オンラインカード専用】8888円OFF！関あじ・伊勢海老・豊後牛がメインの会席プラン（朝夕お部屋食）; 価格帯:30,001円以上(大人１名あたり/税込); 部屋:5; 風呂:5; 料理(朝食):-; 料理(夕食):5; 接客・サービス:5 | プラン 【オンラインカード専用】8888円OFF！関あじ・伊勢海老・豊後牛がメインの会席プラン（朝夕お部屋食） 和室 朝・夕 朝/部屋出し 夕/部屋出し",https://www.jalan.net/yad322964/kuchikomi/archive/,1,room_open_air_bath;food,raw/jalan/archive_page_9.html,cp932,positive,body_positive,high,body_sentiment_inference_needed
OTA full review,Jalan,jalan_5f5db026659799ed,にっしーさん,2023/9/20,5,過去一,久しぶりに良い宿に出会いました！ お部屋の雰囲気も、部屋に露天、内風呂が着いてるのもよかったです。家族風呂もあるので気分転換によかったです。 夕食もお部屋で準備して下さるので、周りを気にせずゆっくり食べられました。メニューが豪華でした！何がどの順番で出てくるか分からなかったので、お品書きがあるともっと良かったきなと思います。 接客もとても丁寧でした。帰りに自家製の温泉卵を頂きましたが、とてもおいしかったです。 トータル、とても大満足な旅になりました。ありがとうございます。また行きたいと思います！,"時期:2023年9月宿泊; プラン:【オンラインカード専用】8888円OFF！関あじ・伊勢海老・豊後牛がメインの会席プラン（朝夕お部屋食）; 価格帯:29,001～30,000円(大人１名あたり/税込); 部屋:5; 風呂:5; 料理(朝食):5; 料理(夕食):4; 接客・サービス:5 | プラン 【オンラインカード専用】8888円OFF！関あじ・伊勢海老・豊後牛がメインの会席プラン（朝夕お部屋食） 和室 朝・夕 朝/部屋出し 夕/部屋出し",https://www.jalan.net/yad322964/kuchikomi/archive/,1,room_open_air_bath;family_bath;food,raw/jalan/archive_page_9.html,cp932,positive,body_positive,high,body_sentiment_inference_needed
OTA full review,Jalan,jalan_be2f01a33032fd50,まちさん,2023/9/17,4,料理が最高,乳幼児を連れての旅行でしたので部屋食で貸切風呂があるこちらを選びました。貸切風呂は時間の予約などができないとあったのでタイミングよく入れるか心配してましたが、宿に着いた時点で空いていたお風呂を少しの間キープしていただけたので夕食の前にスムーズにお風呂に入れてよかったです。貸切風呂にはお部屋にあるドライヤーや化粧水乳液などが同様に置いてあるものと思ってましたが、なかったため一度お風呂まで行ってまた部屋に取りに戻りました。事前に一言言っていただくか、お部屋にあるお風呂の説明などに書いてあればよかったのになと思います。脱衣所にあればなおよいのかと思います。他の方の口コミにもありますように、脱衣所は狭く(大人だと2人同時に着替えると窮屈)窓がないため扇風機がついててもサウナのようでした。お風呂の方まで窓を開けてみましたが暑くてお部屋に戻ってもなかなか汗が引かずにせっかくお風呂に入ったのに汗だくでごはんは残念だったのがお風呂のマイナスポイントです。露天風呂は隣の家の窓が見えてるので大丈夫かな？とちょっと心配でした。お風呂の温度はかなり高めで調整したかったのですが露天風呂は蛇口もかなり高温になってて調整できず入れなかったので朝にリベンジしました。内風呂は湯掻き棒でかなりかきまぜてからやっと入れました。高温のお風呂が苦手な方は遅い時間に入るのがいいのかもしれません。 浴衣は女性のみで男性は作務衣でした。 お料理は夕食も朝食も美味しくて大満足です。夕食で旬の伊勢エビを食べたくてこちらの宿に決めたところもあります。豊後牛は蒸し焼きとステーキとあって豪華でした。関あじのお刺身は食べきれないくらいでした。伊勢エビは途中でお味噌汁に変身して戻ってきてとっても美味しかったです。 仲居さんやスタッフの方みなさん感じがよく快適に過ごせました。駐車場まで事前に調べてなくて当日宿の前まで来て駐車場がなかったので慌てて調べましたが、「よくあるお問い合わせ」のところにあるのは見つけにくいので、宿までの交通アクセスのページに駐車場の場所について記載されるとよいと思いました。 エレベーターがないので、子連れでベビーカーなど荷物が多くて大変だったのですが、仲居さんが手伝ってくれましたが1階の部屋があれば次からは確認して1階の部屋にしたいなぁと思いました。,"時期:2023年9月宿泊; プラン:【じゃらん限定／直前割】本館限定！関あじ・伊勢海老・豊後牛がメインの会席プラン（夕食お部屋食）; 価格帯:18,001～19,000円(大人１名あたり/税込); 部屋:4; 風呂:2; 料理(朝食):5; 料理(夕食):5; 接客・サービス:5 | プラン 【じゃらん限定／直前割】本館限定！関あじ・伊勢海老・豊後牛がメインの会席プラン（夕食お部屋食） 和室 朝・夕 朝/個室利用 夕/部屋出し",https://www.jalan.net/yad322964/kuchikomi/archive/,1,private_bath;small_bath_or_room;food;access,raw/jalan/archive_page_9.html,cp932,mixed,body_positive_and_negative,high,body_sentiment_inference_needed
OTA full review,Jalan,jalan_e133213d296bd365,みさとさん,2023/9/14,5,料理激ウマです^_^,家族で利用させていただきました^_^ 部屋も新しく綺麗だし、掃除も行き届いてます チェックインしてから ほうじ茶とお茶請け… 美味かったです スタッフの方々も すごく感じがよく 素晴らしい対応でした^_^ 夕食も朝食も本当美味しく 目の前で炊く白米… ビックリする美味さ！ ご飯が別腹… 初めて体験しました 部屋風呂も気持ちがよく ６回入り大満足でした また是非行きたい宿です^_^ 次は、夫婦2人で伺います。 いい時間をありがとうございました^_^,"時期:2023年9月宿泊; プラン:【期間限定・特別価格】通常より3888円OFF！関あじ・伊勢海老・豊後牛がメインの会席プラン／夕食お部屋食; 価格帯:24,001～25,000円(大人１名あたり/税込); 部屋:5; 風呂:5; 料理(朝食):5; 料理(夕食):5; 接客・サービス:5 | プラン 【期間限定・特別価格】通常より3888円OFF！関あじ・伊勢海老・豊後牛がメインの会席プラン／夕食お部屋食 和室 朝・夕 朝/個室利用 夕/部屋出し",https://www.jalan.net/yad322964/kuchikomi/archive/,1,room_bath;food,raw/jalan/archive_page_9.html,cp932,mixed,body_positive_and_negative,high,body_sentiment_inference_needed
OTA full review,Jalan,jalan_1130fff8ae7f6022,みさとさん,2023/9/14,5,母の古希のお祝いで,母の古希のお祝いで、利用させていただきました。 宿も新しく、宿のオーナーの方も 従業員の方も丁寧で凄く感じがよかったです 夕食も朝食も 本当、凄く美味しいいただきました ボリュームもしっかりありました 子供用の料理も味見しましたが 凄く美味しかったです 小学生の男の子連れだったんで 次は、夫婦で１ランク上のお部屋に泊まる予定です,"時期:2023年9月宿泊; プラン:【期間限定・特別価格】通常より3888円OFF！関あじ・伊勢海老・豊後牛がメインの会席プラン／夕食お部屋食; 価格帯:24,001～25,000円(大人１名あたり/税込); 部屋:5; 風呂:5; 料理(朝食):5; 料理(夕食):5; 接客・サービス:5 | プラン 【期間限定・特別価格】通常より3888円OFF！関あじ・伊勢海老・豊後牛がメインの会席プラン／夕食お部屋食 和室 朝・夕 朝/個室利用 夕/部屋出し",https://www.jalan.net/yad322964/kuchikomi/archive/,1,food,raw/jalan/archive_page_9.html,cp932,positive,body_positive,high,body_sentiment_inference_needed
OTA full review,Jalan,jalan_69d72aa2e0401dfd,どんぐりさん,2023/9/12,5,親子旅行,とても良いところでした。部屋食でゆっくり食べることができま二人とも満足です。静かで良い場所です。また利用したい思います,"時期:2023年9月宿泊; プラン:【期間限定・特別価格】通常より8888円OFF！関あじ・伊勢海老・豊後牛がメインの会席プラン／朝夕お部屋食; 価格帯:29,001～30,000円(大人１名あたり/税込); 部屋:4; 風呂:4; 料理(朝食):3; 料理(夕食):4; 接客・サービス:4 | プラン 【期間限定・特別価格】通常より8888円OFF！関あじ・伊勢海老・豊後牛がメインの会席プラン／朝夕お部屋食 和室 朝・夕 朝/部屋出し 夕/部屋出し",https://www.jalan.net/yad322964/kuchikomi/archive/,1,food,raw/jalan/archive_page_9.html,cp932,positive,body_positive,high,body_sentiment_inference_needed
OTA full review,Jalan,jalan_c2ebdd0d17dcd7fa,たーやんさん,2023/9/11,5,神奈川から行ってよかったと思える最高の宿,夫婦旅行にて利用させていただきました。 地獄めぐりをしたのちに泊まりやすいところを探していて、こちらを見つけました。 最初は特に何も気にせず予約したのですが、立地だけではなく食事や部屋へのこだわり、部屋についている露天風呂も最高でしたが、貸切3種の露天風呂も格別でした。 サプライズも対応していただきありがとうございました！ 女将さんともっと色々お話しをしたくて、また行こうと思います！,"時期:2023年8月宿泊; プラン:【記念日プラン】大切な人と過ごすひとときに…ケーキ＆ノンアルスパークリングワイン付き(夕食お部屋食）; 価格帯:28,001～29,000円(大人１名あたり/税込); 部屋:5; 風呂:5; 料理(朝食):5; 料理(夕食):5; 接客・サービス:5 | プラン 【記念日プラン】大切な人と過ごすひとときに…ケーキ＆ノンアルスパークリングワイン付き(夕食お部屋食） 和室 朝・夕 朝/個室利用 夕/部屋出し",https://www.jalan.net/yad322964/kuchikomi/archive/,1,private_bath;food;access,raw/jalan/archive_page_9.html,cp932,positive,body_positive,high,body_sentiment_inference_needed
OTA full review,Jalan,jalan_49cb600a38faeb1d,りくちゃんさん,2023/9/9,4,料理がおいしい,部屋は新しくきれいに清掃されていました。妻は部屋食なのに着替え等を隠せる所がないのが不便だといってました。貸切風呂はあまり広くはないが、二人ならOK、脱衣所はサーキュレーターがあったが、足りず暑くて早々に脱出しました。真夏の午後三時代に入ったのでしかたないかもしれません。食事は、朝夕とてもおいしかったです。夕食は部屋食でゆっくりできて良かったです。部屋担当の方は、話しやすくとても感じ良かったです。朝食の食事処は、入口の所に靴が無造作に置かれていたりであまり良い印象はなかった。でも、朝食はご飯がおかわりできたので、お腹いっぱい食べれて良かったです。あと、部屋にコーヒーメーカーがあるのが良かったです。チェックアウト時、混雑していてフロントの人は余裕のない感じでしたが、温泉卵のお土産は嬉しかったです。,"時期:2023年7月宿泊; プラン:【じゃらん限定／直前割】本館限定！関あじ・伊勢海老・豊後牛がメインの会席プラン（夕食お部屋食）; 価格帯:19,001～20,000円(大人１名あたり/税込); 部屋:5; 風呂:3; 料理(朝食):5; 料理(夕食):5; 接客・サービス:4 | プラン 【じゃらん限定／直前割】本館限定！関あじ・伊勢海老・豊後牛がメインの会席プラン（夕食お部屋食） 和室 朝・夕 朝/個室利用 夕/部屋出し",https://www.jalan.net/yad322964/kuchikomi/archive/,1,private_bath;food,raw/jalan/archive_page_9.html,cp932,mixed,body_positive_and_negative,high,body_sentiment_inference_needed
OTA full review,Jalan,jalan_1ebf1ac4188de18d,ヤンさん,2023/9/6,5,料理が朝夕ともに美味しかった,部屋食で落ち着いてゆっくり食べることができました。 夕食で出てきた蒸ししゃぶの牛肉が柔らかく相当おいしかったです。その他夕食、朝食の全ての食事がおいしく、ご飯の量もちょうどよかったです。 旅館の方のアットホームな雰囲気も良く、帰り際にいただいた自家製地獄蒸しのゆで卵も心温まるプレゼントでした。 窓から見える海と湯けむりののどかな街の景色で情緒を感じることができ、日頃の疲れが吹き飛びリラックスできました。,"時期:2023年7月宿泊; プラン:【オンラインカード専用】8888円OFF！関あじ・伊勢海老・豊後牛がメインの会席プラン（朝夕お部屋食）; 価格帯:29,001～30,000円(大人１名あたり/税込); 部屋:4; 風呂:4; 料理(朝食):5; 料理(夕食):5; 接客・サービス:5 | プラン 【オンラインカード専用】8888円OFF！関あじ・伊勢海老・豊後牛がメインの会席プラン（朝夕お部屋食） 和洋室 朝・夕 朝/部屋出し 夕/部屋出し",https://www.jalan.net/yad322964/kuchikomi/archive/,1,food;access,raw/jalan/archive_page_9.html,cp932,positive,body_positive,high,body_sentiment_inference_needed
OTA full review,Jalan,jalan_fb79065f0666f645,ヒロさん,2023/9/2,5,離れは景色がきれい,前回は別館、今回は離れの翠葉に泊まりました。別館はお風呂が大きく、離れは景色が綺麗でした。別館は景色はあまりですが、大きいお風呂重視、離れは景色重視というイメージです。それぞれ良さがあります。離れは内風呂と露天風呂があり、1人ずつゆっくり入っていました。離れは階段がたくさんあり、ご高齢の方は移動が少し大変かなと思いました。ごはんは関あじや豊後牛など変わらず美味しかったです。前菜が少し以前と季節のもので変わっていました。,"時期:2023年8月宿泊; プラン:【開業１周年記念】通常より8888円OFF！関あじ・伊勢海老・豊後牛がメインの会席プラン（朝夕お部屋食）; 価格帯:30,001円以上(大人１名あたり/税込); 部屋:4; 風呂:4; 料理(朝食):5; 料理(夕食):5; 接客・サービス:4 | プラン 【開業１周年記念】通常より8888円OFF！関あじ・伊勢海老・豊後牛がメインの会席プラン（朝夕お部屋食） 和洋室 朝・夕 朝/部屋出し 夕/部屋出し",https://www.jalan.net/yad322964/kuchikomi/archive/,1,food,raw/jalan/archive_page_9.html,cp932,positive,body_positive,high,body_sentiment_inference_needed
OTA full review,Jalan,jalan_cd5b50984483ea33,カコさん,2023/9/1,5,また行きたいお宿,料理が素晴らしい！まろやかで優しくて、上品な味付け、きれいな器。関あじ、伊勢エビ、マグロのお刺身はとてもおいしかったです。蒸し豊後牛に加えて、豊後牛のステーキもありました。そのほかのお料理も創作料理で盛り付けもきれいでおいしかったです。夕食のごはんは卓上ミニかまどでひとり分ずつ炊いたものでした。朝食も最高においしかったです。特に、あじの干物と温泉卵。聞くところによると、料理に使っているお水は湯布院の地下水だとか。納得しました。だから、まろやかなんだと。貸切風呂もよかったです。何度も入りました。過去のクチコミに脱衣所が冷房がなくて暑かったとありましたが、扇風機がありました。また、敷布団が硬いとありましたが、敷布団の下にマットレスがあり、フカフカでした。お客様の意見を取り入れているのだなあと感心しました。貸切風呂も宿泊者が利用するたびに、その都度、お掃除をされていました。清潔感が漂っています。今回は主人と娘と孫でお世話になりました。オムツ入れの蓋付きポリバケツも準備していただきました。ありがとうございました。お土産の温泉蒸し卵はとてもおいしかったです。また、機会があれば、是非また利用させていただきたいと思います。 ３つの貸切風呂のそれぞれの写真がフロントなどに置いてあればよかったかなと思いました。ありがとうございました。,"時期:2023年8月宿泊; プラン:【期間限定・特別価格】通常より3888円OFF！関あじ・伊勢海老・豊後牛がメインの会席プラン／夕食お部屋食; 価格帯:26,001～27,000円(大人１名あたり/税込); 部屋:4; 風呂:5; 料理(朝食):5; 料理(夕食):5; 接客・サービス:5 | プラン 【期間限定・特別価格】通常より3888円OFF！関あじ・伊勢海老・豊後牛がメインの会席プラン／夕食お部屋食 和室 朝・夕 朝/個室利用 夕/部屋出し",https://www.jalan.net/yad322964/kuchikomi/archive/,1,private_bath;food,raw/jalan/archive_page_9.html,cp932,mixed,body_positive_and_negative,high,body_sentiment_inference_needed
OTA full review,Jalan,jalan_2e3f022844c24eec,kourouさん,2023/8/30,5,お料理美味しかったです,数年ぶりの別府温泉旅行でした。 最近の多忙な仕事の疲れを癒すため、美味しいお料理と温泉と関アジを楽しみにこちらを訪れました。 楽しみにしていた通り温泉もお料理も大満足でした♪ また接客、サービスは満点だと思います。 プライベート空間をしっかりと確保されていて非常にゆっくりとさせていただきました。 ありがとうございました。,"時期:2023年8月宿泊; プラン:【オンラインカード専用】8888円OFF！関あじ・伊勢海老・豊後牛がメインの会席プラン（朝夕お部屋食）; 価格帯:29,001～30,000円(大人１名あたり/税込); 部屋:5; 風呂:5; 料理(朝食):4; 料理(夕食):5; 接客・サービス:5 | プラン 【オンラインカード専用】8888円OFF！関あじ・伊勢海老・豊後牛がメインの会席プラン（朝夕お部屋食） 和室 朝・夕 朝/部屋出し 夕/部屋出し",https://www.jalan.net/yad322964/kuchikomi/archive/,1,food,raw/jalan/archive_page_9.html,cp932,positive,body_positive,high,body_sentiment_inference_needed
OTA full review,Jalan,jalan_400b9e4edff35e13,kphtさん,2023/8/29,5,夕食最高でした。,うみたまごに行く為に2歳と０歳を連れての初めての旅行でした。子連れでまだ手もかかるので、部屋食の温泉付きで周りの目を気にせず、家族でゆっくり過ごす事ができ満足しています。夕食の関あじ伊勢海老、豊後牛とても美味しかったです。部屋にも温泉が着いてましたが、せっかくなので貸切り風呂にも入りました、脱衣所が狭くクーラーが無かったのでとても暑かったですが、夏場なので仕方がないかなぁとも思います。お風呂は広く4人でもゆっくり入れました。食事の際も子供用の椅子も助かりました。スタッフの方の接客も温かく良かったので楽しい旅行になりました。また利用したいと思います。ありがとうございました。,"時期:2023年8月宿泊; プラン:【期間限定・特別価格】通常より3888円OFF！関あじ・伊勢海老・豊後牛がメインの会席プラン／夕食お部屋食; 価格帯:25,001～26,000円(大人１名あたり/税込); 部屋:4; 風呂:4; 料理(朝食):5; 料理(夕食):5; 接客・サービス:5 | プラン 【期間限定・特別価格】通常より3888円OFF！関あじ・伊勢海老・豊後牛がメインの会席プラン／夕食お部屋食 和室 朝・夕 朝/個室利用 夕/部屋出し",https://www.jalan.net/yad322964/kuchikomi/archive/,1,private_bath;small_bath_or_room;food,raw/jalan/archive_page_9.html,cp932,mixed,body_positive_and_negative,high,body_sentiment_inference_needed
OTA full review,Jalan,jalan_2e36d74177258666,ビッケさんさん,2023/8/25,5,オーナーのこだわりを感じる宿,前菜からデザートまで食材の味を活かし、食器も一つ一つのおしゃれでセンスを感じました。お米も美味しく80歳の母親も完食してました。お料理を堪能したい方お勧めです。帰りに頂いた自家製温泉たまごも美味しかったです。,"時期:2023年8月宿泊; プラン:【じゃらん限定／直前割】本館限定！関あじ・伊勢海老・豊後牛がメインの会席プラン（夕食お部屋食）; 価格帯:19,001～20,000円(大人１名あたり/税込); 部屋:4; 風呂:4; 料理(朝食):5; 料理(夕食):5; 接客・サービス:5 | プラン 【じゃらん限定／直前割】本館限定！関あじ・伊勢海老・豊後牛がメインの会席プラン（夕食お部屋食） 和室 朝・夕 朝/個室利用 夕/部屋出し",https://www.jalan.net/yad322964/kuchikomi/archive/,1,food,raw/jalan/archive_page_9.html,cp932,neutral,neutral_or_lodging_context,medium,body_sentiment_inference_needed
OTA full review,Jalan,jalan_c108e91b3513d64f,ののさん,2023/8/23,5,恋人旅行におすすめ お料理とっても美味しい,お部屋の２階でのお食事とても良かったです。料理も大変美味しかったです。温泉もお部屋で入れてゆっくり過ごすことができました。部屋からは湯煙と海も見えて癒されました。,"時期:2023年6月宿泊; プラン:【じゃらん限定／直前割】離れ客室に無料グレードアップ！スタンダード会席プラン（朝夕お部屋食）; 価格帯:25,001～26,000円(大人１名あたり/税込); 部屋:5; 風呂:5; 料理(朝食):5; 料理(夕食):5; 接客・サービス:5 | プラン 【じゃらん限定／直前割】離れ客室に無料グレードアップ！スタンダード会席プラン（朝夕お部屋食） 和洋室 朝・夕 朝/部屋出し 夕/部屋出し",https://www.jalan.net/yad322964/kuchikomi/archive/,1,food,raw/jalan/archive_page_9.html,cp932,positive,body_positive,high,body_sentiment_inference_needed
OTA full review,Jalan,jalan_90e9da88569f39dd,ひまわりさん,2023/8/19,5,夕食がすごく美味しかった,私の親と二人で泊まりました。 足が悪くて、なかなかゆっくりでないと歩けなかったけど、部屋に行くまでと、部屋の階段の上り下りも、ゆっくりでいいですよ。と声をかけてくださり、良かったです。 夕食も、食べきれないくらいの量でしたが、お肉も凄く柔らかくて美味しかったです。部屋食だったので、ゆっくり、食べる事ができました。朝食も、ちょうど良い量だったので、良かったです。団子汁美味しくて、残さず食べました。,"時期:2023年8月宿泊; プラン:【開業１周年記念】通常より8888円OFF！関あじ・伊勢海老・豊後牛がメインの会席プラン（朝夕お部屋食）; 価格帯:29,001～30,000円(大人１名あたり/税込); 部屋:4; 風呂:3; 料理(朝食):5; 料理(夕食):5; 接客・サービス:5 | プラン 【開業１周年記念】通常より8888円OFF！関あじ・伊勢海老・豊後牛がメインの会席プラン（朝夕お部屋食） 和室 朝・夕 朝/部屋出し 夕/部屋出し",https://www.jalan.net/yad322964/kuchikomi/archive/,1,food,raw/jalan/archive_page_9.html,cp932,positive,body_positive,high,body_sentiment_inference_needed
OTA full review,Jalan,jalan_922613704f6c74b9,ざわさん,2023/8/14,5,夕食最高,20代後半のカップルで利用しました。 今回は、離れ(?)のお部屋を予約しました。お食事のお部屋と寝室が2階と1階で分かれていました。私たちは何不便なく過ごしましたが、ご高齢であれば少し大変かもしれません。 お盆期間という夏場に訪れ、近くの地獄湯めぐりを堪能してチェックインだったので、荷物を置きすぐに入浴しました。お部屋に内風呂と露天風呂がありましたが、露天が外から丸見えというところが少し気になり（湯浴み着が準備されてます！）これまた別棟の貸切の家族風呂を利用させていただきました。湯加減の調節もできて最高に気持ちよかったです。陽が落ちてから、お部屋のお風呂も堪能しました！ そしてこちらの旅館の口コミを見る中で1番気になっていたお料理。文句無しの5点評価です！！ボリューミーで何から何まで新鮮。食べ切れるかしらと途中不安になりつつ（食べ切りました）美味しいお酒とともに堪能しました。お部屋まで料理を運んでくれ、プライベートな空間でゆったりとお食事ができました。担当くださった女性のタイミングがバッチリ！次の味が欲しいなというタイミングで料理が運ばれてきて、そこも心地よいポイントでした。 朝食もとても美味しかったです。が、夕食の感動が今も忘れられません！ 近くにコンビニ、コインランドリーもあり、地獄湯めぐりを堪能できる立地。そして気持ちの良いお風呂と贅沢なお料理。ご褒美旅行に適した旅館だと思います。,"時期:2023年8月宿泊; プラン:【お盆専用】関あじ・伊勢海老・豊後牛！旬の食材を使用した割烹会席プラン(１泊２食／朝夕お部屋食）; 価格帯:30,001円以上(大人１名あたり/税込); 部屋:4; 風呂:4; 料理(朝食):5; 料理(夕食):5; 接客・サービス:4 | プラン 【お盆専用】関あじ・伊勢海老・豊後牛！旬の食材を使用した割烹会席プラン(１泊２食／朝夕お部屋食） 和室 朝・夕 朝/部屋出し 夕/部屋出し",https://www.jalan.net/yad322964/kuchikomi/archive/,1,room_bath;private_bath;family_bath;food;access,raw/jalan/archive_page_9.html,cp932,mixed,body_positive_and_negative,high,body_sentiment_inference_needed
OTA full review,Jalan,jalan_5fd6084dcf9677c5,ひでさん,2023/8/13,5,料理最高,フロントの方もスタッフさんも愛想がよく気持ち良かったです 料理も風呂も良かったです またお世話になりたいです スタッフさんに教えて貰った白蛇神社も面白かったです,"時期:2023年8月宿泊; プラン:【お盆専用】関あじ・伊勢海老・豊後牛！旬の食材を使用した割烹会席プラン(１泊２食／朝夕お部屋食）; 価格帯:30,001円以上(大人１名あたり/税込); 部屋:5; 風呂:5; 料理(朝食):5; 料理(夕食):5; 接客・サービス:5 | プラン 【お盆専用】関あじ・伊勢海老・豊後牛！旬の食材を使用した割烹会席プラン(１泊２食／朝夕お部屋食） 和洋室 朝・夕 朝/部屋出し 夕/部屋出し",https://www.jalan.net/yad322964/kuchikomi/archive/,1,food,raw/jalan/archive_page_9.html,cp932,positive,body_positive,high,body_sentiment_inference_needed
OTA full review,Jalan,jalan_293067a05d5e4858,ごんさん,2023/8/12,5,温泉に食事に大満足,台風の影響が心配でしたが、何とか無事に大分県にたどり着き、料理の口コミが高評価だった八葉さんで旅の疲れをとることにしました。 露天風呂付きの部屋でしたが、貸し切り風呂も利用可能、しかも無料とゆうことで早速にスタッフさんに声をかけて入らせてもらいました。貸し切り風呂は3つあり、先着順。 硫黄のにおいがちょっぴりする、さすが別府の温泉。部屋の露天風呂とあわせて堪能しました。洗い場のスペースもあり、さっぱりしてからの夕食。 さすが高評価の夕食。関あじに、伊勢えび、鮪のお造りから、豊後牛のステーキに、せいろ蒸し。おいしい料理には、お酒がすすむとゆうのが定番で、大満足な夜を過ごしました。 朝食も、鯵の干物が、めちゃくちゃおいしく、またまたお米がすすむすすむ。なんと、鯵の干物は、八葉さんと、とある干物屋さんとが連携され、塩加減などに工夫を重ねられた賜であるとのこと。納得のうなずきでした。 地獄めぐりもすぐ近くにあり、観光にもピッタリ。また大分県に来る時は、旅のスタートは八葉さんから始めたいと思います。ありがとうございました。 追伸 お土産のお手製温泉たまご、美味でした。,"時期:2023年8月宿泊; プラン:【お盆専用】関あじ・伊勢海老・豊後牛！旬の食材を使用した割烹会席プラン(１泊２食／夕食お部屋食）; 価格帯:29,001～30,000円(大人１名あたり/税込); 部屋:5; 風呂:5; 料理(朝食):5; 料理(夕食):5; 接客・サービス:5 | プラン 【お盆専用】関あじ・伊勢海老・豊後牛！旬の食材を使用した割烹会席プラン(１泊２食／夕食お部屋食） 和室 朝・夕 朝/個室利用 夕/部屋出し",https://www.jalan.net/yad322964/kuchikomi/archive/,1,room_open_air_bath;private_bath;food;access,raw/jalan/archive_page_9.html,cp932,positive,body_positive,high,body_sentiment_inference_needed
OTA full review,Jalan,jalan_07f7e06b59f91e7d,かんさん,2023/8/10,5,離れのお部屋で美味しいお料理♪,お料理が美味しいとの口コミに惹かれて、夫婦で夏休み旅行として利用させてもらいました。 お料理は想像以上の美味しさでした！お刺身は新鮮で、お肉はこれまで食べたことがないくらい柔らかかったです。 他の旅館では正直どこでも食べられるなぁと思うおかずで量が多くなり、お腹が苦しくなってしまうこともありましたが、こちらでは、その土地ならではの食材を出してくださって品数もちょうど良く、二人とも大満足でした！ 離れのお部屋は他のお客さんと会うこともなく、二人で貸切風呂やお部屋のお風呂を順番に入り、本当にのんびりすることができました。 お部屋から貸切風呂やフロントが近いのも有り難かったです。 また、離れのお部屋の中でも、食事をする部屋と寝室が別になっていたのも、自分達の荷物を気にすることがなく良かったなと思います。 旅館の皆さまも、いつも笑顔で気持ちよく対応してくださり、ありがとうございました。 大分に行くのが初めてでしたので、周辺の観光地など教えてくださったのも嬉しかったです。 また、別府に行く際には、是非利用させていただきます！,"時期:2023年8月宿泊; プラン:【開業１周年記念】通常より8888円OFF！関あじ・伊勢海老・豊後牛がメインの会席プラン（朝夕お部屋食）; 価格帯:29,001～30,000円(大人１名あたり/税込); 部屋:5; 風呂:5; 料理(朝食):5; 料理(夕食):5; 接客・サービス:5 | プラン 【開業１周年記念】通常より8888円OFF！関あじ・伊勢海老・豊後牛がメインの会席プラン（朝夕お部屋食） 和洋室 朝・夕 朝/部屋出し 夕/部屋出し",https://www.jalan.net/yad322964/kuchikomi/archive/,1,room_bath;private_bath;food,raw/jalan/archive_page_9.html,cp932,positive,body_positive,high,body_sentiment_inference_needed
OTA full review,Jalan,jalan_b18cf1f050ee8ec0,くみさん,2026/6/16,5,母娘2人旅,母と初めての別府2人旅で八葉に泊まらせて頂きました。 外観もお部屋も隠れ家宿のようで落ち着きました。 客室温泉付きの部屋はとても素晴らしかったです。人目を気にせず何度でも温泉に入ることができました。 夕食も朝食も部屋に用意してくださり、ゆっくりと美味しいお料理を堪能する事ができました。お料理は、朝、夕食共に全て美味しかったです。スタッフの皆様も、親切で丁寧に対応して下さり？別府の旅が楽しい思い出となりました。毎年来たいと思えました。,"時期:2026年6月宿泊; プラン:【アワード受賞記念】通常より10%OFF！関あじ・伊勢海老・豊後牛の会席プラン(１泊２食付／朝夕お部屋食); 価格帯:28,001～29,000円(大人１名あたり/税込); 部屋:5; 風呂:5; 料理(朝食):5; 料理(夕食):5; 接客・サービス:5 | プラン 【アワード受賞記念】通常より10%OFF！関あじ・伊勢海老・豊後牛の会席プラン(１泊２食付／朝夕お部屋食) 和洋室 朝・夕 朝/部屋出し 夕/部屋出し",https://www.jalan.net/yad322964/kuchikomi/,1,food,raw/jalan/jalan.html,cp932,positive,body_positive,high,body_sentiment_inference_needed
OTA full review,Jalan,jalan_afb64eb2f06dc8c4,ymさん,2026/6/16,3,夕食は素晴らしい,お世話になりまして感謝しております。 夕食は味良しで文句無しでした。老人には量も丁度良かった。 朝食にお櫃が何故か付かなかった。若者だと物足りないかも知れない。 驚いたのは、夜、部屋でまったりしていると 突然虫が壁を進む姿を見つけた。 暫く睨み合いで駆除を決めたが、するりと逃げられた。 温泉宿で初めての経験だった。 在室時に現れるという事は… 黙っていようと思いましたが早めの対応をされた方が良いかと思い敢えてお伝え致しました。,"時期:2026年6月宿泊; プラン:【アワード受賞記念】通常より10%OFF！関あじ・伊勢海老・豊後牛の会席プラン(１泊２食付／朝夕お部屋食); 価格帯:27,001～28,000円(大人１名あたり/税込); 部屋:3; 風呂:4; 料理(朝食):3; 料理(夕食):5; 接客・サービス:3 | プラン 【アワード受賞記念】通常より10%OFF！関あじ・伊勢海老・豊後牛の会席プラン(１泊２食付／朝夕お部屋食) 和室 朝・夕 朝/部屋出し 夕/部屋出し",https://www.jalan.net/yad322964/kuchikomi/,1,food,raw/jalan/jalan.html,cp932,mixed,body_positive_and_negative,high,body_sentiment_inference_needed
OTA full review,Jalan,jalan_24a1107e691aadbe,たくみさん,2026/6/15,5,旅館好きにはおすすめ！,料理もめっちゃ美味しかったし、何より宿の人がみんな親切で気持ちよく過ごせた！ 貸切風呂もあるのもよかった！,"時期:2026年6月宿泊; プラン:【アワード受賞記念】通常より10%OFF！関あじ・伊勢海老・豊後牛の会席プラン(１泊２食付／朝夕お部屋食); 価格帯:28,001～29,000円(大人１名あたり/税込); 部屋:5; 風呂:5; 料理(朝食):5; 料理(夕食):5; 接客・サービス:5 | プラン 【アワード受賞記念】通常より10%OFF！関あじ・伊勢海老・豊後牛の会席プラン(１泊２食付／朝夕お部屋食) 和洋室 朝・夕 朝/部屋出し 夕/部屋出し",https://www.jalan.net/yad322964/kuchikomi/,1,private_bath;food,raw/jalan/jalan.html,cp932,positive,body_positive,high,body_sentiment_inference_needed
OTA full review,Jalan,jalan_619d7021e585cf96,ユッコさん,2026/6/12,5,また行きたくなる素敵な宿でした,社長さんをはじめスタッフの皆さんの人柄が良く 温かいおもてなしが印象的でした お部屋は落ち着いた雰囲気で 客室露天風呂も最高 ゆっくり癒やされました 夕食は関あじや伊勢海老のお刺身 豊後牛のせいろ蒸しなど品数も豊富で 量もちょうど良く大満足 特に「ゴロゴロかぼすハイボール」は名前の通りかぼすがたっぷり入っていて とても美味しかったです 仲居さんとの会話も楽しく 素敵な時間を過ごせました 朝食も見た目・味ともに良く 朝から贅沢な気分に ひとつだけ気になった点は 客室露天風呂から配管（パイプ）が見える場所があり せっかくの景観が少しもったいなく感じました それ以外は大満足で 美味しい料理 癒やしの露天風呂 温かいおもてなしに心から満足しています またぜひ宿泊したいと思います ありがとうございました,"時期:2026年6月宿泊; プラン:【アワード受賞記念】通常より10%OFF！関あじ・伊勢海老・豊後牛の会席プラン(１泊２食付／夕食お部屋食）; 価格帯:24,001～25,000円(大人１名あたり/税込); 部屋:5; 風呂:4; 料理(朝食):5; 料理(夕食):5; 接客・サービス:5 | プラン 【アワード受賞記念】通常より10%OFF！関あじ・伊勢海老・豊後牛の会席プラン(１泊２食付／夕食お部屋食） 和室 朝・夕 朝/個室利用 夕/部屋出し",https://www.jalan.net/yad322964/kuchikomi/,1,room_open_air_bath;food,raw/jalan/jalan.html,cp932,positive,body_positive,high,body_sentiment_inference_needed
OTA full review,Jalan,jalan_25db9c887354a821,ゆうこさん,2026/6/11,4,部屋食でゆったりと過ごせて最高！,今回、娘と2人での利用させて頂きました。部屋に露天風呂&内風呂もあって、なんと言っても朝、夕部屋食でゆっくりと過ごせる事ができました。 夕食、朝食ともに、とても美味しくて品数も豊富です。凄く贅沢な気分になったあとゆっくりと部屋の露天風呂満喫して大満足で過ごせました。 部屋と食事をする部屋は別で、一室で間仕切りがあるわけではなく、部屋のドアを開けて階段で下に降りると部屋、少し上がると食事部屋と言う感じで、足が悪い人とかには不便な作りかなと思いました。 その、つくりのせいか食事の片付けの際の物音が結構、響いてきたり、別部屋のお客さんが露天風呂入っていると音等聞こえたりもしましたので、部屋満足度は4にしました。 いつでも、好きな時に露天風呂に入れるのはとても良くて、貸し切り風呂も利用できたのですが、娘共々部屋付きの露天風呂で大満足でしたので、今回は利用してませんが、次回に宿泊した際は是非入ってみようと思います。,"時期:2026年6月宿泊; プラン:【じゃらん限定／直前割】離れ客室に無料グレードアップ！スタンダード会席プラン（朝夕お部屋食）; 価格帯:26,001～27,000円(大人１名あたり/税込); 部屋:4; 風呂:5; 料理(朝食):5; 料理(夕食):5; 接客・サービス:5 | プラン 【じゃらん限定／直前割】離れ客室に無料グレードアップ！スタンダード会席プラン（朝夕お部屋食） 和洋室 朝・夕 朝/部屋出し 夕/部屋出し",https://www.jalan.net/yad322964/kuchikomi/,1,room_open_air_bath;private_bath;food,raw/jalan/jalan.html,cp932,mixed,body_positive_and_negative,high,body_sentiment_inference_needed
OTA full review,Jalan,jalan_c5eed69e5c68ca3b,ゆでたまごさん,2026/6/7,4,食事がとても美味しかったです。,夕食、朝食ともにとても美味しかったです。朝食の味噌汁代わりに団子汁が出されたのも良かったです。ただ、ご飯の量が少なめだったのが、男性には、物足りないと思います。貸切風呂の露天風呂が予想以上に小さくて、びっくり。部屋の内湯、露天風呂ともに温泉の出が少なく、調整に苦労しました。食事する部屋からの景色は、とても良かったです。,"時期:2026年6月宿泊; プラン:【アワード受賞記念】通常より10%OFF！関あじ・伊勢海老・豊後牛の会席プラン(１泊２食付／朝夕お部屋食); 価格帯:29,001～30,000円(大人１名あたり/税込); 部屋:5; 風呂:2; 料理(朝食):4; 料理(夕食):4; 接客・サービス:4 | プラン 【アワード受賞記念】通常より10%OFF！関あじ・伊勢海老・豊後牛の会席プラン(１泊２食付／朝夕お部屋食) 和洋室 朝・夕 朝/部屋出し 夕/部屋出し",https://www.jalan.net/yad322964/kuchikomi/,1,room_bath;private_bath;small_bath_or_room;food,raw/jalan/jalan.html,cp932,positive,body_positive,high,body_sentiment_inference_needed
OTA full review,Jalan,jalan_4e8490cdc349eb00,小さなサルさん,2026/5/31,5,温泉とご飯が最高でした,夫婦2人でお邪魔しました。 本館に宿泊しましたが、貸切温泉の温度は私の好みで、冷え性の足もずっと温かくポカポカしていました。体感ですが、他の温泉よりも温かさが持続してる気がします。 食事も美味しく、日本酒の飲み比べと一緒に頂いたのですが珍しいお酒もあって、いつも以上にお酒がすすみました。 朝食も品数が多く、どれも美味しかったです。 離れでは、別府の街を見下ろしながら朝食を頂けると聞いたので，次の機会には是非離れを予約したいです。 スタッフの方々も接遇がよく、滞在中は心地よく過ごすことができ本当に楽しい思い出になりました！ この度は本当にお世話になりました。,"時期:2026年5月宿泊; プラン:【じゃらん限定／直前割】本館限定！関あじ・伊勢海老・豊後牛がメインの会席プラン（夕食お部屋食）; 価格帯:19,001～20,000円(大人１名あたり/税込); 部屋:5; 風呂:5; 料理(朝食):5; 料理(夕食):5; 接客・サービス:5 | プラン 【じゃらん限定／直前割】本館限定！関あじ・伊勢海老・豊後牛がメインの会席プラン（夕食お部屋食） 和室 朝・夕 朝/個室利用 夕/部屋出し",https://www.jalan.net/yad322964/kuchikomi/,1,private_bath;food,raw/jalan/jalan.html,cp932,positive,body_positive,high,body_sentiment_inference_needed
OTA full review,Jalan,jalan_27a4285bf437c492,anさん,2026/5/28,5,完璧なお宿,ご飯も温泉も最高に良かったです！！何よりスタッフさんが親切で、また来ようねと話しながら帰りました。,"時期:2026年5月宿泊; プラン:【じゃらんのお得な10日間】関あじ＆豊後牛など旬の食材を使用した割烹会席(１泊２食／朝夕お部屋食）; 価格帯:29,001～30,000円(大人１名あたり/税込); 部屋:5; 風呂:5; 料理(朝食):5; 料理(夕食):5; 接客・サービス:5 | プラン 【じゃらんのお得な10日間】関あじ＆豊後牛など旬の食材を使用した割烹会席(１泊２食／朝夕お部屋食） 和室 朝・夕 朝/部屋出し 夕/部屋出し",https://www.jalan.net/yad322964/kuchikomi/,1,food,raw/jalan/jalan.html,cp932,positive,body_positive,high,body_sentiment_inference_needed
OTA full review,Jalan,jalan_3ff80d6bee713f5a,モコモコさん,2026/5/22,2,足の悪い人にはオススメしません。,まず、看板が出ていない。 分からなかったので電話で問い合わせたら駐車場の説明をされ、少しの気遣いがあれば表に来て誘導してくれてら親切なのに、それもなく。 出だしから少し嫌な感じでした。 宿にチェックインしましたが先に先客が居たため待っていたら男性の従業員がチェックインしてくれました。 その男性の説明がタジタジで分かりづらくあやふやな感じでチェックインしました。 部屋の説明を聞いたが写真よりも内風呂も狭く虫が浮いていました。 外風呂のお風呂にも虫が浮いていて気持ち悪かったので入ることはなかったです。 夕食のご飯と朝食のご飯は美味しかったです。 ですが、トータル的にもう一度泊まりたいのか聞かれたら二度目は泊まりたくない宿だなと思いました。,"時期:2026年5月宿泊; プラン:【アワード受賞記念】通常より10%OFF！関あじ・伊勢海老・豊後牛の会席プラン(１泊２食付／朝夕お部屋食); 価格帯:27,001～28,000円(大人１名あたり/税込); 部屋:1; 風呂:1; 料理(朝食):3; 料理(夕食):4; 接客・サービス:1 | プラン 【アワード受賞記念】通常より10%OFF！関あじ・伊勢海老・豊後牛の会席プラン(１泊２食付／朝夕お部屋食) 和室 朝・夕 朝/部屋出し 夕/部屋出し",https://www.jalan.net/yad322964/kuchikomi/,1,small_bath_or_room;food;access,raw/jalan/jalan.html,cp932,negative,low_rating_negative_body,high,body_sentiment_inference_needed
OTA full review,Jalan,jalan_be339b4a78358dc9,パール柑さん,2026/5/12,5,丁寧なおもてなしでした,築年数が思いの外浅いようで、部屋の雰囲気、間取りも無駄がなく、広々していました。 場所がちょっとわかりつらかったので、先に予習が必要です。 部屋食でテーブルに椅子だったので、足も痺れずゆっくり食べる事が出来ました。 食べた後は、テーブルを窓際に寄せてもらい、夜景を見ながらゆっくりできます。 部屋からは別府の温泉湯けむりが見えて、非日常をたのしめました。 私達が泊まった部屋は本館の建物２階。お風呂は付いていない部屋でしたが、貸切温泉に好きな時間に入れて満足でした。,"時期:2026年4月宿泊; プラン:【スタンダード】関あじ・伊勢海老・豊後牛！旬の食材を使用した割烹会席プラン(１泊２食付／夕食お部屋食); 価格帯:27,001～28,000円(大人１名あたり/税込); 部屋:5; 風呂:4; 料理(朝食):5; 料理(夕食):5; 接客・サービス:5 | プラン 【スタンダード】関あじ・伊勢海老・豊後牛！旬の食材を使用した割烹会席プラン(１泊２食付／夕食お部屋食) 和室 朝・夕 朝/個室利用 夕/部屋出し",https://www.jalan.net/yad322964/kuchikomi/,1,private_bath;food,raw/jalan/jalan.html,cp932,positive,body_positive,high,body_sentiment_inference_needed
OTA full review,Jalan,jalan_565c7de254916f86,そらさん,2026/5/7,5,鉄輪温泉観光に最適！,GWに恋人と利用させていただきました。 チェックイン時間前にも関わらず宿の無料駐車場に車を停めさせていただきました。 鉄輪温泉観光地の中心部という事もありどこにでもアクセス出来る為、大変便利でストレス無く観光を楽しむ事が出来ました！ 宿のスタッフさんも皆さん笑顔が素敵で丁寧な接客をありがとうございます。 食事もお風呂も大満足でした！ 客室露天風呂が付いたお部屋を利用させていただきましたが、玄関を入って階段を数段登ると食事の間、ちょっと長めの階段を下ると居間やお風呂といった珍しい造りでした。 階段利用がしんどい方にはちょっと頑張らなくてはいけない造りではありましたが、普段の生活の中にある程度の階段が苦で無ければ全然問題無しです！ また鉄輪温泉観光の時は八葉さんを利用させていただきたいと思います！ 素敵な時間をありがとうございました！,"時期:2026年5月宿泊; プラン:【スタンダード】関あじ・伊勢海老・豊後牛！旬の食材を使用した割烹会席プラン(１泊２食付／朝夕お部屋食); 価格帯:30,001円以上(大人１名あたり/税込); 部屋:5; 風呂:5; 料理(朝食):5; 料理(夕食):5; 接客・サービス:5 | プラン 【スタンダード】関あじ・伊勢海老・豊後牛！旬の食材を使用した割烹会席プラン(１泊２食付／朝夕お部屋食) 和室 朝・夕 朝/部屋出し 夕/部屋出し",https://www.jalan.net/yad322964/kuchikomi/,1,room_open_air_bath;food;access,raw/jalan/jalan.html,cp932,positive,body_positive,high,body_sentiment_inference_needed
OTA full review,Jalan,jalan_c5a269b3c3b54b69,姫さんさん,2026/5/6,5,おもてなしが最高,ご担当のスタッフの方がとても親切に対応頂き良い時間を過ごせました。 料理も丁寧で美しく全て美味しく頂きましたが何よりその場でお米を炊いて頂いたのは初めてで今までで一番美味しかったです。部屋食でもありましたが他の宿泊者やスタッフの方とお会いする事も少ないので静かに過ごしたい方にはおすすめのお宿です。,"時期:2026年5月宿泊; プラン:【スタンダード】関あじ・伊勢海老・豊後牛！旬の食材を使用した割烹会席プラン(１泊２食付／夕食お部屋食); 価格帯:30,001円以上(大人１名あたり/税込); 部屋:5; 風呂:4; 料理(朝食):4; 料理(夕食):5; 接客・サービス:5 | プラン 【スタンダード】関あじ・伊勢海老・豊後牛！旬の食材を使用した割烹会席プラン(１泊２食付／夕食お部屋食) 和室 朝・夕 朝/個室利用 夕/部屋出し",https://www.jalan.net/yad322964/kuchikomi/,1,food,raw/jalan/jalan.html,cp932,positive,body_positive,high,body_sentiment_inference_needed
OTA full review,Jalan,jalan_676ba77698899151,カズちゃんさん,2026/4/26,3,食事が夕食・朝食ともに美味しい。窓から見える別府湾と湯煙が秀逸。,駐車場は場所の案内がないため事前確認が必要。部屋は清潔感があり良い。椅子がなくくつろぎにはやや不便。ベッドの高さがなく起き上がりがやや不自由。食事は夕食・朝食ともに美味しい。風呂は狭くもう少し広さが欲しい。,"時期:2026年4月宿泊; プラン:【アワード受賞記念】通常より10%OFF！関あじ・伊勢海老・豊後牛の会席プラン(１泊２食付／朝夕お部屋食); 価格帯:29,001～30,000円(大人１名あたり/税込); 部屋:2; 風呂:2; 料理(朝食):4; 料理(夕食):4; 接客・サービス:4 | プラン 【アワード受賞記念】通常より10%OFF！関あじ・伊勢海老・豊後牛の会席プラン(１泊２食付／朝夕お部屋食) 和洋室 朝・夕 朝/部屋出し 夕/部屋出し",https://www.jalan.net/yad322964/kuchikomi/,1,small_bath_or_room;food;access,raw/jalan/jalan.html,cp932,mixed,body_negative_with_context,high,body_sentiment_inference_needed
OTA full review,Jalan,jalan_02e48caf2568b7e1,ミユさん,2026/4/19,5,個室で回りをきにしなくていいのがとても最高,久々の夫婦旅行でゆっくり個室(離れ)で大変くつろぐことができました。朝、夕食も個室でのんびり外の景色みながら食事も出来 料理もとても美味しく頂きました。次の日の朝はあいにくのあめでしたがきかいがあれば又予約したいです。本当にお世話になりました。旅館の方々もとても感じのよい方々でした。 忘れ物をしてしまい大変お手数かけてしまい申し訳ありませんでした。無事家にとどきました。ありがとうございます。,"時期:2026年4月宿泊; プラン:【アワード受賞記念】通常より10%OFF！関あじ・伊勢海老・豊後牛の会席プラン(１泊２食付／朝夕お部屋食); 価格帯:29,001～30,000円(大人１名あたり/税込); 部屋:5; 風呂:5; 料理(朝食):5; 料理(夕食):5; 接客・サービス:5 | プラン 【アワード受賞記念】通常より10%OFF！関あじ・伊勢海老・豊後牛の会席プラン(１泊２食付／朝夕お部屋食) 和洋室 朝・夕 朝/部屋出し 夕/部屋出し",https://www.jalan.net/yad322964/kuchikomi/,1,food,raw/jalan/jalan.html,cp932,positive,body_positive,high,body_sentiment_inference_needed
OTA full review,Jalan,jalan_396e58e18e92b3fa,ひろりんさん,2026/4/11,4,アットホームな温泉宿,0歳3歳の子連れで宿泊しました。 アットホームな温泉宿で、朝夕共に食事が美味しかったです。特に白米の炊き加減や伊勢海老のお味噌汁、だんご汁が最高でした。食事の際、こども用の豆椅子や厚めのクッションを用意してくださっていました。 部屋の露天風呂は岩造りで子どもが自由に出入りしやすく、気に入って何度も入っていました。家族風呂も2カ所利用しましたが、家族風呂の方が適温で、部屋の露天風呂は少し熱めだったので水を入れて調整してちょうどよかったです。 駐車場への道が狭いと言う口コミをみていたので、不安に感じていましたが、SUVでも問題なく通れました。駐車場へ降りる短い坂の部分が急勾配なので狭く感じるのかなと思いました。 子どもが騒がしくしてしまいましたが、皆さん優しく対応してくださりありがたかったです。 事前決済に変更しそびれていたので現地払いしましたが、現地払いの場合は現金対応のみです。カード払い希望の方は事前決済した方がいいです。,"時期:2026年4月宿泊; プラン:【アワード受賞記念】通常より10%OFF！関あじ・伊勢海老・豊後牛の会席プラン(１泊２食付／夕食お部屋食）; 価格帯:24,001～25,000円(大人１名あたり/税込); 部屋:4; 風呂:4; 料理(朝食):4; 料理(夕食):4; 接客・サービス:4 | プラン 【アワード受賞記念】通常より10%OFF！関あじ・伊勢海老・豊後牛の会席プラン(１泊２食付／夕食お部屋食） 和室 朝・夕 朝/個室利用 夕/部屋出し",https://www.jalan.net/yad322964/kuchikomi/,1,room_open_air_bath;family_bath;temperature_hot;small_bath_or_room;food;access,raw/jalan/jalan.html,cp932,mixed,body_positive_and_negative,high,body_sentiment_inference_needed
OTA full review,Jalan,jalan_3c53e2b5cd522a23,ちーさん,2026/4/5,4,2人でゆっくり温泉に,久し振りの別府でゆっくり温泉に浸かりたかったので部屋に露天風呂つきの宿で良かったです。高齢にて、膝が悪く、困っていたら、仲居さんが察してすぐにテーブルにして頂き安心しました。夕食は部屋食なのも良かったし、お料理も良かったです。お風呂は他に家族風呂もあり、温度も良かったです。朝チェックアウトしても、昼まで駐車場をかしてもらえたので、地獄巡りがゆっくりできました。散歩したいシニアにはとても良いお宿でした。,"時期:2026年3月宿泊; プラン:【アワード受賞記念】通常より10%OFF！関あじ・伊勢海老・豊後牛の会席プラン(１泊２食付／夕食お部屋食）; 価格帯:24,001～25,000円(大人１名あたり/税込); 部屋:4; 風呂:5; 料理(朝食):5; 料理(夕食):5; 接客・サービス:4 | プラン 【アワード受賞記念】通常より10%OFF！関あじ・伊勢海老・豊後牛の会席プラン(１泊２食付／夕食お部屋食） 和室 朝・夕 朝/個室利用 夕/部屋出し",https://www.jalan.net/yad322964/kuchikomi/,1,room_open_air_bath;family_bath;food;access,raw/jalan/jalan.html,cp932,positive,body_positive,high,body_sentiment_inference_needed
OTA full review,Jalan,jalan_a58229be11185dc1,ぶんさん,2026/3/28,5,家族で利用,家族６人でお邪魔しました。男性３人、女性３人の２部屋の離れに泊まらせてもらいました。事前にアレルギーについて相談したところ、きちんと対応してくださいました。お料理も、地元の特産を使った美味しい料理とお刺身。お酒も珍しいものが取り揃えてあり大満足でした。お部屋のお風呂の温度も、いつ入っても適温で有り難かったです。朝ごはんも、焼きたての鯵や郷土料理のだご汁…何から何まで本当に美味しく頂きました。となりにコインランドリーがあり、洗濯乾燥まで一気にできて便利。コンビニもその隣にあり安心。スタッフの方々も、いい方ばかりでした。遠方からの訪問でしたが、また是非お邪魔したいお宿でした。ありがとうございました。,"時期:2026年3月宿泊; プラン:【スタンダード】関あじ・伊勢海老・豊後牛！旬の食材を使用した割烹会席プラン(１泊２食付／夕食お部屋食); 価格帯:27,001～28,000円(大人１名あたり/税込); 部屋:5; 風呂:5; 料理(朝食):5; 料理(夕食):5; 接客・サービス:5 | プラン 【スタンダード】関あじ・伊勢海老・豊後牛！旬の食材を使用した割烹会席プラン(１泊２食付／夕食お部屋食) 和室 朝・夕 朝/個室利用 夕/部屋出し",https://www.jalan.net/yad322964/kuchikomi/,1,room_bath;food,raw/jalan/jalan.html,cp932,positive,body_positive,high,body_sentiment_inference_needed
OTA full review,Jalan,jalan_56047497438de679,まこさん,2026/3/22,3,露天風呂付き客室なのに、、、。,今回、結婚記念日のお祝いで利用させて頂きました。事前にこの事も伝えていましたが、特におめでとうございますの言葉もありませんでした。 離れの露天風呂付き客室を選びました。高い部屋なのに、露天風呂は、冷たくて入れず。露天風呂付きの意味？？家族風呂に入る事は出来ましたが、高いお金払って客室露天風呂に入れなかったのは全く残念でした。 しかし、料理は、朝食も夕食も大満足でした。それだけが救いでした。,"時期:2026年3月宿泊; プラン:【じゃらんのお得な10日間】関あじ＆豊後牛など旬の食材を使用した割烹会席(１泊２食／朝夕お部屋食）; 価格帯:28,001～29,000円(大人１名あたり/税込); 部屋:2; 風呂:1; 料理(朝食):5; 料理(夕食):5; 接客・サービス:3 | プラン 【じゃらんのお得な10日間】関あじ＆豊後牛など旬の食材を使用した割烹会席(１泊２食／朝夕お部屋食） 和洋室 朝・夕 朝/部屋出し 夕/部屋出し",https://www.jalan.net/yad322964/kuchikomi/,1,room_open_air_bath;family_bath;food,raw/jalan/jalan.html,cp932,mixed,body_positive_and_negative,high,body_sentiment_inference_needed
OTA full review,Jalan,jalan_67738aa9034a7c99,よっちゃんさん,2026/3/17,5,誕生日のお祝いでした,誕生日のお祝いをするためにお料理が良いとクチコミで見て決めました。静かでお料理も美味しくお酒も県外の珍しい物を教えていただき美味しく頂きました。ゆっくり温泉につかり良い時間を過ごすことができました。従業員の方とのおしゃべりも楽しかったです。ありがとうございました。,"時期:2026年3月宿泊; プラン:【アワード受賞記念】通常より10%OFF！関あじ・伊勢海老・豊後牛の会席プラン(１泊２食付／夕食お部屋食）; 価格帯:23,001～24,000円(大人１名あたり/税込); 部屋:4; 風呂:4; 料理(朝食):5; 料理(夕食):5; 接客・サービス:5 | プラン 【アワード受賞記念】通常より10%OFF！関あじ・伊勢海老・豊後牛の会席プラン(１泊２食付／夕食お部屋食） 和室 朝・夕 朝/個室利用 夕/部屋出し",https://www.jalan.net/yad322964/kuchikomi/,1,food,raw/jalan/jalan.html,cp932,positive,body_positive,high,body_sentiment_inference_needed
OTA full review,Jalan,jalan_692eadef7c0367cf,のぶりんさん,2026/3/15,5,ゆっくりした時間が過ぎてとても良かった。,食事も部屋食で移動せず味も量も充分満足でした。 従業員の方も丁寧でとても良かったですよ。 別府に行く事があれば寄りたいです。,"時期:2026年3月宿泊; プラン:【アワード受賞記念】通常より10%OFF！関あじ・伊勢海老・豊後牛の会席プラン(１泊２食付／朝夕お部屋食); 価格帯:30,001円以上(大人１名あたり/税込); 部屋:4; 風呂:4; 料理(朝食):5; 料理(夕食):5; 接客・サービス:5 | プラン 【アワード受賞記念】通常より10%OFF！関あじ・伊勢海老・豊後牛の会席プラン(１泊２食付／朝夕お部屋食) 和室 朝・夕 朝/部屋出し 夕/部屋出し",https://www.jalan.net/yad322964/kuchikomi/,1,food,raw/jalan/jalan.html,cp932,positive,body_positive,high,body_sentiment_inference_needed
OTA full review,Jalan,jalan_80b11e655894ac39,爺さん,2026/3/13,4,ゆっくりできました。,料理は、文句なしに最高でした！ お風呂は貸切のみで、フロントで鍵を受け取るタイプだったので 気軽に温泉というわけにはいきませんでした。 (ちなみに温泉の成分表の表記は無く残念。) 館内は清潔感があふれて、のんびりできました。 ありがとうございました。,"時期:2026年3月宿泊; プラン:【アワード受賞記念】通常より10%OFF！関あじ・伊勢海老・豊後牛の会席プラン(１泊２食付／夕食お部屋食）; 価格帯:21,001～22,000円(大人１名あたり/税込); 部屋:4; 風呂:4; 料理(朝食):5; 料理(夕食):5; 接客・サービス:4 | プラン 【アワード受賞記念】通常より10%OFF！関あじ・伊勢海老・豊後牛の会席プラン(１泊２食付／夕食お部屋食） 和室 朝・夕 朝/個室利用 夕/部屋出し",https://www.jalan.net/yad322964/kuchikomi/,1,private_bath;food,raw/jalan/jalan.html,cp932,mixed,body_positive_and_negative,high,body_sentiment_inference_needed
OTA full review,Jalan,jalan_5d8040015efe90fe,しかちゃんさん,2026/3/5,5,景色が綺麗な,3日から1泊の泊まりできました。次の日が私の誕生日＆入籍日と言うこともあり記念旅行になりました。 別府に来るのは初めてなので、とても楽しみでした。 旅行当日、天気は悪かったですが部屋からは虹が見えました。 朝、夜と部屋食にしましたが、とても満足のいく料理ばかりでスタッフの方々の接客も良かったです。 カボスジュースも美味しかったです。 また記念ごとがあったら行きたいねと旦那に言いました。 とても良い思い出になり、スタッフの皆様 お世話になりました。,"時期:2026年3月宿泊; プラン:【アワード受賞記念】通常より10%OFF！関あじ・伊勢海老・豊後牛の会席プラン(１泊２食付／朝夕お部屋食); 価格帯:27,001～28,000円(大人１名あたり/税込); 部屋:5; 風呂:5; 料理(朝食):5; 料理(夕食):5; 接客・サービス:5 | プラン 【アワード受賞記念】通常より10%OFF！関あじ・伊勢海老・豊後牛の会席プラン(１泊２食付／朝夕お部屋食) 和室 朝・夕 朝/部屋出し 夕/部屋出し",https://www.jalan.net/yad322964/kuchikomi/,1,food,raw/jalan/jalan.html,cp932,mixed,body_positive_and_negative,high,body_sentiment_inference_needed
OTA full review,Jalan,jalan_8020be43ae85caad,みぃさん,2026/3/3,5,料理がめちゃくちゃ美味しい！,今回の大分旅行のメインといっても過言ではないくらい楽しみにしていたお宿です。旅館というよりも何となく家にいる感覚に近い感じで凄くいい時間を過ごせました。夕食のお刺身も凄く新鮮で臭みもなく普段刺身をほとんど食べない私でもぺろりと食べてしまうくらい美味しくおおいた和牛のせいろ蒸しとステーキも凄く美味しかったです。デザートのブリュレも料理長さん手作りとお聞きしました。ブリュレ単品でお店を出されてもいいレベルの美味しさです。少し残念だったのは貸切風呂のお湯がぬるく足そうとしたのですが栓をひねってもお湯が出てきませんでした。自分達の仕方が悪かったのかなとも思いましたが他の部分では大変満足でまた行きたいと思えたお宿です。,"時期:2026年3月宿泊; プラン:【アワード受賞記念】通常より10%OFF！関あじ・伊勢海老・豊後牛の会席プラン(１泊２食付／朝夕お部屋食); 価格帯:26,001～27,000円(大人１名あたり/税込); 部屋:5; 風呂:4; 料理(朝食):5; 料理(夕食):5; 接客・サービス:5 | プラン 【アワード受賞記念】通常より10%OFF！関あじ・伊勢海老・豊後牛の会席プラン(１泊２食付／朝夕お部屋食) 和室 朝・夕 朝/部屋出し 夕/部屋出し",https://www.jalan.net/yad322964/kuchikomi/,1,private_bath;food,raw/jalan/jalan.html,cp932,mixed,body_positive_and_negative,high,body_sentiment_inference_needed
OTA full review,Jalan,jalan_391053d88857d743,みーさん,2026/2/26,5,ゆっくりと過ごしたい方におすすめ,お部屋、露天風呂、お食事どれもとても満足でした。 お部屋は、離れのようになっていて、露天風呂付客室では時間を気にせずゆっくりと温泉を楽しめました。家族風呂も朝から入ることが出来ました。お食事は、土地の旬や美味しいものを楽しませてもらいました。 ゆっくりとした時間を過ごすのに、とてもいいお宿でした。,"時期:2026年2月宿泊; プラン:【アワード受賞記念】通常より10%OFF！関あじ・伊勢海老・豊後牛の会席プラン(１泊２食付／夕食お部屋食）; 価格帯:23,001～24,000円(大人１名あたり/税込); 部屋:5; 風呂:5; 料理(朝食):5; 料理(夕食):5; 接客・サービス:5 | プラン 【アワード受賞記念】通常より10%OFF！関あじ・伊勢海老・豊後牛の会席プラン(１泊２食付／夕食お部屋食） 和室 朝・夕 朝/個室利用 夕/部屋出し",https://www.jalan.net/yad322964/kuchikomi/,1,family_bath;food,raw/jalan/jalan.html,cp932,positive,body_positive,high,body_sentiment_inference_needed
OTA full review,Jalan,jalan_bbfc0eb914ca45c7,あきほパパさん,2026/2/26,5,別府鉄輪温泉街の雰囲気を満喫,じゃらんアワードを複数受賞ということで、期待感を込めて来訪しました。結果、別府鉄輪の古くからの温泉文化を堪能することが出来ました。部屋はメゾネット形式で、清潔感一杯。願望は湧き出る湯けむり。源泉の内、露天風呂付。他に貸し切り風呂もあり。温泉を満喫。料理も、大分・別府名物が盛りだくさん。その他、諸々良好。とにかく、別府温泉を十分体感できた１泊２日でした。,"時期:2026年2月宿泊; プラン:【アワード受賞記念】通常より10%OFF！関あじ・伊勢海老・豊後牛の会席プラン(１泊２食付／朝夕お部屋食); 価格帯:26,001～27,000円(大人１名あたり/税込); 部屋:5; 風呂:4; 料理(朝食):3; 料理(夕食):4; 接客・サービス:5 | プラン 【アワード受賞記念】通常より10%OFF！関あじ・伊勢海老・豊後牛の会席プラン(１泊２食付／朝夕お部屋食) 和洋室 朝・夕 朝/部屋出し 夕/部屋出し",https://www.jalan.net/yad322964/kuchikomi/,1,private_bath;source_flow;food;access,raw/jalan/jalan.html,cp932,positive,body_positive,high,body_sentiment_inference_needed
OTA full review,Jalan,jalan_6c7cd41e3ebdd973,かすみさん,2026/2/23,5,あっかいお風呂とスタッフ、美味しいご飯,友達との旅行で利用させていただきました。 お部屋の内風呂からもお食事の席からも温泉街が一望できます！温泉街の湯けむりを眺めながら美味しいご飯を堪能できて幸せな一日になりました。スタッフの方のおもてなしも温かく心までポカポカになりました！,"時期:2026年2月宿泊; プラン:【アワード受賞記念】通常より10%OFF！関あじ・伊勢海老・豊後牛の会席プラン(１泊２食付／朝夕お部屋食); 価格帯:26,001～27,000円(大人１名あたり/税込); 部屋:5; 風呂:5; 料理(朝食):5; 料理(夕食):5; 接客・サービス:5 | プラン 【アワード受賞記念】通常より10%OFF！関あじ・伊勢海老・豊後牛の会席プラン(１泊２食付／朝夕お部屋食) 和洋室 朝・夕 朝/部屋出し 夕/部屋出し",https://www.jalan.net/yad322964/kuchikomi/,1,food,raw/jalan/jalan.html,cp932,neutral,neutral_or_lodging_context,medium,body_sentiment_inference_needed
OTA full review,Jalan,jalan_8ed0d2d4147e1f80,ちひろさん,2026/2/21,5,スタッフの方が優しい、ご飯が美味しい,この度は素敵な時間をありがとうございました。 事前のメールでのやり取りの段階からとても丁寧に対応してくださり、安心して宿泊することができました。当日も温かく迎えていただき、スタッフの皆さまの心遣いがとても嬉しかったです。 お食事の際も明るく接してくださり、他愛もないお話をしながら楽しい時間を過ごすことができ、大分の旅がさらに素敵な思い出になりました。お料理はどれも新鮮でとても美味しく、特にお刺身が印象に残っています。 お部屋も清潔で居心地が良く、早朝から外の露天風呂にゆっくり浸かりながら贅沢な時間を過ごすことができました。 またぜひ伺いたいと思います。本当にありがとうございました。,"時期:2026年2月宿泊; プラン:【アワード受賞記念】通常より10%OFF！関あじ・伊勢海老・豊後牛の会席プラン(１泊２食付／朝夕お部屋食); 価格帯:26,001～27,000円(大人１名あたり/税込); 部屋:5; 風呂:5; 料理(朝食):5; 料理(夕食):5; 接客・サービス:5 | プラン 【アワード受賞記念】通常より10%OFF！関あじ・伊勢海老・豊後牛の会席プラン(１泊２食付／朝夕お部屋食) 和室 朝・夕 朝/部屋出し 夕/部屋出し",https://www.jalan.net/yad322964/kuchikomi/,1,food,raw/jalan/jalan.html,cp932,positive,body_positive,high,body_sentiment_inference_needed
OTA full review,Jalan,jalan_d192571a4cf3645c,あやさん,2026/2/16,5,赤ちゃん連れでもよかった,0歳、2歳を連れて泊まりました。部屋にバウンサーを用意してくださって赤ちゃんを横にすることができました お風呂も家族で入ることができよかったです,"時期:2026年2月宿泊; プラン:【スタンダード】関あじ・伊勢海老・豊後牛！旬の食材を使用した割烹会席プラン(１泊２食付／夕食お部屋食); 価格帯:27,001～28,000円(大人１名あたり/税込); 部屋:5; 風呂:5; 料理(朝食):4; 料理(夕食):5; 接客・サービス:5 | プラン 【スタンダード】関あじ・伊勢海老・豊後牛！旬の食材を使用した割烹会席プラン(１泊２食付／夕食お部屋食) 和室 朝・夕 朝/個室利用 夕/部屋出し",https://www.jalan.net/yad322964/kuchikomi/,1,food,raw/jalan/jalan.html,cp932,positive,body_positive,high,body_sentiment_inference_needed
OTA full review,Jalan,jalan_5154a90d7718870e,マミちゃんさん,2026/2/10,5,部屋の露天風呂最高。,珍しく娘との二人旅。最強寒波の日でしたのでまず貸し切り風呂で暖まり、せっかくの部屋の露天風呂はどうかなと思ってたのですが、娘は寝る前に星空を見ながら入浴。朝は7時にボイラーで沸かしてくれてたので、二人で朝風呂を堪能しました。お料理も全部美味しかった。個人まりとした静かな宿で大人旅には最適です。スタッフも皆さん感じ良かったです。お世話になりました。,"時期:2026年2月宿泊; プラン:【アワード受賞記念】通常より10%OFF！関あじ・伊勢海老・豊後牛の会席プラン(１泊２食付／夕食お部屋食）; 価格帯:23,001～24,000円(大人１名あたり/税込); 部屋:5; 風呂:5; 料理(朝食):5; 料理(夕食):5; 接客・サービス:5 | プラン 【アワード受賞記念】通常より10%OFF！関あじ・伊勢海老・豊後牛の会席プラン(１泊２食付／夕食お部屋食） 和室 朝・夕 朝/個室利用 夕/部屋出し",https://www.jalan.net/yad322964/kuchikomi/,1,room_open_air_bath;private_bath;food,raw/jalan/jalan.html,cp932,mixed,body_positive_and_negative,high,body_sentiment_inference_needed
OTA full review,Jalan,jalan_d1ff0cded14cf6d1,ふくやん127さん,2026/2/10,2,夕食は刺身以外は美味かった,前面道路からは宿看板が分かりにくかった。 チェックイン16時頃にフロントに誰も居らず、呼び鈴もダメで、先客も困っていたのでスマホで宿に電話してやっと気付いて頂き受付完了。 部屋食でしたが階段を上がった部屋で食べるタイプ。食事の度に上がり下りは年配には厳しかったので事前に宿案内に掲載して頂きたい。楽しみだった関アジ関サバは捌いてから少し時間が経っていたようで表面は乾いた状態でした。朝食はおひつや急須が置かれず、茶碗のご飯一膳と湯呑み一杯のお茶が置かれた。電話でお代わりを告げてくれと後で言われた次第。 部屋風呂は温泉ですが掛け流しではない為、2-3時間も経つとすっかり冷めて足し湯する事になります。その際垂れ流し状態が続くとフロントから、湯温が46度超えていますと案内の連絡が部屋に入ります。 チェックアウト時に温泉税は現金のみ。カード不可。 アウト後のキャリーケースは一時預かりは断られました。 敷き布団は床から10センチ以上上がっているので布団から出る時その段差で転倒し足をくじき膝も赤くなっていました。ベッド程の段差では無く普段は気付かない段差なので宿泊者は起床時は注意が必要です。 以上が期待を込めて宿泊した感想では無く実際に宿泊し経験した報告になります。,"時期:2026年2月宿泊; プラン:【じゃらん限定】夕食グレードアップ！視覚と味覚で料理を愉しむ～玉手箱会席プラン～（朝夕お部屋食）; 価格帯:30,001円以上(大人１名あたり/税込); 部屋:2; 風呂:2; 料理(朝食):2; 料理(夕食):3; 接客・サービス:2 | プラン 【じゃらん限定】夕食グレードアップ！視覚と味覚で料理を愉しむ～玉手箱会席プラン～（朝夕お部屋食） 和洋室 朝・夕 朝/部屋出し 夕/部屋出し",https://www.jalan.net/yad322964/kuchikomi/,1,room_bath;source_flow;temperature_cold;food,raw/jalan/jalan.html,cp932,mixed,body_positive_and_negative,high,body_sentiment_inference_needed
Korean blog direct article,Tistory Blog,tistory_b596fddbf3656812,gourmet trip,2024-03-28,,일본 벳부 료칸 하치요 - 조용하고 프라이빗 한 온천,"한국어 블로그 본문에서 별채 객실 개인 노천탕, 전세탕, 조용한 프라이빗 온천 경험, 가이세키 만족 신호가 확인됨.",Opened static HTML direct body; long original text not copied,https://possing.tistory.com/284,1,room_open_air_bath;private_bath;food,raw/korean/tistory.html,utf-8,positive,body_positive,high,body_sentiment_inference_needed
Google Maps native visible review via Aside snapshot,Google Maps,google_b5cf6845cce384df,Youngjin Kim,2025 approx,5,Google-native visible review,한국인에게 덜 알려진 신생 료칸. 8실 규모와 별채 객실 추천 신호가 보임.,Aside Browser Google Maps review tab snapshot; Google-native only,https://www.google.com/maps/search/?api=1&query=%E9%89%84%E8%BC%AA%E6%B8%A9%E6%B3%89%20%E5%85%AB%E8%91%89%20%E5%88%A5%E5%BA%9C,0,,Aside Google Maps snapshot 2026-07-08,snapshot,neutral,neutral_or_lodging_context,medium,body_sentiment_inference_needed
Google Maps native visible review via Aside snapshot,Google Maps,google_dc155c9f23b74b27,J J,2025 approx,5,Google-native visible review,낭만적인 휴가였다는 한국어 Google-native 리뷰. 욕장 세부 본문은 가시 영역에서 확인되지 않음.,Aside Browser Google Maps review tab snapshot; Google-native only,https://www.google.com/maps/search/?api=1&query=%E9%89%84%E8%BC%AA%E6%B8%A9%E6%B3%89%20%E5%85%AB%E8%91%89%20%E5%88%A5%E5%BA%9C,0,,Aside Google Maps snapshot 2026-07-08,snapshot,neutral,neutral_or_lodging_context,medium,body_sentiment_inference_needed
Google Maps native visible review via Aside snapshot,Google Maps,google_4b084beefc40435e,Yu U,2026-03 approx,5,Google-native visible review,"8실 규모의 편안한 숙소, 아이 동반으로 쾌적했다는 신호. 요리 중심.",Aside Browser Google Maps review tab snapshot; Google-native only,https://www.google.com/maps/search/?api=1&query=%E9%89%84%E8%BC%AA%E6%B8%A9%E6%B3%89%20%E5%85%AB%E8%91%89%20%E5%88%A5%E5%BA%9C,0,,Aside Google Maps snapshot 2026-07-08,snapshot,positive,body_positive,high,body_sentiment_inference_needed
Google Maps native visible review via Aside snapshot,Google Maps,google_c4be895c1e2c4f4f,かにかま（トマト）,2026-04 approx,1,Google-native visible review,예약한 방과 안내받은 방이 달랐다는 저평점 방 배정 혼동 신호.,Aside Browser Google Maps review tab snapshot; Google-native only,https://www.google.com/maps/search/?api=1&query=%E9%89%84%E8%BC%AA%E6%B8%A9%E6%B3%89%20%E5%85%AB%E8%91%89%20%E5%88%A5%E5%BA%9C,0,booking_confusion,Aside Google Maps snapshot 2026-07-08,snapshot,mixed,conditional_signal_tag,medium,body_sentiment_inference_needed
Google Maps native visible review via Aside snapshot,Google Maps,google_ad801968cb5b0e25,永田純子,2026-04 approx,5,Google-native visible review,전세 목욕탕과 방 옆 노천탕을 함께 언급. 1박 2일에 여러 번 온천 이용했다는 강한 욕장 신호.,Aside Browser Google Maps review tab snapshot; Google-native only,https://www.google.com/maps/search/?api=1&query=%E9%89%84%E8%BC%AA%E6%B8%A9%E6%B3%89%20%E5%85%AB%E8%91%89%20%E5%88%A5%E5%BA%9C,1,private_bath,Aside Google Maps snapshot 2026-07-08,snapshot,positive,rating_positive_signal,medium,body_sentiment_inference_needed
Google Maps native visible review via Aside snapshot,Google Maps,google_205d01fac8e6484b,ロッタ&キタ,2025 approx,3,Google-native visible review,玉葉 객실 이용 리뷰. 자세한 욕장 본문은 가시 영역에서 일부만 확인.,Aside Browser Google Maps review tab snapshot; Google-native only,https://www.google.com/maps/search/?api=1&query=%E9%89%84%E8%BC%AA%E6%B8%A9%E6%B3%89%20%E5%85%AB%E8%91%89%20%E5%88%A5%E5%BA%9C,0,,Aside Google Maps snapshot 2026-07-08,snapshot,neutral,neutral_or_lodging_context,medium,body_sentiment_inference_needed
Google Maps native visible review via Aside snapshot,Google Maps,google_bb29710a1a2e5525,原貴代美,2026-04 approx,5,Google-native visible review,조용히 머물 수 있었고 요리가 좋았다는 Google-native 리뷰.,Aside Browser Google Maps review tab snapshot; Google-native only,https://www.google.com/maps/search/?api=1&query=%E9%89%84%E8%BC%AA%E6%B8%A9%E6%B3%89%20%E5%85%AB%E8%91%89%20%E5%88%A5%E5%BA%9C,0,,Aside Google Maps snapshot 2026-07-08,snapshot,positive,body_positive,high,body_sentiment_inference_needed
Google Maps native visible review via Aside snapshot,Google Maps,google_5fbaaa4621ae5c31,yu nishi,2025 approx,5,Google-native visible review,여성 2명 1박 이용. 자세한 욕장 본문은 더보기 영역이라 가시 본문 제한.,Aside Browser Google Maps review tab snapshot; Google-native only,https://www.google.com/maps/search/?api=1&query=%E9%89%84%E8%BC%AA%E6%B8%A9%E6%B3%89%20%E5%85%AB%E8%91%89%20%E5%88%A5%E5%BA%9C,0,,Aside Google Maps snapshot 2026-07-08,snapshot,neutral,neutral_or_lodging_context,medium,body_sentiment_inference_needed
Google Maps native visible review via Aside snapshot,Google Maps,google_f817aa7a245fa23e,伊東和幸,2025 approx,5,Google-native visible review,"객실 내 목욕탕, 노천탕, 전세 가족탕을 함께 긍정. 지옥순례 접근성도 언급.",Aside Browser Google Maps review tab snapshot; Google-native only,https://www.google.com/maps/search/?api=1&query=%E9%89%84%E8%BC%AA%E6%B8%A9%E6%B3%89%20%E5%85%AB%E8%91%89%20%E5%88%A5%E5%BA%9C,1,family_bath,Aside Google Maps snapshot 2026-07-08,snapshot,positive,rating_positive_signal,medium,body_sentiment_inference_needed
Google Maps native visible review via Aside snapshot,Google Maps,google_c1f86e20819794ca,T -,2025 approx,3,Google-native visible review,온천 등 설비가 좁고 기대에 못 미쳤다는 부정 신호.,Aside Browser Google Maps review tab snapshot; Google-native only,https://www.google.com/maps/search/?api=1&query=%E9%89%84%E8%BC%AA%E6%B8%A9%E6%B3%89%20%E5%85%AB%E8%91%89%20%E5%88%A5%E5%BA%9C,1,small_bath_or_room,Aside Google Maps snapshot 2026-07-08,snapshot,mixed,body_negative_with_context,high,body_sentiment_inference_needed
