sample_no,source,source_subtype,review_id,review_date,stay_date,author,profile,rating,bath_score,language,is_onsen_related,bath_area_tags,matched_keywords,room_or_plan,title,body,source_url,signal_direction,direction_backfill_rule,direction_backfill_confidence,direction_backfill_candidate_type
1,Jalan,jalan_current,15378549,2026/6/21,,,,,5,ja,True,room_open_air_bath,風呂;露天;半露天;湯;お湯;時間,,満足です,スタッフの丁寧な対応にとても満足しました 天候や飛行機の遅れ等で到着時間が遅れてしまいましたが、とても丁寧に対応していただきました。お若いスタッフの方々でしたがとても気持ち良い対応で、教育が行き届いていることと思います 九州一周をしていると話したら、おすすめの旅行プランを教えてくれたり、会話でも楽しませていただきました お部屋も古めながら趣と清潔感があり、心地よく過ごせました 繁縷というお部屋で、お部屋内の半露天風呂もかけ流しではないものの、湯温の調整もできていいお湯を楽しませていただきました 食事はとても工夫されたもので、量的には少し押さえぎみな感じがありましたが、私たちには丁度良いボリュームでこちらも満足です また泊まりたいと思わせてくれるお宿のひとつとなりました クーポンを使ったのでコスパは高目と思います,https://www.jalan.net/yad397509/kuchikomi/,positive,body_positive,high,body_sentiment_inference_needed
2,Jalan,jalan_current,15344598,2026/6/4,,,,,5,ja,True,room_open_air_bath,温泉;風呂;露天;半露天,,のんびりできました,部屋に半露天風呂があり、好きなタイミングで何度でも温泉を楽しめました。関アジのお造りが付いたプランでしたが、関アジはもちろん他のメニューもとても美味しくいただきました。2食とも部屋食だったのでさらにゆっくり過ごせました。のんびりしたい方にはぴったりだと思います。,https://www.jalan.net/yad397509/kuchikomi/,positive,body_positive,high,body_sentiment_inference_needed
3,Jalan,jalan_current,15334348,2026/5/31,,,,,5,ja,True,room_open_air_bath;private_bath,風呂;露天;半露天;貸切,,満足のいくスタッフの親切さとサービス,スタッフの応対と接客がとても満足しています。部屋で応対された夕食懐石のクオリティがとても満足です。大分特産カボスを入れたハイボールは独特の風味で料理とよく合い、数杯で食べたかったです。 「御形」ルーム庭園の景色も絶品でした。部屋で楽しむ半露天風呂と、貸切風呂で楽しむ休憩は旅館の外に出る必要をなくします。朝食までサービスを受けたら、自然にもっと宿泊したくなります。特に、滞在中の子供の食事や座席などへの配慮がありました。料金は少し高いですが、ジャランのクーポンで補完されます。是非また会いたいです。 （翻訳機に翻訳します。）,https://www.jalan.net/yad397509/kuchikomi/,positive,body_positive,high,body_sentiment_inference_needed
4,Jalan,jalan_current,15223499,2026/4/13,,,,,3,ja,True,private_bath,風呂;予約,,部屋から見える桜が. . .,何度か宿泊してますが、今回は以前泊まった際に仲居さんに見事な桜が部屋から見れますと言われて予約しましたが、周辺は満開でしたが部屋からの桜はまだまだの状況で残念でした。自然のものだから致し方ありません。 夕食はいつも美味しく頂きます。貸し切り風呂もありゆっくり出来ます。 またお世話になります。,https://www.jalan.net/yad397509/kuchikomi/,mixed,body_positive_and_negative,high,body_sentiment_inference_needed
5,Jalan,jalan_current,15213388,2026/4/9,,,,,4,ja,False,,,,夕飯大満足,部屋食でゆっくり食べたり呑んだりできました。これだったら小さい子供がいても安心して過ごせると思います。内容もおしゃれで繊細な料理が多くとても満足でした。さすが関アジは身が締まっており脂がのってとても美味しかったです。,https://www.jalan.net/yad397509/kuchikomi/,positive,body_positive,high,body_sentiment_inference_needed
6,Jalan,jalan_current,15128822,2026/3/2,,,,,5,ja,False,,,,2人でゆっくりしたい方におすすめ,全体的には良かったです ただ彼が食事が足りなくて 夜中お腹すいた～と言ってました。 他の旅館より少なめでした。,https://www.jalan.net/yad397509/kuchikomi/,positive,body_positive,high,body_sentiment_inference_needed
7,Jalan,jalan_current,15102021,2026/2/19,,,,,3,ja,True,room_open_air_bath;private_bath,風呂;露天;半露天;貸切;狭,,貸切り風呂がステキでした。,お部屋に半露天風呂が付いてました。少し狭い感じがしましたがウッドデッキが広いので夏場などは良いのかもしれません。目の前には川があるのですが、その先にマンションがあるので少し人目が気になる感じもしました。,https://www.jalan.net/yad397509/kuchikomi/,mixed,body_negative_with_context,high,body_sentiment_inference_needed
8,Jalan,jalan_current,15056844,2026/1/28,,,,,4,ja,True,room_open_air_bath;private_bath,風呂;露天;半露天;貸切,,部屋食に癒されました,妻の誕生日にお世話になりましたが、朝夕共に部屋食でゆっくり出来ましたし、貸切風呂も部屋の半露天風呂でもゆっくり出来て妻も喜んでいました。,https://www.jalan.net/yad397509/kuchikomi/,positive,body_positive,high,body_sentiment_inference_needed
9,Jalan,jalan_current,15006353,2026/1/5,,,,,3,ja,True,facility_wide,水,,カップル,お部屋、雰囲気は凄く良かった。料理も美味しかったです。 けど横の部屋の人らの声や物音が夜酷く、何も流してないのに排水溝から逆流する音がして、寝付きが悪かった。,https://www.jalan.net/yad397509/kuchikomi/,mixed,body_positive_and_negative,high,body_sentiment_inference_needed
10,Jalan,jalan_current,14975968,2025/12/24,,,,,3,ja,True,room_bath,風呂,,とても静かなひと時を過ごせます。,今回は素泊まりプランを利用しました。 とても静かな宿なので、ゆっくり過ごすなら良いと思います。 お部屋のお風呂は、ちょっと残念でした。 家族風呂は大丈夫です。,https://www.jalan.net/yad397509/kuchikomi/,mixed,body_positive_and_negative,high,body_sentiment_inference_needed
11,Jalan,jalan_current,14907577,2025/11/25,,,,,4,ja,True,facility_wide,風呂;露天,,恋人！誕生日旅行！,落ち着いた雰囲気！部屋付きの露天風呂は最高！すこし気になったのは、部屋付き露天風呂で外から見られないようになってるフェンス状なものをもう少し高さが欲しいなと思いました。立ったら隣の家から見られるのではないかとすこし心配になった！それ以外はとても良かったです！,https://www.jalan.net/yad397509/kuchikomi/,positive,body_positive,high,body_sentiment_inference_needed
12,Jalan,jalan_current,14898978,2025/11/21,,,,,3,ja,True,facility_wide,風呂;浴;時間,,プライベート感が良かった,お気に入りに追加。 食事の味付けが好みでした。 朝食も美味しかった。 スタッフさんも言葉を遮る事無く間を持って対応して下さるので快かったです。 お風呂使用後のダブ？スリッパ置き場に置くの？ 最初の説明を聞いて理解出来てなかったかな。 チェックアウト日の入浴可能時間など,https://www.jalan.net/yad397509/kuchikomi/,positive,body_positive,high,body_sentiment_inference_needed
13,Jalan,jalan_current,14874014,2025/11/11,,,,,5,ja,True,private_bath,温泉;貸切;予約,,貸切温泉もご飯も接客も素敵,温泉に入りたいという誕生日の彼氏の希望で探して、予約しました。 貸切温泉3つはもちろん、お部屋の温泉も最高で、夜も朝も入って癒されました。朝ごはんもとても美味しくて、普段朝は食べないわたしでも完食、彼氏もおいしい！と、とても喜んでいました。 また一緒に来ようと話しています。ありがとうございました。,https://www.jalan.net/yad397509/kuchikomi/,positive,body_positive,high,body_sentiment_inference_needed
14,Jalan,jalan_current,14845646,2025/10/31,,,,,5,ja,False,,,,全てにおいて大満足,接客もそうですが夕食から朝食まで全てにおいて大満足でした！ いい記念日の旅行になりました！ ありがとうございました。,https://www.jalan.net/yad397509/kuchikomi/,positive,body_positive,high,body_sentiment_inference_needed
15,Jalan,jalan_current,14798301,2025/10/12,,,,,4,ja,True,private_bath,温泉,,スタッフさんの対応素晴らしい！！,夫婦旅で利用させて頂きました。 お部屋に温泉があり、お部屋で2人だけでの食事が理想だったのでとても満足してます。 貸し切り温泉も三つあり、残念ながら全部の温泉には入れなかったのですが、朝早く起きて温泉に浸かり本当に心も身体も癒されました。主人が宮崎から大分まで運転だったので温泉に浸かり美味しいご飯を食べ日頃の疲れも少しはとれたのかなぁと。 私個人では、朝のご飯が最高でした！,https://www.jalan.net/yad397509/kuchikomi/,mixed,body_positive_and_negative,high,body_sentiment_inference_needed
16,Jalan,jalan_archive,14548821,2025/7/4,,,,,5,ja,True,facility_wide,温泉;風呂;源泉;時間,,夫婦での旅行でした。,夫婦での1泊旅行でした。源泉かけ流しの宿を探して１泊旅行を楽しんでます。今回も自宅から２時間程の別府の宿で部屋にも温泉の内風呂があり、家族風呂も３部屋あり、ゆっくり温泉を楽しむことが出来ました。夕、朝食とも美味しく、量も丁度いい量だったと思います。食事が部屋食なので他の宿泊客と会うこともなく静かに過ごせました。,https://www.jalan.net/yad397509/kuchikomi/archive/,positive,body_positive,high,body_sentiment_inference_needed
17,Jalan,jalan_archive,14531812,2025/6/26,,,,,5,ja,True,public_bath,温泉;風呂;湯;浴,,家族風呂満喫 お部屋で食事,建物は以前企業の別荘で利用されていたらしく古民家風でしたが清潔感もあり お風呂は大浴場ではないけど家族風呂を利用しました 鉄輪温泉なのて湯質は最高に気持ちよかったです 母が高齢のため部屋食で助かりました お肉も小さくカットしてくださったり助かりました 担当の方も親切で本当にお世話になりました 姪がアイロンとアイロン台をお借りしたくてフロントに電話したところ女性のスタッフの方が色々探してくださったようです 残念ながらアイロンはなかったのですが 心つかいに温かい気持ちになりました また帰省の際は伺いたいです ありがとうございました,https://www.jalan.net/yad397509/kuchikomi/archive/,mixed,body_positive_and_negative,high,body_sentiment_inference_needed
18,Jalan,jalan_archive,14308037,2025/3/19,,,,,5,ja,True,facility_wide,浴,,おもてなしに感動,幼児二人連れでの宿泊で色々心配していましたが、担当の方をはじめ、スタッフ皆さんが優しくしてくださり、子ども達もとても楽しんで過ごしてくれました。子供用の浴衣や布団のことなど、迅速に対応していただいてありがたかったです。 長男の妊娠中に利用させてもらって以来の、二回目の宿泊でしたが、変わらぬ暖かい接客に感動し、「また来て良かった、また来よう」と思いました。 大変お世話になりました。,https://www.jalan.net/yad397509/kuchikomi/archive/,positive,body_positive,high,body_sentiment_inference_needed
19,Jalan,jalan_archive,14123942,2024/12/18,,,,,5,ja,True,room_bath,温泉;風呂;露天;浴,,また訪れたいと思える宿が増えました,多くの宿泊客で賑わう大きなホテルではなく、ゆっくりのんびりできる宿として別邸はる樹さまに宿泊しました。 私たちからすると子供の年齢になるような若い接客係の男性でしたが、物腰柔らかい声掛けや気遣い、しっかり指導教育がなされているんだろうと感心いたしました。「布団くらい自分で敷きますよ」と言いたくなる感じでした。 部屋風呂と露天風呂、気兼ねなく何時でも入浴することができ体の芯から温まりました。 食事はオーソドックスな会席料理でしたが、どれも美味しく大変満足しました。 別府は仕事で数年間過ごしたこともあり、とても愛着のある場所です。また温泉旅行の際、宿に迷うことがあれば「別邸はる樹」様を利用させて頂きたいと思える素敵なお宿でした。,https://www.jalan.net/yad397509/kuchikomi/archive/,positive,body_positive,high,body_sentiment_inference_needed
20,Jalan,jalan_archive,14007093,2024/10/12,,,,,4,ja,True,private_bath,風呂;貸切,,ゆっくりできる宿,別府を観光する際に利用させて頂きました。 とても落ち着いた雰囲気で、ゆっくりすることが出来ました。 貸切風呂が3か所あるということで、全て制覇させて頂きました。 夕食もオシャレな見た目と地元の食材を使ったもので大変美味しかったです。ただ、品数が少し少なく物足りなかったことと、サーモンを使ったお料理が3回も出てきたため、少し飽きを感じました。 あとは、生ビールが欲しかったです。瓶だとちょっと、、 アメニティに関しては、ボディタオルが欲しかったです。 フェイスタオルをボディタオル代わりにしても良かったのですが、お風呂用のボディタオルがあればなおよしかもです。,https://www.jalan.net/yad397509/kuchikomi/archive/,positive,body_positive,high,body_sentiment_inference_needed
21,Jalan,jalan_archive,13941190,2024/9/3,,,,,4,ja,True,facility_wide,温泉,,高齢の両親とのんびりとくつろぐことができました,部屋を出ることなく食事と温泉を楽しむことができて満足できました。高齢の両親に高さのある座椅子を薦め用意していただくなど心づかいを嬉しく思いました。,https://www.jalan.net/yad397509/kuchikomi/archive/,positive,body_positive,high,body_sentiment_inference_needed
22,Jalan,jalan_archive,13899725,2024/8/13,,,,,5,ja,True,room_open_air_bath,温泉;風呂;露天;半露天,,おもてなしが最高。,まずチェックイン時の対応が良かったです。 お部屋の半露天風呂（温泉）ではお庭を見ながらゆったりくつろげ、お食事（夕食）はとても豪華、お酒もオリジナルのお酒で料理 と共に美味しく頂けました。お部屋担当だった方の笑顔での対応、そして何よりも気遣い に感動しました。またリピートしたい宿です。有り難うございました。,https://www.jalan.net/yad397509/kuchikomi/archive/,positive,body_positive,high,body_sentiment_inference_needed
23,Jalan,jalan_archive,13840572,2024/7/10,,,,,3,ja,True,room_open_air_bath,温泉;風呂;露天;湯,,うーむ,夫婦で初めて鉄輪温泉に旅行を計画 大分は別府や湯布院は泊まったことがあるものの鉄輪温泉は初めてでした 山口から熊本を周り露天風呂付きの静かなお宿をそれぞれ選びました お宿は閑静な住宅街にあり住所をナビに入れても近くまで 仕方なく宅急便の人に２回聞いてようやく辿り着きました 若いスタッフの方ばかりですが言葉遣いも丁寧で好感がもてました 期待が高すぎたのかもしれませんがお料理もなんかしっくりきませんでした 機械的というかマニュアル通りというか 大分って魚介のイメージを勝手に持ってたのですが鮭のメニューが多すぎてうーんってなったのと他の方の口コミにもあったけど朝ごはんも出来合いが多いなってのと白米の少なさ(＞人＜;) お布団もビックリするくらい薄くて主人と笑ってしまいました そして1番は歯ブラシです 今時あのレベルの歯ブラシ置いてる所無いと思いました コストパフォーマンスを言われてましたが目に見えるところはせめて標準レベルにしてもらいたいです 朝食で布団上げに来られテーブルを置き直す時は引きずっておられましたよ 目に見えない心の部分のコストパフォーマンスも良くは思えませんでした,https://www.jalan.net/yad397509/kuchikomi/archive/,neutral,neutral_or_lodging_context,medium,body_sentiment_inference_needed
24,Jalan,jalan_archive,13619783,2024/3/17,,,,,5,ja,False,,,,別府のおすすめ隠れ宿,4回目の利用になりますが、いつ伺ってもとても心遣いの感じる接客、美味しいご飯で癒され、リフレッシュさせて頂いています。また是非伺いたいと思います。,https://www.jalan.net/yad397509/kuchikomi/archive/,positive,body_positive,high,body_sentiment_inference_needed
25,Jalan,jalan_archive,13505533,2024/1/8,,,,,5,ja,True,private_bath,温泉;風呂,,父と母に感謝を込めた旅行,なかなか旅行に連れて行けない父と母に長年の感謝を込めた旅の宿にはる樹さんを選ばせていただきました。落ち着いた佇まいや、スタッフの方の温かい接客、貸し切り風呂の快適さ、手の込んだ料理など。素敵ねぇ、スタッフの方も感じがいいねと喜んでくれました。夜も朝もお部屋の温泉に入ってくれました。 観光について勉強中の大学生の息子は、隅々まで勉強になる様で感心しきりでした。庭の桜が咲く頃はまた綺麗でしょうね、鳥の鳴き声や、床の間に浮かぶ陽光がうつろうのもとてもすてきでした。 ここに書ききれないくらい楽しい思い出をありがとうございました！,https://www.jalan.net/yad397509/kuchikomi/archive/,positive,body_positive,high,body_sentiment_inference_needed
26,Jalan,jalan_archive,13465740,2023/12/17,,,,,5,ja,True,private_bath,風呂;肌;貸切;予約,,大満足！！！,とても良いお宿でした。 料理がとても美味しかったです！お刺身、しゃぶしゃぶその他どれも最高でした！！日本酒もたくさん堪能できました！ お風呂も予約なしの貸切風呂で、何度も入ることができ、お肌スベスベ髪もサラサラになりました！ 接客も愛想良く、心配りも丁寧で大変よかったです。 また、利用したいと思います。,https://www.jalan.net/yad397509/kuchikomi/archive/,positive,body_positive,high,body_sentiment_inference_needed
27,Jalan,jalan_archive,13423441,2023/11/23,,,,,4,ja,True,room_open_air_bath,風呂;露天;半露天,,静かにゆっくり過ごせました,料理も、風呂も最高！部屋に半露天があって静かにゆっくり過ごせました。眺望はなかったですが春木川のせせらぎを聞きながら過ごせたのもよかったです。眺望と朝食（作り置き感が少しありました）は少しマイナスポイントでした。桜の季節にまた伺えたらと思います。,https://www.jalan.net/yad397509/kuchikomi/archive/,positive,body_positive,high,body_sentiment_inference_needed
28,Jalan,jalan_archive,13316266,2023/9/29,,,,,5,ja,True,facility_wide,風呂;時間,,内風呂、最高。,従業員さんの対応も良く、程よく施設内が清潔で、ゆっくりできました。今回、内風呂付きの部屋を利用したので、時間を気にする事なく、ゆっくり入れました。夕食も量がちょうど良く、美味しく頂けました。食前酒から始まり、無花果の白和えなど、メインのしゃぶしゃぶなど、大変美味しかったです。夜食で、瓶ビールを注文したら、サプライズがありました。朝食も部屋食でしたが、布団を整理してもらった後に、すぐ準備されるので、部屋内のほこりがたち、少し気になりました。,https://www.jalan.net/yad397509/kuchikomi/archive/,positive,body_positive,high,body_sentiment_inference_needed
29,Jalan,jalan_archive,13308397,2023/9/25,,,,,4,ja,True,room_open_air_bath;private_bath,風呂;露天;半露天;掃除;狭,,ゆっくり過ごせます,お部屋は少し狭く感じましたが素敵なお部屋でした お盆の暑い盛りで 出掛ける気力もなく ずっと宿ではお部屋かお部屋の半露天風呂 ふらっと貸し切り風呂に行っても空いているので ホントに穏やかにゆっくり過ごすことができました チェックインから 他のお客さまと接触しない様な配慮はなされていましたが 夫が電子タバコを吸いますので 喫煙場所は通路に当たる様な所 他のお客さまに申し訳なく思いました 朝夕部屋食で 他人さまの目を気にせず美味しく頂戴しました 量的にも丁度良い感じでした 朝の鯛めしは とても美味しかったのが印象に残っています 台風が長らく居座り落ち葉のお掃除や窓ガラスの清掃が 大変だったと思いますが とても綺麗に整えて迎え入れて下さいました ありがとうございました,https://www.jalan.net/yad397509/kuchikomi/archive/,mixed,body_positive_and_negative,high,body_sentiment_inference_needed
30,Jalan,jalan_archive,13175962,2023/7/15,,,,,4,ja,True,room_bath,風呂;湯;時間,,還暦旅行,今回は、還暦祝い及び友人夫妻のお誕生日会も兼ねての旅でした。 奥様達も気兼ねする事なく、湯船に浸かれる部屋風呂でゆっくりのんびり出来たとの高評価 料理は彩りも良く、大分の名物を使った季節感あるメニュー 女性受けも良く、また来たいとの事で友人の旦那様も奥様孝行出来たと喜んでました。 接客対応も、迅速で丁寧な対応また笑顔のたえない対応で癒されました。 お世話になりました。 また、時間あれば訪れたい宿となりました。,https://www.jalan.net/yad397509/kuchikomi/archive/,positive,body_positive,high,body_sentiment_inference_needed
31,Jalan,jalan_archive,13100742,2023/5/29,,,,,4,ja,True,facility_wide,湯;お湯;熱;熱い,,すっきりしない…,"評価が良かったので宿泊してみました。 スタッフさんは、とても感じ良く親切な対応をしてくださいました。 期待していた夕食は、美味しくないとは思いませんが、今一つ満足できませんでした。普段少食の私でさえ、お料理の品数が少なく、あと一,二品揚げ物などの熱いものが欲しかったです。手抜きかなと… 宿泊したばかりなのに、お刺身としゃぶしゃぶ以外覚えていません。 しゃぶしゃぶもたれなしで、お出しに味があるからと説明されましたが、しゃぶしゃぶして直ぐに食べるから、出しの味などせずお湯でしゃぶしゃぶと同じでした。これも手抜きかなと… あと、ご飯はお櫃でほんのり温かい程度で美味しくなかったです。 お品数が少ないから、釜飯なら良かったですね！！ 品数、お料理の内容を見直すことですね！！！ このお料理でこのお値段では高すぎます。 残念ですが、また利用はないです。",https://www.jalan.net/yad397509/kuchikomi/archive/,mixed,body_positive_and_negative,high,body_sentiment_inference_needed
32,Jalan,jalan_archive,13017062,2023/4/8,,,,,4,ja,True,room_bath,風呂;露天;汚,,ご飯がとにかく美味しい,個室露天がついていない仏の座に泊まりました。 部屋は至って普通、汚くなくて特に綺麗！ってほどでもなかったです。 彼のバースデー旅行のため、ホールケーキを買って行きましたが部屋に冷蔵庫がなく、スタッフさんがすぐに預かっておきましょうかと声をかけてくださいました。 （夕食後にホールケーキとチャッカマン、切り分け用のナイフとお皿まで用意して持ってきてくださいました。） 部屋はYouTubeが見れたので、お子さんがいらっしゃるご家族に良さそうだなと感じました。 露天が二つと室内風呂が一つあり、全て貸し切ることができる。 露天風呂二つを晩と朝に使わせていただきましたが、正直ほぼ一緒です。 左右対称に作られてるくらい。 スタッフさんは皆さん気さくで丁寧で、心遣いをすごく感じられました。 当日のプランを話すと、地元民ならではのプチ情報も聞けて、すごく効率よく旅行を楽しめたので本当に感謝しています。 ご飯はとにかく美味しい… 本当に美味しい… すごく美味しい… 全部美味しい… すごくいい旅行になりました。 ありがとうございました。,https://www.jalan.net/yad397509/kuchikomi/archive/,mixed,body_positive_and_negative,high,body_sentiment_inference_needed
33,Jalan,jalan_archive,12915066,2023/2/8,,,,,3,ja,True,facility_wide,温泉;風呂;水;予約;時間,,実家に帰ったような気持ちになりました。,２階の部屋でした。宿と言うよりは実家に帰ったような？友達の家に遊びに来たような？感じでした。部屋かお風呂かしか居るところが無く時間を持て余した感じですが、姉妹でのんびりできました。とても落ち着く部屋で居心地は良かったのですが、車が通るたびに地響きがして、慣れるまではちょっとびっくりしました。姉は熊本地震を経験しているので少し怖がっていました。予約時の説明にも書いてあったので心づもりはありましたので大丈夫でした。景色は海が見えてキレイでした。夕食を運んでくださった男性のお話が面白く、楽しい時間でした。関サバがとても美味しく、この値段で泊まれて関サバが食べれて温泉も入れて満足です。温泉に入ったあとにロビーみたいな一角で美味しいお水も頂けました。一泊二日で他の宿泊客と会ったのは一回だけでした。朝ご飯も和な感じで美味しくいただきました。ひとりでも泊まれそうな宿です。ゆっくりしたい時にまた行きたいかなと思います。,https://www.jalan.net/yad397509/kuchikomi/archive/,positive,body_positive,high,body_sentiment_inference_needed
34,Jalan,jalan_archive,12732482,2022/11/4,,,,,5,ja,True,private_bath,風呂;貸切;時間,,接客と貸切風呂が最高,チェックインの時から、他のお客様と同時にならないよう配慮があり、お部屋も清潔で、音などもほとんど気にならず、お部屋の中でゆっくりくつろげるよう細かいところまで配慮されていました。また、食事は部屋に持って来ていただく形式でしたが、担当のスタッフの方はコミュニケーション力が高く、優しい心配りのできる方で、食事の時間もとても楽しい時間となりました。その他のスタッフの方々も親切で丁寧な対応でした。お味もとても上品で美味しかったです。貸切風呂も広々としていて、ゆったりとくつろぐことが出来ました。また大分に行く機会があれば、是非泊まらせていただきと思う宿でした。,https://www.jalan.net/yad397509/kuchikomi/archive/,positive,body_positive,high,body_sentiment_inference_needed
35,Jalan,jalan_archive,12727202,2022/11/1,,,,,4,ja,False,,,,お料理が最高,朝食夕食共にお部屋食 見た目、お味、量共に最高に美味しかったです♪ お宿の方もとても丁寧に対応していただきました。 お陰様で心地良くゆったりとお部屋で過ごすことができ、とても満足です。 また宿泊したいお宿の一つになりました,https://www.jalan.net/yad397509/kuchikomi/archive/,positive,body_positive,high,body_sentiment_inference_needed
36,Jalan,jalan_archive,12660485,2022/9/29,,,,,3,ja,False,,狭,,ちょっと割高かも,住宅街の中に位置していましたが、分かりやすかった。期待が大きかったせいか、チェックインしてみるとお部屋が思ったより狭く、古さもありました。ちょっと驚いたのは、明確なフロント（気づかなかっただけ）がなかったことです。,https://www.jalan.net/yad397509/kuchikomi/archive/,mixed,body_negative_with_context,high,body_sentiment_inference_needed
37,Jalan,jalan_archive,12599169,2022/8/30,,,,,5,ja,True,facility_wide,風呂;古い,,最高でした！,全体的に古い感じはしますが清潔に保たれています。予定より早めに到着しましたが、スタッフさんが快く受け入れてくださいました。夕食は本当に美味しかったです！量も味も最高でした。お風呂も気持ち良かったです！お部屋が少ないので人と会うことなくのんびりと過ごせます。 スタッフの方々の対応が丁寧です！,https://www.jalan.net/yad397509/kuchikomi/archive/,positive,body_positive,high,body_sentiment_inference_needed
38,Jalan,jalan_archive,12572663,2022/8/18,,,,,4,ja,False,,予約,,スタッフさんの対応が良い,今回旦那の誕生日旅行として利用させて頂きました。 チェックインする時に丁寧に説明してくださり、スタッフの方の対応の良さがとても印象的です。夕食時に料理を運んで下さる男性スタッフさんがとても気さくでいろんなお話が出来て楽しかったです。またサプライズケーキも予約させて頂いていたのですがタイミングもバッチリで旦那にも喜んでもらえました。帰る時には男性スタッフさんからの手紙もいただいて、とても思い出の残る旅行となりました。お部屋もとても清潔感がありよかったです。 また機会があれば是非利用したいです。,https://www.jalan.net/yad397509/kuchikomi/archive/,positive,body_positive,high,body_sentiment_inference_needed
39,Jalan,jalan_archive,12524652,2022/7/27,,,,,5,ja,True,room_bath;room_open_air_bath;private_bath,風呂;露天;泉質,,お風呂がオススメ,今回お世話になったお部屋が露天風呂付きで雰囲気が良く泉質も最高です。更に貸し切り風呂もあってお部屋のお風呂以上に最高でした。夕食は全部が美味しくてボリュームもあり大変満足でした。,https://www.jalan.net/yad397509/kuchikomi/archive/,positive,body_positive,high,body_sentiment_inference_needed
40,Jalan,jalan_archive,12491031,2022/7/9,,,,,5,ja,True,facility_wide,湯;泉質;時間,,隠れ宿のようなお宿,他の宿泊者に会うことなく、落ち着いた時間を過ごすことができました。食事も食べきれない程で、どれも美味しく頂きました。 泉質もしっとりで、湯上がりに「韓国パック」まで用意されていて、ビックリでした！ 従業員の方、色々な気遣いに感謝いたします。ありがとうございました。,https://www.jalan.net/yad397509/kuchikomi/archive/,positive,body_positive,high,body_sentiment_inference_needed
41,Jalan,jalan_archive,12449690,2022/6/17,,,,,5,ja,True,room_open_air_bath,風呂;露天;時間,,おもてなしが良く、ゆっくり気持ちよく過ごせました。,【接客】 感情が入ったおもてなしでとても心地の良い時間になりました。 【部屋】 夜客室露天風呂に入りウッドデッキのビーチベットで涼んでいると川の音が聞こえてくるので、お庭にも灯りがあると川の音とお庭の景色が見えて更に風情があって良いのかなぁなんて思いました。 朝風呂がとっても気持ちよかったです。 【食事】 朝も夜もボリューム満点で特に夜は、すき焼き残してしまって惜しい気持ちです。(笑) 【総合】 他のお客さんに滅多に会う事は無いので、本当にゆっくりくつろげる時間になりました。,https://www.jalan.net/yad397509/kuchikomi/archive/,positive,body_positive,high,body_sentiment_inference_needed
42,Jalan,jalan_archive,12413705,2022/5/29,,,,,5,ja,True,private_bath,温泉;湯;お湯;熱;時間,,ゆっくり落ち着く良いお宿でした。,梅雨前に、ツーリングに行っておこうと、急遽決めたのですが、はる樹さんを選んで正解でした。 到着してすぐに、貸し切り温泉に入り、二人ゆったりできる広さで 、熱めのお湯でしたが、疲れもとれました。 初めてのお部屋食も、落ち着いていただくことができよかったです。 夕食、朝食共、品数も多く、どれも工夫されていて美味しかったです。 スタッフさんたちも、丁寧だけど控え目で、おかげでゆったりとした時間を過ごすことができました。 また訪れたいお宿です。,https://www.jalan.net/yad397509/kuchikomi/archive/,positive,body_positive,high,body_sentiment_inference_needed
43,Jalan,jalan_archive,12364651,2022/5/4,,,,,5,ja,True,private_bath,温泉;風呂;貸切;時間,,ゆっくりした時を過ごすのに最適な場所,旅館の雰囲気もとても良く、時間を忘れて静かに休むことが出来ました！旅館もとても美味しくてメインのすき焼きはサイコーです、料理が多いと言われましたが全部食べきってしまいました笑 お部屋にお風呂がついていますが、それとは別に貸切風呂も無料で利用することもでき、温泉も満喫することができます。 次の日、由布院の旅館にも泊まりましたが 別邸 はる樹さんの方がとても満足することが出来ました！また是非訪れたいです！,https://www.jalan.net/yad397509/kuchikomi/archive/,positive,body_positive,high,body_sentiment_inference_needed
44,Jalan,jalan_archive,12336980,2022/4/19,,,,,5,ja,False,,,,すべて最高,0歳の息子を連れてはじめてのお泊りで、少し心配はしてましたが時前に連絡がきて0歳の子供がいると伝えると部屋に着いた時赤ちゃん用の椅子が準備されてありました。そしてお食事が全てお部屋でできたのがすごく嬉しかったです。 スタッフもすごくいい人ばかりでとても寛ぐことができました。 次は夕食も食べてみたいです。,https://www.jalan.net/yad397509/kuchikomi/archive/,positive,body_positive,high,body_sentiment_inference_needed
45,Jalan,jalan_archive,12334016,2022/4/17,,,,,4,ja,True,room_bath;private_bath,風呂;貸切;狭,,ゆっくりさせてもらいました,小さなお宿で全て部屋食。コロナ禍の中チェックインの時以外は他の宿泊客様とお会いする事もなく、一泊ゆっくりと過ごす事が出来ました。お部屋のお風呂はやや狭めでしたが1人で入るには十分でした。私は貸切風呂を２回も利用させて頂きました。こちらは広々としていて大満足。お食事は見た目も綺麗でお味も美味しく頂きました。立地も地獄めぐりなどにも近く便利だと思います。親子3人と言っても皆大人ですが素敵な家族旅行になりました。ありがとうございました。,https://www.jalan.net/yad397509/kuchikomi/archive/,mixed,body_positive_and_negative,high,body_sentiment_inference_needed
46,Jalan,jalan_archive,12309348,2022/4/2,,,,,5,ja,True,private_bath,温泉,,料理が最高！！,友達の誕生日祝いで利用させていただきました！ お出迎えから接客も良かったです。部屋も広々で、テレビでYouTubeをみたりもできて良かったです！！ 料理も夕食も朝食も最高においしかったです。温泉も貸し切りで雰囲気もよかったです☆ また利用したいなと思いました！,https://www.jalan.net/yad397509/kuchikomi/archive/,positive,body_positive,high,body_sentiment_inference_needed
47,Jalan,jalan_archive,12308396,2022/4/1,,,,,4,ja,True,room_open_air_bath,風呂;露天;半露天;時間,,お部屋の雰囲気がとても良かった,彼女との交際2周年を記念して、宿泊させて頂きました。とても良かった。 半露天風呂付きのお部屋は、雰囲気が落ち着いており、のんびりとした時間を過ごさせて頂きました。仲居さんは優しい方で、サービスが行き届いています。 特に、夕食の酢味噌で味付けされた鱶が美味しくて忘れられません。 私は普段コメントはしないのですが、今回ビールをサービスして頂くのと交換にクチコミを投稿させて頂きました。 彼女もまた行きたいと気に入った様子なので、大変満足です。お世話になりました。,https://www.jalan.net/yad397509/kuchikomi/archive/,positive,body_positive,high,body_sentiment_inference_needed
48,Jalan,jalan_archive,12306369,2022/3/31,,,,,4,ja,False,,,,若い従業員,若い従業員ばかりですが、もてなし等よかった。道の駅等を質問したら、後で詳細も教えて頂きました。 知人に料理の写真を送ったら「美味しそう」と返信がきました。確かに美味しかった。記帳精算等部屋で、できよかった。,https://www.jalan.net/yad397509/kuchikomi/archive/,positive,body_positive,high,body_sentiment_inference_needed
49,Jalan,jalan_archive,12283978,2022/3/16,,,,,4,ja,True,private_bath,風呂;湯,,毎年の旅行,初めて宿泊した宿でしたが、良かったです! 宿に着くと出迎えも有り、気持ち良く入ることが出来ました。スタッフの対応も良くしっかり教育出来てるなと思いました。 朝夕部屋食でしたが、汁物が少し冷めてたのが残念でしたが、料理は良かったです! 風呂も3箇所貸し切りになっていて、全部入りました。 別府の湯は最高です!癒やされますね! 桜が咲く頃にもう一度行きたいですね!,https://www.jalan.net/yad397509/kuchikomi/archive/,mixed,body_positive_and_negative,high,body_sentiment_inference_needed
50,Jalan,jalan_archive,12277104,2022/3/12,,,,,5,ja,True,facility_wide,風呂,,子供への配慮に感謝,一歳になる子供のバースデー旅行でした。ベビーチェアやオムツ用のゴミ箱が準備してありました。又 離乳食温める時や煮沸消毒などの声かけもして頂きました。寝る時にはアンパンマンの枕まで準備して頂きました。 夕食も豪華でお腹も心もいっぱいでした。私は朝風呂が最高って感じでした(^^) 子供が大きくなったらまた行きたいなーと思います♪,https://www.jalan.net/yad397509/kuchikomi/archive/,positive,body_positive,high,body_sentiment_inference_needed
51,Jalan,jalan_archive,12241321,2022/2/13,,,,,5,ja,True,private_bath,風呂;露天;貸切;時間,,リフレッシュできました！,聞こえるのは川の流れだけ。静かにゆったりと過ごすことができました。 ウェルカムドリンクは、お抹茶と一口サイズの桜餅をお部屋で。夕食も朝食も美味しいだけでなく、美しい盛り付けで目でも楽しめました。 貸切露天もお部屋の露天風呂も、時間を忘れて楽しむことができました。,https://www.jalan.net/yad397509/kuchikomi/archive/,positive,body_positive,high,body_sentiment_inference_needed
52,Jalan,jalan_archive,12231311,2022/2/4,,,,,5,ja,True,facility_wide,風呂,,大満足の旅行でした！,彼氏との旅行でこちらの旅館に泊まらせていただきました。 お部屋もお風呂も二人で泊まるには十分な広さで、とてもゆっくり快適に過ごす事ができました。 ホットカーペットもついており、足元が冷える心配もありませんでした。 お食事は、量も多く、新鮮なお刺身や豊後牛のすき焼きもあり、とてもおいしかったです。 また泊まりに来たいと思える旅館でした。,https://www.jalan.net/yad397509/kuchikomi/archive/,positive,body_positive,high,body_sentiment_inference_needed
53,Jalan,jalan_archive,12228777,2022/2/2,,,,,4,ja,True,facility_wide,風呂,,なつかしい部屋食,誕生祝いを兼ねての夫婦旅行。昔ながらの趣の旅館で風呂につかり部屋で食事をとってとゆったりと過ごせました。接待も丁寧で、関鯖を食べにまた来たいねと話していました。ただ一つ残念だったのが隣の客。話し声笑い声が夜中３時過ぎまで聞こえたこと。楽しさが半減しました。,https://www.jalan.net/yad397509/kuchikomi/archive/,mixed,body_positive_and_negative,high,body_sentiment_inference_needed
54,Jalan,jalan_archive,12201637,2022/1/12,,,,,4,ja,True,facility_wide,浴;狭,,お料理が素晴らしい。,今回実妹との帰省旅行で はる樹さんに宿泊させて頂きました。 まず到着後館内の案内と説明をして頂いた後 お部屋に案内して頂きました。 案内は女性の方でしたが 説明は分かりますが もう少し笑顔があった方が良かったと思います。 業務感と私達を見る目に値踏みされてるような印象を感じました。 マスクをしている事もあり 余計に目には色々な感情が出やすいと思いますので、悪気はないかとは思いますが 表情にまで気を配られたら なお良いかと思いました。 お部屋は、女性２人で過ごすには 決して広くはなかったですが、 ちょうと良い広さで 洗面所は狭いですが 気になる程では無かったです。 後 夕食は、お部屋担当が男性でしたが 接客も明るく 丁寧で会話も上手でした。料理の内容もさる事ながら、盛り付けも味付けも 繊細で素晴らしかったです。 疲れて冷えた身体に沁みる御味で 大変満足でした。 最後に、翌朝浴室に行くのに2階から階段をおりた右側の角に生けられた花の中に 菊が一輪一緒に生けられておりましが 菊は一般的には 仏花として扱われている花ですよね？ ちょっと、、、 どうなのかなぁ？と思ってしまいました,https://www.jalan.net/yad397509/kuchikomi/archive/,mixed,body_positive_and_negative,high,body_sentiment_inference_needed
55,Jalan,jalan_archive,12165298,2021/12/27,,,,,5,ja,True,facility_wide,風呂,,別荘的なお宿でゆっくりできました^ - ^,別府の駅からは少し離れた所にありますが、それがかえって良かったです。 お部屋も一組事に完全に離れているので、他の方と顔を合わせる事なく過ごせます。 お風呂も完全個室で良かったです。 強いていうなら、車道沿いに宿があるので車の音が時々気になりますが、点数には響かない程度です。 お食事も美味しく頂け、また再来したいお宿でした^ - ^,https://www.jalan.net/yad397509/kuchikomi/archive/,positive,body_positive,high,body_sentiment_inference_needed
56,Jalan,jalan_archive,12149309,2021/12/16,,,,,4,ja,True,facility_wide,風呂,,ご飯が美味しかったです。,外観は車通りが一定ある道の途中にあり、場所が分からず1度通りすぎてしまう場所にありますが、旅館の中に入ると車通りの音等は一切聞こえず、静かな環境でゆっくりと過ごせました。 部屋食のお料理もとても美味しく、お漬物が美味しく感じました。 旅館の方は若い方々が多いですが、親切な対応をして頂きました。 あえて少し残念だった所を言いますと、客室にあるお風呂への扉が、閉まる際に、大きな音で閉まるため何度も驚いてしまいましたので、扉の調整が可能であると、もう少しゆっくり過ごせそうです。笑 全体的にはまた来たいと思える旅館でした！,https://www.jalan.net/yad397509/kuchikomi/archive/,mixed,body_positive_and_negative,high,body_sentiment_inference_needed
57,Jalan,jalan_archive,12103370,2021/11/22,,,,,4,ja,True,facility_wide,風呂;浴;予約;時間,,夕食は最高,"コロナ禍で部屋食ができるとのことで、久しぶりの旅行に利用させていただきました。 夕食はどれも美味しく特に関サバやすき焼きなど豪華な食材も食べきれないほどでした。 １つ１つも手の込んだお料理で、とても楽しい夕食時間を過ごすことができました。 お風呂も2人で利用するには十分な広さでしたし、清潔感もあり、他の宿泊客と顔をあわせる事もなくゆったりと過ごさせていただきました。 今回、予約後の確認メールの際に『経営者の思い』というものが届き読ませていただきました。 コスパは重視しておらず、満足を。目に見える""コスパ""を気にされるお客様にはご満足いただけるサービスが提供できない場合がございます。 ご了承ください。等・・・ との事で、かなり期待値もあがり伺ったので・・・ 接客が少し残念な感じの方が担当で・・・ もちろん大変感じのいい方もいらっしゃったのですが。 ドライヤーも安い宿によくある、風の弱いタイプだったり、冷蔵庫の中のものもお好きにどうぞ、といいつつ、普段でも買わないような甘そうな缶コーヒーや缶ジュースが並べられていて。 選べる浴衣にはシワが入っていたりと、ところどころ気になる点がありました。 逆に経営者の思いみたいなメールがないほうが、よかったのかなと思いました。",https://www.jalan.net/yad397509/kuchikomi/archive/,mixed,body_positive_and_negative,high,body_sentiment_inference_needed
58,Jalan,jalan_archive,12087499,2021/11/13,,,,,1,ja,True,room_open_air_bath,風呂;露天;カビ;脱衣,,夫婦旅行,せっかく客室露天風呂のお部屋にしたのに小さく、塀が低く正面のマンションからと隣のお部屋から見えそうで残念でした。脱衣所の床のカビが気になりました。接客やご飯は満足でした。,https://www.jalan.net/yad397509/kuchikomi/archive/,mixed,body_positive_and_negative,high,body_sentiment_inference_needed
59,Jalan,jalan_archive,12062652,2021/10/31,,,,,4,ja,False,,,,お料理最高,旅館の方の対応もとても丁寧で良かったのですが 何よりお料理の美味しさに絶賛しました。 １品１品がとても丁寧な味付けで雑な所が無かったです。私はよく旅行へ行きますが、これ程美味しく欲張って食べたのは初めてです。お料理の量もいっぱいでした。朝夕お部屋食でゆっくり頂けました。 次回は家族を連れて行きたいです,https://www.jalan.net/yad397509/kuchikomi/archive/,positive,body_positive,high,body_sentiment_inference_needed
60,Jalan,jalan_archive,12035448,2021/10/13,,,,,4,ja,False,,,,他人に会わずくつろげました。,プライベートが保たれ寛げました。 清掃も行き届いていて新しさはないが清潔感あり、夕食も美味しく楽しめました。,https://www.jalan.net/yad397509/kuchikomi/archive/,positive,body_positive,high,body_sentiment_inference_needed
61,Jalan,jalan_archive,11985429,2021/9/5,,,,,5,ja,True,room_bath,温泉;風呂;浴,,部屋食、部屋風呂両方ありはなかなか少ない！,生後半年の子供連れで行きました。 そのため、部屋食、部屋風呂なのはとても嬉しかったです。 部屋に着くなり子供用の空気椅子も用意されて、浴衣も80サイズから用意してるとのことでした。 子供の浴衣は持参していたので私は使用しませんでしたが、このような旅館は少ないと思います。子連れでも満喫できるよう工夫されていると感じました。 母も共に行きましたが、和室・和食が良いと言う母は大満足でした。 少食な母であまり量は食べられないのでご飯無しでとお願いしたらご飯無しにしてくれました。 夕食も朝食も満足するほどの量と質です。 温泉付きの部屋風呂も優しい温泉でゆっくり入ることが出来ました。 母とリピートしたいねとのことで、今度は母の還暦祝いにでも来たいと思います。,https://www.jalan.net/yad397509/kuchikomi/archive/,positive,body_positive,high,body_sentiment_inference_needed
62,Jalan,jalan_archive,11981635,2021/9/2,,,,,5,ja,True,private_bath,温泉;風呂;予約,,また泊まってみたい宿,少し足の不自由な母親との２人旅でした。部屋には座椅子も用意してくださり、玄関から１番近くの部屋にするなどの配慮があり、従業員さんの対応はとても丁寧で素晴らしかったです。また、お料理もお部屋まで運んでくださり、１品１品とても手の込んだものだったので美味しかったです。またコロナ対策として２組までしか受け入れてない様子で、２種類ある貸し切り風呂もゆっくり入ることができました。部屋にある温泉も好きな時に入れるため、冷え性の私にはとても良かったです。次回、また同じ系列である宿を予約しました。今からとても楽しみにしています。,https://www.jalan.net/yad397509/kuchikomi/archive/,positive,body_positive,high,body_sentiment_inference_needed
63,Jalan,jalan_archive,11980128,2021/8/31,,,,,4,ja,False,,,,ゆっくり楽しめる！,今回は誕生日プレゼントでこちらの宿にお世話になりました。接客していただいた女性の方も優しく二人とも満足いく旅になりいい思い出となりました。ありがとうございました。,https://www.jalan.net/yad397509/kuchikomi/archive/,positive,body_positive,high,body_sentiment_inference_needed
64,Jalan,jalan_archive,11974193,2021/8/26,,,,,5,ja,False,,予約;時間,,至福のひと時,この度は本当にありがとうございました！ 予約してた部屋よりいいグレードの部屋に当日変更をいただきまた、スタッフの方の気遣いや素敵な料理、そして素敵な空間に非日常な時間を過ごすことが出来ました！ また是非宿泊したいと思います。 知人や大分に来る友人にぜひおすすめしたいです,https://www.jalan.net/yad397509/kuchikomi/archive/,neutral,neutral_or_lodging_context,medium,body_sentiment_inference_needed
65,Jalan,jalan_archive,11947248,2021/8/10,,,,,4,ja,True,room_bath,温泉;風呂;狭,,期待値が高かった分、少し残念な印象でした,クチコミの評価がとても良かったこと、コロナ禍での宿泊で部屋食や部屋風呂があることから初めて利用しました。期待値が高かった為か、全体的にお値段の割に残念な印象を持ちました。 部屋やお風呂、庭もHPで見るより狭く、隣室との距離も近くゆったり寛いで過ごせる…という雰囲気は感じられませんでした。比較的安価な宿でも置いてあるような、足袋や着替えを入れる袋などのアメニティもありませんでした。 スタッフの方は親切だったのですが、声がとても大きく、笑い方もかなり特徴的で…敬語の使い方や立居振舞いなどもまだまだ勉強中なのかも知れませんが、静かな落ち着いた宿とはかなり異なる印象で違和感を感じてしまいました。別の男性の方はこちらがお尋ねしたことには明確なお答えが無く、資格をお持ちでお詳しいという温泉の説明に終始され、コミュニケーションが取りづらく感じました。このご時世、マスクをしているため、客の表情から察することが出来ず難しい面もあること、また相性もあるとは思いますが、残念ながらあまり心地よい接客だと感じることは出来ませんでした。 夕食・朝食共に食事は充分な量でしたが、養殖のカンパチやキビナゴの刺身、鮭などを使った料理ではなく、もう少し地元の新鮮な魚を使った別府ならではのお料理を頂きたかったです。,https://www.jalan.net/yad397509/kuchikomi/archive/,mixed,body_positive_and_negative,high,body_sentiment_inference_needed
66,Jalan,jalan_archive,11930186,2021/7/29,,,,,3,ja,True,room_bath;private_bath,風呂;狭;時間,,部屋食でゆっくりできました。,部屋食でお風呂付きの宿を探し、こちらの宿を選びました。 お部屋のお風呂は思っていたより小さく2人で入るには狭い感じでした。貸し切りのお風呂は外しか行ってないですが広くて2人でゆったり入ることが出来、待ち時間もなく入れたので良かったです。他の宿泊者様と会う事もなく静かでのんびり過ごせました。食事は食べきれないほどあり美味しく頂きました。廊下に出た際に従業員さんの会話が丸聞こえで、ここには書きませんがお客に聞こえるのはどうかと思う内容でした。 それと残念だったのが食事の際にお酒の持ち込みは一本につき1000円かかると言われました。私達はいつもハイボールを飲むのですがメニューにハイボールはなく仕方なくワインを注文したのですが好みではありませんでした。少し残念な旅行でした。,https://www.jalan.net/yad397509/kuchikomi/archive/,mixed,body_positive_and_negative,high,body_sentiment_inference_needed
67,Jalan,jalan_archive,11925262,2021/7/26,,,,,5,ja,True,facility_wide,風呂,,赤ちゃん連れで初めての家族旅行でも安心,8ヶ月の娘と初めての家族旅行で利用しました。お部屋食でお風呂付きだったので、コロナ禍でも安心して過ごすことができました。赤ちゃん連れでも人目を気にせず家族だけで食事が楽しめ、お風呂もゆっくりと入ることができました。 お料理は豊後牛のプランでしたが、前菜やお刺身、煮物や焼き物などお魚も多かったので大満足です。品数が多く、本当にどれも美味しかったのでお腹いっぱいになります。また、娘の離乳食用にと、スプーンも貸して頂きました。チェックイン前日の電話のときから、娘のことで何かお手伝いできることはありませんか？と快く対応していただいたので安心できました。 家族3人でとても満喫させていただきました！,https://www.jalan.net/yad397509/kuchikomi/archive/,positive,body_positive,high,body_sentiment_inference_needed
68,Jalan,jalan_archive,11924935,2021/7/26,,,,,5,ja,False,,,,お料理と接客が最高です,彼のお誕生日旅行に利用させて頂きました。 ご飯が全て美味しく、お皿もとても素敵でとても幸せな旅行になりました。接客も凄く良かったし、帰る時にはお手紙まで頂き泣きそうになりました。また是非利用したい旅館です。ありがとうございました。,https://www.jalan.net/yad397509/kuchikomi/archive/,positive,body_positive,high,body_sentiment_inference_needed
69,Jalan,jalan_archive,11924614,2021/7/26,,,,,2,ja,True,private_bath,温泉;風呂;貸切;虫,,一長一短,夫婦での温泉旅館で宿泊しました。 料理のレベル、接客の質はとても素晴らしく、非常に満足しました。 ただ、夏の季節柄なのか部屋の風呂、貸切風呂共に中に虫が多かったです。小さい虫は許せますが、部屋の風呂に大きなナメクジがいたのは、清掃の不手際でないかと思いました。ぜひ改善していただきたいです。,https://www.jalan.net/yad397509/kuchikomi/archive/,mixed,body_positive_and_negative,high,body_sentiment_inference_needed
70,Jalan,jalan_archive,11919591,2021/7/23,,,,,4,ja,True,facility_wide,温泉;狭,,定期温泉旅行,スタッフさんが若い方ばかりですが、ハキハキとした丁寧な接客で気持ちいい対応でした。夕食のステーキはボリュームもあり大変美味しかったです。別府の温泉旅館はどこも街中にあり、敷地が広く取れないので部屋が少し狭く感じます。,https://www.jalan.net/yad397509/kuchikomi/archive/,mixed,body_negative_with_context,high,body_sentiment_inference_needed
71,Jalan,jalan_archive,11918932,2021/7/23,,,,,5,ja,True,facility_wide,湯,,家族湯がオススメ,恋人との旅行で利用しました。 お部屋は和室で、2人で泊まるには丁度いい広さでした。家族湯は空いていれば何度も利用でき、とても綺麗でよかったです。ご飯は部屋食でゆっくり食べることが出来ました。夕飯のすき焼きが美味しかったです。朝食の量も多くお腹いっぱいになりました。また、機会があれば泊まりたいです。,https://www.jalan.net/yad397509/kuchikomi/archive/,positive,body_positive,high,body_sentiment_inference_needed
72,Jalan,jalan_archive,11898452,2021/7/5,,,,,5,ja,True,facility_wide,風呂,,お・も・て・な・しもお料理も最高のお宿,お部屋とお風呂でゆっくり過ごしたいね！ということで、別邸 はる樹さんに決めました。 今まで色んな施設にお泊まりしてきましたが、こちらは特に接客がすごく丁寧で、とても気持ちの良いご対応をしていただきました。 お部屋もお風呂もきれいだし、とても満足できました。 食事はお部屋食でしたので、贅沢に、ゆっくりと味わって食べることもでき、新鮮なお刺身もあり、ボリュームもあってお腹いっぱいになり、とても幸せなひとときを過ごすことができました。 アレルギーにも対応していただき、とてもありがたかったです。 到着してから帰りのお見送りまで、全て若い男性二人にお世話になったのですが、二人とも、とても感じ良く、決して堅苦しいことなく、和やかに会話も弾み、とても配慮の行き届いた対応で、本当に気持ち良く過ごすことができました。 おかげさまで、楽しい旅行になりました。 また泊まりに行きたいです。 ありがとうございました。,https://www.jalan.net/yad397509/kuchikomi/archive/,positive,body_positive,high,body_sentiment_inference_needed
73,Jalan,jalan_archive,11882443,2021/6/20,,,,,5,ja,True,facility_wide,風呂;時間,,さりげない心配り,コロナ禍の中、部屋数の少ない宿を選びました。結婚記念日を事前に伝えていたので床の間にお祝いのディスプレイとメッセージがあってとても嬉しかったです。ほとんど他のお客さんと会う事もなく落ち着いた時間を過ごす事ができました。夕食、朝食共に部屋食だったのもいい時間でした。部屋食でのセッティングや布団敷きの早さが素晴らしかったです。子供の日に宿泊した事もあってお風呂には菖蒲が浮かべてあり細やかな演出が素敵でした。食事の量もちょうど良かったです。チェックアウトが早かったにもかかわらず朝食を用意して頂きありがとうございました。部屋から出る際も先に廊下などを確認して他のお客さんと顔を合わせないようにも気をつけてくださいました。いい時間をありがとうございました。,https://www.jalan.net/yad397509/kuchikomi/archive/,positive,body_positive,high,body_sentiment_inference_needed
74,Jalan,jalan_archive,11874163,2021/6/13,,,,,5,ja,False,,,,落ち着く雰囲気,ご飯がコースしかなく、ご飯食べれませんでしたが 接客、外見もお部屋の雰囲気素晴らしく、 落ち着いて一泊過ごせました。,https://www.jalan.net/yad397509/kuchikomi/archive/,positive,body_positive,high,body_sentiment_inference_needed
75,Jalan,jalan_archive,11872523,2021/6/10,,,,,5,ja,True,room_bath,風呂;時間,,時間が止まったかのようでした,車で20分の場所にありながら、こんなに非日常を味わえる場所があったなんて、感動でした。一度部屋に入ると、周りの音が何も聞こえず落ち着いたBGMを聴きながら過ごしました。お部屋のお風呂も何度も入る事が出来て、全てのサービスが心地よく、同じグループで違った趣向のホテルの紹介もして頂き、そちらにも行ってみたいと思える程素敵なお宿でした。,https://www.jalan.net/yad397509/kuchikomi/archive/,neutral,neutral_or_lodging_context,medium,body_sentiment_inference_needed
76,Jalan,jalan_archive,11864203,2021/5/30,,,,,1,ja,True,room_open_air_bath,温泉;風呂;露天;半露天;湯;お湯;虫;掃除,,アリが大量発生でしたが良い宿です,ずっとずっと楽しみにしていた入籍記念旅行。婚姻届を提出した直後に利用させて頂きました。 ずっと行ってみたかった素敵なお宿で、これから先の人生の記念日に、また利用できたらな、という思いで、期待を込めて伺いました。 結論から言うと、部屋の半露天風呂に、茶色いアリが大量発生しました。 私は虫全般、気にしない性格でした。しかし、量が異常。。。半露天風呂の屋根が木で出来ているのですが、大行列でおびただしい量のアリが柱一本、屋根、とにかくお風呂中に現れ、部屋の半露天風呂には一度も浸かれませんでした。。。 せっかくお高いお金を払って、お部屋に温泉付きのお宿にしたのに。と言う思いが、どうしても消えません。 お風呂は裸で浸かります。体も洗いたいです。アリがはって上がってきたり、何度お湯を張り替えても、アリが浮いていました。いつこの大行列が部屋に入ってくるかと思うと、見ているだけで体が痒くなり、、、 何より、入籍した人生の記念となる日。。。ショックと悲しさで、動悸と目眩がしました。 お宿の方は、真剣に対応して下さいました。 スプレーをしてお掃除をしてくださったり、アリ駆除用の粉をかけて下さったり。。。けれど凄まじい量のアリは消えず、旦那さんと何度も何度も駆除をしました。なんで、入籍記念旅行で、家より働いているんだろう。。。と、悲しくなりました。 お詫びとして、ドリンクを無料にしてくださったり、家族風呂を優先的に利用させて下さったり、、、ありがとうございます。 けれど、私たちにとって一生の記念日。宿泊者を迎える前の掃除や点検が十分だとは思えません。 あのお部屋は、今後どれだけ清掃をしても、柱にアリが住んでいるのではないでしょうか？根本的駆除をしなければ、今後、私たちと同じ思いをする方が出るのでは、と心配です。 正直、アリを見つけた時点で、帰りたかったです。 半露天風呂付きのお部屋というウリのプラン。 部屋を変えるなどの対策が取れないのであれば、返金もしてほしかったです。 お料理は美味しかったのですが、特別感には欠け、普通でした。接客して下さったお宿の方は、みなさん素敵です。このようなクチコミを投稿することをお許し下さい。 しかし、今回は、それほどまでに悲しくて、やり場がなく、対策をしていだきたく、投稿します。,https://www.jalan.net/yad397509/kuchikomi/archive/,mixed,body_positive_and_negative,high,body_sentiment_inference_needed
77,Jalan,jalan_archive,11855402,2021/5/19,,,,,5,ja,False,,,,落ち着いた雰囲気,ゆっくり出来ました 丁寧な接客ありがとうございます 外出用の履き物を綺麗なものにしていただけるとありがたいです,https://www.jalan.net/yad397509/kuchikomi/archive/,positive,body_positive,high,body_sentiment_inference_needed
78,Jalan,jalan_archive,11843705,2021/5/8,,,,,5,ja,True,facility_wide,湯;お湯;肌;汚;時間,,おもてなしが最高の旅館,スタッフさんの対応は連携がとれててとても良かったです。 食事も満足以上の最高のものでした。 お湯質もよく、お肌プルプルになりました。 お部屋も雰囲気がよく、ゆっくりできました。 ただ、網戸が汚れていて気持ち悪かった事、お部屋から見るお庭の草木の剪定がされていなく、唯一の残念な所。 しかし、それをカバーできる担当のスタッフさんの会話力、とても楽しい時間でした。 かなり、素敵な旅館でした。 ありがとうございました。,https://www.jalan.net/yad397509/kuchikomi/archive/,mixed,body_positive_and_negative,high,body_sentiment_inference_needed
79,Jalan,jalan_archive,11837958,2021/5/5,,,,,5,ja,True,private_bath,風呂;浴;貸切;狭,,部屋食できるのと貸切風呂が自由に入れる,スタッフの方々がみんな優しいです。駐車場は狭かったですが、誘導から駐車までやってくださったので助かりました。貸切風呂が3つありGW中と満室でしたが3つのうち何処かは空いていたので好きな時に自由に入れました。一歳半の子供連れだったので、お部屋食ができる点とサービスが最高でした。ゆったり過ごせました。お食事も創作料理で美味しかったです。女性浴衣が選べたのでかわいいピンクにしました。たのしかったです。,https://www.jalan.net/yad397509/kuchikomi/archive/,mixed,body_positive_and_negative,high,body_sentiment_inference_needed
80,Jalan,jalan_archive,11837788,2021/5/5,,,,,4,ja,True,room_bath,風呂,,料理最高!,料理、大変満足しました。量も多く、味も大変良く、満足しました、お部屋のお風呂も良かったです。 ただ、タバコを吸う人間からしたら、部屋の外でなら吸ってもいいんじゃないかとちょっと思ってしまいます。吸いに行くまでが手間なので。接客は大変良く、また利用したいと思います。,https://www.jalan.net/yad397509/kuchikomi/archive/,positive,body_positive,high,body_sentiment_inference_needed
81,Jalan,jalan_archive,11833004,2021/5/1,,,,,5,ja,True,facility_wide,風呂,,九州一周旅行,九州一周旅行の七日目に利用させて頂きました。 チョイスしたプランのせいなのでしょうか、夕食はもう少しボリュームが欲しかった気がしました。 食事、風呂共満足しました。,https://www.jalan.net/yad397509/kuchikomi/archive/,positive,body_positive,high,body_sentiment_inference_needed
82,Jalan,jalan_archive,11822942,2021/4/21,,,,,4,ja,True,facility_wide,温泉;風呂,,コロナ禍でも安心！,夫婦で宿泊しました。コロナ禍という事で、他の宿泊客に会わないように配慮していただいておりとても安心できました。 ・ご飯 夕食は関アジプランということで、新鮮な関アジを一匹丸ごと食べられ、大満足でした。さらに豊後牛のすき焼きもあり、ボリューム満点でした。 ・温泉 空いていたら自由に家族風呂を利用できました。ゆっくりと温泉を楽しめてよかったです。 ・部屋 ちょうど良い広さで、各種設備も整っており落ち着いて過ごすことができました。冷蔵庫の飲み物が無料で置いてあるのは嬉しいです。周りに住宅があるせいか、人の話し声や車の音が少し気になりました。 他にも従業員の方が周辺情報など教えて下さったり気さくな方ばかりで、また利用したいアットホームなお宿でした。,https://www.jalan.net/yad397509/kuchikomi/archive/,positive,body_positive,high,body_sentiment_inference_needed
83,Jalan,jalan_archive,11819139,2021/4/18,,,,,5,ja,False,,,,素敵な宿でした,とても素敵な宿でまた泊まりたいと思いました。 食事もとても美味しかったです。 お部屋でゆっくり過ごすことができました。,https://www.jalan.net/yad397509/kuchikomi/archive/,positive,body_positive,high,body_sentiment_inference_needed
84,Jalan,jalan_archive,11812888,2021/4/12,,,,,3,ja,True,private_bath,風呂;予約,,食事が良かったです。,今回も急に思い立ち、別邸 はる樹さんの二階疑似洋式(風呂なし)を予約させて頂きました。 お風呂も貸し切り風呂で、ゆっくり利用できました。食事は、お部屋食で夕食も朝食も美味しく頂きました。 接客も良かったです。 清潔さは、普通でした。 ゆっくり、少人数で利用するのに良いお宿だと思います。 他のお客様と会うこともほとんどなく、ゆっくり、静かに過ごせました。 次回、利用する機会があれば、内風呂のあるお部屋を予約したいと思います。,https://www.jalan.net/yad397509/kuchikomi/archive/,positive,body_positive,high,body_sentiment_inference_needed
85,Jalan,jalan_archive,11805252,2021/4/5,,,,,5,ja,True,private_bath,温泉;湯,,ゆっくりくつろげる宿でした,夫婦での旅行で宿泊しました。 食事が大変美味しかったです。 温泉も３つの貸し切り湯があり、ゆっくりくつろぐことができました。 スタッフの方も大変温かく、また利用したいと思いました。,https://www.jalan.net/yad397509/kuchikomi/archive/,positive,body_positive,high,body_sentiment_inference_needed
86,Jalan,jalan_archive,11804014,2021/4/4,,,,,4,ja,True,room_open_air_bath;private_bath,風呂;露天;湯;お湯;貸切;時間,,ご飯が豪華,旅館の方も言われていましたが、とにかくご飯の量が多いなぁと感じました。テーブルいっぱいに並べられた料理の数々に食べ切れるかな～と思って、ふとお品書きを見るとまだ半分でした…笑 後半には黒毛和牛のすき焼きが来ましたが、その頃には大分満腹になっていました(^^; 味はとっても美味しかったです！華やかな料理の数々、目でも舌でも味わうことが出来ました。 客室にお風呂が付いていないタイプのプランを選んだので、お風呂は貸切風呂を利用させて頂きました。3種類あるうち、空いているお風呂を利用することが出来るということでした。時間帯にもよりますが、他にもお客さんがいらっしゃるので、やはり希望するお風呂を選びにくいのはやや難点でした…。結局、1種類しか利用することが出来ず、少し残念でした。ですが、お湯加減が丁度よく、とてもリラックスした時間を過ごせました。もう少し我儘を言うと、アメニティとして身体を洗うタオルのようなものを置いて頂けると助かります…！ 今回宿泊したお部屋もとても良かったですが、次に宿泊する時には是非、露天風呂付き客室を選びたいなと思います！ 短い時間ではありましたが、宿のスタッフの方々が気さくに話しかけて下さるなど、サービスも良く、充実した楽しい時間を過ごせました。別府旅行の良い想い出となりました。本当にありがとうございました(^_^),https://www.jalan.net/yad397509/kuchikomi/archive/,mixed,body_positive_and_negative,high,body_sentiment_inference_needed
87,Jalan,jalan_archive,11801819,2021/4/3,,,,,4,ja,True,facility_wide,温泉;時間,,ゆったりとした時間,久しぶりの別府温泉、観光地は行きつくしているので、今回は宿でゆっくりと過ごすつもりでお世話になりました。 こじんまりとした宿ですが、雰囲気も良くご主人や女将さんの気遣いで気持ちよく過ごすことが出来ました。 また、食事も美味しく、特に御飯は甘くて最高に美味しかったです。 普段は小食の妻がおかわりしていました。 桜の時期には早かったのですが、今度は時期に合わせて再訪したい宿です。,https://www.jalan.net/yad397509/kuchikomi/archive/,positive,body_positive,high,body_sentiment_inference_needed
88,Jalan,jalan_archive,11800608,2021/4/1,,,,,5,ja,False,,時間,,静かな空間で2人でゆったり,綺麗なお部屋と美味しい料理と 皆さんのおもてなしがとても素晴らしかったです。 彼との大切な時間をゆっくり過ごせました また是非伺いたいです！,https://www.jalan.net/yad397509/kuchikomi/archive/,positive,body_positive,high,body_sentiment_inference_needed
89,Jalan,jalan_archive,11775844,2021/3/11,,,,,4,ja,False,,,,落ち着いた宿でした。,急に決めた旅行でしたがとてもいい宿に泊まれました。チェックインしてからずっと静かな感じで料理も部屋食で安心して楽しみました、とても美味しかったです。,https://www.jalan.net/yad397509/kuchikomi/archive/,positive,body_positive,high,body_sentiment_inference_needed
90,Jalan,jalan_archive,11774915,2021/3/10,,,,,5,ja,True,private_bath,温泉;風呂;貸切;改装,,個人別荘改装の宿 プライバシー？に気にする人向け,個人別荘改装の宿です。温泉街から離れた住宅地にあり静かです。宿の前の橋から眺める大平山や鶴見岳がきれいです。 コロナ対策もあるでしょうがとにかく他の宿泊者との接触（プライバシー？）を気にする宿です。チェックアウト精算時他の宿泊者と重ならないようになさっていました。コロナが治まってもこれでいいと思います。 夕食直前チェックイン朝食後早々にチェックアウトという慌ただしい予定の方には合わない宿だと思います。部屋に風呂がある(ない部屋もあるが事実上その部屋用の貸切風呂もある)のでゆっくりしていって下さい。,https://www.jalan.net/yad397509/kuchikomi/archive/,positive,body_positive,high,body_sentiment_inference_needed
91,Jalan,jalan_archive,11773257,2021/3/8,,,,,5,ja,True,facility_wide,温泉,,料理最高,今まで行った中でも一番の料理でした。 接客もよく、温泉もゆっくりと入ることができまさた。 年内にもう一度行きたいと思います。,https://www.jalan.net/yad397509/kuchikomi/archive/,positive,body_positive,high,body_sentiment_inference_needed
92,Jalan,jalan_archive,11766228,2021/2/28,,,,,3,ja,True,room_open_air_bath,風呂;露天;半露天;臭;予約;狭,,かこママさんのクチコミ,お正月あけに緊急事態宣言発令中につきGO TOの適用外のため差額分をだして宿泊しました。 他には1組お客様がいたようですがほとんど接する事なくチェックインからアウトまで過ごすことができました。 部屋は六畳一間に半露天風呂トイレつき ここに親子4人の宿泊は正直言って狭かったと後悔しました。 食事はコロナ禍につき自室。 夕食の臭いの残った部屋にお布団を用意していただきました。 その用意の間一畳程の板間に家族が肩寄せ合って待つ始末…なんだかなぁ。 部屋以外に二つの異国風インテリアの照明の暗い家族風呂があり、回廊を通って厨房の横を通る為従業員の方の私語が丸聞こえ、喫煙所らしきところにゴムスリッパが何足もひっくり返ったまま…ここもなんだかなぁ。 食事は伊勢海老懐石で予約したものの、仕入れの都合上用意できないとの事で旅館側の提案でステーキにしていただきましたが、オススメのお肉にしては残念なお食事に感じました。 全体的に辛口のコメントでごめんなさい,https://www.jalan.net/yad397509/kuchikomi/archive/,mixed,body_negative_with_context,high,body_sentiment_inference_needed
93,Jalan,jalan_archive,11764870,2021/2/27,,,,,4,ja,False,,,,ご飯がとても美味しい,ご飯がとても美味しく、宿の雰囲気、スタッフさんの接客も素晴らしく、とても良い旅行になりました。どびー。,https://www.jalan.net/yad397509/kuchikomi/archive/,positive,body_positive,high,body_sentiment_inference_needed
94,Jalan,jalan_archive,11757491,2021/2/19,,,,,4,ja,False,,時間,,雰囲気最高のお宿です。,妻と二人でお伺いしました。 担当して頂いた男性、 お名前をお聞きするのを忘れてしまいましたが、 気さくで飾らず とても感じのいい方で 別府の見所、観光案内も 親切、丁寧にして下さり とても楽しい時間を過ごさせて頂きました。 コロナ禍でありながら 殺伐とならず 素晴らし対応に感謝致します。 有難う御座いました。,https://www.jalan.net/yad397509/kuchikomi/archive/,positive,body_positive,high,body_sentiment_inference_needed
95,Jalan,jalan_archive,11752187,2021/2/13,,,,,5,ja,False,,,,素晴らしいホスピタリティでした。,部屋もお料理もお心遣いも非常に良かったです。他のお客様との距離感も保てて安全な滞在ができました。機会があればまた是非伺いたいと思います。,https://www.jalan.net/yad397509/kuchikomi/archive/,positive,body_positive,high,body_sentiment_inference_needed
96,Jalan,jalan_archive,11748225,2021/2/8,,,,,5,ja,True,facility_wide,浴;古い,,のんびりと部屋食できた,コロナの流行もあり、他の宿泊客と会うこともなくのんびりと室内で過ごすことができました。室内にはアメニティでフェイスパックが置かれていたことや浴衣が自分で選べたことも女性としては嬉しかったです。夕食のボリュームは男性でもとても満足そうでした！ ただ部屋が意外と近いのか足音等が聞こえることがあったこと、設置されているテレビが古いのかリモコンの操作性がかなり悪いことが少し残念でした。 スタッフさんの気遣いも良く、観光地から近いのでまた贅沢旅をしたいときにお邪魔したいです。,https://www.jalan.net/yad397509/kuchikomi/archive/,mixed,body_positive_and_negative,high,body_sentiment_inference_needed
97,Jalan,jalan_archive,11732813,2021/1/19,,,,,5,ja,False,,,,最高の旅行になりました！,まず旅館についてすぐに車の移動をしていただき、荷物を部屋に運んでもらいました。どのスタッフさんもとても対応が良く、良い気持ちで宿泊できました。特に料理を運んでくださった男性が特に優しく、日本酒を頼んだところ通な飲み方なども教えていただきました！夕食も朝食も部屋食でボリューム満点大満足でした(^o^)大好きな彼からもプロポーズしてもらい、最高な旅となりました。また結婚後も思い出の場所として、利用させていただこうと思います。本当にありがとうございました(^_^),https://www.jalan.net/yad397509/kuchikomi/archive/,positive,body_positive,high,body_sentiment_inference_needed
98,Jalan,jalan_archive,11730429,2021/1/17,,,,,5,ja,True,facility_wide,風呂,,癒しの宿,初めての宿泊です。料理もとても美味しかったです。食事も部屋食でコロナ対策として、とても安心して過ごす事が出来ました。 お風呂もとても広く、アジアンティクで素敵でした。 ただ一つだけ、最初、部屋のトイレの鍵が掛かっていて、おまけにウォシュレットの調子が悪く、電源が入ってなかったです。 お客様を部屋に案内する前にスタッフの方がしっかりと確認するべきだと思います。 それ以外はとても良く、また、宿泊したいと思う宿でした。,https://www.jalan.net/yad397509/kuchikomi/archive/,neutral,neutral_or_lodging_context,medium,body_sentiment_inference_needed
99,Jalan,jalan_archive,11724877,2021/1/11,,,,,5,ja,True,room_bath;private_bath,風呂;貸切,,貸切お風呂を堪能しました,コロナ渦の中でしたが、長期休みもなかなか取れない仕事なので、この機会に行くしかない！と、コロナ対策をしっかりして、伺いました♪ 部屋もとても綺麗で、なんと言っても、部屋風呂、貸切風呂が最高です！！ 仕事の疲れをゆっくり癒すことができました。 コロナ対策もしっかりされており、他のお客さんと接することがないようにしてくださったのも、良い点でした。 また機会があれば、行きたいです♪,https://www.jalan.net/yad397509/kuchikomi/archive/,positive,body_positive,high,body_sentiment_inference_needed
100,Jalan,jalan_archive,11718950,2021/1/7,,,,,5,ja,False,,,,おもてなしが最高、料理の満足度100,とにかく料理がとても美味しかったです。朝・夕とボリューム満点で大変満足しました。そしておもてなしがとても丁寧でこのお宿に宿泊して良かったと思いました。,https://www.jalan.net/yad397509/kuchikomi/archive/,positive,body_positive,high,body_sentiment_inference_needed
101,Jalan,jalan_archive,11718576,2021/1/6,,,,,5,ja,True,facility_wide,風呂;露天,,露天付きの部屋なので最高。,部屋に露天風呂があるので、好きな時に何回でも入れるのが最高です。従業員の方も気さくでのんびりとさせて頂きました。また、行きたいです。,https://www.jalan.net/yad397509/kuchikomi/archive/,positive,body_positive,high,body_sentiment_inference_needed
102,Jalan,jalan_archive,11713060,2021/1/3,,,,,5,ja,True,room_bath,温泉;風呂;肌,,温泉はもちろん、接客も、それ以上に食事が最高の宿,場所は鉄輪温泉の近くにあります。車で行けば、別府温泉の主要なところには行けるところです。お部屋のお風呂も肌がすべすべになるくらいとてもいい温泉です。また、接客も良く、丁寧に対応していただきました。またなんといっても食事が豪華！とても美味しい食事を提供していただけます！ また是非利用したいほどです！,https://www.jalan.net/yad397509/kuchikomi/archive/,positive,body_positive,high,body_sentiment_inference_needed
103,Jalan,jalan_archive,11711257,2021/1/2,,,,,4,ja,True,facility_wide,温泉,,家族でゆっくり,家族5人で利用させて頂きました。トータル的に最高の宿でした。温泉も料理も接客も素敵でした。立地上仕方ないのですが窓から近隣の家の窓が見えてました。,https://www.jalan.net/yad397509/kuchikomi/archive/,positive,body_positive,high,body_sentiment_inference_needed
104,Jalan,jalan_archive,11709137,2020/12/31,,,,,5,ja,True,room_open_air_bath;private_bath,風呂;露天;貸切,,良いお宿,別府に行く際には、また宿泊したいと思うお宿でした。露天風呂付きの部屋にして良かったです。貸切風呂もゆとりの広さで満足です。接客、食事、部屋と全てに満足です。ゆっくりすることができました。お世話になりました。,https://www.jalan.net/yad397509/kuchikomi/archive/,positive,body_positive,high,body_sentiment_inference_needed
105,Jalan,jalan_archive,11707649,2020/12/30,,,,,4,ja,True,private_bath,風呂;湯;お湯;貸切;段差;時間,,こじんまりとした宿で貸切風呂はよかった！,一泊、夫婦でお世話になりました。部屋はこじんまりとしていて、ベッドとの段差がだいぶあり、電気のコントロールがベッドから遠いのでちょっと危なさがありました。 お風呂は貸切風呂が二つあり、自由な時間に入れてよかった。 お湯も柔らかくて気に入りました。 食事はまとめて出てきますが、本来温かいおかずが冷たくて…とても残念な感じでした。 総評としては、お風呂環境は良いし、人もよかったけど、他はちょっと他の宿より優っているとは言い難い。通常料金だとちょっと高いかなーという印象でした。,https://www.jalan.net/yad397509/kuchikomi/archive/,mixed,body_positive_and_negative,high,body_sentiment_inference_needed
106,Jalan,jalan_archive,11673641,2020/12/10,,,,,5,ja,True,room_open_air_bath;private_bath,風呂;露天;半露天;貸切,,ゆっくり出来ます。,初めてお世話になりました。スタッフ方々が親切で、ゆっくり過ごす事ができました。 到着後に貸切風呂に行き、あとは部屋の半露天風呂を帰るまで何度も入りました。 夕食朝食とも部屋食なのでゆっくり食べることができました。伊勢海老の姿造り、豊後牛のしゃぶしゃぶ、鮭のパイ焼きなどいろいろありどれも凄く美味しかったです。他のお客さんとは1回も会うことがありませんでしたので安心でした。 この度はありがとうございました。,https://www.jalan.net/yad397509/kuchikomi/archive/,positive,body_positive,high,body_sentiment_inference_needed
107,Jalan,jalan_archive,11667371,2020/12/7,,,,,5,ja,False,,,,ゆっくりできます。,コロナ禍での宿泊で不安はありましたが、部屋の造りからか他のお客さんと全く合わなかった。 安心してのんびりできます。 夕食が特に美味しかったです。 宿の方も必要最低限でそっとしておいてくださいます。 私には最適な宿でした。 おすすめ出来ます！！！,https://www.jalan.net/yad397509/kuchikomi/archive/,positive,body_positive,high,body_sentiment_inference_needed
108,Jalan,jalan_archive,11662097,2020/12/4,,,,,4,ja,True,room_open_air_bath;private_bath,風呂;露天;貸切;狭,,完全お部屋出しおもてなし良かったです,今回は、完全お部屋出し客室露天風呂付きで探していて、GOTO利用して宿泊させていただきました。 コロナ対策もされていて、食事も美味しく、離れの貸切風呂は良かったです。客室露天風呂は、ちょっと狭かったです。 友達へのサプライズのケーキも用意して頂き、ありがとうございました。ゆっくりくつろげて、楽しい旅行ができました。,https://www.jalan.net/yad397509/kuchikomi/archive/,mixed,body_positive_and_negative,high,body_sentiment_inference_needed
109,Jalan,jalan_archive,11656831,2020/12/1,,,,,3,ja,True,room_open_air_bath,温泉;風呂;露天;半露天,,今回初めて宿泊しました。,今回、初めて別邸はる樹さんを利用しました。 新型コロナが気になりましたが・・・客室で、チェックイン・チョックアウトを行い、食事は、部屋食、温泉は、半露天風呂付客室なので、他の宿泊客とは会わずに済む為に、安心して宿泊することが出来ました。 ゆっくり、温泉・食事を楽しむことが出来ました。 また、機会があれば宿泊したいと思います。,https://www.jalan.net/yad397509/kuchikomi/archive/,positive,body_positive,high,body_sentiment_inference_needed
110,Jalan,jalan_archive,11656275,2020/11/30,,,,,3,ja,True,private_bath,風呂;貸切,,普通でした。,案内してくれた男性の方の対応が良かったです。 二階に宿泊しました。 隣の部屋の扉の開け閉めの音が聞こえました。 という事は、隣の部屋の人も、同じようにうるさかったんだろうなと思いました。 お風呂は貸切が３つあって、入りたい時に入れて良かったです。 ただ、夜は23時まで使用できると聞いてたので、22時30分頃に外のお風呂に行こうとしたら、閉まっていて利用できなかったのが残念でした。 料理は、丁度いい量でした。朝夜共に部屋食なのも良かったです。 割引があったので宿泊しましたが、正規の値段だと少し高いかなと思います。,https://www.jalan.net/yad397509/kuchikomi/archive/,mixed,body_positive_and_negative,high,body_sentiment_inference_needed
111,Jalan,jalan_archive,11649172,2020/11/27,,,,,2,ja,True,private_bath,風呂;浴;貸切;狭,,期待していた分、残念でした。,口コミや、HPを拝見して、価格帯からもきっと素敵な宿だろうと期待していた分、全てにおいて期待を下回り、残念でした。一万円代前半であれば納得できますが、現在の価格帯では割高感が否めません。 まず、外観、部屋全てが写真より古く、かつ狭く感じます。 お宿について、スタッフの方が車までいらしたのですが何故か荷物は運んで下さらず、自分達で部屋まで運びました… 貸切風呂の浴槽近くの壁にはキノコが沢山生えていて、清掃時点で気付かないのか疑問でした。 食事は美味しく、量も充分でしたが、価格帯からすれば至って普通だと思います。 接客の質も人によって差がありました。 違う宿にすればよかったと後悔が残る結果となりました。,https://www.jalan.net/yad397509/kuchikomi/archive/,mixed,body_positive_and_negative,high,body_sentiment_inference_needed
112,Jalan,jalan_archive,11644229,2020/11/25,,,,,4,ja,True,facility_wide,風呂,,夕食が最高でした,夕食は全て美味しかったです。特にステーキは焼き加減と味が最高でした。 お宿の方の対応もステキでした。 次はお風呂付きの部屋に泊まろうと考えています。,https://www.jalan.net/yad397509/kuchikomi/archive/,positive,body_positive,high,body_sentiment_inference_needed
113,Jalan,jalan_archive,11630327,2020/11/20,,,,,4,ja,True,private_bath,風呂;貸切,,落ち着いた部屋,部屋にお風呂もありましたが。 夜、貸切風呂に行くと、縁側の座布団に猫が寛いでいて、何かお洒落な雰囲気を味わう事ができました！ ただ、大通りが近いせいか？ 車の音が気になりましたが。 また機会があれば泊まりに行きたいと思います。,https://www.jalan.net/yad397509/kuchikomi/archive/,positive,body_positive,high,body_sentiment_inference_needed
114,Jalan,jalan_archive,11625544,2020/11/18,,,,,4,ja,True,room_bath;private_bath,温泉;風呂;貸切;予約,,子連れにオススメ,0、2歳の子供たちと夫婦で家族旅行のため、利用しました。 コロナが流行ってる今、温泉付き客室で、GO TOで安くなっていたので、予約しました。チェックインからお部屋に入るまで他の客と会うことなく入室できました。 お食事は部屋食で、品数多いし美味しいしお腹いっぱい堪能することができました。子供用のご飯も、子供向けにかわいくしていただいて、とても美味しかったのかいつも以上に食べてました。 部屋のお風呂は小さいものの、とても気持ちよく温まることができました。そのほかにも、貸切風呂が３つあり空いていれば自分たちのタイミングでいつでも入れたので良かったです。 お宿の方たちもとても明るく親切にしていただき、とても気持ちの良い接客でした。 また利用させていただきたいです。ありがとうございました。,https://www.jalan.net/yad397509/kuchikomi/archive/,positive,body_positive,high,body_sentiment_inference_needed
115,Jalan,jalan_archive,11617623,2020/11/15,,,,,5,ja,True,facility_wide,温泉;風呂,,久しぶりの別府温泉,チェックイン、チェックアウトも部屋で行い、朝夕食も部屋食で部屋にお風呂も付いていたので、当日は満室との事でしたが誰にも会いませんでした。若い従業員の方の感じが良く、リラックスできました。,https://www.jalan.net/yad397509/kuchikomi/archive/,neutral,neutral_or_lodging_context,medium,body_sentiment_inference_needed
116,Jalan,jalan_archive,11605043,2020/11/9,,,,,3,ja,False,,,,夕朝が部屋食なのは魅力的,全てにおいて予想を下回る宿で部屋に通された瞬間からテンション下がりました。コスパ重視でないのは承知の上ですが…主人にも感想聞きましたが今まで訪れた宿では良いとは言い難いところです。リピはありません,https://www.jalan.net/yad397509/kuchikomi/archive/,neutral,neutral_or_lodging_context,medium,body_sentiment_inference_needed
117,Jalan,jalan_archive,11598859,2020/11/7,,,,,5,ja,False,,,,心温まる最高の宿でした★,結婚記念日&生後7ヶ月の息子を連れての初めての旅行でした。結婚記念日のサプライズは、結婚式の入場曲をかけてケーキとプレゼントを持ってきてもらいました。プレゼントはオシャレに飾り付けをして持ってきてくださり、夫もとても喜んでくれました。 料理は彩り豊かでどれも美味しく、贅沢に豊後牛プランにしたら、想像の4倍はあり、お腹いっぱいになりました。 赤ちゃん連れにも優しいお宿で、ベビーチェアもありました。 事前に電話でやりとりをしていた時から担当してくださった方は、まだ若い方でしたが、ホスピタリティに溢れる素敵な方でした。 私たちをぜひ担当したいと、わざわざシフトを代わってまでおもてなししてくださいました。こんなにお客さん想いのお宿があるなんて、感動でした。,https://www.jalan.net/yad397509/kuchikomi/archive/,positive,body_positive,high,body_sentiment_inference_needed
118,Jalan,jalan_archive,11592473,2020/11/4,,,,,5,ja,True,facility_wide,風呂,,部屋付風呂がとってもよく、最高のおもてなしでした,0歳児と3歳児を連れての家族旅行でした。部屋にはあらかじめ子ども用のイスを用意していただき大変ありがたかったです。また、食事前に離乳食を渡しておけば温めて出していただいたので乳幼児連れの方にもオススメです。ただ部屋食だったからなのか汁物が少し冷めてたのが残念でした。 コロナ対策も万全で、他の宿泊客とは会わずにチェックイン、チェックアウトをしていただき安心して利用する事ができたと思います。一緒に行った母も大満足で部屋から一歩も出ずに最高の旅行のなりました。ありがとうございました。,https://www.jalan.net/yad397509/kuchikomi/archive/,mixed,body_positive_and_negative,high,body_sentiment_inference_needed
119,Jalan,jalan_archive,11561031,2020/10/22,,,,,5,ja,True,room_bath;room_open_air_bath;private_bath,風呂;露天;半露天;貸切;予約;時間,,のんびり旅館を楽しみたい方にオススメ,夕食朝食ともに部屋出しであり、部屋に半露天風呂がついていたので予約を決めました。ご飯は量も満足で品の数がとても多く、豊富な食材を堪能することができました。お風呂は部屋風呂も利用しやすく、無料貸切風呂も時間の制限などはなく、またその日は運が良いのか利用者がいなかったので夜と朝に2種類利用しました。旅館の方と観光について話していたらバスの時間を調べてくださったり、観光スポットについても詳しく教えてくださったので、嬉しく思いました。,https://www.jalan.net/yad397509/kuchikomi/archive/,positive,body_positive,high,body_sentiment_inference_needed
120,Jalan,jalan_archive,11559312,2020/10/22,,,,,4,ja,True,facility_wide,温泉;浴;時間,,とても癒されました,7人で2部屋で利用しました。食事のみひと部屋に集まり7人で食事しました。この、食事時の相談を何度が電話で対応していただき、泊まる前から安心してお任せできる対応をしていただいて本当に助かりました。 旦那と子供たちにとって初めての温泉旅行だったのですが、また来たい！楽しかったと大満足でした！ お部屋は落ち着いた照明で部屋からお庭を眺めることができ、時々野良猫ちゃんも通りかかったりととても癒される空間でした。仲居さんにきいてみると野良猫ちゃんたちのお名前も教えてもらえます。 温泉つきのお部屋なので時間を気にせずゆっくり好きな時に入浴できて、とても良かったです。アメニティのシャンプーやコンディショナーもとても良いものだったみたいで髪が艶々うるうるになりました。浴衣を選べるのも楽しかったです！ お料理は伊勢海老コースをいただきました。伊勢海老がプリプリでとても美味しかったし、子供達もお子様ランチがとても豪華で喜んでました！ 伊勢海老のお刺身をいただいたあとお味噌汁になって戻ってくるのですが、とても写真映えする盛り付けでした！お味噌汁になっても美味しかったです！ 朝ごはんもとても美味しくて、白ご飯が進んでしかたなかったです。 他のお客さんとの接触もなく心からくつろぐことができました。コロナ渦でも安心して利用できる宿だと感じました。 是非また利用したいです！,https://www.jalan.net/yad397509/kuchikomi/archive/,positive,body_positive,high,body_sentiment_inference_needed
121,Jalan,jalan_archive,11546963,2020/10/16,,,,,2,ja,True,facility_wide,風呂,,少し残念でした,クチコミで期待していましたが、少し残念でした。静かではありましたが、お風呂の扉の閉まる時の音にはびっくりさせられました。また、隣の部屋の扉の音も聞こえてきて、残念に思われました。高齢の母親には、お風呂が深く出入りに苦労していました。何か手すりや階段的な物があるといいように思われます。,https://www.jalan.net/yad397509/kuchikomi/archive/,negative,low_rating_negative_body,high,body_sentiment_inference_needed
122,Jalan,jalan_archive,11546313,2020/10/16,,,,,4,ja,True,private_bath,風呂;露天,,楽しい思い出をありがとうございました,彼女との旅行で利用させていただきました。とにかく接客が良すぎて、チェックインからチェックアウトまで本当に良い気持ちで過ごせました。食事は美味しいしお腹いっぱいになれたしで大満足でした。お風呂も貸し切り露天風呂と部屋に付いている露天風呂とで2度楽しめました。もし知り合いが大分に旅行にいくと聞けば是非オススメしたい、そう思えるとても良い旅館でした。,https://www.jalan.net/yad397509/kuchikomi/archive/,positive,body_positive,high,body_sentiment_inference_needed
123,Jalan,jalan_archive,11541001,2020/10/13,,,,,5,ja,True,facility_wide,浴;時間,,ご飯が何よりもGood☆,少し早めに着きましたがスタッフの方が外まで出てきてくれ、出迎えてくれました。玄関には季節の花があり美しかったです。 浴衣を選ばせてくれ、とてもわくわくしました。 なによりも食事がとても美味しく、一つ一つ料理の説明をしてくれました。 料理を運ぶタイミングもとてもよかったです^_^ スタッフの方が何よりも優しく温かいなと感じました。祖母が脚が悪かったですが階段上り降り最後まで見守ってくれました。 祖母、叔母、母と利用しましたがみんなとても良い旅館だったね^_^と言っていました。思い出に残るとても良い時間を過ごせました(^^),https://www.jalan.net/yad397509/kuchikomi/archive/,mixed,body_positive_and_negative,high,body_sentiment_inference_needed
124,Jalan,jalan_archive,11529598,2020/10/9,,,,,4,ja,True,facility_wide,温泉;風呂,,コロナ禍の中、安心できる家族旅行へ。,コロナが不安な中、第二子が生まれる前に上の子とゆっくり思い出旅行がしたかったので産休に入って安心できる宿を検索していたら今回宿泊した宿（はる樹）が目にとまりました。 主人は県外に出たくないと旅行には反対だったのですが、この宿の感染対策をみて行こうかってなってくれました。 まず夕食朝食ともに部屋食。これ、コロナに限らず身重の体、小さな子連れ家族にはありがたかったです。そして部屋に温泉のお風呂がついてて、チェックインもチェックアウトも全て部屋で行いました。 到着から帰るまで他のお客さんに一切会わない宿は初めてでした。 従業員さんもとても落ち着いた丁寧な対応をしていただきとてもゆっくり過ごせました。 夕食の豊後牛ステーキ美味しすぎて大満足でした。朝・夕食とも全体的に量も多くて美味しくて、よく食べる三歳の娘も私たちのと一緒に食べてみんなお腹いっぱいでした。 テレビもYouTubeがみれたりと最新設備でした。ちょうどGOTOトラベルで安く利用できてとてもいい時期にすばらしい旅行ができたなと思います。 コロナ禍の旅は不安もありましたがとてもいい思い出旅行ができました。ありがとうございました。,https://www.jalan.net/yad397509/kuchikomi/archive/,positive,body_positive,high,body_sentiment_inference_needed
125,Jalan,jalan_archive,11511399,2020/9/30,,,,,5,ja,True,private_bath,温泉;風呂;湯;肌;水;貸切;臭;時間,,お部屋でのんびりできました,妹と娘の誕生日祝いをかねて泊まりました． 別府八湯といいますが，このあたりの温泉は入ったことがなく，楽しみにしていました． とても温まる温泉で，ずっとぽかぽかしていました．お肌もつるつるになり，時間が許す限り入っていました． お食事がとてもおいしかったです！ 御出汁の効いた薄味で，すべておいしくいただきました． 朝のお味噌汁も素晴らしかったです．貸切湯に朝風呂にいった帰り，御出汁の良い香りがして 幸せな気分になりました． 娘にもやさしく接していただいてありがとうございました． 難を申せば，洗面所の蛇口が開けづらく締めにくかったです． せっかく手を洗ったのに，蛇口を締めるのに力いっぱい握ると手が金臭くなっていました． コロナ禍で手を洗う回数が増えている今，もう少し水が出しやすくなるといいなと思いました． また，お宿の前に車をスタッフの方に泊めていただいたのですが，出発時みると鳥のフンが大量に落とされていました．周辺をみると鳥のフンの痕があったので，糞害があることはわかっていると思われます．グレードの高いお宿であるからこそ，もう少しご考慮ください． 全体的にはとてもゆっくりリフレッシュさせていただきました． ありがとうございました．,https://www.jalan.net/yad397509/kuchikomi/archive/,mixed,body_positive_and_negative,high,body_sentiment_inference_needed
126,Jalan,jalan_archive,11509387,2020/9/29,,,,,4,ja,True,private_bath,風呂;湯;貸切,,子連れでも安心！コロナ感染対策がバッチリ！,風呂付でない客室に宿泊したのですが、客室から貸切風呂までの動線や利便性の良さに驚きました。 客室は広く清潔感があり、無駄な装飾がないため落ち着いた雰囲気です。貸切風呂も清潔感があり、湯質はサラッとしており、疲れを落とすことができました。 客室数が限られているため、他の宿泊客と密になる場面もなく、コロナ禍においても安心して宿泊できます。 はる樹さんは、コスパ重視というより、ホスピタリティ重視といった印象です。 5歳と2歳の子供向けに、枕をキャラクターに変更していただいたり、料理も子供が好きな食材を選んでいただいており、小さな子供の対応にも慣れておられ、安心して子連れでも宿泊できます。 食事は工夫を凝らした創作料理で大変美味しかったです。ただ、刺身を食べなれている方は、「関アジグルメプラン」ではなく、「豊後牛グルメプラン」をお勧めします。 また、年内に家族旅行で遊びに行きます！,https://www.jalan.net/yad397509/kuchikomi/archive/,positive,body_positive,high,body_sentiment_inference_needed
127,Jalan,jalan_archive,11508868,2020/9/29,,,,,5,ja,False,,,,とても満足,今回ゴートゥトラベルを利用して、はる樹さんに宿泊させて貰いました。コロナウィルスに対しての管理も行き届いていて、接客マナーも良く料理も丁寧に作られとても満足しました！これからもまた行きたいと思っています！はる樹のスタッフの皆さまどうもありがとうございました。,https://www.jalan.net/yad397509/kuchikomi/archive/,positive,body_positive,high,body_sentiment_inference_needed
128,Jalan,jalan_archive,11505554,2020/9/27,,,,,5,ja,True,room_open_air_bath,風呂;露天;時間,,次は桜の咲く頃に,急遽旅行することになり朝夕部屋食露天風呂付きの旅館を探し利用しました。チェックイン、アウトも部屋でしていただけたし、仲居さんもとても感じのいい人ばかりでゆっくり過ごせました。 お料理についてはアレルギーの対応もきちんとしてくれたおかげで安心しておいしくいただくことができました。 大和塀があと10センチ高ければ言うことなしでした。 いい時間が過ごせました。ありがとうございました。,https://www.jalan.net/yad397509/kuchikomi/archive/,positive,body_positive,high,body_sentiment_inference_needed
129,Jalan,jalan_archive,11500287,2020/9/25,,,,,4,ja,True,private_bath,風呂;寒,,お世話になりました,貸し切り風呂が使えるのが良かったです。 広くてのんびりできる。 お料理も美味しかったです。 お部屋の担当の方に色々教えて頂いて 面白かった。 寒いときにもう一度お邪魔したいです。,https://www.jalan.net/yad397509/kuchikomi/archive/,mixed,body_positive_and_negative,high,body_sentiment_inference_needed
130,Jalan,jalan_archive,11472867,2020/9/13,,,,,4,ja,True,room_bath;private_bath,風呂;湯;貸切,,ご飯が美味しい！,部屋食のお宿を探しており利用させていただきました。 静かに過ごすことができ、お風呂も貸切湯とお部屋のお風呂を堪能させていただきました。 ゆっくり過ごすことが目的の旅行でしたので満足しています。 なにより私も彼もご飯の美味しさに大満足しました。 見た目も味も量も全てよかったです。,https://www.jalan.net/yad397509/kuchikomi/archive/,positive,body_positive,high,body_sentiment_inference_needed
131,Jalan,jalan_archive,11470163,2020/9/12,,,,,3,ja,True,room_open_air_bath,風呂;露天;水,,コロナ禍の中で,gotoの割引やクーポンもあったため、ネット検索で露天風呂付きとし利用しました。 宿泊者や従業員と会う機会も少なく、コロナ禍が心配の方やお忍び旅行には最適と思いました。(私は夫婦旅行でお忍びではありませんが) 但し、そのほかは特に普通で、割引なしでは割高ではと思いました。特にお風呂の温度調節ができておらず多量の水を入れるまで裸で待っていたのは苦痛でした。コロナ禍での従業員さんのご苦労をお察しします。,https://www.jalan.net/yad397509/kuchikomi/archive/,mixed,body_negative_with_context,high,body_sentiment_inference_needed
132,Jalan,jalan_archive,11461738,2020/9/7,,,,,5,ja,False,,,,静かでゆっくり出来ました！,疲れた体を癒すのに最適なお宿でした。 お部屋食でしたが、テンポよくお料理を出していただけるのでとてもてリラックスしてお食事をいただくことができました。 豊後牛もとても美味しかったですが、お料理一つ一つに工夫がなされ、他では味わうことのできないお食事でした。 従業員の方にも良くしていただき、大変満足いたしました。 また利用したいです。 感染症対策として、他のお客さんと鉢合わせ内容にも配慮がなされていました。,https://www.jalan.net/yad397509/kuchikomi/archive/,positive,body_positive,high,body_sentiment_inference_needed
133,Jalan,jalan_archive,11456184,2020/9/3,,,,,4,ja,True,room_bath;room_open_air_bath;private_bath,風呂;露天;半露天;貸切;予約,,子連れ旅行で,子供との初めての別府旅行で利用させて頂きました。旅館は住宅街にありますが、まわりが全然気にならないような造りになっていてリラックス出来ました。部屋風呂はそんなに広くないですが、貸切の半露天風呂も２ヶ所あり予約もなく空いていれば入れるので良かったです。お部屋には子供用のイスを用意してくれたり夕食時にも子供に声掛けをしてくれたり、子供連れでも気兼ねなく過ごせるお宿でした。お値段は少し高いですが、満足いく旅行が出来ました。,https://www.jalan.net/yad397509/kuchikomi/archive/,positive,body_positive,high,body_sentiment_inference_needed
134,Jalan,jalan_archive,11445338,2020/8/28,,,,,3,ja,True,facility_wide,風呂;露天;肌;虫,,人の温かさに触れたい時は是非ここ！おばあちゃん家に来た懐かしい思いになる場所でした！,今回友達との旅行で8／24～27までの3泊4日宿泊させてもらいました！ 口コミでの評価もよく楽しみで行きました！！ みなさん書いてる通り、スタッフの方の対応は温かくとても話しやすい方ばかりでした。印象に特に残っているのは、仲居さんです。この方はとてもとても親切で、話をしやすいとても可愛い仲居さんでした。私たち自身、あまりぐいぐいくる人は得意ではないですが、それとなく話をしてくれて、観光名所を教えてくれたり、共感してくれたり、とても気持ちよく話せる方でした。たくさん話してしまい、仕事の邪魔になってないか不安なくらいでした。本当に今の仕事が好きなんだなっと感じることができました。人が好き、そのことをすごく感じることができました。 仲居さんに出会えてこの旅は、何倍も楽しくなりました！！夕食、朝食が部屋食のため、話す機会も多く、やっぱり仲居さんとの関わりが楽しみになるというのはありがたいです。食事の説明もしっかりされていて、とてもくつろげました。 食事も、3泊とも全て違う食事で、一つ一つ工夫されておりとてもとても美味しくいただきました。夜ご飯はもちろんですが、朝ご飯も本当に目で楽しんで味で感動する。それくらい食事は美味しく楽しく頂けました。デザートのメロンが、皮でハートを作ってあったり！！可愛さでたまらなかったです。こういう細かい楽しみを入れてもらえるのはうれしいです！！ お部屋は、昔ながらの作りです。私は小さい頃いってたおばあちゃんの家にきたかんじでした！匂いに安心感でした。清掃は行き届いており、古さはありますが清潔感があります。私たちは虫がすごく苦手でびびりなので、そわそわすることもありました。川の近くであることや、季節からも虫は多かったですが、すぐに対応してもらえます！！露天風呂もお肌スベスベになりとても気持ちよかったです！！！帰る前の日の夜も、ご飯を運んでくれましたが、私たちの帰る日はいらっしゃらないとのこと。先に挨拶してくれて、帰る日の会計時にメッセージを書いてくれていました。とてもとてもうれしくて胸一杯になりました。本当に温かいなっと。ホテルや大きい旅館ではチェックインのときだけスタッフの人と話すことが多い中こんなに話して人の繋がりを感じれたのは嬉しかったです。またいきたいです！！,https://www.jalan.net/yad397509/kuchikomi/archive/,mixed,body_positive_and_negative,high,body_sentiment_inference_needed
135,Jalan,jalan_archive,11442470,2020/8/26,,,,,3,ja,False,,狭,,残念,部屋が狭く照明も暗かったです。料理や接客に関しては、十分に満足しました。 同じ代金であれば最他にもあります残念です。,https://www.jalan.net/yad397509/kuchikomi/archive/,mixed,body_positive_and_negative,high,body_sentiment_inference_needed
136,Jalan,jalan_archive,11440563,2020/8/25,,,,,5,ja,True,room_open_air_bath;private_bath,風呂;露天;半露天;湯;熱;水;浴;貸切;熱い;虫,,良い旅館でした,女性は浴衣を選ぶことが出来るのですが、サイズがたくさんあり身長が170ぐらいある私にとってはとても有難かったです。 ロビーには情報誌やかぼす水があり、部屋に行く前に一旦落ち着くことが出来ました。 スタッフの方々はとても気さくで、かつ丁寧で細かなところまで気を配っていただきました。 関あじのプランにしたのですが、関あじだけでも満足できる上に豊後牛のしゃぶしゃぶまで付いてきたので大大満足です。 お風呂は少し熱いかな、ぐらいの温度でした。 芹というお部屋に泊まりましたが客室露天が大きく、外にある貸切湯に行かなくても堪能出来ました。 半露天なので仕方がありませんが虫が出ます。 お部屋がかなり乾燥したので、そういった対策があれば完璧だと思います。 また泊まりに行きたいと思えるお宿でした！,https://www.jalan.net/yad397509/kuchikomi/archive/,mixed,body_positive_and_negative,high,body_sentiment_inference_needed
137,Jalan,jalan_archive,11438391,2020/8/24,,,,,5,ja,True,private_bath,風呂;貸切,,貸切風呂が最高,恋人との旅行で利用しましたがとても良かったです。 宿泊中仲居さん以外と会うことも無く、コロナ対策もできました！ 貸切風呂とてもよかったです。,https://www.jalan.net/yad397509/kuchikomi/archive/,positive,body_positive,high,body_sentiment_inference_needed
138,Jalan,jalan_archive,11420651,2020/8/15,,,,,4,ja,False,,,,ゆっくりできるお宿でした,スタッフの方が皆さま親切で、お料理も美味しかったです。お会計の際に他のお客様と会わないように配慮してくださったりと、コロナウィルス対策もされてました。ゆっくりと過ごすことができました。,https://www.jalan.net/yad397509/kuchikomi/archive/,positive,body_positive,high,body_sentiment_inference_needed
139,Jalan,jalan_archive,11405352,2020/8/8,,,,,4,ja,False,,,,安心して泊まれました。,この時期旅行に行くのは少し不安があったのですが、コロナ対策もしっかりとられており、安心して寛ぐことができました。 ご飯も満足のいく量で、とても美味しかったです。 また機会があれば利用したいと思います。ありがとうございました！,https://www.jalan.net/yad397509/kuchikomi/archive/,positive,body_positive,high,body_sentiment_inference_needed
140,Jalan,jalan_archive,11399152,2020/8/3,,,,,5,ja,True,room_bath;private_bath,風呂;貸切;時間,,おもてなしが本当に素晴らしかったです！,今回両親の結婚25周年で利用させていただきました。まず、到着した時からスタッフの方がお出迎えしてくださり、びっくり。荷物もスタッフの方がお部屋まで運んでくださいました。そこから色々と案内をしてくださり、お部屋に到着すると、きれいなお部屋とお風呂、庭に感動しました！しばらくゆったりすると、夕食の時間になり、お部屋食でしたので、スタッフの方が運んでくださいました。このスタッフさんが本当に面白い方で料理の説明の他、ちょっとした豆知識や、おすすめの料理など事細かく教えてくださり、本当に食事の時間が楽しかったです。お風呂も部屋風呂はもちろんのこと、貸切風呂も本当に綺麗で、すごく気持ちが良かったです！ とにかく、すごく接客サービスが徹底されていて、楽しい時間を過ごせました！ 今回ひとつだけ失敗したのは、事前にお電話いただいたときに、プレゼントとしての宿泊だとこちらが伝え損ねてしまい、両親に価格を見られてしまったところくらいでしょうか。 それ以外は本当に素晴らしいお宿で、また機会があれば利用したいです。とくに接客をしてくださったスタッフさん、とても良い方だったのでまたお会いできたらなぁ、と思っています。,https://www.jalan.net/yad397509/kuchikomi/archive/,positive,body_positive,high,body_sentiment_inference_needed
141,Jalan,jalan_archive,11398428,2020/8/3,,,,,3,ja,True,facility_wide,風呂;蚊,,子連れにオススメ,とても快適で子連れにはオススメ！！早めに到着したのに部屋に入れてくれて…助かりました。 ただ、家族風呂は窓を開けていたせいか蚊が入ってきていて2、3箇所刺されたのと、シャワーを使った際に音がして気になりました！！スタッフの雰囲気はとても良く楽しかったです。,https://www.jalan.net/yad397509/kuchikomi/archive/,mixed,body_positive_and_negative,high,body_sentiment_inference_needed
142,Jalan,jalan_archive,11382143,2020/7/23,,,,,5,ja,True,private_bath,風呂;時間,,とても良い思い出になりました。,綺麗で雰囲気の良い旅館でした。 内風呂と貸し切り風呂があり、 色んなお風呂が楽しめたのが良かったです。 観光についても細かく教えて下さり、 楽しくスムーズに別府観光をすることができました。 今回は彼の誕生日祝いで サプライズのケーキをお願いしていました。 電話で問い合わせた時から親身に対応して下さり、 当日も素敵な演出でお祝いして頂けたので大満足でした。 帰り際に担当の方からメッセージカードまで頂き、 おもてなしに心から感謝です。 旅館の方々のおかげで、思い出に残る 素敵な時間を過ごすことができました。 別府に行く際は、また利用させて頂きたいと思います。 本当にありがとうございました。,https://www.jalan.net/yad397509/kuchikomi/archive/,positive,body_positive,high,body_sentiment_inference_needed
143,Jalan,jalan_archive,11363109,2020/7/4,,,,,5,ja,True,facility_wide,温泉;湯;お湯;肌,,料理がとても美味しかったです,丁寧に作られているのが伝わってくるような料理の数々でした。スタッフの方が、無理せずに後から出てくる料理の分も余裕をもってて下さいと声掛けてくれて優しさを感じました。いつもは少食な母が殆ど残さず食べたのには驚きました。温泉のお湯も肌に優しく、リフレッシュしたひとときになりました。,https://www.jalan.net/yad397509/kuchikomi/archive/,neutral,neutral_or_lodging_context,medium,body_sentiment_inference_needed
144,Jalan,jalan_archive,11348306,2020/6/14,,,,,4,ja,True,private_bath,風呂;貸切,,アットホームな旅館,彼の誕生日旅館のため利用させていただきました。 ケーキなど色々相談したことを丁寧に対応していただきました。 貸切風呂も入り放題でとてもよかったです。 とにかく従業員の方が笑顔でとても話しやすくアットホームな雰囲気がとても気に入りました。 最後まで丁寧に対応していただきありがとうございました。 彼もとても喜んでいてまた行きたいと思っています。,https://www.jalan.net/yad397509/kuchikomi/archive/,positive,body_positive,high,body_sentiment_inference_needed
145,Jalan,jalan_archive,11337937,2020/5/14,,,,,4,ja,False,,掃除,,あたたかいおもてなし,今回は夫婦での旅行でした。お部屋は広くなかったのですが、よく掃除されており過ごしやすく、色々しないでゆっくり過ごすだけの旅行がしたかったので、逆にちょうど良い感じでした。 接客してくれた担当のスタッフさんの感じがよく、自分の仕事に自信を持っている感じがとても印象的でした。本当に私たちの事を考えて接してくれている気がして、とても心地が良かったです。 また是非利用させてほしい旅館さんでした！ありがとうございました！,https://www.jalan.net/yad397509/kuchikomi/archive/,mixed,body_positive_and_negative,high,body_sentiment_inference_needed
146,Jalan,jalan_archive,11337148,2020/5/10,,,,,5,ja,True,room_bath;private_bath,温泉;風呂,,とっても素敵な旅館でした♪,はじめての別府温泉でこちらの旅館にお世話になりました。 新婚旅行でお伺いしたのですが、当日そのことを仲居さんに話すと、夕食の時に急きょドリンクをサービスしてくださいました！ その心配りがとっても嬉しかったです(^ ^) とても気さくな仲居さんで、他にも色々とお話できたのが楽しかったです♪ また、お部屋のお風呂ももちろんですが、貸し切り風呂が特に気に入りました！ 旦那さんと2人で入るにはもったいないぐらいの広さで、ゆったりのんびりと入ることができました～♪ 食事も夕食・朝食ともに満足な量でとても満足でした！ 特に名産の関あじが本当に美味しかったです(*^^*) （私たちは食べきってしまいましたが、食べきれなければアレンジをして朝食で出してくださるとのことでした。その対応も満点！） 少し距離はありますが、地獄めぐりも歩いて行ける範囲です。 その道中にスーパー・コンビニ・ドラッグストアもあるため、何かと便利でした！ また別府に行った際はお伺いしたいです。,https://www.jalan.net/yad397509/kuchikomi/archive/,positive,body_positive,high,body_sentiment_inference_needed
147,Jalan,jalan_archive,11333779,2020/4/27,,,,,5,ja,True,facility_wide,温泉;湯,,料理も美味しくプライベートな落ち着ける空間,交際相手との宿泊でした。 昨今の世の情勢から近場で夕食と朝食共に部屋で食べられるとこを、と考えこちらに決めました。食事はどちらも量質共に満足いく物でした。 宿泊した部屋は特別広くはなかったのですが、清潔感がありむしろ落ち着く感じでした。 一点気になった点としては、部屋付きの温泉も貸しきり湯も少し開放的過ぎると感じる方もいるかもしれません。(むしろ自分が少し気にしすぎかも？) トータルでとても良いところでした。また機会があれば利用したいと思います。,https://www.jalan.net/yad397509/kuchikomi/archive/,positive,body_positive,high,body_sentiment_inference_needed
148,Jalan,jalan_archive,11315996,2020/3/25,,,,,5,ja,True,private_bath,風呂;貸切;時間,,気遣いがありがたい,チェックインを15時にしていましたが、地獄めぐりをのんびりしていたら間に合わず1時間半遅れてしまいました。 それにも関わらず笑顔で迎え入れてくださいました。 着いたら貸切のお風呂が空いてる時間だということを教えてくださったのでお風呂を堪能しました！2種類あり、テイストの違うお風呂でしたし、旅館全体で6組しかお客さんがいないとのことでしたので、割とどの時間でも空いているような気がしました。 食事もちょうど良い量で、きれいに盛り付けてあり、味も大変美味しかったです！朝食が純和食なところも気に入りました。 他のお客さんがいることをあまり感じることなく、2人でのんびりできたので、また別府に来た時は泊まりたいと思います！！,https://www.jalan.net/yad397509/kuchikomi/archive/,positive,body_positive,high,body_sentiment_inference_needed
149,Jalan,jalan_archive,11312378,2020/3/23,,,,,5,ja,False,,,,安らぎのあるお宿,静かな落ち着きのあるおやどでした。 接客も物静かでゆったり、のんびりとくつろげました。 お料理もきれいで、おいしくいただきました。 残念なのは、ステーキだと思っていたのが しゃぶしゃぶだったことぐらいです。 お世話になりました。また、宿泊したいです。,https://www.jalan.net/yad397509/kuchikomi/archive/,mixed,body_positive_and_negative,high,body_sentiment_inference_needed
150,Jalan,jalan_archive,11307313,2020/3/19,,,,,4,ja,True,facility_wide,温泉;狭,,落ち着いたお宿でした。,彼氏の誕生日旅行で利用しました。 当日宿近くに早く着きすぎ、旅疲れも あったので、早めにチェックイン出来るか電話した所、急いで準備をしてくださり、早めにお宿に着き休むことが出来ました。 お部屋は想像してたより、少し狭い感じがしましたが、清掃も行き届いており綺麗でした。 夕食の際は丁寧に1つづつ説明してくださり、またちょっとしたドリンクのサービスもしてくださり、とても満足のある食事になりました。 チェックアウトの際は別のスタッフさんだったのですが、夕食を担当してくださった男性スタッフの方からと言うことでbirthdayのメッセージカードを頂きました。とても嬉しかったです。 また大分に来る機会がありましたら 今度は温泉のついている方のお部屋に泊まりたいと思います。 おもてなししてくださったスタッフの方々、本当にありがとうございました。,https://www.jalan.net/yad397509/kuchikomi/archive/,mixed,body_positive_and_negative,high,body_sentiment_inference_needed
151,Jalan,jalan_archive,11304882,2020/3/16,,,,,4,ja,True,private_bath,風呂;貸切,,食事が美味しかった,部屋も落ち着いてて、お風呂も貸切なのでゆっくり出来ました。 食事がとても美味しくて初めての九州だったのですがとても満足できました。,https://www.jalan.net/yad397509/kuchikomi/archive/,positive,body_positive,high,body_sentiment_inference_needed
152,Jalan,jalan_archive,11303770,2020/3/16,,,,,1,ja,False,,狭,,がっかりでした,宿泊代は高級旅館の金額なので期待したが、部屋は狭く設備は古く暗い感じでした。食事内容も平凡で感激がありませんでした。同じぐらいの料金でサービスのすばらしい宿を数件知ってますが、比較にならないレベルでした。がっかりしました。,https://www.jalan.net/yad397509/kuchikomi/archive/,mixed,body_positive_and_negative,high,body_sentiment_inference_needed
153,Jalan,jalan_archive,11286691,2020/3/1,,,,,5,ja,True,facility_wide,温泉;風呂,,綺麗な室内と気持ちいい温泉！,室内が綺麗で清潔感がありました！ 客室内の温泉もとても気持ちよくベランダでくつろげるのも魅力的でした！ 家族風呂もとても快適で従業員の方もとても親切に対応して下さり、大満足でした！,https://www.jalan.net/yad397509/kuchikomi/archive/,positive,body_positive,high,body_sentiment_inference_needed
154,Jalan,jalan_archive,11281852,2020/2/26,,,,,5,ja,True,facility_wide,風呂,,最高の宿でした,記念日の旅行として別府を選び、宿も最高の宿として評価が高いはるきを選びました 思っていた通りのおもてなし、部屋、お風呂、料理と文句なしでした最高の思い出となりました,https://www.jalan.net/yad397509/kuchikomi/archive/,positive,body_positive,high,body_sentiment_inference_needed
155,Jalan,jalan_archive,11281460,2020/2/26,,,,,4,ja,True,room_open_air_bath;private_bath,風呂;露天;貸切,,６室限定,部屋には電子カーペットが敷かれており、ぽかぽか暖かったです。 食事もとても美味しく、お腹いっぱいになりました。 露天風呂付き客室で何時でも気兼ねなく入れ良かったです。 別に貸切風呂もあり、そちらにはチェックインして直ぐに入ることができました。,https://www.jalan.net/yad397509/kuchikomi/archive/,positive,body_positive,high,body_sentiment_inference_needed
156,Jalan,jalan_archive,11271536,2020/2/20,,,,,5,ja,True,private_bath,風呂;貸切;時間,,おもてなし、関サバ素晴らしかったです。,おもてなしに関サバ、素晴らしい宿でした。 大きな通りに面している宿ですが、 十分静かにゆったりと過ごせます。 私たちの他にもお客さんがいたようですが、それを感じさせないほど静かです。 貸切風呂もいつでも好きな時間に入れました。まさに貸切でした。 お会いした旅館の方々はすべて物腰が柔らかく、私たちの質問にも丁寧に答えてくださり、観光の詳しい説明までしてくださいました。 また泊まりたい旅館です。 お食事もとても美味しく、関サバ、ひのひかりのお米、全部いただきました。ご馳走さまでした^_^,https://www.jalan.net/yad397509/kuchikomi/archive/,positive,body_positive,high,body_sentiment_inference_needed
157,Jalan,jalan_archive,11265828,2020/2/16,,,,,3,ja,False,,,,良かったです(*ﾟ∀ﾟ*),雰囲気、サービスどれをとって満足でした。 スタッフの方もとても良くしてくれましたし、また機会があれば利用したいと思います！,https://www.jalan.net/yad397509/kuchikomi/archive/,positive,body_positive,high,body_sentiment_inference_needed
158,Jalan,jalan_archive,11260408,2020/2/12,,,,,5,ja,True,room_bath;private_bath,温泉;風呂;貸切;掃除,,接客、風呂が本当に素晴らしい,2月上旬に利用させて頂きました。 チェックイン前に荷物をお預かり頂き、地獄巡りを堪能しました。戻るのが少し遅くなりましたが、快く出迎えて頂きました。ウェルカムドリンクの抹茶とお菓子でほっこりしました。 部屋は充分な大きさで掃除も行き届いていました。 部屋に着くと、お世話係の男性が、 今なら貸切風呂空いてますよ！と声を掛けて頂き、 即利用しましたが、とても気持ちのいいお風呂でした。 お風呂のあとは食事。通常のプランでしたが、とても華やかな盛り付けで楽しくなりました。一品一品丁寧に説明頂き楽しく食事出来ました。 料理では特に、和牛しゃぶしゃぶのだし汁が秀逸。ご飯をお茶漬け的に食べましたが、とても美味しかったです。 お部屋のお風呂も温泉で、ほんのり硫黄の香りが漂っていてとてもいい気分でした。 また、朝食もとても満足のいくものでした。 とにかく、素晴らしい宿でしたが特にお世話係の男性が本当にホスピタリティに溢れる方で、大変お世話になりました。 遠いのでいつになるかわかりませんが、また是非お伺いしたいと思っています。 ありがとう。,https://www.jalan.net/yad397509/kuchikomi/archive/,mixed,body_positive_and_negative,high,body_sentiment_inference_needed
159,Jalan,jalan_archive,11253560,2020/2/9,,,,,4,ja,True,facility_wide,温泉;露天;湯;お湯;肌,,父喜寿のお祝い旅,77歳の父の誕生日に両親、娘夫婦4人で利用致しました。 お部屋食、お部屋に露天付きが希望で条件が揃っていたのがはる樹さん。 全6部屋という静かさも魅力。完全プライベートで他の宿泊客の方に全く会わず、それも良かったです。 夕方雨が降る中到著しましたが、直ぐに傘を持って出迎えてくださり、荷物も手際よく運んでいただきました。 ウエルカムドリンク、お茶菓子で長旅の疲れが癒されました。 広めの和室、お部屋も心地よく暖かく、スタッフの方の説明案内も長すぎず的確で気持ち良かったです。 温泉のお湯はとろみがあり、肌に程よくまとわりつく感じ。母と私好みでした！ お料理も地元の食材をふんだんに、盛り付けも綺麗で、タイミングも良く、大変美味しく頂きました！ 母はもちろん、何より主役の父がとても喜んでくれて、お宿の皆さんからもお祝いのお言葉をいただき、細やかなお心遣いに感謝です。 お布団もふっくら気持ちよく快適な睡眠でした。 とても素敵な良い記念旅になりました。 またリピートしたいです！ お世話になりました、有難うございました(^-^)。,https://www.jalan.net/yad397509/kuchikomi/archive/,positive,body_positive,high,body_sentiment_inference_needed
160,Jalan,jalan_archive,11239707,2020/1/29,,,,,4,ja,True,private_bath,風呂;貸切,,静かでおもてなしが良かったです,しっくなエントランスで落ち着いた雰囲気を感じました、気に入ったのは静かだったのと男性のお部屋係の方のおもてなしでした、風呂は貸切風呂がお庭を見ながらゆっくり出来ました。お料理も美味しく残さず頂きました。有難うございました。,https://www.jalan.net/yad397509/kuchikomi/archive/,positive,body_positive,high,body_sentiment_inference_needed
161,Jalan,jalan_archive,11234317,2020/1/25,,,,,5,ja,True,room_bath;private_bath,温泉;風呂;浴;貸切;予約,,子連れやカップルにオススメです,旅館は全体的に和モダンでとてもオシャレでした。客室風呂付の部屋に宿泊しましたが、貸切風呂も予約不要で空いている時に利用できるので、たくさん温泉に入れるのが良かったです。 料理は朝食も夕食もたくさん出て満足でしたが、ちょっと冷めているのが残念でした。料理長さんお一人で全てを作っているとのことでしたので、仕方ないのかなとは思いましたが…。 スタッフの方はとても親切で丁寧に対応してくださいました。予定などあまり決めずに行ったのですが、色々詳しく教えてくださりとても助かりました。 女性は浴衣が選べたり、ロビーにはお風呂上がりのアイスティーがあったり、観光マップがたくさん置いてあったり、食前酒をジュースに換えてくださるなど、サービスが良かったと思います。 たまたまクリスマスファンタジア開催日に宿泊したのですが、車ですぐ行ける距離で花火が打ち上がっていて、とても良い思い出になりました！ 帰る日も旅館の入口で写真を撮っていただき、車が見えなくなるまで見送ってくださいました。 スタッフの方に親切にしていただいたことが、一番の思い出です！,https://www.jalan.net/yad397509/kuchikomi/archive/,mixed,body_positive_and_negative,high,body_sentiment_inference_needed
162,Jalan,jalan_archive,11200661,2020/1/4,,,,,2,ja,True,private_bath,風呂;貸切,,年末の旅行,部屋だしの食事だったのでのんびりと食事ができました お風呂は小さいお風呂の戸が開けにくくて困りました。貸切風呂でのんびりできましたが、他のお客さんが利用していたりでいつでも入れる状態でないので 気を使いました。,https://www.jalan.net/yad397509/kuchikomi/archive/,positive,body_positive,high,body_sentiment_inference_needed
163,Jalan,jalan_archive,11175438,2019/12/15,,,,,5,ja,True,private_bath,風呂,,料理もお風呂も完璧でした！,チェックインからチェックアウトまで、本当に気持ちよく過ごさせて頂きました。 食事を部屋食で、というのでたどり着いた宿でしたが、料理の質はもちろん量もたっぷりで大満足。細かなこだわりも多く、楽しく食事出来ました。 お風呂も貸し切りで3種類堪能。 宿の方の気遣いもありがたかったです。 なかなか行ける距離ではないですが、ぜひまた利用したいです。,https://www.jalan.net/yad397509/kuchikomi/archive/,positive,body_positive,high,body_sentiment_inference_needed
164,Jalan,jalan_archive,11161401,2019/12/4,,,,,5,ja,True,private_bath;public_bath,風呂;湯;お湯;浴;貸切;時間,,おもてなしの心に感動しました！,妻の出産前にということで、夫婦での旅行でした。 １日６組しか泊まれないということで、こじんまりとした隠れ家的な旅館で、とてもゆっくり過ごすことができました。 まずは、料理。関サバのお造り付きの夕食は、ボリューム満点！ひとつひとつの料理が凝っていて、見て楽しい食べて美味しい、大満足です。関サバは一口食べた瞬間感動でした。脂がのって、口の中でとろけます。私がかなり食べる方なのですが、お櫃でのご飯のおかわりも勧めてくれ、お腹いっぱい堪能できました。朝ごはんのボリュームもすごかったです。 次にお風呂です。大浴場はありません。部屋にお風呂がついており、貸切風呂が好きな時間に利用できます。妊婦の妻も人の目を気にせずゆっくりと入ることができました。きっと子連れの家族にも、とてもいいと思います。お湯も質が良く、温度も自分で調節できるので、いつまででも入っていられます。 なんといっても素晴らしかったのは、スタッフの皆さんの接客です。最高の贅沢をさせていただきました。次は生まれてくる子どもを連れて、利用したいと思います。,https://www.jalan.net/yad397509/kuchikomi/archive/,positive,body_positive,high,body_sentiment_inference_needed
165,Jalan,jalan_archive,11159867,2019/12/2,,,,,5,ja,True,private_bath,風呂;時間,,お風呂がよかった,のんびり過ごせました。丁寧な対応ありがとうございました。 貸し切りお風呂が時間に、縛られずに入ってなければ入れるシステムだったので凄く良かったです！,https://www.jalan.net/yad397509/kuchikomi/archive/,positive,body_positive,high,body_sentiment_inference_needed
166,Jalan,jalan_archive,11152774,2019/11/27,,,,,4,ja,True,facility_wide,風呂;湯;お湯;カビ;掃除,,静かなお宿,クチコミがすごく良かったので楽しみに行きました。 従業員の方の感じも良く、お湯も良かったです。 夕食、朝食は期待し過ぎていた為、感動は少なく、よく旅行する私達には普通でした。 お部屋は、１つ気になったのが、お風呂の入り口の床がカビてた事です。 お掃除はしてるはずだから仕方ないとわかってますが、不潔感が…と思ってしまうので何とかなれば良いなぁと思いました,https://www.jalan.net/yad397509/kuchikomi/archive/,mixed,body_positive_and_negative,high,body_sentiment_inference_needed
167,Jalan,jalan_archive,11146239,2019/11/23,,,,,4,ja,True,private_bath,風呂;湯;お湯;浴;貸切;予約,,良かったけど…ちょっと残念,母娘久しぶりの九州旅行、何より私は初の別府と誕生日祝いを兼ねての旅行で非常に楽しみにしていました。総じて良いお宿でしたが、以下良かった点と個人的に気になった点です。 良かった点 館内はこじんまりとしているが、他の宿泊客と会うことも全くなくゆっくり出来た。 お部屋も素敵で案内してくださった男性スタッフの方とても親切、何より貸切風呂で好きな時に堪能できる別府のお湯は格別で、女性の浴衣も好きな柄が選べたり冷蔵庫のフリードリンクなども嬉しかった。 食事も関サバ付きのコースにしたのだが脂がとても乗っていて母と二人でもペロッと食べられ、その他のお料理も見た目も鮮やかで良かった。 気になった点 到着が当初よりやや遅れ、18時半頃になると事前連絡をし結果的に18時には到着出来たのだが、電話口のスタッフの方は初め夕食は絶対に18時からでないと提供出来ない、また遅れた場合は何品か提供出来ないものがあると断言。やり取りの間途中スタッフが代わった所多少なら遅れても大丈夫とのこと。融通を利かして頂けて非常にありがたかったが対応のスタッフ差に少し驚いた。 食事について、関サバ付きのプランだと通常の会席で出されるお刺身は出ず、関サバと交換での用意になるのか…？お品書きには通常提供されるお刺身の内容も記載されており提供があるもの、関サバはプランの特典なのでプラスαのものとの認識でいたのだが…？(じゃらんのプラン詳細にもそう記載していたかと…)食事中、サービスの女性スタッフにその旨伺ったが「そうですねー。お品書きについてはすみません。」のみ…。到着間に合ったんだけどなー…と少しモヤモヤ。 今回じゃらんにて予約した際、事前メッセージにて誕生日の旨伝えていたが到着から出発まで一言もなく残念。同じく載せた食事のアレルギーについては対応して頂いていたので、メッセージはあまり気にされていないのかなーと思うと更に残念。,https://www.jalan.net/yad397509/kuchikomi/archive/,mixed,body_positive_and_negative,high,body_sentiment_inference_needed
168,Jalan,jalan_archive,11138054,2019/11/16,,,,,5,ja,True,private_bath,温泉;風呂;湯;源泉;お湯;浴;貸切;掃除,,ほっとするおもてなしと、料理が◎また泊まりに行きたいです,初めての九州旅行で利用しました。 場所もわかりやすく、良かったです。部屋は、しっかりと掃除が行き届いていていました。少しですが海も見えたり、お庭も素敵でした。 ウェルカムドリンクにもこだわっていて、抹茶と、くるみのおはぎ、ほっとする味でした。 お風呂は貸切で自由に温泉を足せるようになっていました。好みの温度で入ることが出来ました。さすが源泉。素人の私でもさすが別府のお湯だなぁと感じました。浴衣やタオルもコストカットされておらず着心地触り心地がよかったです。 夕食は関サバと和牛しゃぶしゃぶでした。関サバは、血合いの色や目がすんでいて新鮮でした。和牛はもちろんのこと、他のお料理も、これは手がかかっているな、家では作れないなと思うものばかりで素晴らしかったです。食事の説明をしてくださった方は、とても親切丁寧で物腰柔らかな方でした。部屋食でしたので、そういう方だと安心します。 朝食も申し分なく美味しかったです。 冷蔵庫に何本か無料で飲み物が用意してあったり、テレビでDVDも見れたりもしました。 宿の名前の入ったタオルや、食事の時に美味しかった柚子胡椒などが買えたりしたら、もっと嬉しかったです。 私たちにとっては、奮発した宿だったのですが、とても幸せな一日が過ごせてよかったです。別府に行く際にはまたぜひ泊まりたいです。,https://www.jalan.net/yad397509/kuchikomi/archive/,mixed,body_positive_and_negative,high,body_sentiment_inference_needed
169,Jalan,jalan_archive,11134173,2019/11/13,,,,,5,ja,True,facility_wide,風呂,,誕生日祝い,誕生日祝いに利用しました。貸し風呂も入りたい放題でとても良かったです。料理は純和風でとても美味しい料理でした。思ったより、料金は安いかなぁ～と思いました、大人の贅沢旅館にぴったりでした。また、来年利用しようと思いました。,https://www.jalan.net/yad397509/kuchikomi/archive/,positive,body_positive,high,body_sentiment_inference_needed
170,Jalan,jalan_archive,11133382,2019/11/12,,,,,5,ja,True,facility_wide,風呂;浴,,夫婦そろって大満足です☆,出産前に夫婦でゆっくり旅行を、と思い家族風呂のある別邸はる樹さんを利用させていただきました。 部屋食も自分達のペースでゆっくり、お話しながら頂くことができました。また家族風呂も広く、急かされることなくゆったり入ることができました。さらに女性は浴衣が選べるということで、自分の好きな柄を選んで着る楽しみもあり、滞在中るんるんで過ごすことができました！ 前もって妊娠中であることを伝えておいたのですが、滞在中出してくださる飲み物もノンカフェインのものを出してくださるなど、色々とご配慮いただき、ありがたかったです。 お値段は少し高めに感じましたが、部屋食・お風呂・雰囲気・接客などトータルで見ると、お値段以上の満足感を得られた気がします。,https://www.jalan.net/yad397509/kuchikomi/archive/,positive,body_positive,high,body_sentiment_inference_needed
171,Jalan,jalan_archive,11126381,2019/11/8,,,,,5,ja,True,facility_wide,風呂;寒,,夕食がおいしかった！,夕食がなにを食べてもおいしかったです。 関サバには主人が感動しておりました。 妊娠中のため、お茶や食前酒なども配慮して頂きありがとうございました。 お部屋での食事ということで、出入りするたびに寒かったのが残念でした。それ以外の食事やお風呂、接客はすごくよかったです！,https://www.jalan.net/yad397509/kuchikomi/archive/,mixed,body_positive_and_negative,high,body_sentiment_inference_needed
172,Jalan,jalan_archive,11119502,2019/11/4,,,,,4,ja,True,room_bath;room_open_air_bath;private_bath;public_bath,風呂;露天;半露天;水;浴;予約,,朝夕部屋食で、プライベート充実,誕生日旅行で初めて利用させて頂きました。3連休でなかなか宿が見つからず、残り1部屋だったのでバタバタ予約。私たちの部屋には半露天風呂はついてませんでしたが、他の4つの部屋は、半露天風呂つきです。2階の2部屋は部屋風呂なしです。館内は、大浴場はなく、3つの貸し切り風呂があり、自由に入れます。 スタッフさんのほっこりとした対応に大満足でした。 女子には嬉しい、選べる浴衣が沢山ありました。部屋の中には、ネスレコーヒーマシンがあり、コーヒー好きの方にはオススメです。冷蔵庫の中にも、5種類のドリンクがあり、フリーで頂けます。お茶か水のペットボトルがあれば良かったかなと思いました。 記念日にちなんで、スタッフさんからのサプライズもあり、ありがたかったです。 料理は、朝夕ともに、全部美味しく頂きました。盛り付けから味付け、大満足です。 次回は親子旅行で母を連れて行きたいです。 女子旅にもオススメです！,https://www.jalan.net/yad397509/kuchikomi/archive/,positive,body_positive,high,body_sentiment_inference_needed
173,Jalan,jalan_archive,11105311,2019/10/24,,,,,5,ja,True,facility_wide,露天,,露天付きのお部屋よかったです,料理も美味しく 接客してくださった方も 優しくて丁寧でとても 快適に過ごせました！ 最後にメッセージカードに 書いてくださってたおすすめの 地獄蒸しプリンも食べに行きました！ ありがとうございました*°,https://www.jalan.net/yad397509/kuchikomi/archive/,positive,body_positive,high,body_sentiment_inference_needed
174,Jalan,jalan_archive,11081742,2019/10/7,,,,,5,ja,True,room_bath;private_bath,風呂;湯;虫,,静かな宿,彼の誕生日祝いで利用させていただきました。きれいな宿で周りもとても静かでした。お部屋のお風呂と貸し切り湯が3ヶ所ありました。お部屋は自然が多いところのためか虫がよく出ました。でも言ったら虫は旅館の方が対応してくれます。 料理はすごく美味しく感動しました。彼もとても喜んでくれて本当にいい思い出です。お部屋で食事とお風呂がついてるので、お費用は妥当だと思います。旅館の方も親切で話しやすいです。また行きたいと思います！,https://www.jalan.net/yad397509/kuchikomi/archive/,mixed,body_positive_and_negative,high,body_sentiment_inference_needed
175,Jalan,jalan_archive,11073445,2019/9/30,,,,,4,ja,True,facility_wide,風呂;浴,,赤ちゃん連れにもおすすめ,赤ちゃん連れだったので、お部屋で食事と入浴ができて、ゆっくりできそうな宿を探して、こちらを利用させて頂きました。 スタッフの方々が赤ちゃんのお世話を気遣って下さり安心して過ごせました。 オムツ用のゴミ箱やベビーチェアーを準備して頂いたり、離乳食を温めて頂いたりしたので助かりました。 おかげさまで、美味しいお料理とお風呂を楽しむことができ、ゆっくりできました。,https://www.jalan.net/yad397509/kuchikomi/archive/,positive,body_positive,high,body_sentiment_inference_needed
176,Jalan,jalan_archive,11018415,2019/8/26,,,,,5,ja,True,private_bath,温泉;風呂;露天;貸切,,温泉、料理が最高,夜は貸切風呂、翌朝は部屋付き露天風呂をそれぞれ利用しましたが、部屋付き露天風呂の良さはもちろんのこと、貸切風呂も最高でした。 料理についても、女性料理長というだけあって繊細な盛り付けで目でも楽しめました。 品数も多く、量も充分で、コースを最後まで存分に楽しめました。 サービス面についても、細やかな気配りが随所に感じられ、最初から最後までとても居心地よく過ごせました。,https://www.jalan.net/yad397509/kuchikomi/archive/,positive,body_positive,high,body_sentiment_inference_needed
177,Jalan,jalan_archive,11016591,2019/8/25,,,,,4,ja,False,,時間,,ご飯がとっても美味しかった！！朝夕最高でした。,部屋数が少ないため、あまりほかの宿泊客の方と会うこともなくプライベートが保たれていて本当にゆっくり過ごすことができました。 旅館の方もみな丁寧で親切に接してくださり、最後まで気持ちよく過ごすことができました。 部屋はWi-fiはもちろんテレビで映画やユーチューブが見れたりスマートフォンとミラーリングできたりとっても便利でしたし、無料のソフトドリンクも充実していました。 なんといっても、夕食は全て美味しくてボリュームも満点でした。出てくるお料理の彩りも綺麗で充実した時間が過ごせました。 朝ご飯も白ご飯にあうおかずが沢山あり、全部食べれるかなと最初は不安でしたがぺろっと食べれてしまいました。 本当にお料理の全てが美味しかったです。 機会があればまた是非泊まらせて頂きたいと思います。,https://www.jalan.net/yad397509/kuchikomi/archive/,positive,body_positive,high,body_sentiment_inference_needed
178,Jalan,jalan_archive,11004627,2019/8/19,,,,,5,ja,True,room_bath;private_bath,風呂;貸切,,料理もお風呂も大満足,彼氏の誕生日に宿泊させて頂きました。 料理は豪華で一つ一つ丁寧に作られており、凄く美味しかったです。部屋のお風呂も貸切風呂も綺麗にされており、ゆっくりくつろぐ事ができました。旅館の方には前々から彼氏の誕生日と伝えていましたが、帰る間際、彼氏にメッセージカードを書いて頂いてた事には驚きました。私も凄く嬉しかったです。料金を払う際彼氏がいる時に値段を言われるのはちょっと…と、思いましたがそれ以外は満足できる旅館でした。また別府に行く機会があれば宿泊させて頂きたいと思います！,https://www.jalan.net/yad397509/kuchikomi/archive/,positive,body_positive,high,body_sentiment_inference_needed
179,Jalan,jalan_archive,11003182,2019/8/18,,,,,5,ja,True,facility_wide,風呂;時間,,おもてなしが最高,口コミを見て彼氏との夏旅行で利用させて頂きました。とても素敵なお宿で接客マナーやお部屋、お風呂、お食事と全てにおいて大変満足できました。 ミシュランの特別賞をうけられているのも納得でした。住宅街にあるので、静かでゆっくりとした時間に大変癒されました。 また利用させて頂きます。 ありがとうございました。,https://www.jalan.net/yad397509/kuchikomi/archive/,positive,body_positive,high,body_sentiment_inference_needed
180,Jalan,jalan_archive,10987101,2019/8/13,,,,,5,ja,True,facility_wide,温泉,,小さい子がいる方にもおすすめ,一歳二ヶ月の息子の初めての泊まり温泉でした。 温泉もよく、御飯もとても美味しかったです。 小さい息子が一緒だったので多少不安だったのですがとても気を使っていただき、ゆっくり寛げました。 小さい子がいる方にもおすすめの宿です。,https://www.jalan.net/yad397509/kuchikomi/archive/,positive,body_positive,high,body_sentiment_inference_needed
181,Jalan,jalan_archive,10981394,2019/8/10,,,,,4,ja,True,room_bath;private_bath;public_bath,風呂;浴;時間,,コンパクトなお宿,始終とても丁寧な接客で心地よい時間が過ごせました。 お部屋のお風呂も気持ち良いけど 貸し切り風呂が広くてお薦めです。(大浴場はありません) 冷蔵庫の飲み物はフリーでした。 お料理はどれも丁寧に作られおり器も綺麗で良かったです。 お部屋がもう少し広ければ良かったかな～ (朝夕共にお部屋で頂くので準備にこられる間が微妙です。朝はお布団畳んでそれから準備されるのでこちらも来て頂く準備が(笑)),https://www.jalan.net/yad397509/kuchikomi/archive/,positive,body_positive,high,body_sentiment_inference_needed
182,Jalan,jalan_archive,10981365,2019/8/10,,,,,4,ja,False,,,,部屋、料理、接客全て大満足でした,笑顔での出迎え、落ち着ける客室、夕食、朝食の質、量ともに大満足でした。 機会があればまた利用させてもらいます！,https://www.jalan.net/yad397509/kuchikomi/archive/,positive,body_positive,high,body_sentiment_inference_needed
183,Jalan,jalan_archive,10953481,2019/7/23,,,,,5,ja,True,private_bath,風呂;水;浴;貸切;時間,,料理がおいしい,電話の応対からとても感じがよく、滞在中はお声がけくださることも多く、何不自由なく快適に過ごせました。 ロビーにあるお水にプラムが入っている点から、おしゃれだな～とは思っていたのですが、いざ夕食の時間になると想像以上のお料理に魅せられました！ とってもおしゃれで美しく美味しい懐石料理でした。素材の組み合わせなどが面白かったです。 旅館にあるあるな量が多すぎる…ということもなく、丁度良い量でした。 お風呂もきれいに清掃されており、かつ貸切風呂なのでゆったりとくつろいで入浴ができました。 宿の方々は、余裕をもった雰囲気で対応してくださり、こちらが声をかけるのに気を遣うといったこともなく、急かされることもなく、本当に良い滞在時間を過ごさせていただいたと思います。 別府へ行くときは、また利用したいと思えるお宿でした。 この度はお世話になりました！ありがとうございました！！,https://www.jalan.net/yad397509/kuchikomi/archive/,positive,body_positive,high,body_sentiment_inference_needed
184,Jalan,jalan_archive,10901810,2019/6/16,,,,,5,ja,True,private_bath,風呂;貸切;狭,,料理が美味しい！,夕飯も朝食もとても美味しかったです。部屋食でゆっくり食べることができたのも良かったです。旅館の案内をしてくれた方も親切で、好印象でした。お風呂がついている部屋ではなかったですが、広い貸切風呂があり、くつろげました。気になる所があるとすれば、駐車場が狭いくらいです。また行きたいと思える旅館でした。,https://www.jalan.net/yad397509/kuchikomi/archive/,mixed,body_positive_and_negative,high,body_sentiment_inference_needed
185,Jalan,jalan_archive,10892592,2019/6/10,,,,,4,ja,True,room_bath,風呂;時間,,ボリューム満点!美味しいお部屋食も楽しめて◎,日頃、夫婦共々仕事で忙しくしているので今回ゆっくり部屋食・部屋風呂付で探しており口コミも高評価だった為、利用させて頂きました！ 楽しみにしていたお食事は、内容、量、味、全てが◎◎◎ 凄く美味しかったです！そして何より担当して下さった方が、 本当に優しくて楽しくてお人柄がにじみ出てこちらまでほっこりなれました~(*^▽^*)丁寧な接客をして下さり本当に有難うございました！お陰様で贅沢な時間を過ごす事が出来ました！また機会があれば是非利用させて頂きます♪,https://www.jalan.net/yad397509/kuchikomi/archive/,positive,body_positive,high,body_sentiment_inference_needed
186,Jalan,jalan_archive,10889789,2019/6/9,,,,,5,ja,True,facility_wide,温泉;風呂;浴;時間,,全てに満足！,結婚記念日の旅行で宿泊しました。お部屋にお風呂があり温泉なので好きな時間に何回も入浴しました。シャワーの出も勢いがありとても良かったです。夕食はサプライズケーキを用意して頂き音楽を流しながら登場してもらったりサービスとして大満足でした。お料理の味は朝夕共に味付けもちょうど良く最高でした。今までいろんな所に泊まりましたが料理は私と主人の中では一番、美味しかったと思います。お布団の硬さも良く気持ち良く寝れました。お世話になりありがとうございました。また来年も泊まりに行けたらと思います。,https://www.jalan.net/yad397509/kuchikomi/archive/,positive,body_positive,high,body_sentiment_inference_needed
187,Jalan,jalan_archive,10828580,2019/5/6,,,,,4,ja,True,private_bath,温泉;風呂;湯;お湯;汚,,ご飯が美味しかったです,主人と二人で行きました 今回は部屋食を重点的に探して決めました とてもいい宿でしたが、住宅街の中だったので 温泉宿の雰囲気が少なく惜しいところですね お部屋は清潔感もあって良かったです ご飯もとでも美味しかったです サービスも行き届いていて良かったのですが 今まで行った部屋食にはないコース式の配膳だったので、料理の出てくるペースで食べないとテーブルが一杯になる感じでゆっくり感が持てなかったのが残念でした。 あと、貸し切り風呂なので仕方ないのですが、朝はお湯の汚れが目について、ちょっと残念でした お風呂自体はとても感じのよいお風呂でした サービスの手厚さは申し分なかったと思います お世話になりました,https://www.jalan.net/yad397509/kuchikomi/archive/,mixed,body_positive_and_negative,high,body_sentiment_inference_needed
188,Jalan,jalan_archive,10767528,2019/4/2,,,,,5,ja,True,facility_wide,風呂;掃除,,カップルにオススメ,館内は綺麗です、スタッフの接客も親切です。食事 は、多分私の口に合わないかも、普通だと思います。風呂はめっちゃよかったです！でも部屋は、広いですけど、あまり綺麗じゃないと思います、例えば、トイレの隅に埃があって、コーヒー機にもあります。前のお客さんが使った後掃除してないかな、後、もし、化粧ミラー用意してくればもっといいと思いますが,https://www.jalan.net/yad397509/kuchikomi/archive/,mixed,body_positive_and_negative,high,body_sentiment_inference_needed
189,Jalan,jalan_archive,10755274,2019/3/26,,,,,4,ja,True,private_bath,風呂,,リラックスできる宿,非常に気持ち良い接客でした。普段人見知りする2歳半の息子も、こちらの従業員の方々とは楽しそうにお話してました。 小さい子供向けに、ウェットティッシュやおむつ用ごみ箱が設置されていたり、さりげない気遣いが嬉しかったです。 お風呂は大きくないですが、貸し切りなので気を使わずゆっくりできます。 夕食は関アジのプランを選びましたが、どの料理も大変美味しく、大満足でした。 夜、掛け布団が厚かったためか妻は暑くて寝苦しかったようで、薄手の布団も準備してあると良かったかなと思います。,https://www.jalan.net/yad397509/kuchikomi/archive/,positive,body_positive,high,body_sentiment_inference_needed
190,Jalan,jalan_archive,10753091,2019/3/25,,,,,5,ja,True,room_open_air_bath;private_bath,風呂;露天;半露天,,子連れでも安心致しました,今回０歳の子供を連れて家族でお世話になりました。 夕食、朝食共に部屋食だった為、他の宿泊客の方に会うこともほぼ無く、 また、子供もリラックスしていた様子でした。 子供用のアメニティも食事用のエプロンやおしりふき、 お風呂用の椅子なども貸していただけ、 離乳食の温めや哺乳瓶の消毒もお願いできましたので非常に助かりました。 貸し切り風呂は今回利用致しませんでしたが、半露天風呂付のお部屋だったので、 こちらも周りに気を遣わず利用させて頂くことができました。 料理も美味しく、ボリュームも丁度良かったので、 足りない、多すぎて食べきれないということもございませんでした。 是非また宿泊させて頂きたいと思います。 ありがとうございました。,https://www.jalan.net/yad397509/kuchikomi/archive/,positive,body_positive,high,body_sentiment_inference_needed
191,Jalan,jalan_archive,10547103,2018/11/21,,,,,5,ja,False,,時間,,素敵な宿でした,チェックインの時間に30分も遅れてしまいましたがとても丁寧な対応をして頂きました。アメニティも充実していてとても良かったです。部屋食で二人でゆっくり美味しくて大満足でした(≧▽≦)食べきれなかった夕食のご飯をおにぎりにおしゃれに盛りつけされ目でも楽しめる楽しい旅行でした。また利用させて頂こうと思います。,https://www.jalan.net/yad397509/kuchikomi/archive/,positive,body_positive,high,body_sentiment_inference_needed
192,Jalan,jalan_archive,10441716,2018/9/20,,,,,3,ja,True,facility_wide,温泉;肌;泉質;狭,,子連れ旅行にオススメです。,朝夕、部屋食だったため子供がどれだけ騒いでも周りを気にする事なく食事を楽しめました。部屋のテレビで映画やyoutubeが観れた事もとても良かったです。部屋の温泉は少し狭いかなという印象でしたが翌日はお肌がすべすべになり泉質には満足でした。食事もとても美味しかったです。連休中だったため仕方ないですが少し値段が高いと感じました。,https://www.jalan.net/yad397509/kuchikomi/archive/,mixed,body_positive_and_negative,high,body_sentiment_inference_needed
193,Jalan,jalan_archive,10411049,2018/9/2,,,,,5,ja,True,facility_wide,風呂,,最高でした,お風呂も料理も大変満足でした。たまたま、台風が来ていたのでチェックアウト早々に帰りましたが、またゆっくり訪ねたいと思います。,https://www.jalan.net/yad397509/kuchikomi/archive/,positive,body_positive,high,body_sentiment_inference_needed
194,Jalan,jalan_archive,10327886,2018/7/26,,,,,4,ja,True,facility_wide,温泉;風呂;露天,,小さな旅館,小さな旅館。コンビニまで歩いて数分、温泉街まで車で数分と割と便利な立地。部屋に小さな露天風呂がある。,https://www.jalan.net/yad397509/kuchikomi/archive/,neutral,neutral_or_lodging_context,medium,body_sentiment_inference_needed
195,Jalan,jalan_archive,10320879,2018/7/22,,,,,4,ja,True,facility_wide,温泉;狭,,満足ですがコスパ的には？とゆう感じです。,前から気になっていたお宿だったため、かなり期待していましたが何もかも普通とゆう感じでした。何処が悪いという訳ではないのですが、これといってなんの特徴もありません。うりはなんのか？ 温泉？お部屋についてますが普通です。質はいいと思います。 景色？何もみえません。 お部屋？狭いです。しかし綺麗にされてます。お花も生花でした。 お料理？美味しかったです。しかし感動するほどではないです。 なので普通かな？とスタッフの方々にはとても良いと思いました。 特にお部屋の担当された女性の方は笑顔もあり対応も素晴らしいと感じました。しかし総合的にはこのお値段とすれば割高に思います。なんとゆうか物足りなさを感じてしまいました。 他の口コミにも同じような事が書いてありましたが、冷蔵庫の品揃えなどもその一つです。 悪い所はないけどまた行きたいとは思えませんでした。 しかしゆっくり温泉に入りリフレッシュできました。 ありがとうございました。,https://www.jalan.net/yad397509/kuchikomi/archive/,mixed,body_positive_and_negative,high,body_sentiment_inference_needed
196,Jalan,jalan_archive,10266812,2018/6/12,,,,,5,ja,True,room_bath;private_bath,温泉;風呂;浴;貸切,,言うことなしの満点旅館,0歳8ヶ月の子供と 誕生日を迎える主人と3人で宿泊をさせて頂きました。 旅館につくと すごく清潔感漂う お洒落な空間から始まり 素敵な浴衣を自分で選ぶことが出来、 その時点でもう大満足でした！ 温泉も部屋風呂がありましたが それとは別に 貸切風呂もあり のんびりはいることができました。 夕飯も絶妙なタイミングで 運んできてくれて どれも美味しく最高でした！ 主人の誕生日だったので ケーキをお願いすると 写真まで撮ってくれて チェックアウトのときには 写真ボードにしてプレゼントしてくれました。 朝食も美味しく 量は沢山あり、食べれないだろうと 思っていましたが まさかのご飯のおかわりができるくらい 美味しくてスルスルはいりたした！笑 久しぶりに こんないい宿に泊まりました。 最高に贅沢な2日間でした。 ぜひぜひ また宿泊させて頂きます！,https://www.jalan.net/yad397509/kuchikomi/archive/,positive,body_positive,high,body_sentiment_inference_needed
197,Jalan,jalan_archive,10238037,2018/5/24,,,,,5,ja,True,private_bath,温泉;風呂;露天;貸切,,別府温泉初めての宿泊,別府での初めての宿泊を鉄輪温泉にしました。 当館は、こじんまりとした宿で満足しました。 お風呂は露天風呂はありませんでしたが貸切温泉で満足できました。 夕食は私たち60代には量的には良かったです。,https://www.jalan.net/yad397509/kuchikomi/archive/,positive,body_positive,high,body_sentiment_inference_needed
198,Jalan,jalan_archive,10197088,2018/5/4,,,,,5,ja,True,facility_wide,風呂;湯;お湯;臭;汚;時間,,部屋付きのお風呂がオススメ,他の方々の口コミを参考にしつつ宿泊当日を迎えた為、やっぱりかと思うことと想像以上に良かったことがありました。 部屋:妻と2人だった為、大きさとしてはちょうど良いですが開放感が無い。小さいと感じる方が多いかもしれません。 朝食、夕食:量、味共に満足しました。お酒を飲むこともあり量はちょうど良かったです。ただし、量が多いかと言われるとそうではないので、他の方の口コミ通り足らないと感じる方も多いかもしれません。 お風呂:部屋付きだった事もあり6回入りました。硫黄の匂いなども強くなくとても入りやすかったです。常にお湯が出てるわけではない為、不便というコメントもありましたが、気にするレベルではありませんでした。 接客:女性の仲居さんの接客は愛想も良く、丁寧と感じました。男性の方が二人接客頂きましたが、チェックイン早々に気になることがあり接客の星を２つとしました。 チェックインする際、朝食の時間を聞かれました。8時か8時半の2つ選択が可能でしたが、出発の時間が早かった事もあり7時半を希望しました。結果的に7時半でお願いできたのですが、「あー早くても7時半が限界ですねー。」と言われ、その言い方と態度は良くないのではと思い、少し不快に感じました。こちらは事前に要望していなかった為、申し訳ない気持ちもありましたが、言い方があるのではと思いました。そのあとチェックインしてる最中に別の男性スタッフが割り込む形で接客を交代しようとしました。しかも2人が少し言い争う形でした。上下関係があるのか最初の方が渋々交代して後から来た人がその後の接客をしました。正直勘弁して欲しいし、この後の2人の接客が胡散臭くてとても嫌な気分でした。 清潔感:汚くは決してありません、快適に過ごすことができました。 その他:他の方々の口コミでも多くありましたが、冷蔵庫内のドリンク無料とは言いつつもこの金額では正直少ないと思いました。アメニティもぱっくり以外が少ないと感じました。全体的に贅沢感はありません。 総評:コスパはありません。お風呂はとても良く、料理も美味しかったですが、この金額で贅沢感はあまり無かったです。3万円を超えるお部屋なので期待をしていましたが、接客の悪い点もあり期待以下でした。,https://www.jalan.net/yad397509/kuchikomi/archive/,mixed,body_positive_and_negative,high,body_sentiment_inference_needed
199,Jalan,jalan_archive,10195309,2018/5/3,,,,,5,ja,True,room_open_air_bath,温泉;風呂;露天;半露天,,温泉も夕食も満足でした,鉄輪温泉の別荘街にたたずむこじんまりとした旅館でしたが、ゆっくりと過ごすことができました。部屋にある半露天風呂は広くはないのですが、角部屋のおかげで開放感があり、窓を全開にすると外にいるような感覚です。夕食や朝食は部屋出しで、周りを気にせずにゆったりと食事ができ、特に豊後牛は1日目、2日目とも違う形で提供され、大満足でした。また、宿の方々も大変フレンドリーで、観光についても色々とアドバイスを頂きました。良い休日を過ごすことができたので、本当に感謝しています。,https://www.jalan.net/yad397509/kuchikomi/archive/,positive,body_positive,high,body_sentiment_inference_needed
200,Jalan,jalan_archive,10192488,2018/5/2,,,,,4,ja,True,facility_wide,温泉,,ゆっくり温泉を堪能,別荘のような造りで、旅行に来た～って感じがしました。部屋食も温泉も良かったです。お部屋は和風モダンな感じでとても良かったです。ありがとうございました！,https://www.jalan.net/yad397509/kuchikomi/archive/,positive,body_positive,high,body_sentiment_inference_needed
201,Jalan,jalan_archive,10156027,2018/4/8,,,,,5,ja,True,room_bath,温泉;風呂,,部屋風呂が温泉,部屋風呂が温泉け流し。もう最高！いつでも入りたいときに入れる最高の贅沢 料理ももちろんおいしい 贅沢な一日が過ごせます。 ネスカフェドルチェグスト使い方を書いておいてください。 分からなくてネットで調べちゃいました。,https://www.jalan.net/yad397509/kuchikomi/archive/,positive,body_positive,high,body_sentiment_inference_needed
202,Jalan,jalan_archive,10134932,2018/3/26,,,,,5,ja,True,private_bath,風呂;露天;貸切;予約,,記念日に,口コミの評価の良さと露天風呂のお部屋という事で予約させてもらいました。 こちらが生の物がダメという無理なお願いにも対応して頂いてとても嬉しかったです。 部屋に付いているお風呂も貸切のお風呂にも入らせて頂きましたがとても最高でした！ 夕食後、急に部屋が暗くなって音楽と共にロウソクの付いたケーキが出てきてビックリしたのですがとても嬉しかったです。 旅館の方のとても気持ちのいい丁寧な対応で素敵な記念日を過ごせました。 また是非利用したいと思える旅館でした。 ありがとうございました。,https://www.jalan.net/yad397509/kuchikomi/archive/,positive,body_positive,high,body_sentiment_inference_needed
203,Jalan,jalan_archive,10019094,2018/1/14,,,,,5,ja,True,private_bath,温泉;源泉;肌;貸切,,ゆったり過ごせました,年末に一泊の旅行で伺わせていただきました。 部屋の案内から配膳、夕ご飯が終わってからの布団を敷いてくれるまで、凄く丁寧で心地よかったです。温泉も源泉100%で、温泉の入り方などのお話もしていただきました。貸切の温泉もお肌がスベスベになりましたし、ゆっくり楽しんで入ることができました。とても良い旅行になりました。,https://www.jalan.net/yad397509/kuchikomi/archive/,positive,body_positive,high,body_sentiment_inference_needed
204,Jalan,jalan_archive,09975331,2017/12/25,,,,,5,ja,True,private_bath,温泉;風呂;貸切,,素敵な宿,別府温泉はとくにすることはありませんでした。ゆっくりするには最適で落ち着いた雰囲気の旅館で本当によかったです。貸切のお風呂が何個かあるので早めにﾁｪｯｸｲﾝしてゆっくりする事をｵｽｽﾒします！！,https://www.jalan.net/yad397509/kuchikomi/archive/,positive,body_positive,high,body_sentiment_inference_needed
205,Jalan,jalan_archive,09941624,2017/12/3,,,,,4,ja,True,room_open_air_bath;private_bath,温泉;露天;半露天;湯;ぬる;貸切;寒;時間,,料理も美味しかった,車を何処に置いていいか分からずロビーを探して入ったけど他の旅館とは異なるような雰囲気で、受付というものがありませんでした。玄関にあるブザーを鳴らしたけどすぐには気付いてもらえず...少し待ってから、また鳴らしてようやく対応してくださいました。 部屋に半露天も付いていたし、貸切湯も好きな時間に入れたし良かったです。ただ、温泉が常に出てる訳ではないので、入る前に温泉を出さないとぬるくて冬場は寒い思いします。冷蔵庫には、ジュースやお茶など何種類か結構入っており、全て無料でした。 いい誕生日を過ごせました。,https://www.jalan.net/yad397509/kuchikomi/archive/,mixed,body_positive_and_negative,high,body_sentiment_inference_needed
206,Jalan,jalan_archive,09880474,2017/10/31,,,,,5,ja,True,private_bath,風呂,,現実を忘れて,大変お世話になりました。 ２回目という事で別のお部屋にしていただきました。 とても落ち着くところです。 部屋付きのお風呂が素敵なのに、更に貸し切りのお風呂も利用させていただきました。お食事も繊細な感性で作られていて、美味しいの一言に尽きます。 こんな別荘が自分で持てたらよいでしょうね。 また、お邪魔いたしますね。,https://www.jalan.net/yad397509/kuchikomi/archive/,neutral,neutral_or_lodging_context,medium,body_sentiment_inference_needed
207,Jalan,jalan_archive,09839821,2017/10/10,,,,,5,ja,False,,,,別府の旅,静かで…赴きもあり、地獄巡りや高崎山・海たまごにもアクセスが良く、大変ゆっくりと過ごせ大満足でした！,https://www.jalan.net/yad397509/kuchikomi/archive/,positive,body_positive,high,body_sentiment_inference_needed
208,Jalan,jalan_archive,09801930,2017/9/21,,,,,4,ja,True,private_bath,温泉;風呂;貸切,,久しぶりの別府,旅館の方がとても感じのいい方ばかりで癒されました。夕食も朝食も丁寧に作られていて、ゆっくり食事させていただきました。 お部屋にお風呂がついてるといいですね、ゆっくりできました。 貸切風呂までが外を通らないといけないので少し不便かな。 久しぶりの別府温泉楽しかったです。,https://www.jalan.net/yad397509/kuchikomi/archive/,mixed,body_positive_and_negative,high,body_sentiment_inference_needed
209,Jalan,jalan_archive,09780597,2017/9/11,,,,,3,ja,True,room_bath;private_bath,風呂;貸切;予約,,部屋食。,とにかく部屋食を探して予約しました。 部屋風呂は思ったより小さく、貸切風呂もそこそこの広さでした。 料理は美味しいですが、部屋食ということもあり、冷えてる料理が多い。 良かった所といえば、冷蔵庫の飲み物が無料という所と夜追加で頼んだチューハイのグラスがびっくりするくらい大きい。,https://www.jalan.net/yad397509/kuchikomi/archive/,positive,body_positive,high,body_sentiment_inference_needed
210,Jalan,jalan_archive,09722838,2017/8/18,,,,,5,ja,True,private_bath,温泉;風呂;湯;お湯;貸切,,お部屋も温泉も最高でした,一歳になったばかりの子供を連れての旅行でした。 食事が朝も夜も部屋食だったのでこちらに決めました。 まず、お部屋が広く子供ものびのび滞在中は部屋中をクルクル回って遊んでいました。 夜ご飯は他のレビューにもある通り、多くも少なくもなく、私にはちょうどいい量でした。 主人もビールを飲んでいたのでちょうど良かったと言ってましたが、お酒を飲まない男性にとっては若干少ない量なのかな？と思いました。 でもお米が本当に美味しくてビックリしました。 お米がふわふわです。 貸切風呂は清潔感もあり、雰囲気も良く、お湯の調節もしやすかったですし、シャワーの出も何ら問題なく、利用させて頂きました。 子供にも優しく話しかけてくれ、有難いお心遣いも嬉しく思いました。 子連れの私たちにも優しく気遣ってくれて、とても過ごしやすい1泊2日の旅行でした。 友人にも自信を持ってオススメさせて頂きます。 また機会がある時はコチラでまたお世話になりたいと思います。,https://www.jalan.net/yad397509/kuchikomi/archive/,positive,body_positive,high,body_sentiment_inference_needed
211,Jalan,jalan_archive,09605323,2017/6/25,,,,,5,ja,True,facility_wide,温泉;浴;予約,,記念日の旅行,娘の誕生祝いと結婚記念に合わせて平日限定プランの予約をしました。子供が小さいし1泊なので出来るだけゆっくり温泉に入って食事の時も移動しなくていいように夕、朝部屋食出来る所で探しました。清潔感のある和風のお部屋で浴衣の柄を選べたりコーヒーがいつでも用意されていたり、お宿の方が親切で細やかなサービスが行き届いていました。子供もとても楽しんでいました。部屋の温泉にゆっくりつかり食事もどれも美味しく、一番驚いたのがご飯の美味しさでした。竹田産のヒノヒカリ最高です。豊後牛のステーキも裏切らない美味しさでした。食の細い娘もたくさん食べました。事前にメールで予約していたケーキも美味しかったです。大満足で来年の予約をして帰りたいと思うくらいいいお宿でした。,https://www.jalan.net/yad397509/kuchikomi/archive/,positive,body_positive,high,body_sentiment_inference_needed
212,Jalan,jalan_archive,09591058,2017/6/17,,,,,4,ja,True,facility_wide,風呂,,心配りに感謝します。,足腰の弱くなった父と、耳がすっかり遠くなった母のため、朝晩とも部屋食で、部屋にお風呂が付いている宿を検索したところ、夜は部屋食のところはけっこうあるのですが、朝食もという所は中々ない中で、全て条件がそろっているこの宿に決めさせていただきました。平日限定のプランを選んだとは言え、これだけの条件でこの値段ならリーズナブルだと思います。しかもあらかじめ両親の様子を伝えていたせいか、部屋を玄関の近くにしてくれてたり、座椅子を出してくれてたり、手が届かないところに進んで手を貸してくれたり、大変よくしていただきました。 そして何より食事が美味しかったようで、両親とも、よく食べて大喜びでした。 お風呂も気持ちよかったようで、 「よく眠れた～」とも言ってて、大満足のお宿になりました。 色々、手をとることが多かったでしょうが、とても優しく親切に対応して下さったことに、大変感謝します。,https://www.jalan.net/yad397509/kuchikomi/archive/,positive,body_positive,high,body_sentiment_inference_needed
213,Jalan,jalan_archive,09545659,2017/5/22,,,,,4,ja,True,private_bath,温泉;風呂;肌;泉質;浴;貸切;温泉感;狭;時間,,値段の割に‥,今回初めて利用させてもらいました。九州の宿でこの位の価格帯でいくつか利用させてもらっていますが、値段の割には部屋、食事共に満足できるようなものではなかったと思います。部屋に関しては、想像以上に狭く、またアメニティーも殆ど置いてなく気持ちでも良いので、置いていただけると助かります。加えて、布団がシングルサイズ？程度であったため、ゆったり出来ませんでした。 お店の説明文にものってましたが、確かにトラックの通る音や振動はうるさいです。ゆっくりしたい方にはお勧めできません。 料理に関しては、夕食はアジの刺身は美味しかったのですがそれ以外は特に印象に残るような料理はありませんでした。口コミで「食べきれないほど」との投稿が多かったので期待していたのですが、普通くらいかと。朝食は、数種類の小鉢料理であっさりとしていて美味しくいただけました。また、全て部屋食という点では二人の時間をゆっくり過ごせたため良かったと思います。 貸切風呂に関しては、3つあり自由に入ることが出来るため気軽に利用でき良かったです。また、触った感じや匂いなど温泉感は少なかったのですが、入浴後は肌がツルツルした感じ強く、泉質は良かったように思います。 最後にもう少しコンセプトがはっきりしていると良かったように思います。部屋か温泉か料理かサービスか、はっきりわからなかったように思います。,https://www.jalan.net/yad397509/kuchikomi/archive/,mixed,body_positive_and_negative,high,body_sentiment_inference_needed
214,Jalan,jalan_archive,09530012,2017/5/13,,,,,4,ja,True,facility_wide,温泉;汚;予約;時間,,温泉は良かったですが、,温泉は気持ちよく、食事も素朴で優しい味付けで美味しかったです。部屋も居心地がよかったです。ただ、値段からしたら、全体的に質の面で物足りなさを感じます。冷蔵庫ﾌﾘｰといってもｿﾄﾞﾘﾝｸ数本のみ。同じくらいの宿泊費で冷蔵庫ﾌﾘｰとうたっているところは、ｱﾙｺｰﾙもｿﾌﾄﾄﾞﾘﾝｸも冷蔵庫一杯はいってますよ。ｺｰﾋｰﾒｰｶｰもついていましたが、使い方が分からず、何より薄汚れていて使う気は起こらず。 あと、事前の予約確認の連絡をいただいたとき、仕事で出られず折り返ししたところ、担当者は帰宅済。翌日19時前後にまた掛けてくださるとのことだったが、当日一向に掛かってこず、20:30頃こちらから 掛けたところ、お客様の対応で電話出来なかった、19時はお客様の対応で電話掛けられないですねなどと、こちらの話はあまり聞かず、ただただ言い訳ばかりされた。私が電話にでられなかったのも、忙しい時間帯に電話依頼したのも申し訳ないとは思うが、一方的な責めるような言い方で気分を害しました。予約確認の電話がそんなだったので不安を感じましたが、実際のところ現場のｽﾀｯﾌさんは気さくで感じも良かったので安心しました。電話担当の人は会計をしてくれたみたいでしたが、電話の時のことについて何もふれず普通に会計してましたね。※声でこちらは分かってますよ。今旅館に来ているお客さん優先なのはそうなのかもしれませんが、電話をできない理由を、お客さんのせいにしてますよね。そして、それをわざわざあんなに口に出すものなんですかね。なんか、ずっと府に落ちません。まー以上私の今回は感じたことです。,https://www.jalan.net/yad397509/kuchikomi/archive/,mixed,body_positive_and_negative,high,body_sentiment_inference_needed
215,Jalan,jalan_archive,09476499,2017/4/21,,,,,5,ja,True,room_open_air_bath,風呂;露天;予約,,婚前旅行にはぴったりでした！！,別府旅行を決めて吟味に吟味を重ねて予約しました。 部屋はサイトで見ていた部屋がいいなぁと思っていた部屋で感激。初めての露天風呂付き客室！予算オーバーでしたけど大変満足です！！ホットカーペットに膝掛け用の毛布もあり、タオルセットも2枚セット4組ありよかったです！食事の量もちょうどよく美味しく残さずいただけました！仲居さんもフレンドリーで気持ちいい接客をしてもらいました！旅行好きカップルにはオススメです！！(*ノ▽ノ),https://www.jalan.net/yad397509/kuchikomi/archive/,positive,body_positive,high,body_sentiment_inference_needed
216,Jalan,jalan_archive,09438901,2017/3/31,,,,,4,ja,True,room_open_air_bath,温泉;風呂;露天;半露天;湯;お湯;浴;脱衣,,お値段の割には…,新婚旅行で九州を周遊している中で利用しました。 今回の旅行で一番高い宿だったので、ハードルを上げすぎたのかもしれません。 別府というブランドで割高になっている感じもあります。 部屋に半露天風呂がついているので、いつでも入れるのですが、温度が高いため（約６５度？）入らないときは蛇口で閉めます。 そのため朝起きて入ろうと思えば浴槽の中のお湯はすっかり冷めています。 スタッフさんから、朝起きて入ろうと思う15分前に蛇口をひねって、お湯が温まってからお入りくださいと説明がありました。 温泉なら入りたいときに入りたかったな～と思いましたが…。 部屋以外にも３つのお風呂があり、そのうちの１つに入りました。 脱衣場もお風呂も広かったのですが、脱衣場ではフローリングで一部にしかバスマットが引いてないので、汗が床に落ちてもそのままです（自分のバスタオルで床を拭きたくはありませんし） 旅館の見た目、入り口は風格がありますが周辺はイマイチです。 目の前には交通量の多い道路が走っていますし、散歩しましたが温泉町らしい感じはありませんでした。 食事は文句の付け所がないくらいに美味しかったです。,https://www.jalan.net/yad397509/kuchikomi/archive/,neutral,neutral_or_lodging_context,medium,body_sentiment_inference_needed
217,Jalan,jalan_archive,09431975,2017/3/27,,,,,5,ja,True,facility_wide,温泉,,素敵な旅行になりました！,記念日旅行として利用させて頂きました。旅館につき、男性が接客して下さったのですが、とても感じのいい方で夜景の綺麗な場所まで教えて頂きました。とてもお優しい方でした。ウェルカムサービスからお料理、お部屋、温泉、全てにおいていい宿でした。彼も大満足でした。,https://www.jalan.net/yad397509/kuchikomi/archive/,positive,body_positive,high,body_sentiment_inference_needed
218,Jalan,jalan_archive,09412819,2017/3/18,,,,,5,ja,True,private_bath,風呂;貸切;予約;時間,,お風呂も料理もサイコー！,2人でゆっくりしたくてお部屋にお風呂がある部屋を予約しました。お部屋の雰囲気もお風呂の雰囲気もとってもよかったです！！貸切風呂もどこも雰囲気が違ってのんびりできました！ 料理も大変美味しかったし、料理長さんが女性らしく、お皿や盛り付けがおしゃれでした♪ 帰りの時間が早かったので料理の時間を早めていただいたりとこちらのワガママにも笑顔で対応してくださってとても有り難かったです。今度は朝にもっと時間を作ってまた行きたいです！！,https://www.jalan.net/yad397509/kuchikomi/archive/,positive,body_positive,high,body_sentiment_inference_needed
219,Jalan,jalan_archive,09319770,2017/1/25,,,,,5,ja,True,facility_wide,風呂,,のんびりできました。,お食事も丁寧な作りで、美味しく頂きました。 スタッフの方も皆様気持ちのいい方で、色々と地域の話や食事の説明をして頂き楽しく過ごせました。 食事が部屋出しだったので、のんびりと寛げました。 お風呂も空いていたので、待つような事はなく、のんびりと入れました。,https://www.jalan.net/yad397509/kuchikomi/archive/,positive,body_positive,high,body_sentiment_inference_needed
220,Jalan,jalan_archive,09306776,2017/1/17,,,,,5,ja,True,facility_wide,風呂,,とてもよかったです,記念日で利用させていただきました。お風呂もとても綺麗で広かったです。料理もおいしく記念日のケーキも美味しくいただきました。飲み物の種類も豊富でしかも無料ということに驚きました！バスタオルも多くあったので色々なお風呂に入る時に同じタオルを使わなくてよくて嬉しかったです！とてもいい記念日になりました！,https://www.jalan.net/yad397509/kuchikomi/archive/,positive,body_positive,high,body_sentiment_inference_needed
221,Jalan,jalan_archive,09299510,2017/1/13,,,,,5,ja,True,facility_wide,温泉,,満足です,従業員も、大変よかったですね。 お料理の、量も、ちょうどいいです。 美味しかったです。 温泉も堪能しました。,https://www.jalan.net/yad397509/kuchikomi/archive/,positive,body_positive,high,body_sentiment_inference_needed
222,Jalan,jalan_archive,09267440,2017/1/2,,,,,4,ja,True,room_bath;private_bath,風呂;貸切;予約;時間,,子連れでもゆっくりお風呂と部屋でのお食事,初めて年末に旅行に行きました！ 自営業なので毎年お盆や夏休みなど長期の休みの時にはギリギリ予約でも我が家はよく旅行に行きますが、とにかく子供がまだ小さいのでホテルはベッドから落ちるかも・・・とかバイキングは人目が気になって落ち着いて食べられないし・・・とか家にいた方がマシかもって思ったことがあったのでまずは①畳に布団の旅館②部屋での食事③部屋でのお風呂付が条件になります！ こちらのお宿でお勧めできるポイントは食事でしょうね！味も美味しかったですが何より大食の私がお腹いっぱいになりました！初めてです。子供が小さくて専業主婦やってますのでお料理は頑張っている方ですがとても勉強になりました。特に味付けは女性が好きなんじゃないかなと思えました。もちろん主人も旨い旨いと言ってました( ^_^) お部屋のお風呂は広くはないですが別に貸切風呂があります！そしてこの貸切風呂・・・時間予約がいりません。だいたい時間も決まっていたりあとから時間指定が必要だったりしますが、こちらはスリッパがおいてあるかないかで自由に入れます！ 部屋数も少ないのであまり他とかぶることなくゆっくり広い貸切風呂も満喫出来て子供たちも喜んでました。 アメニティグッズは必要最低限だと思うので持っていける物は持って行った方がいいと思います。私はシャンプーなどいつものがいいので充実していなくても気にしないほうです！歯ブラシだけ使いました！ 子供がいなかったらねぇって主人と話しましたが大人だけでいけたらもっと最高と思えるお宿だったと思います！またいつか夫婦だけでお食事をゆっくり味わいたいです！ 子供を早く寝かせてマッサージ頼むつもりだったのにお腹いっぱいになってしまって夫婦ともに早く寝てしまいました(T_T)あーそれだけが残念！,https://www.jalan.net/yad397509/kuchikomi/archive/,mixed,body_positive_and_negative,high,body_sentiment_inference_needed
223,Jalan,jalan_archive,09259241,2016/12/28,,,,,5,ja,True,facility_wide,風呂,,すごく良かった,接客がすごく良かったです。またお風呂も気持ち良くて、料理もすごく美味しかった。 また利用したいと思う。,https://www.jalan.net/yad397509/kuchikomi/archive/,positive,body_positive,high,body_sentiment_inference_needed
224,Jalan,jalan_archive,09248323,2016/12/22,,,,,4,ja,True,private_bath,温泉;風呂;予約,,初雪,九州に初雪が降ったその日に宿泊。 事前に予約確認の電話をしてくれた男性の接客に素敵な宿かな？って興味がわいた。 電話って顔が見えないので耳から入ってくる情報がすごく大事ですごく危ない接客だと僕自身気を付けていることだ。 その電話対応が素晴らしく、その電話だけで行ってよかったと思える宿だった。 食事のお世話をしてくれた女性もほっとできるスペースを作ってくれた。 外は風が強くとても気温の低い一日だったけど、のんびりと温かな気分にさせて頂きました。 部屋にはお風呂がない部屋を予約していたが、貸し切りのお風呂が３か所あり、そのうち２か所を利用したが十分な広さがあり、ゆっくりと浸かることが出来た。 部屋や、食事、温泉は大切だけど、接客というソフトが一番大切だな。って思わせてくれた素敵なお宿でした。ありがとう。,https://www.jalan.net/yad397509/kuchikomi/archive/,mixed,body_positive_and_negative,high,body_sentiment_inference_needed
225,Jalan,jalan_archive,09218112,2016/12/4,,,,,5,ja,True,facility_wide,温泉;時間,,おもてなし・お料理共に最高でした,旅館を探しているときに別邸はる樹さんを見つけ、口コミの評価も高く、お料理も豪華で、こちらを利用させていただくことにしました。渋滞のためチェックインの時間ぎりぎりになってしまいましたが、あたたかく迎えてくださり、とても嬉しかったです。夕食も、とても豪華で大満足でした。また、お一人お一人の接客も丁寧で、温泉も満喫できて、ここに宿泊して良かったです。本当にありがとうございました。,https://www.jalan.net/yad397509/kuchikomi/archive/,positive,body_positive,high,body_sentiment_inference_needed
226,Jalan,jalan_archive,09207045,2016/11/27,,,,,4,ja,True,private_bath,風呂,,とても良いわけでもなく悪くもないです。,とても評価が良かったので宿泊してみましたが普通の旅館だと思います。良かった点はお風呂は貸し切りで良かったです。お部屋は喫煙が出来るようで禁煙の子連れの私達には若干匂いが気になったりしました。料理は普通です。,https://www.jalan.net/yad397509/kuchikomi/archive/,positive,body_positive,high,body_sentiment_inference_needed
227,Jalan,jalan_archive,09195313,2016/11/21,,,,,3,ja,True,facility_wide,温泉;風呂,,値段の割に,割高な印象。 部屋は清潔感があって良かったが、隣の家から部屋が丸見え、隣の部屋からは子供の走り回る、騒ぐ声が響き渡り、あまりくつろげなかった。 子供が騒ぐのは仕方ないが、防音が全く施されていない。 料理はひとつひとつ丁寧で、とても美味しかった。 お風呂は別府とあって期待していたが、とろみもなく、なんか温泉に入ったという気がせず... 少し期待外れでした。,https://www.jalan.net/yad397509/kuchikomi/archive/,mixed,body_positive_and_negative,high,body_sentiment_inference_needed
228,Jalan,jalan_archive,09133747,2016/10/18,,,,,5,ja,True,facility_wide,風呂;湯;時間,,子連れの家族旅行,先日復興割りを使用して行ってきました。 お食事も美味しかったです。ただ美味しいお肉が冷めていたので、冷めない工夫が欲しかったです。 お風呂は時間を気にせず満喫できました。照明が目に入ったので、少し工夫が欲しかったです。 またWIFIとじゃらんには書いてあるのですがアクセスIDなども記載なくがっかりでした。 お部屋に置いてある案内が不明確で足らずなものだったのが残念です。WIFIや冷蔵庫の中身の料金がかかるのかどうかなどは記載していただきたいです。 また利用できる家族湯の行き方や設備(タオルの有無)なども記載してファイリングしていただくと良いと思いました。総じてゆっくりさせていただき行ってよかったです。,https://www.jalan.net/yad397509/kuchikomi/archive/,mixed,body_positive_and_negative,high,body_sentiment_inference_needed
229,Jalan,jalan_archive,09126035,2016/10/14,,,,,5,ja,True,facility_wide,風呂;時間,,リフレッシュの旅,ゆっーくり15時からチェックインして のーんびりお部屋にあるお風呂に浸かりました。時間を忘れてしまうような ゆっくりした空間とステキなお庭に大満足でした。 朝夕部屋食だったので少し準備して頂いてる時間はなんとなく緊張感がありましたが また是非行きたい旅館の一つになりました。大満足でした。お世話になりました。,https://www.jalan.net/yad397509/kuchikomi/archive/,positive,body_positive,high,body_sentiment_inference_needed
230,Jalan,jalan_archive,09122413,2016/10/12,,,,,4,ja,True,room_open_air_bath,温泉;風呂;露天;半露天;肌;予約;時間,,温泉がよかったです,半露天風呂のあるお部屋を予約しました。 お部屋の露天風呂で別府の温泉に好きな時間に何回も入ることができ、お肌はツルツルでした。 ロクシタンのアメニティも嬉しかったです お部屋に備え付けの飲み物も充実していて、朝は豆から入れたコーヒーをテラスでいただき、すごくよかったです！夕食も朝食も美味しかったです。 ゆっくりできました。,https://www.jalan.net/yad397509/kuchikomi/archive/,positive,body_positive,high,body_sentiment_inference_needed
231,Jalan,jalan_archive,09113273,2016/10/10,,,,,4,ja,True,private_bath,温泉;風呂,,コスパが悪い,九州の温泉宿には、お手頃宿～ハイクラス宿など沢山宿泊しましたが、ここは値段の割にサービスが悪かったです。 お部屋も普通、ご飯も普通、部屋も普通でした。 1人3万は高すぎですね。 接客はとても良かったです。 アメニティも最低限、貸し切り風呂にはドライヤーだけ。 せめて綿棒やティッシュ位はどこでもあると思います。 前から気になっていた宿だけに少し残念です。 1人18000円なら満足な宿だったと思います。,https://www.jalan.net/yad397509/kuchikomi/archive/,mixed,body_positive_and_negative,high,body_sentiment_inference_needed
232,Jalan,jalan_archive,09071594,2016/9/19,,,,,5,ja,True,private_bath,風呂;脱衣;時間,,お風呂が良かったです,クチコミ評価と写真の雰囲気でお宿を決めました。お部屋は広々ということはなかったですが、入った時に畳の香りがしてとても気持ち良かったです。夕飯は、約1時間で終わるようにお料理が出てきましたが、私にはペースが早く感じました。量は、男性でもお腹いっぱいになるぐらいあったので、もう少しゆったりお料理を出されても良いのかな～と感じました。貸し切りのお風呂は、脱衣場も広く清潔で、雰囲気もあり、とても素敵でした。 素敵なお宿ではありましたが、金額相応の「普通の高級宿」という感じがしました。ここにしかない「こだわり」や「特別感」などは特に感じませんでした。,https://www.jalan.net/yad397509/kuchikomi/archive/,positive,body_positive,high,body_sentiment_inference_needed
233,Jalan,jalan_archive,09065444,2016/9/16,,,,,4,ja,True,private_bath,温泉;風呂;貸切,,とても満足☆,9ヶ月の娘を連れての旅行でしたが、部屋も畳で広々していて快適に過ごせました。ご飯も適度な量でとても美味しく、出てくるペースもちょうど良くゆっくりといただく事が出来ました。担当していただいたの接客も心地よく色々とお気遣いいただけてありがたかったです。今回は貸切風呂のプランだったので次回は温泉付きの部屋に宿泊してみたいです。,https://www.jalan.net/yad397509/kuchikomi/archive/,positive,body_positive,high,body_sentiment_inference_needed
234,Jalan,jalan_archive,09063628,2016/9/15,,,,,5,ja,True,room_open_air_bath,風呂;露天;半露天,,料理が美味しい！,夫婦で利用させて頂きました。 住宅地の中にあるとは思わず、到着までに迷子になってしまったのも、楽しいハプニングでした。 到着時のスタッフさんの対応もとてもよく、これからの一晩が期待できました。 ご用意頂いたお部屋もとても雰囲気があり、半露天のお風呂やドリンクサービスやアメニティ！など、とにかく満足でした。 お食事は夕飯はもちろんですが、朝食のお味噌汁の美味しいこと。お出汁がよく効いていて、主人が絶賛しておりました。 チェックアウトも11時でしたので、ゆっくりでき、また、機会があれば是非利用させて頂きたいと思います。ありがとうございました。,https://www.jalan.net/yad397509/kuchikomi/archive/,positive,body_positive,high,body_sentiment_inference_needed
235,Jalan,jalan_archive,09049290,2016/9/8,,,,,5,ja,True,room_bath;private_bath,温泉;風呂;貸切,,料理も温泉もおもてなしも最高,母と二人、宿でゆっくり温泉と料理を味わうことを目的に利用させて頂きました。貸切風呂、部屋風呂共に適温＆清潔でとても気持ちよく利用させていただきました。仲居さんに別府温泉の特徴を親切に説明いただき、温泉の効能を実感しながら心身ともにリフレッシュできたように思います。 また母の食事の希望に対しても、元のメニュー以上に素晴らしい内容にアレンジいただきました。 また機会があればぜひお邪魔したいです。,https://www.jalan.net/yad397509/kuchikomi/archive/,positive,body_positive,high,body_sentiment_inference_needed
236,Jalan,jalan_archive,08993042,2016/8/17,,,,,4,ja,True,private_bath,風呂;貸切,,中に入ると落ち着いた宿,直前の宿泊確認での、かなり聞き取りづらい一方的な留守番電話にイメージ（価格、雑誌、テレビ放送からの勝手なイメージですが）と違うホスピタリティーに疑問を感じてのスタートでした。住宅街の中ですが旅館内は静かでゆっくりすることができました。貸切風呂もゆっくりすべて利用させてもらいました。部屋食を好まれる方も多いのだと思いますが、お布団をあげた直後の埃の舞う部屋での食事に私はあまり気持ちよくはありませんでした。せめて朝だけでも食事処が設けてあるとありがたいと思います。お部屋や食事、お風呂などパーツには満足出来ました。それだけに接客に個人差が大きいのはもったいないと感じます。期待しすぎていただけかもしれませんが・・。,https://www.jalan.net/yad397509/kuchikomi/archive/,positive,body_positive,high,body_sentiment_inference_needed
237,Jalan,jalan_archive,08984869,2016/8/15,,,,,5,ja,True,facility_wide,温泉;風呂;肌,,大満足,部屋食で内風呂がある宿を探しててたまたま見つけました。最高にくつろげ、温泉も気持ちが良かったです。少し肌が弱いのですが全く大丈夫でゆっくり入れました。夕食もとても美味しくいただきました。お酒を飲んでいたのでご飯はおにぎりにして下さいました。泊まった部屋は春には桜をながめながら過ごせるそうなので是非春に行ってみたいです。,https://www.jalan.net/yad397509/kuchikomi/archive/,positive,body_positive,high,body_sentiment_inference_needed
238,Jalan,jalan_archive,08955571,2016/8/3,,,,,2,ja,True,facility_wide,浴;工事,,美味しい料理でした,変更の対応有難うございました。 残念なところです ・浴室出入口ドアの不具合修理の対応が出来なくて１か所利用出来なかった。（対応を早くしてほしかった） ・２階部屋での朝食の時に窓の外（屋根の上）に工事業者の人がうろうろしていて驚きました。（客の居る時は考えてほしい） 他は満足しました。,https://www.jalan.net/yad397509/kuchikomi/archive/,mixed,body_positive_and_negative,high,body_sentiment_inference_needed
239,Jalan,jalan_archive,08947550,2016/7/31,,,,,4,ja,True,room_open_air_bath,風呂;露天;半露天,,料理の美味しさに感動 ご飯の美味しさにビックリ,家族旅行で利用させて頂きました。チェックインが予定より早くなり、近くからお電話させて頂きましたら、お宿の前まで出て待っていて下さいました。スタッフさんの対応は心地よい対応でした。お部屋は写真とは若干イメージが異なりましたが、ゆっくりくつろぐには問題ありません。冷蔵庫の多様なドリンクも無料サービスとの事で嬉しいビックリサービスでした。何より食事が美味しい、普段外で食事をしても余り美味しいと言わない息子が美味しい、と食の進むのには驚きました。ご飯のお代わりがあまりにも多かったので、ご飯は別料金でもと申し出ましたが、ご飯のお代わりにも気持ち良く対応して頂け、朝食の際には「沢山ご用意していますので沢山召し上がって下さいね」と言って下さいました。勿論追加料金はありませんでした。住宅街にあるのに静かで、好きな時にお部屋の半露天風呂に入り、美味しい料理を頂き、大満足でした。別府に泊まる時は、はる樹さんがいいねと家族で言っています。,https://www.jalan.net/yad397509/kuchikomi/archive/,positive,body_positive,high,body_sentiment_inference_needed
240,Jalan,jalan_archive,08925553,2016/7/19,,,,,5,ja,True,private_bath,風呂;露天;貸切;虫,,丁寧です。,宿に到着した時に誰も居なかったので… 勝手口かな？と思わず玄関を出てしまいました。その後、出て来てくれて、対応して頂いたので良かったです。仲居さんが色々とシステムをロビーで説明してくれた後、部屋に案内してくれました。その時にロビーから部屋は近いですが、荷物を持ってくれたりする旅館もありますから、一声あれば…少し残念です。 部屋は、綺麗で過ごし易く、部屋の露天風呂も最高でした。窓を開けたら虫が入ってくるのが残念。網戸を設けたら最高ですね。貸切風呂は雰囲気があります。お薦めですね。夕食も部屋食で、楽ですし非常に美味しいですね～。夕食時、布団の準備の時に男性の仲居さんが色々と別府の情報を教えてくれたりするので、非常に親切で助かりました。 また、寄りたい宿ですね。是非お薦めします。,https://www.jalan.net/yad397509/kuchikomi/archive/,mixed,body_positive_and_negative,high,body_sentiment_inference_needed
241,Jalan,jalan_archive,08892012,2016/7/1,,,,,5,ja,True,private_bath,風呂;貸切,,閑静な中での滞在でした,こじんまりとした個室で、静かな中ゆっくりと過ごすことができました。貸切風呂もゆっくりと入り、お部屋での食事も楽しむことができました。ただ、お部屋係の方はアルバイトなのか、所作に品性が伴っておらず、旅館としてのおもてなしを見ると興ざめでした。朝食等のお部屋係は慣れている方か、ゆっくりとした口調で食事の説明などもしてくださり、所作もとてもしなやかでした。,https://www.jalan.net/yad397509/kuchikomi/archive/,positive,body_positive,high,body_sentiment_inference_needed
242,Jalan,jalan_archive,08840899,2016/5/30,,,,,5,ja,True,room_open_air_bath;private_bath,風呂;露天;半露天;浴;貸切;予約;時間,,良いお宿でした,前日に急きょ予約して行きました。 子ども連れという事で、当日の朝に食事内容の案内のお電話を頂きました。 我が家の子どもは小学1年生という事もあり、本来の食事内容（大人と同内容）では食べないだろうなと判断しお子様プレートに変更して貰いました。心づかいがとてもありがたかったです。 半露天付きの部屋に宿泊しました。 気兼ねなく入浴出来るのは良いですね。 貸切風呂も空いていれば使えるという時間に縛られないものだったので、気軽に利用出来ました。 食事はとても美味しかったです！ 子ども用のも美味しかったようで、喜んで食べていました。 接客も気持ち良いものでした。 ロビーにも部屋にもコーヒーが常備されていたり、DVDの貸出があったり細かい心づかいが嬉しいお宿でした。,https://www.jalan.net/yad397509/kuchikomi/archive/,positive,body_positive,high,body_sentiment_inference_needed
243,Jalan,jalan_archive,08764033,2016/4/21,,,,,5,ja,False,,,,落ち着いた空間が良かったです。,泊まった夜に熊本地震がありました。明くる日に大分に地震がありお世話してくれた方々大丈夫ですか？建物も…何も出来ないですけど応援してます。最高の笑顔での接客ありがとうございました。また行きたいです。,https://www.jalan.net/yad397509/kuchikomi/archive/,positive,body_positive,high,body_sentiment_inference_needed
244,Jalan,jalan_archive,08716311,2016/3/24,,,,,4,ja,True,room_open_air_bath,風呂;露天;半露天,,料理が美味しかった！,食事は、部屋食で、ゆっくりできました。 また、型にとらわれない感じの創作料理が、彩りも綺麗で、大変美味しかったです。 部屋の半露天風呂は、温度の調節を自分でできるので、好みの温度にして入れたのが、良かったです。 従業員の方の、食事の片付けとか、布団の用意とかが、とても迅速で、見ていて気持ち良かったです。,https://www.jalan.net/yad397509/kuchikomi/archive/,positive,body_positive,high,body_sentiment_inference_needed
245,Jalan,jalan_archive,08694535,2016/3/12,,,,,5,ja,True,facility_wide,風呂;露天;湯,,素敵な誕生日の旅行になりました(^ ^),誕生日のお祝いで利用しました☆ 素敵な造りの外観、丁寧な対応 まだ中にも入っていない時点で 選んで良かったなと心から思いました(^ ^) お風呂やお部屋の説明も 詳しく話して頂きとてもわかり易かったです☆ 今回同行者には何もかも サプライズで宿泊させて頂いたのですが 事前のプレゼントや計画等も こちらの無理な要望にも丁寧に対応して下さり おかげでサプライズは大成功 すごく喜んでもらえました(^ ^) ご飯もすごく美味しく豪華で 普段極度の偏食の私でも完食☆ 嫌いで絶対食べない食材も はる樹さんでの食事は 美味しく頂く事が出来ました☆ お風呂はお部屋の露天風呂を 利用させて頂きました☆ 湯船が広く足を伸ばせてゆっくり出来ました☆ はる樹さんに宿泊させて頂いたおかげで 本当に素敵な旅になりました(^ ^) また絶対に行きます☆,https://www.jalan.net/yad397509/kuchikomi/archive/,positive,body_positive,high,body_sentiment_inference_needed
246,Jalan,jalan_archive,08677634,2016/3/1,,,,,5,ja,True,room_open_air_bath;private_bath,温泉;風呂;露天;半露天;貸切,,住宅街にある温泉宿,温泉は、貸切で使える半露天が２室と同じく貸切で使える内風呂が１室あり、どれも気持ち良く入ることができました。空いていればいつでも使えるので十分満喫できました。食事は夕食・朝食ともとても美味しく質・量とも十分満足でした。こじんまりとして部屋数があまり多くないので、静かにすごしたい方にはお勧めです。,https://www.jalan.net/yad397509/kuchikomi/archive/,positive,body_positive,high,body_sentiment_inference_needed
247,Jalan,jalan_archive,08620718,2016/1/31,,,,,5,ja,True,facility_wide,温泉,,お料理も温泉もおもてなしも最高です！,初めての1人旅、不安がいっぱいでしたが来てよかったです！今度は家族で行きますね。本当にありがとうございました。,https://www.jalan.net/yad397509/kuchikomi/archive/,positive,body_positive,high,body_sentiment_inference_needed
248,Jalan,jalan_archive,08599211,2016/1/18,,,,,5,ja,True,facility_wide,風呂;寒;予約,,よかったです！,部屋食が出来るとのことと、口コミでこちらに決めました。初めて高い宿を予約したので二人で緊張。畳廊下で寒くもなかったです。たしかに部屋からは隣の家が見えるけど、そんなに気にならなかったです。お風呂からも隣の家は見えるけどちゃんとスダレもあったし、見えないようになっているのかなーと、あまり気にならなかったです。離れのお風呂二つとも気持ちよかったです。満室とのことでしたが、他のお客さんともほとんど会うこともなく、騒音もまったくなく、気にならなかったです。料理は最高でした！伊勢海老が出てきたのに二人してビックリ!全部盛り付けがすごくて、美味しかったです！ご飯も美味しくて美味しくて!苦しかったけど無理してでも食べたかいがありました!朝食は野菜が中心で、種類も沢山あって全部食べられました。チェックアウトもゆっくりだったので、ホントにゆっくり出来ました。接客も最高でした！お世話になりました！,https://www.jalan.net/yad397509/kuchikomi/archive/,mixed,body_positive_and_negative,high,body_sentiment_inference_needed
249,Jalan,jalan_archive,08581424,2016/1/10,,,,,2,ja,True,facility_wide,風呂;湯;源泉;お湯;汚;掃除,,期待しすぎていました,彼氏の誕生日プレゼントで、初めて別府へ。 まずお部屋に入って色々説明して下さりました。 部屋にお風呂がついているプランを選んでいたのでお風呂に案内されて、説明を聞いていて、ふと上を見ると大きなクモの巣が。。彼氏もあたしも残念だね、と言い合いました。 食事を済ませ、お風呂へ入って、あまり綺麗では無かったのでさっと出て、寝て起きて、朝ごはんが済んだらフロントへ電話下さいと言われ、ゆっくり食べていたら、部屋にスタッフが来て、もうお下げして宜しいですか、と。済んだらフロントへ電話下さいって言ってたのに、急かされた感じがして。。 それから朝風呂へ…と入ったら、お湯がすごく汚い。源泉だから？すごく不快でした。そして、ふと洗面台の下を見ると落し物が。私のものではない、化粧道具が。見えるところしか掃除されてないのかなあと、残念の言葉しかないです。。次は、もう泊まることはないですね。。,https://www.jalan.net/yad397509/kuchikomi/archive/,mixed,body_positive_and_negative,high,body_sentiment_inference_needed
250,Jalan,jalan_archive,08517427,2015/12/9,,,,,3,ja,True,private_bath,風呂;貸切,,居心地が…,全体的な雰囲気はそこそこいいんだけど… 宿入ってから 貸切風呂に行く途中に…洗濯とかしてるとこが見えたり…外のアパートが見えたり…風呂の中からは二階の部屋が見えてそうな… 部屋も…となりの家が見えたり… いい宿だから 非日常を味わいたいのに…別世界にはならないとこが残念かな…,https://www.jalan.net/yad397509/kuchikomi/archive/,mixed,body_negative_with_context,high,body_sentiment_inference_needed
251,Jalan,jalan_archive,08512033,2015/12/6,,,,,5,ja,True,facility_wide,温泉;肌,,大分旅行,今回は大分の旅行で、料理の評判もいいと聞き宿泊させて頂きました。 評判以上に、夕飯も朝食も細部まで盛り付けまでこだわられていて、少食の彼もおかわりするくらいとても美味しかったです。また、部屋の温泉もとても良く温泉マイスターの方のお話通り入らせて頂いたところ帰ってからもお肌ツルツルでした。 一つだけ残念だったのは、夕飯を下げて頂く際にお忙しいとは思うのですが、下げてくれていた温泉マイスターの方に仲居さんが言われた「ちょっと急ぎで用事があるので、そこはいいから先に向こうを」みたいな事をおっしゃっていたのが聞こえてしまったので、ちょっと残念でした。私達も一お客のつもりなので、その辺は聞こえない所で伝えたほうがよろしかったのではと思いました。全体的には素敵な宿だったので彼と又利用させて頂く予定です。,https://www.jalan.net/yad397509/kuchikomi/archive/,mixed,body_negative_with_context,high,body_sentiment_inference_needed
252,Jalan,jalan_archive,08473805,2015/11/15,,,,,4,ja,False,,,,ちょっと割高かな・・・,初めて利用させていただきましたが・・・ 期待してたほどでは、ないかと思いました。 食事は、満足しまた。 けど、お酒の種類が少なかったです。 もう少し、お酒の種類を増やして欲しいです。 お部屋の設備なども、まぁーまぁーかなって感じでした。,https://www.jalan.net/yad397509/kuchikomi/archive/,positive,body_positive,high,body_sentiment_inference_needed
253,Jalan,jalan_archive,08450837,2015/11/2,,,,,5,ja,True,room_bath;private_bath,風呂;貸切;予約;時間,,素敵な時間でした。,思い立って、当日に予約したのですが、お風呂付きの素敵なお部屋に泊まることができました。夕飯も少食な私たちにはありあまるもので、とても目にも綺麗な美味しいお料理でした。お部屋のお風呂も、貸切のお風呂もリゾートぽくて素敵でした。こじんまりとしたそれでいてゆったりできる、素敵なお宿でした。スタッフの皆様ありがとうございます。,https://www.jalan.net/yad397509/kuchikomi/archive/,neutral,neutral_or_lodging_context,medium,body_sentiment_inference_needed
254,Jalan,jalan_archive,08427102,2015/10/19,,,,,4,ja,True,facility_wide,温泉;風呂;肌;寒;脱衣,,肌寒くなり温泉地で温まりたい時に,今回、お世話になりました。部屋の雰囲気も良かったし、ゆっくり過ごす事ができました。 改善してほしい点①脱衣所の棚の上がホコリが…目の高さより少し上でしたが気になりました。②お風呂の所の冊子の立てつけが、風情というよりただ悪いなと印象を受けました。③部屋で過ごさせて頂いたのですが、外の駐車場の所のドアの隙間が広く人が来たら見える感じだったので、一応スタッフの方には伝えたら、考えて作って有りますと言われて『あ…』そうですか(^_^;)って感じでした。一回見られた方が良いかと思います。すいません、長々と…また行きたいなと思っているので…☆良かった点☆①ロクシタンが脱衣所に置かれていてビックリしました。すごいですね。②当日、2日前に連絡と確認を入れて頂き気持ちが良かったです。③客室に来られた方も、みなさん気さくに話して頂いて色々な、情報を教えてもらい翌日も満喫出来ました。④料理が美味い。,https://www.jalan.net/yad397509/kuchikomi/archive/,mixed,body_positive_and_negative,high,body_sentiment_inference_needed
255,Jalan,jalan_archive,08392587,2015/9/30,,,,,4,ja,True,facility_wide,風呂;浴,,ありがとうございました！,彼と二人で泊まりました。同棲していて家事と仕事ばかりの私にたまにはと、連れてきてくれました。 浴衣を選べたのはとても、気分があがります♪ お食事がとてもおいしく、関アジ、豊後牛、お米までとてもおいしかったです。 普段、ご飯を作って、お酒も作って、やっと彼の残りを食べる感じなので(笑)お部屋での食事は一歩も動かなくてよくて、幸せでした(*^^*)(笑) お部屋はシンプルな感じでした！ お姉さんの接客がとてもよかったです。 あとコンビニで買ってこなくてもウェルカムドリンク等があったので、助かりました！ 朝風呂も、朝ご飯も、満足し、お見送りまでしっかりしていただき、感動致しました。本当にいい思い出になりました(*^^*),https://www.jalan.net/yad397509/kuchikomi/archive/,positive,body_positive,high,body_sentiment_inference_needed
256,Jalan,jalan_archive,08359320,2015/9/16,,,,,4,ja,False,,汚;掃除,,ゆっくりとできました,今回２人での初めての旅行で、はる樹を選びました。 とてもゆっくりでき、良かったです。 料理は美味しかったです。特に朝食が!! 残念と言えば、窓が汚いのと蜘蛛の巣があり掃除が行き届いていないことでした。 ですが、思い出に残る旅となりまた利用したいと思いました。,https://www.jalan.net/yad397509/kuchikomi/archive/,mixed,body_positive_and_negative,high,body_sentiment_inference_needed
257,Jalan,jalan_archive,08317198,2015/8/26,,,,,4,ja,False,,,,九州旅,今回は大分県の石仏・石橋を観て回ろうと 旅行会社に頼むよりいつも自分で組み立てて行くのが好きなので じゃらんの宿泊リストを見て決めてます。 今回は料金がチョッピリお高めだと思ってましたが・・・・ 従業員の方も若くてキビキビ動かれてるのは気持ちが良かったです。 部屋はこじんまりして豪華で華美でもなく 非常に落ち着いた雰囲気の部屋でした。 料理も和洋折衷で頂き、関あじ＆豊後牛も美味しかったです。 朝食は和食での食事で、チョット多いんじゃない？って思いました。 出発前に道を詳しく教えて貰って無事に買い物も出来、 目的地まで辿り着きました。 嫁共々、これじゃ高くないよね！と。 また、お世話になりたいです。,https://www.jalan.net/yad397509/kuchikomi/archive/,positive,body_positive,high,body_sentiment_inference_needed
258,Jalan,jalan_archive,08317014,2015/8/26,,,,,5,ja,True,facility_wide,風呂;予約,,子供連れ旅行２回目♪,またまた急に思いつき、バタバタ準備して予約し、伺いました。住宅地の中にあるお宿で一回素通りしてしまい慌てて戻りました。よく本でもお風呂はみるんですが、外観もよく、洗練された感じでした。,https://www.jalan.net/yad397509/kuchikomi/archive/,positive,body_positive,high,body_sentiment_inference_needed
259,Jalan,jalan_archive,08280805,2015/8/14,,,,,3,ja,True,private_bath,風呂;貸切,,記念日旅行,今回、家族で利用させてもらいました。 料理は美味しいく頂けました、ボリュームがあり満足いきました。 貸切風呂も気持ちよく入れました。 夜はゆっくり休め、良かったです。 機会があればまた、利用したいと思います。,https://www.jalan.net/yad397509/kuchikomi/archive/,positive,body_positive,high,body_sentiment_inference_needed
260,Jalan,jalan_archive,08264521,2015/8/8,,,,,5,ja,False,,,,とても心地よい宿でした。,今回初めて利用させていただきました。宿の雰囲気もよく、ごはんも美味しく、スタッフの方の対応も素晴らしかったです。ちょっとしたことですが、◯時に来ますと言われて待っててもなかなか来てもらえなかったのがちょっと気になりました。細かくてすみません。また利用させていただきます。,https://www.jalan.net/yad397509/kuchikomi/archive/,positive,body_positive,high,body_sentiment_inference_needed
261,Jalan,jalan_archive,08199630,2015/7/3,,,,,4,ja,False,,,,落ち着きました。,接客が必用最低限で、放ってくれてる感じがとても良かったです。 また、他のお客さんにも会うことなく過ごせて、余計なｽﾄﾚｽないのが、お互いに良かったかな、と思いました。 ロビーはあるものの、受付が無いため鉢合わせすることがないのも良かった。また、別府に行く際は是非利用したいです。,https://www.jalan.net/yad397509/kuchikomi/archive/,positive,body_positive,high,body_sentiment_inference_needed
262,Jalan,jalan_archive,08163170,2015/6/14,,,,,5,ja,True,private_bath,風呂;貸切;脱衣,,ゆっくり過ごせました,料理のおいしさ、従業員の方たちのサービス どれを取っても大満足でした。 貸切風呂も今まで行ったどの旅館よりも広く、脱衣所のインテリアまでとても凝っていてすばらしかったです。 次はいつこれるかわからないですが 今度は孫も連れて来たいと思います。 ありがとうございました。,https://www.jalan.net/yad397509/kuchikomi/archive/,positive,body_positive,high,body_sentiment_inference_needed
263,Jalan,jalan_archive,08116072,2015/5/18,,,,,2,ja,True,room_bath;private_bath,風呂;貸切;虫,,記念日旅行で,TVで拝見したのをきっかけに記念日旅行の行き先に決めたのですが非常に残念でした。仲居さんの接客が雑、飲み物を出すときに飲み口を持ち配膳。猫を飼われてるようですが中、外自由に出入りする猫を旅館で飼うなどありえません。部屋風呂も貸切風呂も網戸がなく虫が入り放題、貸切風呂は傷んだ木材目当てに蟻が闊歩してました。建て具が雑なのか他の部屋の方が風呂場の扉を閉める度地震のように振動がきます。お祝いのケーキがチェーン店のものと店名がハッキリわかり非常に残念。お風呂から庭が見えるとうたってますが、手入れされてないなどなど、決して二人で5万超える宿とは思えない残念な宿でした。,https://www.jalan.net/yad397509/kuchikomi/archive/,negative,low_rating_negative_body,high,body_sentiment_inference_needed
264,Jalan,jalan_archive,08092871,2015/5/8,,,,,5,ja,True,facility_wide,風呂;露天;湯;お湯,,家族旅行(*^_^*),1歳6カ月の子供と夫とGWに家族旅行しました。インターネットのなにかの記事で1度は泊まってみたい旅館にあげられていたのを見たことがあり、前々から行きたいと思っていました。別府駅からタクシーで1500円くらいです。小さな旅館で、建物は風情がありました。お部屋は広く、お部屋の露天風呂はお湯の温度調整が容易で気持ち良く入れました。また、館内の家族湯（露天風呂）も景色が素晴らしかったです。夕食はお部屋食でどれも美味しかったですが、大食漢の私達はちょっと物足りなかったです。子供にはおかゆとふりかけ、味噌汁を用意してくれました。あと、どうでもいいことかもしれませんが、飼い猫？野良猫が4匹位おり、建物の周りを常にパトロールしており、1歳6カ月の子供が怖がってました。旅館の脇に川があり、朝天気が良かったので家族でのんびり散歩も楽しみましたよ。スタッフの方も気さくでたくさん話しかけてくれました。,https://www.jalan.net/yad397509/kuchikomi/archive/,positive,body_positive,high,body_sentiment_inference_needed
265,Jalan,jalan_archive,08014599,2015/4/6,,,,,4,ja,True,room_bath,風呂;予約,,ゆっくりくつろぎ目的で,部屋から出ることなく、ゆっくりすごそうという目的で予約しました。朝夕食と部屋食だったので、本当に良かったです。15時のすぐにチェックインしたので、3箇所ある貸しきり風呂を3人が別々に1番のりで入ることが出来ました。部屋のお風呂も桜が見えてちょうど満開だったので何度も入りました。,https://www.jalan.net/yad397509/kuchikomi/archive/,positive,body_positive,high,body_sentiment_inference_needed
266,Jalan,jalan_archive,07985422,2015/3/24,,,,,4,ja,False,,,,ゆっくり心安らぐ宿,大きな私邸が点在する住宅街にあり、木々が適度に配置され、景観も配慮されている。身の丈にあった、過度なサービスもなくゆっくりくつろげた宿でした。,https://www.jalan.net/yad397509/kuchikomi/archive/,positive,body_positive,high,body_sentiment_inference_needed
267,Jalan,jalan_archive,07970884,2015/3/17,,,,,4,ja,True,room_open_air_bath;private_bath,風呂;露天;半露天;湯;お湯;浴;貸切,,食事にお風呂にサービスに大満足,彼女と、3月14日から1泊で泊まりました。 まず良かったのは、女性は好きな柄の浴衣を選ぶことができた事でした。 これには、彼女も喜んでいました。 泊まった部屋は「道路側に近く、夜は車の音がする時がある」との注意書きがありましたが、2人とも特に気にならないほどでした。可愛らしいお部屋で、ゆったりできました。 食事は関サバコースで、新鮮なサバを頂くことができました。一品一品がとても上品で、量も多く、大満足。 お風呂は、3つある貸切風呂のうち、１つを利用。半露天で部屋の雰囲気もよく満足なのですが、少々お湯はけが悪かったのがきになったくらいでした。 ただ、スタッフの方も気軽に話しかけてくださり、大変楽しかったです。 冷蔵庫においてあった、オーガニックのレモンとジンジャーの紅茶はとても美味しかったです。 総合的にも大変満足なお宿でした。また大分に行くことがあれば、また利用したいです。,https://www.jalan.net/yad397509/kuchikomi/archive/,mixed,body_positive_and_negative,high,body_sentiment_inference_needed
268,Jalan,jalan_archive,07831357,2015/1/9,,,,,4,ja,False,,臭,,お正月旅行,旅館の方の接客も凄くよくて、お料理も美味しく頂きました。ただ、お部屋が少し古かったのと、最初に出されたお絞りが臭かったです。あとは完璧で、今まで泊まった旅館の中で一番でした。ありがとうございました。良い旅行になりました。,https://www.jalan.net/yad397509/kuchikomi/archive/,mixed,body_negative_with_context,high,body_sentiment_inference_needed
269,Jalan,jalan_archive,07773286,2014/12/14,,,,,3,ja,True,facility_wide,風呂;寒,,関アジおいしかったです。,内風呂がない部屋を利用させていただきました。その部屋を利用した人のための専用家族風呂が三ヶ所ありましたが、広めの二ヶ所は屋外にあり、下駄に履き替えて、そこに向かう際、ロビーというか、清算等を済ませてる部屋から、家人と「寒い。寒い。」と小走りしているのが丸見えで恥ずかしかったです。屋内にあるお風呂は、基本一人用だと思います。食事は夕飯朝食ともに適量で、特に夕飯の関アジは目からうろこでした。こういったこじんまりした旅館では、「旅館の食事は、客に残させてナンボ。」といった量を出すところも多いので。ただ、部屋食とは名ばかりで、というか、確かに部屋食ではあるのですが、ベッドが八割を占める部屋の隅の隅に設えられたテーブルで家人と顔付き合わせての食事は、せっかくの料理の美味しさを半減させられた息苦しさでした。それと、屋外のお風呂にはトイレがないので、これもかなり要注意です。,https://www.jalan.net/yad397509/kuchikomi/archive/,mixed,body_negative_with_context,high,body_sentiment_inference_needed
270,Jalan,jalan_archive,07739048,2014/11/26,,,,,5,ja,True,private_bath,風呂;貸切,,今どきなお洒落なカジュアル感♪,別府ですが、鉄輪エリアで地獄めぐりからも近くて立地も最高です。街中ですが、1筋入った住宅街なので、夜はとても静かでした。 新しいようですが、とても落ち着いた趣の日本旅館で、お部屋の設えもとても行き届いていてよかったです。所々に少しバリテイストな感じもあって、堅苦しくなく、ゆっくりできました。部屋、部屋の内風呂、貸切風呂からもお庭が臨めます。心身共に癒されたい時にゆっくり出来る宿だなぁと心から思いました。女将がご挨拶に来るようなテイストではありません。きちんとした宿ですが、スタッフ方も皆さんお若くて、皆さんゆっくりお話しされる様な上品な接客をして下さいます。食事も好きな味付けでとても美味しく戴きました。竹田産のごはん、本当においしかったです。お米が美味しいと嬉しいですね。今どきなカジュアルなセレブ感のある、私にとってはど真ん中な最高な宿です。またゆっくり泊まりに行きます。,https://www.jalan.net/yad397509/kuchikomi/archive/,positive,body_positive,high,body_sentiment_inference_needed
271,Jalan,jalan_archive,07700085,2014/11/8,,,,,5,ja,True,facility_wide,風呂,,落ち着きのある佇まい。,やっと夫婦揃ってのんびりと旅行出来る年齢になりました。だからこそ少し贅沢にと…その思い通り、お料理、接客、お風呂、満足でした♪朝早い出発でしたが、お見送りまでしていただき、ありがとうございました!!接客の方もとても親切に対応して頂きました。細やかなおもてなしをありがとうございました♪,https://www.jalan.net/yad397509/kuchikomi/archive/,positive,body_positive,high,body_sentiment_inference_needed
272,Jalan,jalan_archive,07696457,2014/11/6,,,,,5,ja,False,,,,ありがとうございました,夫婦で利用させていただきました。 今回はゆったりとしたかったので朝夕とお部屋で料理もとてもおいしくいただけました。 スタッフの方々の親切な対応にも満足しております。 私どもの泊まった部屋にしかないイタリア製の椅子も大変気に入りました。 次回は是非とも読書でも、、、 ありがとうございました。,https://www.jalan.net/yad397509/kuchikomi/archive/,positive,body_positive,high,body_sentiment_inference_needed
273,Jalan,jalan_archive,07690224,2014/11/4,,,,,1,ja,True,room_open_air_bath,風呂;露天;虫;掃除,,静かで落ち着いた宿…でも虫が…,新婚旅行で初めて利用しました。せっかくの旅行なので、奮発して露天風呂付きのお部屋に泊まることにし、とても楽しみにしていました。 しかし、部屋に案内されて換気をしようと窓に近づくと、窓には11月にもかかわらず虫がびっしりはりついていました。窓を開けるのはやめました。 また部屋の風呂に出る為の窓にも虫がびっしりついていて開けれず、結局楽しみにしていた部屋の風呂には一度も入れませんでした。 部屋の庭にデッキがあるのですが、デッキの上に枯れ葉がいっぱいで掃除しておいて欲しいと思いました。高い料金を払っているのに、そういう配慮が足りなく、とても残念でした。あと旅館まで遠いので送迎していただけると良かったです。タクシー往復3000円くらいかかります。 夜ご飯は関あじがとても美味しかったです。 また初めての別府で観光なども分からなかったのですが、従業員の方が丁寧に教えてくれて良かったです。,https://www.jalan.net/yad397509/kuchikomi/archive/,mixed,body_positive_and_negative,high,body_sentiment_inference_needed
274,Jalan,jalan_archive,07655563,2014/10/19,,,,,3,ja,False,,,,残念です,じゃらんの口コミを見て選んだのですが残念でした。まず場所が判りづらく車が駐車しにくい、食事に関しては地の物を期待していたのですが。。。刺身も焼き物も。。。。残念の一言です、味付けに関しても私には少し甘すぎました。素材の味が生かされて無いような。1泊3万円も払った価値はなかったように感じます。厳しい意見ですみませんが私が感じたことです。,https://www.jalan.net/yad397509/kuchikomi/archive/,mixed,body_negative_with_context,high,body_sentiment_inference_needed
275,Jalan,jalan_archive,07645925,2014/10/14,,,,,4,ja,False,,,,料理が抜群良かったです,女友達と台風の中の二人旅でした。 今年は、結構旅行に行く頻度が高かったんですが 今一つ美味しい料理に巡り会えず… ガッカリしていましたが ようやく美味しい料理を食する事が出来 感激でした。 どれも優しい味付けで、女性向きでした。 ちょっと夜外出する時でも 宿の方が、激しい雨の中 車まで傘を差しかけて送り出してくれたり… と細かい配慮、有難うござぃました。,https://www.jalan.net/yad397509/kuchikomi/archive/,positive,body_positive,high,body_sentiment_inference_needed
276,Jalan,jalan_archive,07638874,2014/10/13,,,,,3,ja,True,room_bath;room_open_air_bath;private_bath,風呂;露天;半露天;ぬる;貸切;狭,,金額の割に期待はずれの宿でした,こじんまりした宿だとは口コミを見て分かっていましたが、こじんまりしすぎです。宿は道路沿いにあり、車も門の前に停めるという形。宿泊客が多い時は大変だと思います。部屋も普通の家のように隣との距離が近く気を遣いました。宿の案内をしていただいた時、貸切風呂は2つだと聞きました。フォトギャラリーを見ていたので、貸切風呂は3つだったと思い後で尋ねると、「今日はお客さんも少ないし、部屋のお風呂より狭いから言わなかったんです。入ってもいいですよ」と言われました。風呂に入るか入らないかは客が決めることだと思います。半露天といっても窓が開くだけ。部屋の雪駄もボロボロ、ゴミ箱のビニール袋は小さいのか無造作に入れてあるだけ。高いお金を払っていく宿ではないような気がします。貸切風呂も広いだけで通りの車の音や人の話し声でゆっくりできません。食事はおいしかったですが、ご飯が夕も朝もかなりぬるく残念でした。,https://www.jalan.net/yad397509/kuchikomi/archive/,mixed,body_positive_and_negative,high,body_sentiment_inference_needed
277,Jalan,jalan_archive,07587691,2014/9/18,,,,,5,ja,True,facility_wide,温泉,,3世代旅行,9ヶ月の娘と母と、初めての女3世代旅行で宿泊しました。子連れなので気を遣わずのんびり出来るよう、夕朝食ともに部屋食で部屋に温泉があるこちらの宿を選びました。 館内、お部屋ともに落ち着いた和の雰囲気で居心地よく、部屋の温泉も適温でとても気持ちよかったです。娘もゆっくり浸かることができ、あまりに気持ちよかったのか、私達の食事中ぐっすり寝てくれ、おかげでゆっくり夕食を味わうことができました♪ お食事は女性好みの盛り付けやボリュームで、たいてい最後のご飯にたどり着く前に満腹になってしまうのですが、今回はデザートまで綺麗に完食出来ました！茄子と鰻の冷たい煮物が美味しかったです！ 仲居さんも娘に気を遣ってくれ、離乳食のお粥や椅子、オムツを入れるゴミ箱など色々準備していただき、とても助かりました。 チェックアウト11時までのんびり過ごすことができ、大満足の2日間でした。ありがとうございました！,https://www.jalan.net/yad397509/kuchikomi/archive/,mixed,body_positive_and_negative,high,body_sentiment_inference_needed
278,Jalan,jalan_archive,07572813,2014/9/12,,,,,4,ja,False,,,,子供連れでも最高,離乳食の乳児と二歳の子供もいましたが、朝も部屋食だし、何て言っても離乳食の子供にご飯だけはサービスして頂き、その上、離乳食の乳児には先に食べさせてから私達もゆっくり食事ができるようにと気を利かせて頂きました！次回も是非是非友達家族と行きたいです(*^^*)☆ 料理もお腹いっぱいでした！,https://www.jalan.net/yad397509/kuchikomi/archive/,positive,body_positive,high,body_sentiment_inference_needed
279,Jalan,jalan_archive,07562192,2014/9/7,,,,,5,ja,True,room_bath;private_bath,風呂;貸切;時間,,ありがとうございました,部屋のお風呂も貸切風呂も大満足です。コンパクトですが、女ふたりで十分ゆったり入れました。 ごはんも部屋食で大変おいしかったです。 また花火大会の日にお世話になったのですが、夕飯の時間やタクシーの手配もご配慮いただき、ありがたかったです。,https://www.jalan.net/yad397509/kuchikomi/archive/,positive,body_positive,high,body_sentiment_inference_needed
280,Jalan,jalan_archive,07538986,2014/8/28,,,,,4,ja,True,facility_wide,風呂;源泉;熱;浴,,幸せなひと時を,家族四人で利用させて頂きました。 浴衣を選べること、DVDの貸し出しがあること、大満足でした。 ご飯も、いつもどの旅館も多過ぎて、ほとんど残してしまうのですが、美味しく全て、いただくことが出来ました。 お風呂が少し熱過ぎて、すぐには入れないのが残念でしたが、それも源泉を保つため！！仕方が無いですね（＾_＾） 5回も入りました！ 大満足の家族旅行になりました。,https://www.jalan.net/yad397509/kuchikomi/archive/,mixed,body_positive_and_negative,high,body_sentiment_inference_needed
281,Jalan,jalan_archive,07515935,2014/8/21,,,,,4,ja,True,facility_wide,温泉;風呂;湯;お湯;水;虫;掃除,,ゆっくりできました。,宿は町の近くにありコンビニも近くてたすかりました。 お出迎えもありとても明るい従業員さんでした。 部屋もきれいに掃除してあり、温泉がついていてお湯の温度もちょうどよくてすぐにはいりました。 家族風呂も無料ではいれてよかったのですが虫が多かったです。 夏より冬の方がいいかもですね。 食事は部屋でたくさんの料理がでました。 どれも美味しく頂きました。 ごはんもおかわりしてたべてしまいました。 部屋の中のお茶やポカリ、水、コーヒー、ジュース類などが無料で飲めたのはよかったです。 朝食も部屋でゆっくりたべました。 その後また温泉にもはいりゆっくりして、チェックアウトしました。 初めてとまったけどとても良い宿でした。 ただ、夏は虫が多くて部屋にも虫がはいってきたので殺虫剤とか置いてあるとよかったです。 また行きたいと思います。,https://www.jalan.net/yad397509/kuchikomi/archive/,mixed,body_positive_and_negative,high,body_sentiment_inference_needed
282,Jalan,jalan_archive,07390846,2014/7/6,,,,,5,ja,True,facility_wide,温泉;肌,,隠れ家のような旅館,主人との旅行で利用しました。 こじんまりとした建物で、とてもリラックス出来ました。 温泉の質がとても良く、お肌がツルツルになりました。 お食事をお部屋で頂けたことがとてもポイントが高く、お料理もどれも美味しかったです。 食後にはすぐにコーヒー、紅茶を持って来てくださり、至れり尽くせりで、とてものんびり出来ました。 また、利用したいと思います。,https://www.jalan.net/yad397509/kuchikomi/archive/,positive,body_positive,high,body_sentiment_inference_needed
283,Jalan,jalan_archive,07345929,2014/6/12,,,,,4,ja,True,room_bath;private_bath,風呂;貸切;狭,,おしゃれな料理,夕食は本当に見た目もきれいで、美味しく頂けたので大変満足の５にしました。朝食も美味しかったです。ごちそうさまでした。 部屋のお風呂は狭かったの残念でしたが、貸切風呂が広くて気持ち良かったので満足の４にしました。 食事を配膳して下さったスタッフの方々は大変良かったので５ですね。 ありがとうございました。,https://www.jalan.net/yad397509/kuchikomi/archive/,mixed,body_positive_and_negative,high,body_sentiment_inference_needed
284,Jalan,jalan_archive,07330063,2014/6/3,,,,,5,ja,True,facility_wide,温泉;風呂;泉質,,初家族旅行,3ヶ月になる息子と妻と家族3人で初の温泉旅行でした！ 部屋もとても清潔感があり、お庭を眺めながらのんびり出来ました。 部屋についてる風呂も簡単に温度調節出来たので、赤ちゃん連れの方も安心ですし、泉質も良かったです！ 食事も部屋でいただけたので、そこはとても助かりました！ 夕食で食べきらなかったご飯をおむすびにしてお夜食にしてくれたり、写真も何枚も撮ってくれたりと、とてもサービスが行き届いていました！ また家族で遊びに行きたいです！,https://www.jalan.net/yad397509/kuchikomi/archive/,positive,body_positive,high,body_sentiment_inference_needed
285,Jalan,jalan_archive,07303388,2014/5/20,,,,,5,ja,True,facility_wide,温泉;風呂,,ゆっくりできました。,両親、姉の家族旅行で利用しました。 平日お任せコースでしたが、部屋に内風呂もありゆっくりと温泉を満喫できました。 料理もコース+関アジを追加しましたがボリュームもあり大満足でした。 また、機会があったら利用したいです。,https://www.jalan.net/yad397509/kuchikomi/archive/,positive,body_positive,high,body_sentiment_inference_needed
286,Jalan,jalan_archive,07262808,2014/5/6,,,,,5,ja,True,room_open_air_bath;private_bath,風呂;露天;浴;貸切,,せいなさんの別邸 はる樹のクチコミ,今回の旅行は贅沢にしようと主人と決めていたので露天風呂付の部屋で1日6組限定と書いてあったのでこちらに決めました。 外観もお部屋も綺麗でお庭もあって凄く良かったです。 事前に空気清浄機をお願いしててあればという事だったのですが、お部屋に設置されててとても嬉しかったです。 貸切風呂も空いてれば自由に入浴出来たり、タオルも4セット準備されてて気配りが凄いなぁと思いました。 ただ部屋の窓を開けられるのですが、網戸に大きい穴が開いていてビックリしました。 でも穴が気にならないくらい風呂も料理もスタッフも部屋も素敵で凄くいい旅行が出来ました。 また九州に行く際はよろしくお願いします。 大変お世話になりました。 ありがとうございました。,https://www.jalan.net/yad397509/kuchikomi/archive/,positive,body_positive,high,body_sentiment_inference_needed
287,Jalan,jalan_archive,07216878,2014/4/15,,,,,4,ja,False,,,,初めての九州で,とっても満足です。 料理は、ほんま素晴らしかったですよ。 夕食の豪華さには驚きです。昼食い過ぎに注意ですね(^_^;) 機会あれば、またおじゃましますね。,https://www.jalan.net/yad397509/kuchikomi/archive/,positive,body_positive,high,body_sentiment_inference_needed
288,Jalan,jalan_archive,07214593,2014/4/14,,,,,5,ja,True,room_bath;room_open_air_bath;private_bath,風呂;露天;内湯;湯;肌;浴;貸切;寒,,あめさんの別邸 はる樹のクチコミ,初の大分旅行で露天風呂付きのお部屋がいいなと思っていたので、利用させて頂きました。 女性は浴衣を選べるとのことだったので色とりどりの中から1着をチョイス。肌寒い日だったのですが、お部屋には既に暖房が入りカーペットもつけてくれていたので快適でした。 内湯はこじんまりですが、身長160で足を伸ばしても余裕で入れます。すぐに入れるよう丁度良い湯加減で用意してくれていて嬉しかったです。 ご飯がおひつで出て少し多かったのですが、料理がとても美味しく2人でぺろっと食べてしまいました。しかし朝食はさすがに食べきれず…残念(;^^) 貸切風呂は丁度あいていて他のお客さんともあまり会わず、ゆったりゆっくり過ごすことができました。 帰りしなまで丁寧な接客･対応でとても満足です。また2人で行きたいなと思います(*^^*),https://www.jalan.net/yad397509/kuchikomi/archive/,mixed,body_positive_and_negative,high,body_sentiment_inference_needed
289,Jalan,jalan_archive,07186689,2014/3/31,,,,,5,ja,True,private_bath,温泉;風呂;貸切,,貸切風呂,はじめて利用しました。 お部屋は清潔感もあり、とても落ち着いて過ごせました。部屋に温泉がないタイプでしたが、貸切風呂が無料で自由に入れ、とてもよかったです。 接客もよく、また機会があれば利用したいです。,https://www.jalan.net/yad397509/kuchikomi/archive/,positive,body_positive,high,body_sentiment_inference_needed
290,Jalan,jalan_archive,07115906,2014/2/25,,,,,5,ja,True,facility_wide,風呂,,meeさんの別邸 はる樹のクチコミ,お食事もおいしく、お風呂も最高でお顔つるつるになり、親子で大満足です。 とても落ちつた素敵な宿でした。またゆっくり訪れたいと思います。ありがとうございました。,https://www.jalan.net/yad397509/kuchikomi/archive/,positive,body_positive,high,body_sentiment_inference_needed
291,Jalan,jalan_archive,07084795,2014/2/10,,,,,5,ja,True,room_bath,風呂;湯;お湯;水;寒,,はにーそるとさんの別邸 はる樹のクチコミ,とても寒い日に利用させていただきました。到着してすぐ入れるように部屋のお風呂にお湯を入れていただいていたのがうれしかったです。 部屋つきのお風呂に貸しきり風呂も２箇所利用させてもらいましたが、ゆっくり入れてとてもよかったです。 お料理は速いペースで供されはしましたが、せかされることなくゆっくりいただけました。味もおいしく、食べきれなかった鯖を朝別の料理にして出していただいたのもよかったです。 １点気になるのは、部屋の廊下とロビーの廊下に下水のようなにおいがしていたこと。客間に入るとしないのですが。,https://www.jalan.net/yad397509/kuchikomi/archive/,mixed,body_positive_and_negative,high,body_sentiment_inference_needed
292,Jalan,jalan_archive,07073827,2014/2/4,,,,,4,ja,False,,,,リンさんの別邸 はる樹のクチコミ,女性料理長さんのお料理、とても美味しかったです。,https://www.jalan.net/yad397509/kuchikomi/archive/,neutral,neutral_or_lodging_context,medium,body_sentiment_inference_needed
293,Jalan,jalan_archive,07067582,2014/2/1,,,,,4,ja,True,facility_wide,風呂,,あずみんさんの別邸 はる樹のクチコミ,私の結婚が決まり、最後の家族旅行で両親にプレゼントした初旅行でした^ ^ 部屋はベッドのある部屋にした方が広かったかなぁと思いましたが、 料理、お風呂は本当においしいし素敵でした！ また、快くサプライズでケーキも用意してくれて、最高の両親への親孝行が出来ました☆ ありがとうございました！,https://www.jalan.net/yad397509/kuchikomi/archive/,positive,body_positive,high,body_sentiment_inference_needed
294,Jalan,jalan_archive,07027452,2014/1/13,,,,,4,ja,True,room_open_air_bath,温泉;風呂;露天;半露天,,ゆっきーさんの別邸 はる樹のクチコミ,冬休みの温泉旅行として。利用させていただきました。お部屋もとっても綺麗で落ち着いて過ごせました。お風呂もお部屋についてあるので、ゆっくりと温泉につかることができました。半露天、とはこういうことか…と納得しました。窓があるため、結露して外が見えないのです。部屋の外はすぐ民家もあるので、簾で見えないし。そこは立地上、仕方が無いかなと思いました。夕飯は私の好みのお味で、とっても美味しかったです。ビールのグラスもキンキン、ビールもキンキン、温泉から上がったばかりというのもあり、お酒もおいしくいただきました。朝食は、多すぎるよ～という量でしたが、味が良かったので私は全部いただきました（笑）彼はもともと朝食を食べない人なので、あんまり食べませんでしたが…。宿の方の雰囲気、対応も良く、大変満足です。お世話になりました。,https://www.jalan.net/yad397509/kuchikomi/archive/,positive,body_positive,high,body_sentiment_inference_needed
295,Jalan,jalan_archive,07019053,2014/1/8,,,,,4,ja,True,facility_wide,風呂;露天,,ちるさんの別邸 はる樹のクチコミ,お部屋についてる露天風呂は初めてだったので、ゆっくりできました。,https://www.jalan.net/yad397509/kuchikomi/archive/,positive,body_positive,high,body_sentiment_inference_needed
296,Jalan,jalan_archive,06987120,2013/12/30,,,,,5,ja,True,facility_wide,温泉,,misaさんの別邸 はる樹のクチコミ,タクシーで15分とありましたが10分足らずで着きました。食事も部屋も温泉も大満足でした。食事は本当に美味しかったです。2歳の子どもがいるなかでもとても気持ちよく過ごすことができました。丁寧な接客にも感謝です。,https://www.jalan.net/yad397509/kuchikomi/archive/,positive,body_positive,high,body_sentiment_inference_needed
297,Jalan,jalan_archive,06964661,2013/12/19,,,,,5,ja,True,facility_wide,風呂;湯;お湯,,さっしーさんの別邸 はる樹のクチコミ,妻と久しぶりに旅行に行き、別邸 はる樹さんにお邪魔しました。食事が、どれも斬新で、とても満足しました。とくに、関サバは、新鮮！食べられなかった分は、翌朝に漬けにして頂き、気遣いに感謝しました お風呂も、離れも部屋も凄く良いお湯で、何回も入りました。お部屋係りの方もとても感じ良くして頂き、またぜひ行きたいと思います。また、食べたい食事と、お湯、おもてなし…感謝の気持ちでいっぱいです。,https://www.jalan.net/yad397509/kuchikomi/archive/,positive,body_positive,high,body_sentiment_inference_needed
298,Jalan,jalan_archive,06934062,2013/12/2,,,,,4,ja,False,,予約,,hisaさんの別邸 はる樹のクチコミ,大変美味しい夕食と朝食をいただきました。夕食はお部屋食だった為か、最初に全ての御料理が出されました。これも、ゆっくりできるためだったのかもしれません。 とにかく、のんびり静かに心が癒やされる旅になりました。次回の予約をしようとしたら、日程が合わず予約できませんでした。また、日にちを探して参りたいと思います。,https://www.jalan.net/yad397509/kuchikomi/archive/,positive,body_positive,high,body_sentiment_inference_needed
299,Jalan,jalan_archive,06900674,2013/11/17,,,,,5,ja,True,facility_wide,風呂;露天,,けんちゃんさんの別邸 はる樹のクチコミ,のんびりと過ごすことができました。 お食事も朝、夕共に見た目もきれいで皆様が納得される理由がわかりました。 器も一つ一つ重量感があり素敵でした。 露天風呂もとてもよかったです。 クモの巣がちょこっとあったのが残念でしたが、これも自然の よい所ですかね。 スタッフの方もちょうどよい距離感。 ぜひまた来たいと思います。 ありがとうございました。,https://www.jalan.net/yad397509/kuchikomi/archive/,mixed,body_positive_and_negative,high,body_sentiment_inference_needed
300,Jalan,jalan_archive,06885271,2013/11/10,,,,,5,ja,True,facility_wide,風呂,,タカシさんの別邸 はる樹のクチコミ,11月上旬に2泊3日で彼女とお世話になりました。 タクシーの運転手さんに「こじんまりしたいい宿ですよ」と言われ、期待をして行きましたがその期待を裏切らないいい宿でした。 仲居さんも気さくな方で何気に話していた会話の彼女の嫌いな食べ物を覚えていてくれて次の日の夕飯はそれを踏まえたものを出してくれました。 お風呂も宿も料理も言うに及びません。 大変満足しました。 今度はお互いの家族を連れて行きたいと思っています。,https://www.jalan.net/yad397509/kuchikomi/archive/,positive,body_positive,high,body_sentiment_inference_needed
301,Jalan,jalan_archive,06855628,2013/10/28,,,,,5,ja,True,room_open_air_bath;private_bath,風呂;露天;半露天;貸切,,みむさんの別邸 はる樹のクチコミ,仕事で大分に行きましたが、ゆっくりしたいと思い、はる樹さんに決めました。半露天風呂と、貸切風呂と満喫しました。担当してくださった方もとても感じがよく、食事も大満足でした。今度は彼氏と一緒に泊まりたいと思いました。,https://www.jalan.net/yad397509/kuchikomi/archive/,positive,body_positive,high,body_sentiment_inference_needed
302,Jalan,jalan_archive,06795470,2013/9/30,,,,,4,ja,True,room_open_air_bath;private_bath,風呂;露天;半露天;貸切;蚊,,らくださんの別邸 はる樹のクチコミ,友達と観光目的で初めて利用させていただきました。 第一印象としては、仲居さんの気配りがとてもよかったです。 また、旅館内はとても落ち着いた雰囲気で、清潔感もありよかったです。 ただ、季節的なものなのか、蚊が多かったです。 食事は夕、朝ともに部屋食でのんびりと自分たちのペースで食べることができました。一品一品上品な味でとても美味しかったです。 お風呂は、部屋にはついていませんでしたが、貸切風呂がほぼ使い放題でいつでも入ることができました。 半露天で庭をみながら入ることができ、雰囲気もよかったです。 是非、また泊まりたいです。,https://www.jalan.net/yad397509/kuchikomi/archive/,mixed,body_positive_and_negative,high,body_sentiment_inference_needed
303,Jalan,jalan_archive,06594317,2013/7/23,,,,,5,ja,True,room_open_air_bath;private_bath,風呂;露天;半露天;貸切,,のんちゃんさんの別邸 はる樹のクチコミ,姉妹で利用しました。 一度利用したいと思い念願が叶いました。 場所も分かりやすく、夕食・朝食も部屋食で美味しくいただきました。 お風呂も部屋の半露天風呂や貸切露天風呂も堪能しました。 お部屋係り担当の方もとても感じが良かったです。 一つ気になったのが、庭が少々手入れ不足かなと感じました。 せっかく夜もライトアップしていたのに残念でした。 でもまた是非宿泊したいです。,https://www.jalan.net/yad397509/kuchikomi/archive/,mixed,body_positive_and_negative,high,body_sentiment_inference_needed
304,Jalan,jalan_archive,06587176,2013/7/20,,,,,4,ja,False,,,,レオンさんの別邸 はる樹のクチコミ,新婚旅行で伺いました。 宿の方もとても接客が親切、丁寧で、夜のご飯がとっても美味しかったです。 朝ごはんは朝に弱いのであまり食べられなくて残念でしたが、最後に出していただいたコーヒーがすごくおいしかったです。 また夫婦旅行で行きたいです♪,https://www.jalan.net/yad397509/kuchikomi/archive/,mixed,body_positive_and_negative,high,body_sentiment_inference_needed
305,Jalan,jalan_archive,06566224,2013/7/12,,,,,4,ja,True,private_bath,風呂;湯;熱;貸切;狭;時間,,dokaさんの別邸 はる樹のクチコミ,二日目の宿泊となりました。 シーズン的に宿泊されてる方も少なく、貸切風呂も時間内ならいつでも入れる状況でした。 内風呂は家のお風呂より狭く、無いよりましかな～！て感じでした。 別府観光で疲れていたので、熱めにいれて、足湯として使用させて頂きました。 過度な期待はしていませんでしたので良く感じました。 伊勢海老美味しく頂きました。 ありがとうございました。,https://www.jalan.net/yad397509/kuchikomi/archive/,mixed,body_negative_with_context,high,body_sentiment_inference_needed
306,Jalan,jalan_archive,06541141,2013/6/28,,,,,5,ja,True,private_bath,温泉;風呂;源泉;時間,,みやさんの別邸 はる樹のクチコミ,お風呂付きお部屋に泊まりました。 貸し切りお風呂も２種類利用し、どれも気持ちの良い温泉でした。 源泉100パなのも良かったです。 お料理も、夕も朝も美味しくて大満足でした。 他のお客さんと顔を合わす事が無かったのも、ユックリと過ごせた一つでした。 ノンビリと時間を過ごすに、良い旅館でした。,https://www.jalan.net/yad397509/kuchikomi/archive/,positive,body_positive,high,body_sentiment_inference_needed
307,Jalan,jalan_archive,06490036,2013/6/1,,,,,5,ja,True,facility_wide,温泉,,おりたゃんさんの別邸 はる樹のクチコミ,この度は大変お世話になりました。凄く思い出に残る良い旅行になりました。彼氏と旅館への宿泊は初めてで凄く楽しみにしてました。お互いの誕生日旅行だったので、はる樹さんにｹｰｷをお願いして準備していただきました。彼氏に対してのｻﾌﾟﾗｲｽﾞだったのですが、いつｹｰｷを出す等の打ち合わせもなかったのに、絶妙なﾀｲﾐﾝｸﾞで出して下さいました。お料理の出てくるﾀｲﾐﾝｸﾞも絶妙でした。料理にうるさい彼氏も大満足で、本当に言う事無しです。おいしいです。旅館のどの方も凄く丁寧で、親切で、素敵でした。温泉も気持ち良く、疲れが取れました。また絶対伺います(0ωo*)⌒☆;本当に素敵な大分旅行になりました。ありがとうございました(≧ω≦),https://www.jalan.net/yad397509/kuchikomi/archive/,positive,body_positive,high,body_sentiment_inference_needed
308,Jalan,jalan_archive,06478410,2013/5/24,,,,,4,ja,True,room_bath,風呂,,ううーーーだんさんの別邸 はる樹のクチコミ,初めての利用でした。仲居さんの接客はとてもよかった。フロント？がなく呼んでも呼んでも誰も出てこなかったけどwお風呂は、部屋のお風呂は2人でも小さい。あとアメニティでクレンジング置いててほしかった。化粧落とせなくて買いに行きました。,https://www.jalan.net/yad397509/kuchikomi/archive/,positive,body_positive,high,body_sentiment_inference_needed
309,Jalan,jalan_archive,06388368,2013/4/4,,,,,5,ja,True,private_bath,温泉;風呂;露天;脱衣,,nsさんの別邸 はる樹のクチコミ,大変満足しました。 地獄巡りをした後、旅館にチェックインしました。 その後すぐに貸し切り風呂を利用し、半月形で広々として脱衣所もおしゃれで、旅の疲れも吹き飛びました。部屋の床の間には季節の花が生けられており、心が癒されました。 部屋付きのお風呂は二人にはちょうどよい大きさでした。窓を開けると露天気分が味わえて大変気持ちよかったです。 夕食朝食ともにお部屋でいただきました。色彩豊かで繊細な盛りつけ。味もすばらしく目でも舌でも楽しめました。初めて口にする料理も多く、感動しました。 チェックインから食事のお世話までずっと一人の方がスタッフとして接して下さいました。いつでも笑顔で話しかけてくださってとても感じがよかったです。別府のこともいろいろ教えて下さって勉強になりました。 年に一度の温泉旅行。またぜひこの宿に泊まりたいと思います。,https://www.jalan.net/yad397509/kuchikomi/archive/,positive,body_positive,high,body_sentiment_inference_needed
310,Jalan,jalan_archive,06378960,2013/3/31,,,,,5,ja,True,facility_wide,温泉;時間,,じぇねらるさんの別邸 はる樹のクチコミ,記念日に恋人と利用させて頂きました。落ち着きある雰囲気と気持ち良い対応で時間を忘れてゆっくりできました。温泉もとても良かったです。ご飯は関アジ造り、懐石料理でしたがとても美味しかったです。素敵な時間をありがとうございました。,https://www.jalan.net/yad397509/kuchikomi/archive/,positive,body_positive,high,body_sentiment_inference_needed
311,Jalan,jalan_archive,06372318,2013/3/28,,,,,5,ja,True,private_bath,風呂;予約,,らんじゃさんの別邸 はる樹のクチコミ,彼女との大分旅行で利用させて頂きました。 サプライズのプロポーズを計画しており事前に宅配便での花束の受け取り、ケーキへのメッセージ、食事の最後に花束とプレゼントを持って来て頂く等たくさんのワガママを聞いてもらいました。 ご協力のおかげで無事にOKをもらえました。 ヾ(o´∀｀o)ﾉ 宿は着いてすぐ貸し切り風呂に入りました。とても広く清潔でゆっくり日頃の疲れをとる事ができました。 食事も見た目も美しくおいしかったです。 アロマテラピーも予約していなかったのですが連絡をして頂き彼女も満足していました。 一生の思い出になる旅行になりました。 いろいろとありがとうございました。,https://www.jalan.net/yad397509/kuchikomi/archive/,positive,body_positive,high,body_sentiment_inference_needed
312,Jalan,jalan_archive,06349723,2013/3/19,,,,,4,ja,True,facility_wide,風呂,,はるぴょんさんの別邸 はる樹のクチコミ,丁寧に接客していただき、お風呂も気持ちよかったです。ご飯にもこだわりが感じられました。,https://www.jalan.net/yad397509/kuchikomi/archive/,positive,body_positive,high,body_sentiment_inference_needed
313,Jalan,jalan_archive,06334294,2013/3/12,,,,,5,ja,False,,,,ケロロさんの別邸 はる樹のクチコミ,全体的にはとてもよかったが、隣の部屋の音が聞こえてきた。壁が薄いのでしょうか？お料理は伊勢エビのプランでしたが、ぷりぷりしていて大変美味しく頂きました！ただお刺身がプランの伊勢エビのみだったので、少しでいいので関さば、関あじが付いていればなと思います。接客はとても気持ち良かったです。,https://www.jalan.net/yad397509/kuchikomi/archive/,positive,body_positive,high,body_sentiment_inference_needed
314,Jalan,jalan_archive,06253882,2013/2/2,,,,,5,ja,True,room_open_air_bath;private_bath,風呂;露天;半露天;寒;時間,,テツさんの別邸 はる樹のクチコミ,以前から泊まってみたかった宿でした。 宿に着いてまず貸し切り風呂を利用しました。 清潔で広く満足！ その後、夕食を頂きました。 女性の料理長と言うのが納得の料理で見た目も美しく、量もちょうどよく、もちろん味はとても美味しかったです。 朝食後のコーヒーサービスは嬉しかったです。 部屋に半露天風呂があり、夜寝る前と朝起きて入ることが出来ました。 今回、宿泊した日はとても寒い日で朝は雪が降っていました。半露天風呂から見る雪景色は最高でした。 大満足の宿でしたが、一点だけ希望を言えば・・・足が冷たかったので足袋があると嬉しかったです。 今回は都合で滞在時間が短かったので次回はゆっくり泊まりたいと思います。,https://www.jalan.net/yad397509/kuchikomi/archive/,mixed,body_positive_and_negative,high,body_sentiment_inference_needed
315,Jalan,jalan_archive,06152458,2012/12/4,,,,,5,ja,True,room_bath,温泉;風呂,,KAZUさんの別邸 はる樹のクチコミ,接客・サービス・食事・部屋・お風呂どれも最高でした。 ２泊中にほかの宿泊客とは全く会うこともなく、とても静かな環境でした。 温泉は部屋のお風呂とその他３か所もあるので気分を変えて入れて何度も入ってしまいました。 しいて不満足な点をあげると、ロクシタンのアメニティが２日目は補充されませんでした。忘れただけかもしれませんが、ケチられたような気がして、とてもサービスが良かっただけに残念でした。,https://www.jalan.net/yad397509/kuchikomi/archive/,mixed,body_positive_and_negative,high,body_sentiment_inference_needed
316,Jalan,jalan_archive,06100408,2012/11/5,,,,,4,ja,False,,,,あきよしさんの別邸 はる樹のクチコミ,新婚旅行でお世話になりました。 料理は、見た目にも美しく大変おいしくいただきました。 部屋は、道路に面しているせいか車が通るたびに揺れますので神経質な人には向いていないかもしれませんが私たちには満足できるお部屋でした。 お世話していただいたお兄さんに教えていただいたお土産（謎のとり天せんべい）買って帰りましたよ。 とても楽しい旅行になりました。ありがとう。,https://www.jalan.net/yad397509/kuchikomi/archive/,positive,body_positive,high,body_sentiment_inference_needed
317,Jalan,jalan_archive,06094329,2012/11/2,,,,,5,ja,True,room_bath,風呂,,yokoさんの別邸 はる樹のクチコミ,雑誌で写真を見た時に、料理とお風呂を楽しみにして来ました。料理長さんが女性と知り、細やかな心配りが料理とか器に出ておりました。量的にもちょうどよかったです。食べるのがもったいない位でした（＾＾） お部屋の担当の方々も礼儀正しく親切でした。 部屋のお風呂もガラスで圧迫感もなく、ゆったりとくつろげました。 桶がちょっと重たかった（お年寄りの方はちょっと持ちにくいです）。 又、朝夕と部屋食がぜいたくな気分にしてもらえました。 思い出に、料理とかお風呂まで写真を撮り、アルバムに貼ろうと思います。 ありがとうございました。,https://www.jalan.net/yad397509/kuchikomi/archive/,positive,body_positive,high,body_sentiment_inference_needed
318,Jalan,jalan_archive,06093313,2012/11/1,,,,,5,ja,True,room_open_air_bath;private_bath,温泉;風呂;露天;貸切,,ミクちゃんママさんの別邸 はる樹のクチコミ,今回こどもが産まれてから初めての旅行ということで、家族で貸し切り露天風呂が利用できるはる樹さんを利用させていただきました。 到着から純和風で清潔感溢れる館内に、主人ともどもワクワク♪お部屋も、子連れということで広いお部屋をご用意してくださり、その他細やかなお心遣いに本当に感動しました☆ お食事も、味・量ともに満足すぎるほどで、貸切風呂・客室露天風呂でも、存分に癒されました！初めての旅行だからか、夜はこどもの夜泣きがひどくなり、温泉は１回ずつしか入れなかったのですが、こどもが大きくなったらまた是非来たいと思えました♪♪ がっかりしたポイントが見当たりませんでした！ありがとうございました☆,https://www.jalan.net/yad397509/kuchikomi/archive/,mixed,body_positive_and_negative,high,body_sentiment_inference_needed
319,Jalan,jalan_archive,05971263,2012/8/31,,,,,5,ja,True,facility_wide,温泉,,nsさんの別邸 はる樹のクチコミ 2012/08/29,雨の中の宿泊となりましたが、建物自体雰囲気がよく、雨でも風情がありました。 お食事は夕食朝食ともに見た目、味を堪能させてもらいました。 温泉を満喫するため少し高いかなと思いつつここに決めましたが、泊まる価値ありです。 細やかなサービス、丁寧な応対、充実したアメニティ、料理、とても満足のいくものでした。 また泊まりたいと思う宿のひとつとなりました。 ありがとうございました。,https://www.jalan.net/yad397509/kuchikomi/archive/,positive,body_positive,high,body_sentiment_inference_needed
320,Jalan,jalan_archive,05922912,2012/8/16,,,,,3,ja,True,private_bath,風呂;貸切;予約,,和田ちゃんさんの別邸 はる樹のクチコミ,はじめてネットで予約して、行くまではらはらしてました。ホテルなどの宿とは違い、ほかの客と会わなくてもいいし、食事も部屋で、ほかに気を遣うことをしなくて良いし、ゆったりでき我が家のライフスタイルにはぴったりで満喫できました。4歳の娘の食事は 子供に合わせて超豪華なお子様ランチで、椅子もお子様用、枕もぷーさんで、大変うれしかったです。伊勢エビのさしみをはじめ、夕食のすべての味付けが、我が家にはぴったりでした。張り裂けそうなくらいに満腹。貸切風呂もアジアンチックで広々。我が家だけで貸切の宿かと思うくらいはしゃぎました。接客も気配りなどしていただきました。また大分に泊まるときは、絶対はる樹さんの宿を予約しようと家族みんな賛成です。価格の方も今までの旅行より安くて済みました。,https://www.jalan.net/yad397509/kuchikomi/archive/,positive,body_positive,high,body_sentiment_inference_needed
321,Jalan,jalan_archive,05824207,2012/6/25,,,,,4,ja,True,room_open_air_bath,温泉;風呂;露天;半露天;肌;泉質,,ゆうさんの別邸 はる樹のクチコミ,新鮮な関アジのお刺身と創作料理はどれも味付け良く大変良かったです。 静かなお部屋と泉質の良い温泉は肌にやさしく、部屋付半露天風呂で中庭を眺めながら、ゆっくり腰痛・肩こりの疲れを癒すことができました。 私達初老夫婦が宿を選ぶときの基準、まずは何と言っても地物の美味しいお料理が期待できる事。騒々しい観光客がいないところ 部屋付露天があるところ。静かで眺めがよいこと。 多少宿泊費がお高くてもそんな満足感を優先して決めます。 もう一泊したいそんな宿でした。,https://www.jalan.net/yad397509/kuchikomi/archive/,mixed,body_positive_and_negative,high,body_sentiment_inference_needed
322,Jalan,jalan_archive,05792901,2012/6/4,,,,,4,ja,True,room_bath,風呂;時間,,あずきさんの別邸 はる樹のクチコミ,道路沿いにあり、立地的には分かりやすいでした。あまり騒音もなく静かな時間を過ごせました。落ち着いたインテリアで部屋のお風呂が気持ちいいので、何度も入りました。お料理は大変美味しくて満足しました。オイルマッサージをお部屋でできたのがうれしかったです。,https://www.jalan.net/yad397509/kuchikomi/archive/,mixed,body_positive_and_negative,high,body_sentiment_inference_needed
323,Jalan,jalan_archive,05767205,2012/5/20,,,,,4,ja,True,room_open_air_bath,風呂;露天,,トミーさんの別邸 はる樹のクチコミ,露天風呂付きの部屋に宿泊したく、今回泊まりました。 住宅地にあるのでしょうがないですが、ある程度見えないようにはしていても、露天風呂に入る時に若干外から見えるので、入る度に気を遣いました。 それなりの料金の宿なのに、ドライヤーはかなり残念でした。せっかくアメニティにロクシタンを使っているのにもったいないです。 お食事はとても美味しかったです。,https://www.jalan.net/yad397509/kuchikomi/archive/,mixed,body_negative_with_context,high,body_sentiment_inference_needed
324,Jalan,jalan_archive,05766443,2012/5/19,,,,,5,ja,True,private_bath,風呂;虫,,toshiさんの別邸 はる樹のクチコミ 2012/05/10,お部屋はとても趣きがあり、清潔で大変満足でした。 窓を開けていても車も人の音もなく、風と虫の鳴き声のみでリラックスできました。 夕食、朝食共に部屋食でお料理も温かく、お味もこだわったもので美味しかったです。 貸し切り風呂は3つあり、客数もすくないのでゆっくり入れます。 また、担当された女性はとても笑顔が素敵で感じのよい方でした。 もちろんサービスも十分満足しました。,https://www.jalan.net/yad397509/kuchikomi/archive/,mixed,body_positive_and_negative,high,body_sentiment_inference_needed
325,Jalan,jalan_archive,05664259,2012/4/1,,,,,5,ja,True,private_bath,風呂;貸切,,さらさんの別邸 はる樹のクチコミ,２人で利用させていただきました。 内１人が魚が苦手で事前にはる樹さんにお伝えしたら料金内で料理を肉系統に変更していただき感謝でした♪ 貸切風呂も２種類あり綺麗でとてもいい雰囲気でした♪ 部屋数も少ないおかげで大きな旅館のようなバタバタ感もなく日々のストレスを忘れる旅行になり良かったです(o^∀^o),https://www.jalan.net/yad397509/kuchikomi/archive/,positive,body_positive,high,body_sentiment_inference_needed
326,Jalan,jalan_archive,05623237,2012/3/11,,,,,3,ja,True,room_bath,内湯;湯;お湯,,ようさんの別邸 はる樹のクチコミ,今回、はじめて利用いたしました。思ってたより街中にあり、ﾋﾞｯｸﾘしましたが お部屋に入れば 静かで落ち着く感じで良かったです。彼女に至ってはアメニティの「ﾛｸｼﾀﾝ」に感激しておりました。自分も、とても香りが気に入りました。料理も「ふぐｺｰｽ」で、味、量、見目、申し分ないでした。残念なのは、内湯のお湯が、朝入る時に冷めてて、また、お湯を入れ直さなきゃいけなかった事です。後内線電話が見えないように引き出しに入っていたのですがちょっと面倒でした。その他は大変満足でした。ありがとうごさいました。,https://www.jalan.net/yad397509/kuchikomi/archive/,mixed,body_positive_and_negative,high,body_sentiment_inference_needed
327,Jalan,jalan_archive,05583489,2012/2/17,,,,,5,ja,True,room_bath,内湯;湯;予約;時間,,toshiさんの別邸 はる樹のクチコミ,食事が美味しいと聞いていたので予約をお願いしました。 趣のある玄関と宿の人の温かいお迎え、そして内湯で 心も体もノビノビすることができました。 期待の夕食は彩りも鮮やかで、味付けも京懐石らしく とても上品で、とても美味しくいただきました。 美味しいと評判になるのもよく判り十分満足しました。 内湯で贅沢な時間を過ごし、美味しい料理で大変満足した 旅行となりました。,https://www.jalan.net/yad397509/kuchikomi/archive/,positive,body_positive,high,body_sentiment_inference_needed
328,Jalan,jalan_archive,05583059,2012/2/17,,,,,5,ja,True,facility_wide,風呂;湯;お湯,,すみたんさんの別邸 はる樹のクチコミ,1歳2ヶ月の息子を連れて初めての家族旅行でした。以前夫婦で利用した事がありお料理も接客も満足だったので初めての子連れ旅行もはる樹さんなら安心かなと思いリピしました。お部屋で目に付いたのがコンセントでした。息子が指を入れて遊ぶので蓋があれば良いなと思いました。もう一つ、オムツ入れがあれば良かったかな。聞いたら置いて帰ってokでしたが、置き場所に困りました。お風呂は湯船にお湯を張ってありすぐに入れる準備があり心遣いが嬉しかったです。コットンと綿棒の入れ物の蓋だけホコリが被ってましたが、お部屋は上品な造りが良かったです。お料理は、朝も夜もボリューム満点で主人のリクエスト通りお肉メインで準備して頂き有難うございました。一点残念だったのが、メインのサーロインステーキがたれがかかってない？と思うぐらい薄味でした。他はお出汁が効いて盛り付けとても上品で美味しかったです。また利用したいと思いました。,https://www.jalan.net/yad397509/kuchikomi/archive/,mixed,body_positive_and_negative,high,body_sentiment_inference_needed
329,Jalan,jalan_archive,05503978,2012/1/6,,,,,5,ja,True,facility_wide,風呂;源泉,,ケンさんの別邸 はる樹のクチコミ 2011/11/15,大変おせわになりありがとうございました。 静かな雰囲気の中で、おいしいお食事と源泉のお風呂。最高でした。 スタフの方々のあたたかい心遣いも心が和みました。 また宿泊させていただきたいと思います。 ありがとうございました。,https://www.jalan.net/yad397509/kuchikomi/archive/,positive,body_positive,high,body_sentiment_inference_needed
330,Jalan,jalan_archive,05503292,2012/1/6,,,,,4,ja,False,,,,sueshinさんの別邸 はる樹のクチコミ 2012/01/02,部屋もおしゃれで料理も上品で美味しかった。,https://www.jalan.net/yad397509/kuchikomi/archive/,neutral,neutral_or_lodging_context,medium,body_sentiment_inference_needed
331,Jalan,jalan_archive,05503278,2012/1/6,,,,,4,ja,True,facility_wide,風呂;寒,,sueshinさんの別邸 はる樹のクチコミ,部屋に風呂が付いているので寒い時期にはありがたい。,https://www.jalan.net/yad397509/kuchikomi/archive/,mixed,body_negative_with_context,high,body_sentiment_inference_needed
332,Jalan,jalan_archive,05496383,2012/1/4,,,,,3,ja,True,room_open_air_bath,風呂;露天;半露天,,あすさんの別邸 はる樹のクチコミ,元旦に宿泊致しました。 接客は非常に満足しましたが、隣か２階かは解りませんが、子供の歩く音が非常に響きました。防音性がわるいのでしょうか？ 部屋に半露天風呂ありで宿泊しましたが、それ以外の家族風呂２か所も入ったところ、シュチュエーションが全く同じで少しがっかりしました。 ここまで凝っているのにもったいないと思います。,https://www.jalan.net/yad397509/kuchikomi/archive/,mixed,body_positive_and_negative,high,body_sentiment_inference_needed
333,Jalan,jalan_archive,05467698,2011/12/24,,,,,4,ja,True,facility_wide,風呂;露天;湯;お湯;予約,,黒ちゃんさんの別邸 はる樹のクチコミ,まずスタッフの、対応の良さ◎予約時に何か希望が有れば、連絡下さいとの事でしたので私が海老が苦手だと伝えると、鍋に変更頂き有り難かったです。後部屋付き露天風呂のお湯の出が、少なく思いました。また利用したいと思います。,https://www.jalan.net/yad397509/kuchikomi/archive/,neutral,neutral_or_lodging_context,medium,body_sentiment_inference_needed
334,Jalan,jalan_archive,05385658,2011/11/10,,,,,4,ja,True,room_open_air_bath;private_bath,風呂;露天;半露天;湯;浴;貸切;虫;予約,,yuiさんの別邸 はる樹のクチコミ,彼の誕生日のお祝いとして、宿泊させて頂きました！ あいにくの雨でしたが、貸切湯も客室内のお風呂も半露天風呂ということで、ゆっくり入ることが出来ました。ただ、貸切湯は途中で虫を発見。半露天で仕方ないとも思いましたが、残念でした。 また浴槽外のテラス部や、客室のお庭を見渡すイスのところから向かいのお宅の窓が見え、心からのんびりは出来ませんでした。 仲居さんとはあまりお話することなく、淡々とサービスされているようでそこも少し寂しかったです。 あと、彼にサプライズで予約しますと伝えてあったのに、お会計の領収書を彼に渡されたのがショックでした。 とはいえ、いい思い出。出発前のお電話での宿泊確認、お食事の好き嫌いの有無確認、冷蔵庫のドリンクサービス、お食事やお布団の準備、片づけなど手際良くしていただき、また帰り際にタクシーまで傘をさして下さったことなどには感動しました。,https://www.jalan.net/yad397509/kuchikomi/archive/,mixed,body_positive_and_negative,high,body_sentiment_inference_needed
335,Jalan,jalan_archive,05268959,2011/9/22,,,,,4,ja,True,facility_wide,温泉;虫;汚,,やすさんの別邸 はる樹のクチコミ,別府温泉に行った際に利用しました。別邸というだけあって、フロントも無く最初は心配しましたが、スタッフの方は優しく気の利いたサービスを提供していただき、子供連れでしたが、変な気遣いをせずに宿泊できました。食事も夕食、朝食とも部屋食で、子供連れには非常に助かりました。また宿泊したいと思います。一点だけ改善をお願いしたとすれば、駐車した車が木の下に置かれてしまい、当日雨だったこともあって出発の日に木の葉や虫で汚れてしましました。汚れない場所にとめていただければと思います。,https://www.jalan.net/yad397509/kuchikomi/archive/,mixed,body_negative_with_context,high,body_sentiment_inference_needed
336,Jalan,jalan_archive,05266915,2011/9/21,,,,,4,ja,True,private_bath,風呂;予約,,里さんの別邸 はる樹のクチコミ,主人の誕生日記念の旅行で料理の美味しい宿をとはる樹さんに宿泊しました。夫婦共お酒は呑まないので私達にはちょうど良い量の食事でしたが、たくさん召し上がる方には少し足りないかもしれないですね。味付けはどれも上品でとても美味しく頂きました。朝食も少しずつたくさんの種類のおかずをいただきとても満足しました。客室が少ない為か貸し切り風呂も予約なしでいつでも利用でき良かったと思います。夕食の時には仲居さんとの会話の中で記念旅行とお話しするとじゃ写真を撮りましょうと言ってくださり豪華な食事を前にして携帯ではありますが写メを撮って頂き夫婦で良い記念旅行となりました。ありがとうございました。,https://www.jalan.net/yad397509/kuchikomi/archive/,positive,body_positive,high,body_sentiment_inference_needed
337,Jalan,jalan_archive,05258471,2011/9/19,,,,,4,ja,False,,,,SAEさんの別邸 はる樹のクチコミ,あいにくの雨でしたが美味しいご飯と隠れ家的な宿で、のんびり過ごす事ができました。夕飯も朝食も充分すぎるﾎﾞﾘｭｰﾑでとても美味しかったです。親切にして頂きありがとうございました。またお伺いしたいです。,https://www.jalan.net/yad397509/kuchikomi/archive/,positive,body_positive,high,body_sentiment_inference_needed
338,Jalan,jalan_archive,05237154,2011/9/11,,,,,4,ja,True,private_bath,温泉;風呂;貸切,,Zinさんの別邸 はる樹のクチコミ,落ち着いた感じの部屋で寛げ満足でした。貸切風呂はちょうど良い大きさで、ゆっくり温泉を楽しむことができました。 夕食はメインの伊勢海老、豊後牛ともとても美味しく、料理が出されるタイミングもとても良く、楽しい食事ができました。朝食も美味しく大満足でした。,https://www.jalan.net/yad397509/kuchikomi/archive/,positive,body_positive,high,body_sentiment_inference_needed
339,Jalan,jalan_archive,05188905,2011/8/24,,,,,4,ja,True,room_open_air_bath,風呂;露天;半露天;熱;熱すぎ,,あきみんさんの別邸 はる樹のクチコミ,朝・夕ともにご飯はおいしかったです。部屋食なので、ゆっくりと食べられました。見た目も感じの良い食事でした。 宿のお隣が民家で、部屋に付いている半露天風呂に入るときは、少し気になりました。温度は自分で調節できるので熱すぎずよかったです。 部屋の冷蔵庫内にはジュース・お茶・ビールまで入っており、すべてフリードリンクでした。これはうれしいです。 スタッフの方も丁寧に対応してもらい、とてもよかったです。 ただ、場所がとても分かりづらかったです。それ以外は、大満足でした。,https://www.jalan.net/yad397509/kuchikomi/archive/,mixed,body_positive_and_negative,high,body_sentiment_inference_needed
340,Jalan,jalan_archive,05145533,2011/8/15,,,,,5,ja,True,facility_wide,風呂;時間,,ナオミさんの別邸 はる樹のクチコミ,お盆休みに主人と私の両親の4人で大分旅行に行き、別邸はる樹さんに宿泊しました。住宅街にありますが一歩入るとそんなことを感じさせない落ち着いた雰囲気ですごく気に入りました。旅館の方々の対応もものすごく丁寧だし、お部屋も上品な感じでした。長旅の疲れも吹き飛び時を忘れ、ゆっくりと過ごすことが出来ました。何より食事は絶品でした。料理をされる方の気持ちが一つ一つの料理から伝わり全部美味しく頂きました。お風呂もゆっくり入れて最高でした。全てにおいて大満足で私にとって忘れられない思い出となりました。チェックアウトし車で旅館を出る時も見えなくなるまで頭を下げてらして感銘しました。また大分に行く機会があったら是非また利用させて頂きたいと思います。素敵な時間をありがとうございました。,https://www.jalan.net/yad397509/kuchikomi/archive/,positive,body_positive,high,body_sentiment_inference_needed
341,Jalan,jalan_archive,05096618,2011/7/31,,,,,5,ja,False,,,,nsさんの別邸 はる樹のクチコミ 2011/07/28,二度目の来訪となりましたが、今回も大満足でした。 前回とは違うお料理の内容で、夏らしく涼しげな お料理大変美味しくいただきました。 特に冷たい鯛のスープにカボスのうどんは 絶品でした。 相変わらずの居心地の良さに、夫婦共々ゆっくりと くつろぐことができました。 またお邪魔致します。,https://www.jalan.net/yad397509/kuchikomi/archive/,mixed,body_positive_and_negative,high,body_sentiment_inference_needed
342,Jalan,jalan_archive,05082125,2011/7/25,,,,,4,ja,True,room_open_air_bath;private_bath,風呂;露天;半露天;湯;貸切;蚊;掃除,,yanaさんの別邸 はる樹のクチコミ,記念日の旅行でした。 部屋の半露天風呂はちょっと小さかったですが、貸切の家族湯は広く雰囲気も良かったです。季節のせいか蚊がまとわりついてゆっくり入れなかったのが残念です。 客室はこぢんまりしてまあまあです・・・？ テレビは小さいかな？エアコンの掃除が出来てなかったかな？・・・残念！ 食事は（夕食、朝食共）美味しくて満足です。 接客は良かったんじゃないかなと思います。 ただ最後まで、おめでとうの言葉がなかったのが残念でした。,https://www.jalan.net/yad397509/kuchikomi/archive/,mixed,body_positive_and_negative,high,body_sentiment_inference_needed
343,Jalan,jalan_archive,05082119,2011/7/25,,,,,5,ja,True,private_bath,風呂;掛け流;貸切;狭,,雷太さんの別邸 はる樹のクチコミ,看板がなく、一瞬迷いましたが、住宅地に突如現れる旅館です。こぢんまりしていて静かでしたが、敷地が狭いので、部屋とお風呂以外に行くところがないので、お部屋にこもってゆったり派の人にはいいですね。貸切風呂は和というかアジアンテイストでと～っても雰囲気があってよかったですね。掛け流しでゆったりくつろげます。ここのお風呂はベストですね。またお部屋にあるお風呂もいつでも入れて快適でした。食事もひとひねりがあって、おいしかったです。残念だったのは、部屋食なので、お布団をあげる時にそばに朝食がおいてあって、ほこりがまっているのにな～と気になりました。お布団をあげて、ちょっとお茶でも飲んでそれから朝食の準備にされてはいかがでしょうか？？別府の中ではとても上質な旅館でした。お勧めですよ。,https://www.jalan.net/yad397509/kuchikomi/archive/,mixed,body_positive_and_negative,high,body_sentiment_inference_needed
344,Jalan,jalan_archive,05048218,2011/7/10,,,,,4,ja,True,facility_wide,風呂;露天;蚊,,たいちゃんさんの別邸 はる樹のクチコミ,部屋は広く畳の良い香りがしてとても落ち着けました。夕食は食前酒の梅酒から美味しくひとつひとつが本当に美味しかったです。ただ、露天風呂に入っているとき蚊がいて大変でした。それと部屋のトイレが少しせまかったかな… お風呂に入って少しやすんでの繰り返しでしたが本当にゆっくり出来ました。,https://www.jalan.net/yad397509/kuchikomi/archive/,mixed,body_positive_and_negative,high,body_sentiment_inference_needed
345,Jalan,jalan_archive,05047876,2011/7/10,,,,,5,ja,True,facility_wide,風呂;露天,,ばるたんさんの別邸 はる樹のクチコミ,平日という事もありましたが客室が6室しかないので宿泊者も少なくとっても静かにゆっくりすごせましたなんだか離れみたいな感じで、部屋は風呂付きで周りを気にせずゆっくり入れ他にも露天風呂があり楽しめました、料理は部屋出しで定番料理ではない工夫こらした料理で味付けも良くとっても美味しく頂きお腹いっぱいになりました。,https://www.jalan.net/yad397509/kuchikomi/archive/,positive,body_positive,high,body_sentiment_inference_needed
346,Rakuten Travel,rakuten_preloaded,33123478049556,2026-07-07T00:11:59Z,2026-06-28,ronchan,FEMALE/FIFTY/FAMILY,5,5,ja,True,room_open_air_bath,風呂;露天;半露天;時間,【秋冬SALE】【二食付き】大切な人と過ごす自分たちだけの時間／お部屋食で和食を愉しむ １階半露天風呂付客室10畳,母の誕生日を祝う温かいお心遣いに感謝,母を連れての親子旅行で宿泊させていただきました。 スタッフの方も皆さん笑顔で声をかけてくださったり、母の誕生日を祝ってくださったり、お祝いプレートを用意していてくださったりとても素敵な時間を過ごさせていただきました。 慌ただしい毎日を忘れられるひとときでした♡ お心遣いに感謝の気持ちでいっぱいです。 母もとても喜んでいました。 ありがとうございました。,https://travel.rakuten.co.jp/HOTEL/74798/review.html,neutral,neutral_or_lodging_context,medium,body_sentiment_inference_needed
347,Rakuten Travel,rakuten_preloaded,33123477580417,2026-05-09T01:53:07Z,2026-05-02,けんけんときふりん,MALE/FIFTY/FAMILY,5,5,ja,True,private_bath,風呂;湯;貸切;予約;時間,【二食付き】大切な人と過ごす自分たちだけの時間／お部屋食で和食を愉しむ ２階和室 仏の座 和室１０畳＋広縁 貸切風呂利用,地の料理と温かいサービスに大満足,夕食、朝食ともに申し分ない美味しさで地の料理を堪能することができ大満足でした。 外風呂も予約不要の貸し切り風呂で出し湯の調整で温度調節が自分好みにできるのも 満足ポイントのひとつでした。何と言ってもスタッフサービスが良い！地元スタッフしか 知りえないローカル情報も色々と教えて頂きました。 一点、駐車場がメイン道路に面しているため少し駐車に苦労するのと、総部屋数に対して 駐車スペースが足りないため、スペースが埋まっていた場合には内庭までバックで移動する 必要があり、慣れていない方は少し苦労すると思います。 総じて大満足でまた是非予約したいと思わせる宿でした。有難うございました。,https://travel.rakuten.co.jp/HOTEL/74798/review.html,positive,body_positive,high,body_sentiment_inference_needed
348,Rakuten Travel,rakuten_preloaded,33123477980518,2026-06-28T22:42:55Z,2026-06-26,ゆきだるま123,MALE/THIRTY/FAMILY,4,5,ja,True,room_open_air_bath,風呂;露天;半露天;時間,【秋冬SALE】【二食付き】大切な人と過ごす自分たちだけの時間／お部屋食で和食を愉しむ １階半露天風呂付客室8畳,夕食以外は満足、また利用したい,夕食以外は文句なしです。 夕食はハードルがあがっていた影響もあるかもしれないです。 また利用させていただきます。,https://travel.rakuten.co.jp/HOTEL/74798/review.html,positive,body_positive,high,body_sentiment_inference_needed
349,Rakuten Travel,rakuten_preloaded,33123477081242,2026-03-10T08:00:43Z,2026-03-07,NSのっしー,MALE/TWENTY/LOVER,5,5,ja,True,facility_wide,風呂;貸切;時間,【二食付き】大切な人と過ごす自分たちだけの時間／お部屋食で和食を愉しむ 2階疑似洋室菘の間 和室１０畳ローベッド 貸切風呂利用,彼女の誕生日祝い、お部屋も食事も大満足,今回、彼女の誕生日で利用させていただきました。前日にプレゼントの預かりもしていただき、とても助かりました。 お部屋も食事も大満足でした。 お部屋にお風呂はありませんでしたが、外のお風呂までも誰とも会わず、2人の時間をゆっくり過ごせました。 また利用させていただきたいと思います。,https://travel.rakuten.co.jp/HOTEL/74798/review.html,positive,body_positive,high,body_sentiment_inference_needed
350,Rakuten Travel,rakuten_preloaded,33123477046356,2026-03-05T17:39:49Z,2026-02-13,マッガーモ,MALE/THIRTY/LOVER,5,5,ja,True,room_open_air_bath,風呂;露天;半露天;時間,【期間限定プラン】【二食付き】大切な人と過ごす自分たちだけの時間／お部屋食で和食を愉しむ １階半露天風呂付客室10畳,忘れ物対応も丁寧で最高の新婚旅行になりました。,九州一周の新婚旅行で大分の宿泊先として利用させていただきました。大正解でした。 接客、風呂、料理、全てが良かったです。 夜は星が綺麗で海も近く空気がとても綺麗です。 また、メガネの忘れ物をしてしまった際にご丁寧に連絡をして頂き郵送をして頂けました。ありがとうございました。 また利用させていただきます。,https://travel.rakuten.co.jp/HOTEL/74798/review.html,positive,body_positive,high,body_sentiment_inference_needed
351,Rakuten Travel,rakuten_preloaded,33123476768913,2026-01-30T06:30:43Z,2026-01-27,chie.ta,FEMALE/FORTY/FAMILY,4,3,ja,True,room_open_air_bath;private_bath,温泉;風呂;露天;半露天;湯;熱;浴;熱い;掃除;予約;時間;食事時間,【期間限定プラン】【二食付き】大切な人と過ごす自分たちだけの時間／お部屋食で和食を愉しむ １階半露天風呂付客室10畳,,特急発着駅から少し距離はあるが、周辺観光地の地獄巡りや展望台、地獄蒸し鉄輪などが近いため動きやすい。 ただし、地域性か、タクシーは朝や夕方以降はつかまえるのに時間を要すため注意。 宿の雰囲気はとても良い。目の前には山を臨み、2～3分歩けば海側からの朝日も見れるため、朝の散歩も良き。 コンビニは近いが宿内に自販機なし。 ルームサービスも飲み物のみの22時まで。 部屋の掃除などは普通な清潔感はあり、雰囲気も良し。 他の口コミにあるように、浴室や室内から隣の建物が見えるため、気になる人はロールアップカーテンを常に閉めたくなるかも。 折角の庭が残念ですが…。 風呂は温泉がある浴槽にしては綺麗。 貸し切りはあまり湯の管理をされているわけではなく、入る際にこちらで入れなおさないと入れない。特に冬は熱い湯が出るまでに時間もかかるため、冬は冷えて待つのが少し悲しい。 小規模の宿で空間を売りにしている印象を受けたが、ここで現実に引き戻されるため、なんだかなぁと。 料理はとても楽しめてよかったです。 ただ、食事時間の調整は難しいよう。 地獄巡りのバスツアーを予約しており、朝食は8時を希望したが、他の部屋が先約扱いとなっておりNG。 亀の井バスのバスツアーを午前便で予約するなら、事前に連絡した方が良さそう。 スタッフとの関わりは最低限なので、温泉などセルフで楽しむなら良い宿です。,https://travel.rakuten.co.jp/HOTEL/74798/review.html,mixed,body_positive_and_negative,high,body_sentiment_inference_needed
352,Rakuten Travel,rakuten_preloaded,33123476536144,2025-12-30T10:32:09Z,2025-12-29,たかはslove,MALE/FIFTY/SOLO,4,4,ja,True,private_bath,風呂;貸切;臭;時間,大切な人と過ごす自分達だけの時間【全てお部屋食】 ２階和室 仏の座 和室１０畳＋広縁 貸切風呂利用,価格相応だが下駄箱の臭いが残念,全体的に価格相当。 貸切風呂に開放感が足らないけど、ロケーション的にはOK。 チェックアウトの対応準備が出来てないのが若干マイナス。 一番の難点は下駄箱。帰る時に靴を出してくれたが、下駄箱を開けた瞬間に臭いが。 全員分を入れるとしても、少し時間をおくとか消臭剤を入れるとかしないと、最後のマイナスポイントは全体の評価に繋がる,https://travel.rakuten.co.jp/HOTEL/74798/review.html,mixed,body_negative_with_context,high,body_sentiment_inference_needed
353,Rakuten Travel,rakuten_preloaded,33123476147579,2025-11-11T07:07:57Z,2025-11-09,,,4,5,ja,True,room_open_air_bath,風呂;露天;半露天;時間,【期間限定プラン】【二食付き】大切な人と過ごす自分たちだけの時間／お部屋食で和食を愉しむ １階半露天風呂付客室10畳,,小さな子供連れでの旅行で部屋で完結出来るのは助かりました。 サービスして下さった方は丁寧なのですが、子供を寝かしつけたいのに話しかけたり、気を遣っての事なのは伝わったのですが、今一つな所がありました。 お料理の味付けが絶妙でとても美味しかったです。,https://travel.rakuten.co.jp/HOTEL/74798/review.html,neutral,neutral_or_lodging_context,medium,body_sentiment_inference_needed
354,Rakuten Travel,rakuten_preloaded,33123472947985,2025-10-14T06:08:49Z,2025-10-12,,,5,5,ja,True,room_open_air_bath,風呂;露天;半露天;時間,【期間限定プラン】【二食付き】大切な人と過ごす自分たちだけの時間／お部屋食で和食を愉しむ １階半露天風呂付客室10畳,,10月12日に宿泊させていただきました。 予定より早くチェックインさせて頂きましたが快く対応してくださいました。お料理も別府ならではの愛し合い和食で大満足でした。スタッフの皆様もとても感じの良い方ばかりで楽しくゆっくり過ごす事ができました。,https://travel.rakuten.co.jp/HOTEL/74798/review.html,positive,body_positive,high,body_sentiment_inference_needed
355,Rakuten Travel,rakuten_preloaded,33123472789936,2025-09-30T13:20:41Z,2025-08-09,あーりぽん,MALE/FIFTY/FAMILY,5,5,ja,True,room_open_air_bath,風呂;露天;半露天;時間,【期間限定プラン】大切な人と過ごす自分達だけの時間【全てお部屋食】 １階半露天風呂付客室10畳,,至れり尽くせりのサービスですが、それが逆に人によっては煩わしいと感じるかも…（苦笑）まあそれくらい宿の方がかまってくれます（笑）宿はこじんまりとして多くの人数が泊まっていないため静かに過ごしたい方はとても良いと思います。部屋についた露天風呂もとても快適でした！,https://travel.rakuten.co.jp/HOTEL/74798/review.html,positive,body_positive,high,body_sentiment_inference_needed
356,Rakuten Travel,rakuten_preloaded,33123472858832,2025-09-16T09:30:48Z,2025-09-14,,,5,4,ja,True,private_bath,風呂;湯;お湯;熱;貸切;熱い;蚊;時間,大切な人と過ごす自分達だけの時間【全てお部屋食】 2階疑似洋室菘の間 和室１０畳ローベッド 貸切風呂利用,,連休中で満室だったと思いますが、他の宿泊客とほとんどすれ違うことなく、大変プライベートな空間を楽しませて頂きました。 お部屋はこじんまりしていましたが、食事をするテーブルがうまく配置されていたので、ベッドのある空間と視覚的に切り離されて良かったです。 窓から海が見えて、また東から昇る月や太陽を眺められて、とても気持ちの良いお部屋でした。 お食事は、一皿一皿が美しく、茄子の摺り流しは繊細で美しくて気に入りました。締めの土鍋で炊いた鯛飯が美味しかったですが、結構な量があったので、食べきれなくて残念でした。 貸切のお風呂は、熱さを調節できたので、あまり熱いお湯が得意でない私には助かりました。 朝は簾を通して蚊が3匹ほど飛び込んできたので、外に蚊取り線香などを置いていただけると良いのではと感じました。 タオルを二組用意いただけたので、乾いたタオルを使えて嬉しかったです。 スタッフの方が丁寧にもてなしてくださって、過不足なく過ごせて大変満足です。 場所は自力ではなかなかたどり着かなさそうでしたので、別府駅からタクシーで伺って正解でした。通り沿いにしては夜は大変静かで、通りの往来は全く気になりませんでした。 プライベートを大事に静かに過ごしたい旅に最適と思います。ありがとうございました。,https://travel.rakuten.co.jp/HOTEL/74798/review.html,mixed,body_positive_and_negative,high,body_sentiment_inference_needed
357,Rakuten Travel,rakuten_preloaded,33123476550807,2026-01-01T10:58:34Z,2025-11-08,マキメイメイ,FEMALE/FORTY/FAMILY,4,5,ja,True,room_open_air_bath,風呂;露天;半露天;時間,【期間限定プラン】大切な人と過ごす自分達だけの時間【全てお部屋食】 １階半露天風呂付客室10畳,凄く良かったです！,,https://travel.rakuten.co.jp/HOTEL/74798/review.html,positive,body_positive,high,body_sentiment_inference_needed
358,Rakuten Travel,rakuten_preloaded,33123476494250,2025-12-24T11:08:12Z,2025-12-23,薩摩藩士ひげ,MALE/THIRTY/SOLO,5,5,ja,True,room_open_air_bath,温泉;風呂;露天;半露天,☆関サバ・特選黒毛和牛グルメプラン☆一泊２食夕朝食お部屋出しプラン １階半露天風呂付客室10畳,初の別府旅行のお宿,家族旅行で利用させて頂きました。 接客、お料理、温泉、言う事なし！満足させてもらいました。 ありがとうございました😊,https://travel.rakuten.co.jp/HOTEL/74798/review.html,positive,body_positive,high,body_sentiment_inference_needed
359,Rakuten Travel,rakuten_preloaded,33123476419721,2025-12-19T22:45:40Z,2025-12-19,,,4,5,ja,True,facility_wide,風呂;貸切,☆関サバ・特選黒毛和牛グルメプラン☆一泊２食夕朝食お部屋出しプラン 2階疑似洋室菘の間 和室１０畳ローベッド 貸切風呂利用,揺れ以外は最高,大型車が近くを通ると地震と思うくらい部屋が揺れることを除けば最高,https://travel.rakuten.co.jp/HOTEL/74798/review.html,positive,body_positive,high,body_sentiment_inference_needed
360,Rakuten Travel,rakuten_preloaded,33123472989993,2025-05-06T13:00:58Z,2025-05-02,,,5,5,ja,True,private_bath,風呂;貸切;時間,大切な人と過ごす自分達だけの時間【全てお部屋食】 2階疑似洋室菘の間 和室１０畳ローベッド 貸切風呂利用,,全て部屋食なため、ゆっくりとした時間を過ごすことが出来ました。また、貸切風呂も広く、とても快適でした。 コンビニ、別府の観光地など、近くにあり便利でした。 自身の場合、スーツケースが重かったため、駐車場まで車で到着した際、迎えに来て荷物を先に部屋まで持って行って下さったことが、非常に嬉しかったです。,https://travel.rakuten.co.jp/HOTEL/74798/review.html,positive,body_positive,high,body_sentiment_inference_needed
361,Rakuten Travel,rakuten_preloaded,33123472900996,2025-01-21T14:25:56Z,2025-01-19,くいーん４４,FEMALE/THIRTY/FAMILY,5,5,ja,True,facility_wide,風呂;貸切,☆関アジ姿造り・特選黒毛和牛会席プラン★一泊２食夕朝食お部屋出しプラン ２階和室 仏の座 和室１０畳＋広縁 貸切風呂利用,,1歳児を連れての宿泊でした。子連れに優しく丁寧な気配りをいただいて快適にすごせました。 こどもは食事なし布団のみでしたが、大人の分のご飯を少し子供にあげますか？と聞いていただいたり、離乳食もレンジで温めてくださったりと、細やかな配慮がありがたかったです。 布団はマットを3つ並べてシーツでくるんで、大きな一つの敷布団のようにしてもらえたのが良かったです。寝返りの多いこどもと一緒に眠るのも安心でした。 ご飯も全てとても美味しくいただきました。締めの炊き込みご飯は山盛りな量でてきましたが、夫がおいしいと喜んで何回もお代わりして全部食べました（笑） スタッフさんは若い方が多く、一生懸命丁寧に接してくださる様子が好印象でした。夕飯には配膳に来てくださった男性スタッフさんが色々お声がけくださって楽しくやりとりできました。スタッフさんおすすめのとり天と冷麺もとても美味しくて、大分旅行存分に満喫できました。 ちょっと残念だったのが、 風呂に持って行く用の竹のかごがほつれていて、竹の先が指に刺さり怪我をしたことです。幸いフロントへ電話したらピンセットをすぐ持ってきてくださったのですぐ抜けましたが。。。 宿泊される方、特に子連れの方は触らせないように気をつけられたほうがいいかと思います。,https://travel.rakuten.co.jp/HOTEL/74798/review.html,mixed,body_positive_and_negative,high,body_sentiment_inference_needed
362,Rakuten Travel,rakuten_preloaded,33123472219032,2024-08-29T17:39:32Z,2024-08-27,Tommy8686,MALE/FIFTY/FAMILY,5,4,ja,True,room_bath;room_open_air_bath;private_bath,温泉;風呂;露天;半露天;湯;お湯;肌;泉質;貸切;臭;時間,［モニタープラン］クチコミ投稿いただける方限定★鮮魚の姿造りを堪能できる、夕食グレードアップ♪ １階半露天風呂付客室10畳,,温泉風呂付の1階の和室10畳に、家族で1泊。多少年季の入った建物であったが、しっかり手入れされており、設備面や清潔感は充分で居心地は良好であった。トイレも、他の口コミでは臭いへの苦情が目立っていたが、24時間換気に加え、相当に臭い対策が施されており、全く気にならなかった。唯一、部屋風呂が2面透明ガラス張りになっていて、外は個室専用の庭ではあったものの、丸見え感が満載だったため、夜は娘が怖がって入れなかったのは残念。気になる方は、ほかに貸切専用風呂が幾つかあるので、そちらを使うのが良いだろう。泉質は、無色透明で無臭であったが、肌に馴染むとても良いお湯であった。 料理は夕朝食ともに部屋食で、夕食は湯布院アスパラを使った前菜から鱧の椀物、湯布院サーモンの焼き物や黒毛和牛のしゃぶしゃぶなどに加え、関イサキのお造りなど、いずれも味付け、鮮度が素晴らしく、量も申し分なし。朝食の和食も同様であった。 スタッフの方々は、とても宿泊客への気遣いが細やかで、応対もしっかりしていて、気持ち良い時間を過ごすことが出来た。別府のお湯と、美味しい食事を、静かに落ち着いて楽しみたい方には、お薦めの宿である。,https://travel.rakuten.co.jp/HOTEL/74798/review.html,mixed,body_positive_and_negative,high,body_sentiment_inference_needed
363,Rakuten Travel,rakuten_preloaded,33123472078294,2024-08-04T09:57:34Z,2024-08-02,,,4,4,ja,True,room_bath;room_open_air_bath,風呂;露天;半露天;虫;蚊;時間,［モニタープラン］クチコミ投稿いただける方限定★鮮魚の姿造りを堪能できる、夕食グレードアップ♪ １階半露天風呂付客室10畳,,初めての宿泊でしたが、お食事もお部屋も素晴らしく、とても快適な時間を過ごすことができました。お部屋での時間も、音といえば虫や鳥の鳴き声くらいで、プライベートな空間の中大変リラックスできました。 夜の家族風呂では、蚊が多くおりましたので、場合によっては窓を閉めるなどした方が良いかもしれません。しかしながら家族風呂の空間もまた部屋のお風呂とは雰囲気が異なり、心地よい時間を過ごすことができましたので、ぜひ宿泊された方にはお勧めしたく思います。,https://travel.rakuten.co.jp/HOTEL/74798/review.html,mixed,body_positive_and_negative,high,body_sentiment_inference_needed
364,Rakuten Travel,rakuten_preloaded,33123472092202,2024-07-27T16:08:32Z,2024-07-26,,MALE/TWENTY/LOVER,4,4,ja,True,room_open_air_bath,温泉;風呂;露天;半露天;虫,［モニタープラン］クチコミ投稿いただける方限定★鮮魚の姿造りを堪能できる、夕食グレードアップ♪ １階半露天風呂付客室10畳,,恋人との記念日におすすめです。部屋に温泉があるため、ゆっくりでき最高です。 良かった点は、ご飯を部屋に持ってきて下さる点と、ご飯がとにかく美味しい点です。絶品でした。 残念な点は、設計上虫が出る可能性がある点です。しかし、部屋に入りお風呂の窓をすぐに閉めたところ、お風呂で小さな虫1匹程度しか見られませんでした。 通常、ご飯やテレビといったくつろぐスペースには虫は入ってこないと考えられます。,https://travel.rakuten.co.jp/HOTEL/74798/review.html,mixed,body_positive_and_negative,high,body_sentiment_inference_needed
365,Rakuten Travel,rakuten_preloaded,33123472044804,2024-07-22T12:25:34Z,2024-07-21,Dトライダー,MALE/FORTY/OTHER,5,5,ja,True,room_open_air_bath,温泉;風呂;露天;半露天;浴;時間,［モニタープラン］クチコミ投稿いただける方限定★鮮魚の姿造りを堪能できる、夕食グレードアップ♪ １階半露天風呂付客室10畳,,7月21日に宿泊しました。 こちらのサプライズ依頼にも応えて頂きました。 ご飯も美味しくお腹いっぱいで大満足です。 部屋に温泉も付いていて、時間が空いた時に何度も入浴しました。 とても大満足な宿泊でした。 ありがとうございました。,https://travel.rakuten.co.jp/HOTEL/74798/review.html,positive,body_positive,high,body_sentiment_inference_needed
366,Trip.com,trip_static_visible,trip_3c5739c012f2,2026年6月14日,,,,,,ja,True,private_bath,風呂;湯;貸切;予約,,,投稿日： 2026年6月14日 まず、ホテルがとても清潔で、サービスも非常に良かった点に触れざるを得ません。住宅街にあるため、夜はとても静かで、近くには大型スーパーが2軒とセブンイレブンがあり、散策できます。スーパーではドラッグストアの商品が免税で購入できます。残念ながら、貸切風呂付きの部屋は予約できませんでしたが、階下の3つの湯船も貸切風呂として利用できました。ホテルの場所は海地獄に近くですが、歩くと18～20分ほどかかります。歩くのが大変な場合は、DiDiタクシーを利用することもでき、比較的便利です。料金は40人民元強くらいです。食事は和食が中心で、試してみる価値はあります。悪くありませんでした。 原文を表示 Googleによる翻訳 ゲ スト 2階疑似洋室(貸切風呂使用) 宿泊時期： 2026年2月 友人同士 1件の口コミ 10 / 10 とても素晴らしい,https://jp.trip.com/hotels/beppu-hotel-detail-10163128/sekiya-resort-bettei-haruki/review.html,mixed,body_positive_and_negative,high,body_sentiment_inference_needed
367,Trip.com,trip_static_visible,trip_93f78d87b288,2026年3月26日,,,,,,ja,True,room_open_air_bath,温泉;風呂;露天;半露天,,,投稿日： 2026年3月26日 奇跡のディナーは最高でした！食事が本当に美味しかった。プライベート温泉も利用できて、すごく良い経験でした。 原文を表示 Googleによる翻訳 ゲ スト 半露天風呂付1階10畳客室 宿泊時期： 2025年9月 友人同士 6件の口コミ 10 / 10 とても素晴らしい,https://jp.trip.com/hotels/beppu-hotel-detail-10163128/sekiya-resort-bettei-haruki/review.html,positive,body_positive,high,body_sentiment_inference_needed
368,Trip.com,trip_static_visible,trip_14a0c7b37fe5,2025年12月24日,,,,,,ja,True,private_bath,風呂;貸切,,,投稿日： 2025年12月24日 文句の付け所がないくらい素晴らしいホテルでした。サービスも部屋も完璧です。食事はごく普通で、私の好みには合いませんでしたが、不味くはありませんでした。 原文を表示 Googleによる翻訳 CHAE TOUR 2階和室10畳客室(貸切風呂使用) 宿泊時期： 2025年8月 ファミリー 3件の口コミ 9.5 / 10 素晴らしい,https://jp.trip.com/hotels/beppu-hotel-detail-10163128/sekiya-resort-bettei-haruki/review.html,positive,body_positive,high,body_sentiment_inference_needed
369,Trip.com,trip_static_visible,trip_302fd05e2900,2025年9月18日,,,,,,ja,True,room_open_air_bath,風呂;露天;半露天,,,投稿日： 2025年9月18日 旅館は初めてでしたが、大変良い経験になりました。親切なスタッフの方々、そして美味しい夕食と朝食が特に印象に残っています。またぜひ利用したい宿です。 原文を表示 Googleによる翻訳 PeiL i_PL 半露天風呂付1階10畳客室 宿泊時期： 2025年12月 ファミリー 3件の口コミ 9.5 / 10 素晴らしい,https://jp.trip.com/hotels/beppu-hotel-detail-10163128/sekiya-resort-bettei-haruki/review.html,positive,body_positive,high,body_sentiment_inference_needed
370,Trip.com,trip_static_visible,trip_5f4ea4bd0d0f,2026年1月6日,,,,,,ja,True,room_open_air_bath,風呂;露天;半露天,,,投稿日： 2026年1月6日 露天風呂付き客室と個室での夕食・朝食、どちらも最高でした。サービスも素晴らしかったです。 原文を表示 Googleによる翻訳 ゲ スト 半露天風呂付1階8畳客室 宿泊時期： 2025年11月 ファミリー 3件の口コミ 10 / 10 とても素晴らしい,https://jp.trip.com/hotels/beppu-hotel-detail-10163128/sekiya-resort-bettei-haruki/review.html,positive,body_positive,high,body_sentiment_inference_needed
371,Trip.com,trip_static_visible,trip_0c90ab6fcd3d,2025年12月23日,,,,,,ja,True,room_open_air_bath,風呂;露天;半露天;予約,,,投稿日： 2025年12月23日 本当に良かったです。 朝食も夕食もつけなかったのですが、一緒に予約すべきでした。 原文を表示 Googleによる翻訳 ゲ スト 半露天風呂付1階10畳客室 宿泊時期： 2024年11月 ファミリー 5件の口コミ 9.5 / 10 素晴らしい,https://jp.trip.com/hotels/beppu-hotel-detail-10163128/sekiya-resort-bettei-haruki/review.html,positive,body_positive,high,body_sentiment_inference_needed
372,Trip.com,trip_static_visible,trip_9429c7289d0d,2024年12月16日,,,,,,ja,True,private_bath,風呂;貸切,,,投稿日： 2024年12月16日 落ち着いた空間と丁寧な接客で、久しぶりにゆっくりと過ごすことができました。都合で遅れてきた連れも温かく迎えてくださり、旅の良い思い出ができました。 ニ ーハ 2階和室10畳客室(貸切風呂使用) 宿泊時期： 2024年12月 夫婦・カップル 3件の口コミ 6.0 / 10,https://jp.trip.com/hotels/beppu-hotel-detail-10163128/sekiya-resort-bettei-haruki/review.html,positive,body_positive,high,body_sentiment_inference_needed
373,Trip.com,trip_static_visible,trip_643267f47234,2025年1月17日,,,,,,ja,True,room_open_air_bath,風呂;露天;半露天;寒,,,投稿日： 2025年1月17日 全体的に落ち着いた雰囲気でしたがロービーなどが少し寒かったです。 部屋での食事を希望の方にはすごくいいと思います。 ゲ スト 半露天風呂付1階10畳客室 宿泊時期： 2026年5月 友人同士 11件の口コミ 10 / 10 とても素晴らしい,https://jp.trip.com/hotels/beppu-hotel-detail-10163128/sekiya-resort-bettei-haruki/review.html,mixed,body_positive_and_negative,high,body_sentiment_inference_needed
374,Trip.com,trip_static_visible,trip_12e896cc3655,2026年6月17日,,,,,,ja,True,room_open_air_bath,風呂;露天;半露天,,,投稿日： 2026年6月17日 美しく静かな場所で、ホテルから出ずにリラックスするのに最適です！ただし、外出したい場合は少し人里離れた感じがします。ホテルは小さいですが、必要なものはすべて揃っています。 原文を表示 Googleによる翻訳 ゲ スト 半露天風呂付1階10畳客室 宿泊時期： 2025年12月 夫婦・カップル 17件の口コミ 9.5 / 10 素晴らしい,https://jp.trip.com/hotels/beppu-hotel-detail-10163128/sekiya-resort-bettei-haruki/review.html,positive,body_positive,high,body_sentiment_inference_needed
375,Trip.com,trip_static_visible,trip_529bafe38e79,2026年2月8日,,,,,,ja,True,room_open_air_bath;private_bath,温泉;風呂;露天;半露天;浴;貸切;狭,,,投稿日： 2026年2月8日 JR駅から車で10～15分、タクシーで約2000円の場所に位置する小さな宿。客室、専用温泉、受付のみのこぢんまりとした趣のある宿です。朝食と夕食はルームサービスで、夕食後には和布団を敷き、朝食前には部屋まで運んでくれます。客室の温泉はやや狭く、2人で入るには窮屈に感じます。専用浴場の温泉は広く、2～3人入れる半露天風呂で、ゆったりとした空間が広がります。夕食はどれも美味しく、細部まで行き届いた配慮と嬉しいサプライズがありました。（Shishiさんのレビュー） 原文を表示 Googleによる翻訳 Con lai 2階和室10畳客室(貸切風呂使用) 宿泊時期： 2026年1月 ファミリー 27件の口コミ 7.5 / 10,https://jp.trip.com/hotels/beppu-hotel-detail-10163128/sekiya-resort-bettei-haruki/review.html,mixed,body_negative_with_context,high,body_sentiment_inference_needed
376,Trip.com,trip_static_visible,trip_1b8f2bac4bbb,2026年2月19日,,,,,,ja,True,facility_wide,風呂;露天,,,投稿日： 2026年2月19日 露天風呂はありません。2階の客室にはバスルームがなく、1階のバスルームを利用する必要があります。 客室設備はやや古めです。 夕食と朝食はごく普通です。 原文を表示 Googleによる翻訳 Ci ndy 宿泊時期： 2025年9月 ファミリー 9件の口コミ 10 / 10 とても素晴らしい,https://jp.trip.com/hotels/beppu-hotel-detail-10163128/sekiya-resort-bettei-haruki/review.html,positive,body_positive,high,body_sentiment_inference_needed
377,Trip.com,trip_static_visible,trip_31eefaeac0c0,2025年10月26日,,,,,,ja,True,room_bath;private_bath,温泉;風呂;露天;内湯;湯;浴;貸切;予約,,,投稿日： 2025年10月26日 このホテルを予約してからは緊張していましたが、結局予約して正解でした！ ホテルはJR別府駅からタクシーで約15分、全6室の日本庭園風の建物です。庭園に入ると、とても温かい歓迎を受けました。2階の部屋を予約していたので、チェックイン時にスタッフが荷物を部屋まで運んでくれました。 1泊2食付きの宿泊プランは、本当にお得なのでぜひ試してみてください！夕食と朝食は本当に美味しかったです！特に夕食はボリュームたっぷりで、食べきれないほどでした。夕食で出された和牛には特別な証明書まで付いていて、とても興味深かったです！🤔 午後3時にホテルに到着し、チェックイン後に温泉に行きました。貸切風呂は3つあり、露天風呂が2つ、内湯が1つあります。個人的には露天風呂の2つの方が気に入りました。デザインやレイアウトはほぼ同じなので、どちらを選んでも大丈夫ですし、自分で温度を調整できるので、より長く浸かることができます。女性のお客様はフロントでお好みの浴衣（軽い綿のローブ）をお選びいただけます。柄も美しく、写真撮影にも最適です。 今回宿泊したホテルの中で、このホテルのサービスは最高でした。夕食とベッドメイキングをしてくださったスタッフは聴覚障害をお持ちでしたが、今回の旅行で家族と私が受けた最高のサービスでした。翌日電車に乗らなければならないことを承知していたので、別府のタクシーは需要が高いことを事前に知らせてくれて、事前に予約を手伝ってくれました。この貸切温泉、食事、そしてサービスをぜひお試しください。 原文を表示 Googleによる翻訳 6/ 9 Gra ceGY 2階和室10畳客室(貸切風呂使用) 宿泊時期： 2025年6月 ファミリー 6件の口コミ 10 / 10 とても素晴らしい,https://jp.trip.com/hotels/beppu-hotel-detail-10163128/sekiya-resort-bettei-haruki/review.html,positive,body_positive,high,body_sentiment_inference_needed
378,Trip.com,trip_static_visible,trip_f9781933edcc,2025年8月21日,,,,,,ja,True,room_open_air_bath,温泉;風呂;露天;半露天,,,投稿日： 2025年8月21日 素晴らしいサービスが受けられる、とても良い家族経営の温泉ホテルです。ウェイターの一人は英語がとても上手で、コミュニケーションもスムーズでした。食事も美味しかったです。プライベートプールが3つあり、半屋外プールが2つ、屋内プールが1つあり、とても快適でした。 原文を表示 Googleによる翻訳 Tu l S 半露天風呂付1階10畳客室 宿泊時期： 2025年11月 夫婦・カップル 7件の口コミ 10 / 10 とても素晴らしい,https://jp.trip.com/hotels/beppu-hotel-detail-10163128/sekiya-resort-bettei-haruki/review.html,positive,body_positive,high,body_sentiment_inference_needed
379,Trip.com,trip_static_visible,trip_77b6f2a36616,2025年12月9日,,,,,,ja,True,room_open_air_bath,風呂;露天;半露天,,,投稿日： 2025年12月9日 とても素敵で快適、そして静かな宿泊施設でした。 原文を表示 Googleによる翻訳 ゲ スト 半露天風呂付1階10畳客室 宿泊時期： 2025年12月 ファミリー 1件の口コミ 9.0 / 10 非常に良い,https://jp.trip.com/hotels/beppu-hotel-detail-10163128/sekiya-resort-bettei-haruki/review.html,positive,body_positive,high,body_sentiment_inference_needed
380,Trip.com,trip_static_visible,trip_f74739c72bbc,2026年2月8日,,,,,,ja,True,facility_wide,温泉;湯;時間,,,"投稿日： 2026年2月8日 娘と一緒に楽しい日本旅行。 最後の日を泊まった本当に印象深くて幸せだった最後の旅館！ スタッフの方々もとても親切で、宿が素晴らしかったところでした。 車では行きやすいですが..バスでは訪れるのが少し大変でしたね。 ㅜㅜ バス時間も1時間に2台だけ..ㅎㅎ;; それでも訪れる道はとてもきれいで〜OK。 最近はGoogleマップがあなた~~~~ よく知らせてくれて〜探すのに不便さがありませんでした。 美和両土という職員は韓国に関心が多く見えました。 韓国語も少しずつして本当に親切にしてくれました^^ フロントにおられた方は（名前はわかりませんが）私たちの荷物を部屋まで置いてくださって..マートから買った納豆まで..冷蔵庫に入れていただきました。 ㅎㅎ;;ありがとうございました〜〜^^私たちが荷物を置いて地獄温泉に行ってきました。確か！ね～～ 私たちの娘があなた〜〜好きではなかった場所。 1泊がとても残念でした。 次は〜2泊？？ ㅋㅋ.. 原文を表示 Googleによる翻訳 Trip.com ホテル 日本のホテル 大分県のホテル 別府のホテル SEKIYA RESORT 別邸 はる樹 SEKIYA RESORT 別邸 はる樹 口コミ おすすめ情報 人気特集 注目情報 ラタナアンコールホテル 口コミ スター スイーツ KLCC 口コミ AC ホテル バレンシア バイ マリオット 口コミ Hanil Hostel 口コミ モア ザン スリープ ホステル 口コミ ルメリディアン ヴィスコンティ ローマ 口コミ 糠平館観光ホテル 口コミ 山代温泉みやびの宿 加賀百万石 口コミ ワンダビスタホテル 鄭州 口コミ トップ スター ホテル タグム 口コミ セント・ジャイルズブールバードホテル 口コミ Sixty Nine Resort 口コミ KK イン サウス パッタヤー 口コミ Del Fundador 口コミ 東莞長安インターナショナルホテル 口コミ ベルジャヤ・ペナン・ホテル 口コミ エンプレス・プレミア・ホテル 口コミ ウィンザー タワー ホテル 口コミ ツリーライン アーバン リゾート 口コミ ガスランプ ホステル 口コミ Hyatt Regency Incheon Paradise City Park Hyatt Kuala Lumpur コートヤード台北 ヒルトン ボストン バック ベイ Cheongju Leaders Hotel 黒川温泉 奥の湯 ホテル At ギャール ド ノール ホテル国都 ホテルグランドヒル市ヶ谷 ジェイド タワー {""props"":{""pageProps"":{""appId"":""100045357"",""cookieBanner"":{""sharkJs"":""https://ak-s-cw.tripcdn.com",https://jp.trip.com/hotels/beppu-hotel-detail-10163128/sekiya-resort-bettei-haruki/review.html,mixed,body_positive_and_negative,high,body_sentiment_inference_needed
381,Trip.com,trip_static_visible,trip_3090501cdd37,""",""top_hotels_reviews"":""${{votes}}件の口コミ"",""review_comment_trans"":""翻訳"",""review_comment_original_text"":""原文を表示"",""key.hotel.filter.showless"":""閉じる"",""key.hotel.filter.showmore"":""更に表示"",""review_comment_no_result"":""申し訳ありません。該当する口コミが見つかりませんでした。絞り込み条件を変更して、再度お試しください。"",""review_comment_trans_google"":""Googleによる翻訳"",""key.hotel.review.page.reply.modal.title"":""ホテルからの返信""},""cargo"":{""locale"":""ja-JP"",""site"":""JP"",""currency"":""JPY"",""lang"":""jp""},""isBot"":false,""isConfigFilterCookie"":true,""cookieBanner"":{""forceDisable"":false},""shareData"":{""pathVariables"":{""cityName"":""beppu"",""hotelId"":""10163128"",""hotelName"":""sekiya-resort-bettei-haruki""},""name"":""seo-hotel-review_PC"",""version"":""0.0.120"",""pageId"":""10650137492"",""stage"":""prd"",""schema"":{""bu"":""HTL"",""platform"":""PC"",""pageId"":""10650137492"",""group"":""SEO"",""name"":""seo-hotel-review_PC"",""version"":""0.0.120"",""scenarioCode"":"""",""route"":[""/:cityName-hotel-detail-:hotelId/:hotelName/review.html""],""children"":[""hohSeoPcTemplate-1""],""css"":"""",""npmOverrides"":[{""name"":""@ctrip/hoh-request"",""version"":""latest""},{""name"":""@ctrip/hoh-request-seo"",""version"":""latest""},{""name"":""@ctrip/hoh-trip-union"",""version"":""latest""},{""name"":""@ctrip/hoh-triplog"",""version"":""latest""},{""name"":""@ctrip/hoh-ubt"",""version"":""latest""},{""name"":""@ctrip/hoh-shark"",""version"":""latest""},{""name"":""@ctrip/hoh-lazy"",""version"":""latest""},{""name"":""@ctrip/hoh-hydrator"",""version"":""latest""},{""name"":""@ctrip/hoh-component-context"",""version"":""latest""},{""name"":""@ctrip/hoh-image"",""version"":""latest""},{""name"":""@ctrip/hoh-storage"",""version"":""latest""},{""name"":""@ctrip/hoh-abtest"",""version"":""latest""},{""name"":""@ctrip/hoh-qconfig"",""version"":""latest""},{""name"":""@ctrip/hoh-sso"",""version"":""latest""},{""name"":""@ctrip/hoh-web-core-base"",""version"":""latest""}],""pageComponentList"":[{""id"":""hohSeoPcTemplate-1"",""name"":""@ctrip/hoh-seo-pc-template"",""props"":{""backgroundColor"":{""content"":""#f6f7fa"",""type"":""string""},""disableBots"":{""content"":false,""type"":""boolean""},""seoCommonDataScenarioCode"":{""content"":""NI5dBWKKkxeBTRkCRr3sA"",""type"":""string""},""sourceFromWhiteListScenarioCode"":{""content"":""F1q1kUb9tta2wuUcR8pmS"",""type"":""string""},""enableCoffeeBean"":{""type"":""boolean"",""content"":false},""moduleAliasName"":{""content"":""hohSeoPcTemplate-1"",""type"":""string""},""pageId"":{""type"":""string"",""content"":""10650137492""},""category"":{""content"":""REVIEW"",""type"":""string""},""visible"":{""content"":true,""type"":""boolean""}},""children"":[""hohSeoTdk-1"",""hohTripHeader-1"",""hohOnlineHeadAlbum-1"",""hohOnlineReviewSearchbox-1"",""hohOnlineGotopSlider-1"",""hohOnlineCommentList-1"",""hohCrumb-1"",""hohTextInternalLink-1"",""hohTripFooter-1"",""hohTripGtm-1""],""type"":{""css"":true,""cssPath"":""dist/index.css"",""api"":true,""sharkKeys"":true,""head"":true,""component"":true,""name"":""@ctrip/hoh-seo-pc-template"",""version"":""1.0.57"",""container"":true,""template"":true}},{""name"":""@ctrip/hoh-seo-tdk"",""props"":{""moduleAliasName"":{""content"":""hohSeoTdk-1"",""type"":""string""},""pageId"":{""type"":""string"",""content"":""10650137492""},""scenarioCode"":{""content"":""DSHqxbxMSUJq1J6i6iGvk"",""type"":""string""},""ogp"":{""content"":[],""type"":""array""},""visible"":{""content"":true,""type"":""boolean""}},""children"":[],""id"":""hohSeoTdk-1"",""type"":{""css"":false,""cssPath"":"""",""api"":true,""sharkKeys"":true,""head"":true,""component"":false,""container"":false,""template"":false,""name"":""@ctrip/hoh-seo-tdk"",""version"":""1.0.24""}},{""name"":""@ctrip/hoh-trip-header"",""props"":{""moduleAliasName"":{""content"":""hohTripHeader-1"",""type"":""string""},""pageId"":{""type"":""string"",""content"":""10650137492""},""theme"":{""content"":""transparent"",""type"":""string""},""headerPosition"":{""content"":""absolute"",""type"":""string""},""headerZIndex"":{""content"":100,""type"":""number""},""showLanguageSelector"":{""content"":true,""type"":""boolean""},""visible"":{""content"":true,""type"":""boolean""}},""children"":[],""id"":""hohTripHeader-1"",""type"":{""css"":true,""cssPath"":""dist/index.css"",""api"":true,""sharkKeys"":true,""head"":true,""component"":true,""container"":false,""template"":false,""name"":""@ctrip/hoh-trip-header"",""version"":""0.0.21""}},{""name"":""@ctrip/hoh-online-head-album"",""props"":{""moduleAliasName"":{""content"":""hohOnlineHeadAlbum-1"",""type"":""string""},""pageId"":{""type"":""string"",""content"":""10650137492""},""category"":{""content"":""REVIEW"",""type"":""string""},""isNewApi"":{""content"":true,""type"":""boolean""},""scenarioCode"":{""content"":""hhTPMEilsEXkdBC0ZxiNP"",""type"":""string""},""visible"":{""content"":true,""type"":""boolean""}},""children"":[],""id"":""hohOnlineHeadAlbum-1"",""type"":{""css"":true,""cssPath"":""dist/index.css"",""api"":true,""sharkKeys"":true,""head"":false,""component"":true,""container"":false,""template"":false,""name"":""@ctrip/hoh-online-head-album"",""version"":""1.3.7""}},{""name"":""@ctrip/hoh-online-review-searchbox"",""props"":{""moduleAliasName"":{""content"":""hohOnlineReviewSearchbox-1"",""type"":""string""},""pageId"":{""type"":""string"",""content"":""10650137492""},""sharkScenarioCode"":{""content"":""UfC9vr-o6e_SqqCYLiemh"",""type"":""string""},""sharkServiceScenarioCode"":{""content"":""6y0Kj3uQnt0l0fyw1zC__"",""type"":""string""},""isNewInterface"":{""content"":false,""type"":""boolean""},""visible"":{""content"":true,""type"":""boolean""}},""children"":[],""id"":""hohOnlineReviewSearchbox-1"",""type"":{""css"":true,""cssPath"":""dist/index.css"",""api"":true,""sharkKeys"":true,""head"":false,""component"":true,""container"":false,""template"":false,""name"":""@ctrip/hoh-online-review-searchbox"",""version"":""1.1.18""}},{""name"":""@ctrip/hoh-online-gotop-slider"",""props"":{""moduleAliasName"":{""content"":""hohOnlineGotopSlider-1"",""type"":""string""},""pageId"":{""type"":""string"",""content"":""10650137492""},""visible"":{""content"":true,""type"":""boolean""},""showShare"":{""content"":false,""type"":""boolean""},""showServiceChat"":{""content"":false,""type"":""boolean""},""showAppDownload"":{""content"":false,""type"":""boolean""}},""children"":[],""id"":""hohOnlineGotopSlider-1"",""type"":{""css"":false,""cssPath"":"""",""api"":false,""sharkKeys"":false,""head"":false,""component"":true,""container"":false,""template"":false,""name"":""@ctrip/hoh-online-gotop-slider"",""version"":""1.1.3""},""isVersionChanged"":false},{""name"":""@ctrip/hoh-online-commentList"",""props"":{""moduleAliasName"":{""content"":""hohOnlineCommentList-1"",""type"":""string""},""category"":{""content"":""REVIEW"",""type"":""string""},""pageId"":{""type"":""string"",""content"":""10650137492""},""scenarioCode"":{""content"":""60Rs4c5ZqBrusY11vt5x5"",""type"":""string""},""pageSize"":{""content"":15,""type"":""number""},""commentWithPhotosOnly"":{""content"":false,""type"":""boolean""},""visible"":{""content"":true,""type"":""boolean""}},""children"":[],""id"":""hohOnlineCommentList-1"",""type"":{""css"":true,""cssPath"":""dist/index.css"",""api"":true,""sharkKeys"":true,""head"":true,""component"":true,""container"":false,""template"":false,""name"":""@ctrip/hoh-online-commentList"",""version"":""1.2.33""}},{""name"":""@ctrip/hoh-crumb"",""props"":{""moduleAliasName"":{""content"":""hohCrumb-1"",""type"":""string""},""pageId"":{""type"":""string"",""content"":""10650137492""},""scenarioCode"":{""content"":""oXG0CyAU3YBOiuyRcZIMM"",""type"":""string""},""isLandmark"":{""content"":false,""type"":""boolean""},""visible"":{""content"":true,""type"":""boolean""}},""children"":[],""id"":""hohCrumb-1"",""type"":{""css"":true,""cssPath"":""dist/index.css"",""api"":true,""sharkKeys"":false,""head"":true,""component"":true,""container"":false,""template"":false,""name"":""@ctrip/hoh-crumb"",""version"":""1.1.29""}},{""name"":""@ctrip/hoh-text-internal-link"",""props"":{""moduleAliasName"":{""content"":""hohTextInternalLink-1"",""type"":""string""},""isOpen"":{""content"":false,""type"":""boolean""},""sharkScenarioCode"":{""content"":""OpQNJL5eRa3ClZzX52Clc"",""type"":""string""},""sharkServiceScenarioCode"":{""content"":""6y0Kj3uQnt0l0fyw1zC__"",""type"":""string""},""pageId"":{""type"":""string"",""content"":""10650137492""},""visible"":{""content"":true,""type"":""boolean""}},""children"":[],""id"":""hohTextInternalLink-1"",""type"":{""css"":true,""cssPath"":""dist/index.css"",""api"":true,""sharkKeys"":false,""head"":true,""component"":true,""container"":false,""template"":false,""name"":""@ctrip/hoh-text-internal-link"",""version"":""0.0.23-beta.7""}},{""name"":""@ctrip/hoh-trip-footer"",""props"":{""moduleAliasName"":{""content"":""hohTripFooter-1"",""type"":""string""},""pageId"":{""type"":""string"",""content"":""10650137492""},""visible"":{""content"":true,""type"":""boolean""}},""children"":[],""id"":""hohTripFooter-1"",""type"":{""css"":true,""cssPath"":""dist/index.css"",""api"":true,""sharkKeys"":true,""head"":true,""component"":true,""container"":false,""template"":false,""name"":""@ctrip/hoh-trip-footer"",""version"":""0.0.8""}},{""name"":""@ctrip/hoh-trip-gtm"",""props"":{""moduleAliasName"":{""content"":""hohTripGtm-1"",""type"":""string""},""pageId"":{""type"":""string"",""content"":""10650137492""},""pageCategory"":{""content"":""hotelCitySeed"",""type"":""string""},""isMemberLogin"":{""content"":0,""type"":""number""},""visible"":{""content"":true,""type"":""boolean""}},""children"":[],""id"":""hohTripGtm-1"",""type"":{""css"":false,""cssPath"":"""",""api"":false,""sharkKeys"":false,""head"":false,""component"":true,""container"":false,""template"":false,""name"":""@ctrip/hoh-trip-gtm"",""version"":""1.0.18""}}],""componentNpmList"":[{""css"":true,""cssPath"":""dist/index.css"",""api"":true,""sharkKeys"":true,""head"":true,""component"":true,""name"":""@ctrip/hoh-seo-pc-template"",""version"":""1.0.57"",""container"":true,""template"":true},{""css"":false,""cssPath"":"""",""api"":true,""sharkKeys"":true,""head"":true,""component"":false,""container"":false,""template"":false,""name"":""@ctrip/hoh-seo-tdk"",""version"":""1.0.24""},{""css"":true,""cssPath"":""dist/index.css"",""api"":true,""sharkKeys"":true,""head"":true,""component"":true,""container"":false,""template"":false,""name"":""@ctrip/hoh-trip-header"",""version"":""0.0.21""},{""css"":true,""cssPath"":""dist/index.css"",""api"":true,""sharkKeys"":true,""head"":false,""component"":true,""container"":false,""template"":false,""name"":""@ctrip/hoh-online-head-album"",""version"":""1.3.7""},{""css"":true,""cssPath"":""dist/index.css"",""api"":true,""sharkKeys"":true,""head"":false,""component"":true,""container"":false,""template"":false,""name"":""@ctrip/hoh-online-review-searchbox"",""version"":""1.1.18""},{""css"":true,""cssPath"":""dist/index.css"",""api"":true,""sharkKeys"":false,""head"":true,""component"":true,""container"":false,""template"":false,""name"":""@ctrip/hoh-crumb"",""version"":""1.1.29""},{""css"":true,""cssPath"":""dist/index.css"",""api"":true,""sharkKeys"":false,""head"":true,""component"":true,""container"":false,""template"":false,""name"":""@ctrip/hoh-text-internal-link"",""version"":""0.0.23-beta.7""},{""css"":true,""cssPath"":""dist/index.css"",""api"":true,""sharkKeys"":true,""head"":true,""component"":true,""container"":false,""template"":false,""name"":""@ctrip/hoh-trip-footer"",""version"":""0.0.8""},{""css"":false,""cssPath"":"""",""api"":false,""sharkKeys"":false,""head"":false,""component"":true,""container"":false,""template"":false,""name"":""@ctrip/hoh-online-gotop-slider"",""version"":""1.1.3""},{""css"":true,""cssPath"":""dist/index.css"",""api"":true,""sharkKeys"":true,""head"":true,""component"":true,""container"":false,""template"":false,""name"":""@ctrip/hoh-online-commentList"",""version"":""1.2.33""},{""css"":false,""cssPath"":"""",""api"":false,""sharkKeys"":false,""head"":false,""component"":true,""container"":false,""template"":false,""name"":""@ctrip/hoh-trip-gtm"",""version"":""1.0.18""}],""template"":{""id"":""hohSeoPcTemplate-1"",""name"":""@ctrip/hoh-seo-pc-template"",""props"":{""backgroundColor"":{""content"":""#f6f7fa"",""type"":""string""},""disableBots"":{""content"":false,""type"":""boolean""},""seoCommonDataScenarioCode"":{""content"":""NI5dBWKKkxeBTRkCRr3sA"",""type"":""string""},""sourceFromWhiteListScenarioCode"":{""content"":""F1q1kUb9tta2wuUcR8pmS"",""type"":""string""},""enableCoffeeBean"":{""type"":""boolean"",""content"":false},""moduleAliasName"":{""content"":""hohSeoPcTemplate-1"",""type"":""string""},""pageId"":{""type"":""string"",""content"":""10650137492""},""category"":{""content"":""REVIEW"",""type"":""string""},""visible"":{""content"":true,""type"":""boolean""}},""children"":[""hohSeoTdk-1"",""hohTripHeader-1"",""hohOnlineHeadAlbum-1"",""hohOnlineReviewSearchbox-1"",""hohOnlineGotopSlider-1"",""hohOnlineCommentList-1"",""hohCrumb-1"",""hohTextInternalLink-1"",""hohTripFooter-1"",""hohTripGtm-1""],""type"":{""css"":true,""cssPath"":""dist/index.css"",""api"":true,""sharkKeys"":true,""head"":true,""component"":true,""name"":""@ctrip/hoh-seo-pc-template"",""version"":""1.0.57"",""container"":true,""template"":true}}},""backgroundColor"":""#f6f7fa"",""disableBots"":false,""seoCommonDataScenarioCode"":""NI5dBWKKkxeBTRkCRr3sA"",""sourceFromWhiteListScenarioCode"":""F1q1kUb9tta2wuUcR8pmS"",""enableCoffeeBean"":false,""moduleAliasName"":""hohSeoPcTemplate-1"",""category"":""REVIEW"",""visible"":true,""province"":{""id"":11074,""type"":""Province"",""name"":""大分県"",""code"":""JP"",""url"":""oita-prefecture"",""lat"":33.23817,""lon"":131.61263,""countryId"":78},""country"":{""id"":78,""type"":""Country"",""name"":""日本"",""code"":""JP"",""url"":""japan"",""lat"":36.204823,""lon"":138.25293},""city"":{""id"":4828,""type"":""City"",""name"":""別府"",""code"":""JP"",""url"":""beppu"",""lat"":33.28462,""lon"":131.49121,""imgUrl"":""https://ak-d.tripcdn.com/images/100d1b000001amiud7868.jpg"",""cityId"":4828,""cityUrl"":""beppu"",""newImgUrl"":""""},""hotel"":{""hotelId"":10163128,""cnName"":""SEKIYA",,,,,,ja,False,,,,,"投稿日："",""top_hotels_reviews"":""${{votes}}件の口コミ"",""review_comment_trans"":""翻訳"",""review_comment_original_text"":""原文を表示"",""key.hotel.filter.showless"":""閉じる"",""key.hotel.filter.showmore"":""更に表示"",""review_comment_no_result"":""申し訳ありません。該当する口コミが見つかりませんでした。絞り込み条件を変更して、再度お試しください。"",""review_comment_trans_google"":""Googleによる翻訳"",""key.hotel.review.page.reply.modal.title"":""ホテルからの返信""},""cargo"":{""locale"":""ja-JP"",""site"":""JP"",""currency"":""JPY"",""lang"":""jp""},""isBot"":false,""isConfigFilterCookie"":true,""cookieBanner"":{""forceDisable"":false},""shareData"":{""pathVariables"":{""cityName"":""beppu"",""hotelId"":""10163128"",""hotelName"":""sekiya-resort-bettei-haruki""},""name"":""seo-hotel-review_PC"",""version"":""0.0.120"",""pageId"":""10650137492"",""stage"":""prd"",""schema"":{""bu"":""HTL"",""platform"":""PC"",""pageId"":""10650137492"",""group"":""SEO"",""name"":""seo-hotel-review_PC"",""version"":""0.0.120"",""scenarioCode"":"""",""route"":[""/:cityName-hotel-detail-:hotelId/:hotelName/review.html""],""children"":[""hohSeoPcTemplate-1""],""css"":"""",""npmOverrides"":[{""name"":""@ctrip/hoh-request"",""version"":""latest""},{""name"":""@ctrip/hoh-request-seo"",""version"":""latest""},{""name"":""@ctrip/hoh-trip-union"",""version"":""latest""},{""name"":""@ctrip/hoh-triplog"",""version"":""latest""},{""name"":""@ctrip/hoh-ubt",https://jp.trip.com/hotels/beppu-hotel-detail-10163128/sekiya-resort-bettei-haruki/review.html,neutral,neutral_or_lodging_context,medium,body_sentiment_inference_needed
382,Google Hotels,google_hotel_review_tab_Google,google_69ec246af4,4개월 전에,,sky blue,Google Hotels,5/5,,ko,True,room_bath;private_bath,공용 욕실;개인욕실;개인욕실이 없,,,"가족-25년 1월 말, 2층, 침대 없이 이불방, 1박.-조용한 가정집.-2층 방에는 개인욕실이 없었지만, 공용 욕실 이용(총 3회) 갈 때마다 사람이 없어서 불편한 점 없었음. …",https://www.google.com/travel/hotels/entity/ChcI2_Spmvv7r5FZGgsvZy8xdnlzdGJrehAB,mixed,body_negative_with_context,high,body_sentiment_inference_needed
383,Google Hotels,google_hotel_review_tab_Google,google_11cfb83a32,1년 전에,,네케,Google Hotels,5/5,,ko,True,room_open_air_bath;private_bath,노천;탕;가족탕,,,"휴가 ❘ 가족 최고의 숙박 경험이었습니다.방 내부의 반노천탕과 외부의 가족탕은 온도 조절이 가능하며, 이용하고 싶을 때 자유롭게 이용 가능하여 좋았습니다. …",https://www.google.com/travel/hotels/entity/ChcI2_Spmvv7r5FZGgsvZy8xdnlzdGJrehAB,positive,body_positive,high,body_sentiment_inference_needed
384,Google Hotels,google_hotel_review_tab_Google,google_fb475941d7,1년 전에,,Minhee Kim,Google Hotels,5/5,,ko,True,private_bath,탕;프라이빗;가족탕,,,"벳푸에서 1박, 큰 맘 먹고 예약했는데 너무너무 좋았어요 🥰 깨끗하고 예쁜 객실, 예쁜 유카타. 프라이빗 가족탕이 3개 있고 창문열고 나가서 가야하는 가족탕 2개는 넓고 예쁘게 꾸며져 있고요, 계단 옆 가족탕 1개는 약간 작습니다만 아침에 혼자 편하게 이용했습니다. …",https://www.google.com/travel/hotels/entity/ChcI2_Spmvv7r5FZGgsvZy8xdnlzdGJrehAB,positive,body_positive,high,body_sentiment_inference_needed
385,Google Hotels,google_hotel_review_tab_Google,google_10a223b68c,1년 전에,,GG,Google Hotels,5/5,,ko,True,private_bath,탕;가족탕,,,"휴가 ❘ 커플 체크인부터 체크아웃까지 세심하게 신경써주셔서 편안하게 지내다 왔습니다.욕실이 없는 방에 묵어서 걱정이었는데, 료칸에 있는 가족탕 3개는 이용하러 갈 때마다 비워져있어서 이용하는데 불편함은 없었습니다.저녁, 아침식사를 료칸에서 먹었는데 꼭 드시는걸 추천드립니다!!객실 5.0 서비스 5.0 위치 5.0 호텔 하이라이트 조용함",https://www.google.com/travel/hotels/entity/ChcI2_Spmvv7r5FZGgsvZy8xdnlzdGJrehAB,mixed,body_positive_and_negative,high,body_sentiment_inference_needed
386,Google Hotels,google_hotel_review_tab_Google,google_4fc7f48e73,1년 전에,,손하빈,Google Hotels,5/5,,ko,False,,,,,"휴가 ❘ 가족 정말 청결하고 서비스가 너무 너무 좋아요. 다들 친절하시고 감사합니다 :) 덕분에 저희 할머니의 첫 일본여행에, 좋은 기억 남겨드렸습니다.음식이 정갈하고 분위기가 너무 좋아서 하나도 남기지 않고 다 먹고 왔습니다.객실 5.0 서비스 5.0 위치 4.0 호텔 하이라이트 로맨틱한 분위기 · 조용함",https://www.google.com/travel/hotels/entity/ChcI2_Spmvv7r5FZGgsvZy8xdnlzdGJrehAB,neutral,neutral_or_lodging_context,medium,body_sentiment_inference_needed
387,Google Hotels,google_hotel_review_tab_Google,google_fb2fa78ae7,3년 전에,,Final Boss,Google Hotels,5/5,,ko,True,facility_wide,탕,,,비즈니스 강력히 추천 합니다.일본전통 다다미방으로 되어 있고 1층 객실엔 개인탕이 있으며 2층객실은 없습니다. …,https://www.google.com/travel/hotels/entity/ChcI2_Spmvv7r5FZGgsvZy8xdnlzdGJrehAB,neutral,neutral_or_lodging_context,medium,body_sentiment_inference_needed
