source_type,platform,review_id,author,review_date,rating,title,body,extra,source_url,onsen_related,signals,raw_file,encoding,signal_direction,direction_backfill_rule,direction_backfill_confidence,direction_backfill_candidate_type
OTA full review,Rakuten Travel,33123476429703,オオイタバンザイ,2025-12-21,5,和食が美味しい！プロポーズにも最適,和食料理が特別美味しかったです。季節で変わるディナーメニューは季節を感じられました。プロポーズで使わせていただいたが、店員さんの対応一つ一つがとても丁寧で良い日になりました。,plan 【Anniversary】ホールケーキや乾杯ドリンクでお祝い。記念日や誕生日に最適（2食付） | room 半露天風呂付き和洋室２F | None:5; None:5; None:5; None:5; None:5; None:5; None:5; None:5,https://travel.rakuten.co.jp/HOTEL/151164/review.html,1,room_open_air_bath,raw/rakuten/page_2.html,utf-8,positive,rating_positive_signal,medium,body_sentiment_inference_needed
OTA full review,Rakuten Travel,33123476285070,jjlove33,2025-12-03,5,,もう何から何まで最高でした。スタッフの方も気さくでとても丁寧に対応して頂き満足する1泊でした。眺めも最高でした。良い結婚記念日になりました,plan 【早期割30】早めの予約で10％OFF。新しい上質な和スタイルをお得に体験（2食付） | room 半露天風呂付き和洋室１F | None:5; None:5; None:5; None:5; None:5; None:5; None:5; None:5,https://travel.rakuten.co.jp/HOTEL/151164/review.html,1,room_open_air_bath;view,raw/rakuten/page_2.html,utf-8,positive,body_positive,high,body_sentiment_inference_needed
OTA full review,Rakuten Travel,33123477658811,ちいかぶと,2026-05-19,4,丁寧な接客で居心地の良い宿,主人の誕生日に利用しました。 宿に行くまでの道が細く場所が分かりにくかったですが、フロントの方が暑い中外に立っていてお出迎えしてくれました。 大変ありがたかったです。 サプライズでお部屋にケーキを持ってきてほしいとメールでお願いしていたのですが、レストランでの夕食後のタイミングに出てきてしまい、話が通っていなくて少し残念でした。しかし、従業員の皆様とても感じが良く丁寧で宿の居心地はよかったです。,plan 【早期割30】早めの予約で10％OFF。新しい上質な和スタイルをお得に体験（2食付） | room 半露天風呂付き和洋室２F | None:4; None:3; None:4; None:4; None:4; None:4; None:4; None:4,https://travel.rakuten.co.jp/HOTEL/151164/review.html,1,room_open_air_bath;temperature_hot;access_road,raw/rakuten/rakuten.html,utf-8,mixed,body_positive_and_negative,high,body_sentiment_inference_needed
OTA full review,Rakuten Travel,33123478002042,GANGZHI,2026-07-01,4,食事付きで正解、静かな環境でゆっくり過ごせた,夕食、朝食付きコースを予約いたしましたが、周囲に食事や買い物ができる場所がないので、正解でした。場所は分かりにくいですが、その分静かで部屋に篭ってゆっくり過ごすことができました。,plan 【楽天スーパーSALE】【2食付】別府を愉しむ、半露天風呂付客室ステイ。夕食は創作和会席を堪能 | room 半露天風呂付き和洋室１F | None:4; None:4; None:3; None:4; None:4; None:4; None:4; None:4,https://travel.rakuten.co.jp/HOTEL/151164/review.html,1,room_open_air_bath,raw/rakuten/rakuten.html,utf-8,mixed,body_positive_and_negative,high,body_sentiment_inference_needed
OTA full review,Rakuten Travel,33123477472205,スノーラグーン,2026-04-26,5,お部屋の温泉風呂と絶景に癒される誕生日旅行,お誕生日旅行で行きました。とっても良かったです。部屋に温泉風呂が付いていて、絶景のロケーション。 ご飯も美味しく、サービスも良かったです。 お部屋でゆっくりくつろぎ何度もお風呂に入りました。,plan 【早期割30】早めの予約で10％OFF。新しい上質な和スタイルをお得に体験（2食付） | room 半露天風呂付き和洋室２F | None:5; None:5; None:5; None:5; None:5; None:5; None:5; None:5,https://travel.rakuten.co.jp/HOTEL/151164/review.html,1,room_open_air_bath,raw/rakuten/rakuten.html,utf-8,positive,body_positive,high,body_sentiment_inference_needed
OTA full review,Rakuten Travel,33123477749552,ぽぽちゃぬ,2026-05-31,5,素敵なお部屋と美味しいご飯に大満足,とっても素敵なお部屋でした！ ホテルの前でお迎えもしてくださり、説明なども丁寧でした。 ご飯も美味しく、お腹いっぱいになりました。 また泊まりたいと思います！,plan 【2食付・和牛ステーキコース】夕食は「ガレリア御堂原」でグリルダイニング | room 半露天風呂付き和洋室１F | None:5; None:5; None:5; None:5; None:5; None:5; None:5; None:5,https://travel.rakuten.co.jp/HOTEL/151164/review.html,1,room_open_air_bath,raw/rakuten/rakuten.html,utf-8,positive,body_positive,high,body_sentiment_inference_needed
OTA full review,Rakuten Travel,33123477596325,福岡県ちびめの社会人,2026-05-11,4,温泉と景色が最高でした♨️,温泉も景色も最高でした♨️,plan 【秋冬SALE】【朝食付】別府を感じる、特別なひとときを／客室半露天風呂と和朝食で安らぎを | room 半露天風呂付き和洋室２F | None:5; None:4; None:3; None:0; None:5; None:4; None:4,https://travel.rakuten.co.jp/HOTEL/151164/review.html,1,room_open_air_bath;view,raw/rakuten/rakuten.html,utf-8,positive,body_positive,high,body_sentiment_inference_needed
OTA full review,Rakuten Travel,33123477435163,ドンコドンキー,2026-04-21,4,朝夕食美味、温泉最高、景色も良し,朝食も夕食もとても美味しかったです。 雨でしたが、別府の景色も見れて良かったです。 温泉もゆっくり入れて最高でしたー！,plan 【早期割30】早めの予約で10％OFF。新しい上質な和スタイルをお得に体験（2食付） | room 半露天風呂付き和洋室１F | None:4; None:4; None:4; None:4; None:4; None:4; None:4; None:4,https://travel.rakuten.co.jp/HOTEL/151164/review.html,1,room_open_air_bath;view,raw/rakuten/rakuten.html,utf-8,positive,body_positive,high,body_sentiment_inference_needed
OTA full review,Rakuten Travel,33123477834281,あかる6260,2026-06-11,5,スタッフの気遣いに感謝、また来たい宿,仕事がひと段落しふたりでのんびりと温泉に行きたいと思って利用させていただきました。スタッフの皆さんの気遣いに気待ちよく過ごすことができました。次の機会はお隣の方にも泊まってみたいね！となりました。ありがとうございました！,plan 【秋冬SALE】【素泊まり】お食事なしで気軽に。温泉と自由を満喫する旅／客室半露天風呂付き | room 半露天風呂付き和洋室２F | None:5; None:5; None:5; None:0; None:0; None:5; None:5; None:5,https://travel.rakuten.co.jp/HOTEL/151164/review.html,1,room_open_air_bath,raw/rakuten/rakuten.html,utf-8,positive,body_positive,high,body_sentiment_inference_needed
OTA full review,Rakuten Travel,33123477481586,だい1985,2026-04-27,5,結婚記念日、妻への配慮に感激しました,結婚10年目の記念日で宿泊しました 妻が生物が食べれない事を事前に伝えると色々工夫して頂き感激しました 夕食のレストランのお兄さんのサービスは最高です 幸せな気持ちになりました ホテルに着いてから帰るまでずっと楽しい時間を過ごす事ができ、最高の結婚記念日な になりました ありがとうございます,plan 【Anniversary】ホールケーキや乾杯ドリンクでお祝い。記念日や誕生日に最適（2食付） | room 半露天風呂付き和洋室２F | None:5; None:5; None:5; None:5; None:5; None:5; None:5; None:5,https://travel.rakuten.co.jp/HOTEL/151164/review.html,1,room_open_air_bath,raw/rakuten/rakuten.html,utf-8,positive,body_positive,high,body_sentiment_inference_needed
OTA full review,Rakuten Travel,33123477451052,,2026-04-23,4,景色と温泉は良かった,夫婦旅行で１泊しました。はじめての地区でしたので、途中の細い道にちょっと迷いました。それと膝の悪い高齢者には階段などちょっときつかったです。 ベランダからの見晴らしと温泉は気持ちよかったのですが、焼き魚などの食事はもう少し熱々が食べたかったです。,plan 【早期割30】早めの予約で10％OFF。新しい上質な和スタイルをお得に体験（2食付） | room 半露天風呂付き和洋室２F | None:4; None:5; None:4; None:3; None:4; None:4; None:4; None:4,https://travel.rakuten.co.jp/HOTEL/151164/review.html,1,room_open_air_bath;view;temperature_hot;stairs_layout;access_road,raw/rakuten/rakuten.html,utf-8,mixed,body_positive_and_negative,high,body_sentiment_inference_needed
OTA full review,Rakuten Travel,33123478026612,なお１１１,2026-07-04,5,食事も美味しく、素敵なひと時を過ごせた,しゃれた素敵なひと時を過ごす事が出来ました。食事も素晴らしいでした。美味しくて珍しいお味を楽しみました。又伺いたいです。,plan 【2食付】別府を愉しむ、半露天風呂付客室ステイ。夕食は創作和会席を堪能 | room 半露天風呂付き和洋室２F | None:5; None:5; None:5; None:5; None:5; None:5; None:5; None:5,https://travel.rakuten.co.jp/HOTEL/151164/review.html,1,room_open_air_bath,raw/rakuten/rakuten.html,utf-8,positive,body_positive,high,body_sentiment_inference_needed
OTA full review,Rakuten Travel,33123477592979,購入者91149917,2026-05-10,5,落ち着く空間と綺麗な景色で癒される,落ち着く空間で景色も綺麗でとても癒されました。館内でちょっとしたゲーム?みたいなのもあり、ご飯までの時間も楽しみながら待ってました。,plan 【2食付】別府を愉しむ、半露天風呂付客室ステイ。夕食は創作和会席を堪能 | room 半露天風呂付き和洋室２F | None:5; None:5; None:5; None:5; None:5; None:5; None:5; None:5,https://travel.rakuten.co.jp/HOTEL/151164/review.html,1,room_open_air_bath;view,raw/rakuten/rakuten.html,utf-8,positive,body_positive,high,body_sentiment_inference_needed
OTA full review,Rakuten Travel,33123477527410,ぱうぱとくん,2026-05-03,5,朝食美味、温泉最高！,朝ご飯がとても美味しかったです。温泉も気持ち良く最高でした！,plan 【秋冬SALE】【朝食付】別府を感じる、特別なひとときを／客室半露天風呂と和朝食で安らぎを | room 半露天風呂付き和洋室１F | None:5; None:5; None:5; None:5; None:5; None:5; None:5,https://travel.rakuten.co.jp/HOTEL/151164/review.html,1,room_open_air_bath,raw/rakuten/rakuten.html,utf-8,positive,body_positive,high,body_sentiment_inference_needed
OTA full review,Rakuten Travel,33123477753436,テリーマン0182,2026-05-31,3,ロケーションは最高、接客も良いが設備に残念な点も,ロケーションがとても良く滞在時は生憎の天気だったのが悔やまれた。部屋も必要十分な広さ。残念だったのは二人での滞在だったが、窓側のソファが１脚しかなかったこと、コーヒーカップと湯呑が何故か１個づつだった？一人滞在用の部屋？かと思ってしまった。また、湯舟がゴツゴツした素材のため特に床面が所々痛く落ち着いて座れなかったこと。テラス用のスリッパもあったらよかった。いろいろ書いたが全体的には接客もよく満足できる宿でした。,plan 【早期割30】早めの予約で10％OFF。新しい上質な和スタイルをお得に体験（2食付） | room 半露天風呂付き和洋室２F | None:2; None:5; None:5; None:4; None:4; None:3; None:4; None:5,https://travel.rakuten.co.jp/HOTEL/151164/review.html,1,room_open_air_bath,raw/rakuten/rakuten.html,utf-8,mixed,body_positive_and_negative,high,body_sentiment_inference_needed
OTA full review,Rakuten Travel,33123476706324,,2026-01-21,4,眺望の良い宿、接客も丁寧,高台にある眺望のよい宿でした。 欲を言えばもう少し大分市側も見れたらもっと綺麗だろうなーと思いましたが、ガレリアが建ってるので仕方ないかな。 ご飯も美味しかったです。 部屋風呂も暖かくて長風呂してました。 スタッフさんは愛想も良く、丁寧な接客でとても満足です。 また利用させてもらいなーとおもいました。 ありがとうございました。,plan 【早期割30】早めの予約で10％OFF。新しい上質な和スタイルをお得に体験（2食付） | room 半露天風呂付き和洋室２F | None:5; None:5; None:4; None:5; None:4; None:5; None:5; None:5,https://travel.rakuten.co.jp/HOTEL/151164/review.html,1,room_open_air_bath;view,raw/rakuten/rakuten.html,utf-8,positive,body_positive,high,body_sentiment_inference_needed
OTA full review,Rakuten Travel,33123476850953,ハルキング7474,2026-02-10,4,景色とお風呂は最高、従業員の対応も良い,結婚記念日の旅行で宿泊しました。ホテルからは特に何もなかったのですが。 部屋からの景色は最高。部屋のお風呂も温泉で気持ちよかったです。夕飯もお腹いっぱいになり満足でしかたが、値段が高めなのにウェルカムドリンクはなく、オールインクルーシブではなかったのが残念です。 朝食もデザートが付いていなく、コーヒーもラウンジにあるものを部屋で飲みました。けど、従業員さんたちが対応がよく、楽しい思い出になる旅行になりました。,plan 【早期割30】早めの予約で10％OFF。新しい上質な和スタイルをお得に体験（2食付） | room 半露天風呂付き和洋室２F | None:5; None:4; None:5; None:3; None:5; None:5; None:4; None:4,https://travel.rakuten.co.jp/HOTEL/151164/review.html,1,room_open_air_bath;view,raw/rakuten/rakuten.html,utf-8,mixed,body_positive_and_negative,high,body_sentiment_inference_needed
OTA full review,Rakuten Travel,33123476714140,りょうこ2231,2026-01-22,5,,九州内の同価格帯の温泉宿の中で、こちらが一番オススメです。美味しいお食事、いつでも入れる部屋風呂、きれいな景色、丁寧な対応...揃っている所はめずらしいです。お隣の系列ホテルも同様に良かったです。またお伺いします。,plan 【早期割30】早めの予約で10％OFF。新しい上質な和スタイルをお得に体験（2食付） | room 半露天風呂付き和洋室１F | None:5; None:5; None:5; None:5; None:5; None:5; None:5; None:5,https://travel.rakuten.co.jp/HOTEL/151164/review.html,1,room_open_air_bath;view,raw/rakuten/rakuten.html,utf-8,positive,body_positive,high,body_sentiment_inference_needed
OTA full review,Rakuten Travel,33123476657891,aa旅行大好き,2026-01-14,5,客室露天風呂が最高、料理も美味しい,ご飯はどれも美味しく、客室半露天風呂付きで何度も好きなタイミングでお風呂を独り占めできとてもいいホテルでした。また泊まりたいです。,plan 【早期割30】早めの予約で10％OFF。新しい上質な和スタイルをお得に体験（2食付） | room 半露天風呂付き和洋室２F | None:5; None:5; None:5; None:5; None:5; None:5; None:5; None:5,https://travel.rakuten.co.jp/HOTEL/151164/review.html,1,room_open_air_bath,raw/rakuten/rakuten.html,utf-8,positive,body_positive,high,body_sentiment_inference_needed
OTA full review,Rakuten Travel,33123472947552,mitti1978,2025-10-13,5,,とても素敵な宿で、またリピートしてみたいなと思っています お隣のバーもすごいい良い空間でした！ ご飯も美味しく、お腹いっぱいに 欲をいえば、朝食の生卵くらいはわざわざいががですか？有料ですがではなくつけちゃえばいいのにと思いました,plan 【早期割30】早めの予約で10％OFF。新しい上質な和スタイルをお得に体験（2食付） | room 半露天風呂付き和洋室２F | None:4; None:4; None:4; None:4; None:4; None:4; None:4; None:0,https://travel.rakuten.co.jp/HOTEL/151164/review.html,1,room_open_air_bath,raw/rakuten/rakuten.html,utf-8,positive,rating_positive_signal,medium,body_sentiment_inference_needed
OTA full review,Rakuten Travel,33123476535763,Nahimo ,2025-12-30,4,妊娠中の妻も安心できた美味しい料理,とても美味しい料理で満足でした。妊娠中の妻にも配慮いただいた内容とサービスで安心して楽しむことができました。,plan 【早期割30】早めの予約で10％OFF。新しい上質な和スタイルをお得に体験（2食付） | room 半露天風呂付き和洋室２F | None:4; None:5; None:4; None:5; None:5; None:4; None:4; None:3,https://travel.rakuten.co.jp/HOTEL/151164/review.html,1,room_open_air_bath,raw/rakuten/rakuten.html,utf-8,positive,body_positive,high,body_sentiment_inference_needed
OTA full review,Rakuten Travel,33123476527705,ショウヨクチソク,2025-12-29,5,絶景！温泉と寒アジが絶品の宿,部屋は2階 別府湾が見渡せて絶景でした。 とにかく温泉がすごく良かったです。 お料理はどれも美味しかったです。 中でも寒アジが絶品で泡醤油で頂くと更に旨い！ 夕食、朝食 美味しく頂きました。,plan 【海の幸グレードアップ】関アジの姿造り付き／黒毛和牛創作和食コースプラン（2食付） | room 半露天風呂付き和洋室２F | None:5; None:5; None:5; None:5; None:5; None:5; None:5; None:5,https://travel.rakuten.co.jp/HOTEL/151164/review.html,1,room_open_air_bath,raw/rakuten/rakuten.html,utf-8,mixed,body_positive_and_negative,high,body_sentiment_inference_needed
OTA full review,Jalan,jalan_26e34381d338b6ad,ようこちゃんさん,2025/6/16,4,3度目の利用,主人が とても気に入っていて、３回目の利用でした。 今回も、2Ｆの客室で、眺めがとっても良く。客室風呂は 最高でした。お料理は、創作料理で 工夫をこらしていたと思いますが、もう少し、ボリュームがあっても良かったかなぁと、思いました。接客担当の方の気遣いを 感謝です。チェックアウト時、対応してくださった方、コーヒーを入れて下さり、良く気遣いが出来ていて、とても良い気持ちになりました。また、利用したいです。,"時期:2025年6月宿泊; プラン:【早期割30】早めの予約で10％OFF。新しい上質な和スタイルをお得に体験（2食付）; 価格帯:29,001～30,000円(大人１名あたり/税込); 部屋:4; 風呂:5; 料理(朝食):3; 料理(夕食):3; 接客・サービス:4 | プラン 【早期割30】早めの予約で10％OFF。新しい上質な和スタイルをお得に体験（2食付） 和洋室 朝・夕",https://www.jalan.net/yad392046/kuchikomi/archive/,1,room_open_air_bath;view,raw/jalan/archive.html,cp932,positive,body_positive,high,body_sentiment_inference_needed
OTA full review,Jalan,jalan_29bf9da564605a94,まいまいさん,2025/6/13,3,景色はとても良かったです。,初めての宿泊でした。あいにくの雨でしたがテラスからの景色は湯けむりと霧が幻想的で心地よかったです。雰囲気はスタイリッシュで素敵でしたが、階段が多かったり、お部屋も段差が多く、年配者には少し大変でした（ ＾ω＾）・・食事は工夫されていて美味しかったですが、朝食は少し重たかったです・・・部屋の風呂の蓋が重たかったり、夜、大浴場１５分前だったのにお掃除に入られていて、翌朝７時に入って下さいと断られたのにはがっかりしました・・車で行きましたが、道も狭くて、わかりにくかったです・・高齢者には少々きつかったです・・・,"時期:2025年6月宿泊; プラン:【早期割30】早めの予約で10％OFF。新しい上質な和スタイルをお得に体験（2食付）; 価格帯:29,001～30,000円(大人１名あたり/税込); 部屋:3; 風呂:4; 料理(朝食):2; 料理(夕食):4; 接客・サービス:2 | プラン 【早期割30】早めの予約で10％OFF。新しい上質な和スタイルをお得に体験（2食付） 和洋室 朝・夕",https://www.jalan.net/yad392046/kuchikomi/archive/,1,public_bath;view;small_bath_or_room;stairs_layout;access_road,raw/jalan/archive.html,cp932,mixed,body_positive_and_negative,high,body_sentiment_inference_needed
OTA full review,Jalan,jalan_8191e833616f4d00,きよちゃんさん,2025/5/12,5,最高でした！！,GW少し前に、宿泊させていただきました！ 天気が、悪く、雨の降る中、地獄めぐりに行き、天気が良かったら、もっと綺麗だろうなぁと思いましたが、初別府の、主人は、大満足でした！ 夕方、宿に到着し、タブレットで説明を受け、ウェルカムドリンクで乾杯。そして、部屋へ。想像以上の部屋で、テラス最高でした～ 温泉に何度も入り、そしてテラスで、景色見ながらのんびり過ごすことができました！ 食事を担当していただいたスタッフの方 色々お話しして楽しい美味しい時間をありがとうございました。おすすめのグミ美味でした～ 久しぶりに、お値段以上の満足なお宿でした。 また別府に行った際には、また訪れたいです。,"時期:2025年4月宿泊; プラン:【じゃらんのお得な10日間】別府の絶景を愉しむ半露天風呂♪創作和食コース2食付き; 価格帯:30,001円以上(大人１名あたり/税込); 部屋:5; 風呂:5; 料理(朝食):5; 料理(夕食):5; 接客・サービス:5 | プラン 【じゃらんのお得な10日間】別府の絶景を愉しむ半露天風呂♪創作和食コース2食付き 和洋室 朝・夕",https://www.jalan.net/yad392046/kuchikomi/archive/,1,room_open_air_bath;view,raw/jalan/archive.html,cp932,positive,body_positive,high,body_sentiment_inference_needed
OTA full review,Jalan,jalan_5d5b2badcd93d08b,まなさん,2025/3/29,5,誕生日旅行に利用しました,彼の誕生日旅行に利用しました。メールで問い合わせるとケーキも夕食時にサプライズで持ってきていただき、とても喜んでくれました。 夕食も朝食も全て絶品でとても美味しかったです。あいにくの雨で景色が見えづらかったのですが、お風呂もお部屋も満喫させて頂きました。 行きに道を間違え到着が遅くなりましたが、丁寧な対応していただきありがとうございました。 洗面台の水が流れづらく詰まるのだけが気になりました、,"時期:2025年3月宿泊; プラン:【じゃらんのお得な10日間】別府の絶景を愉しむ半露天風呂♪創作和食コース2食付き; 価格帯:30,001円以上(大人１名あたり/税込); 部屋:4; 風呂:5; 料理(朝食):5; 料理(夕食):5; 接客・サービス:5 | プラン 【じゃらんのお得な10日間】別府の絶景を愉しむ半露天風呂♪創作和食コース2食付き 和洋室 朝・夕",https://www.jalan.net/yad392046/kuchikomi/archive/,1,room_open_air_bath;view;access_road,raw/jalan/archive.html,cp932,positive,body_positive,high,body_sentiment_inference_needed
OTA full review,Jalan,jalan_1586d793830acc30,ママさんさん,2025/3/12,2,2泊しました,一泊目は良かったのですが2泊目の夕食特に朝食にはがっかりしました。そんなに安くは無い旅館なのでちょっと酷いなと思いました。これなら2泊とも同じ食事で良かったです。,"時期:2025年2月宿泊; プラン:【1月厳選】一泊二食付き 別府の絶景を愉しむ、半露天風呂付客室ステイ。夕食は創作和食コースを堪能; 価格帯:30,001円以上(大人１名あたり/税込); 部屋:3; 風呂:5; 料理(朝食):3; 料理(夕食):3; 接客・サービス:5 | プラン 【1月厳選】一泊二食付き 別府の絶景を愉しむ、半露天風呂付客室ステイ。夕食は創作和食コースを堪能 和洋室 朝・夕",https://www.jalan.net/yad392046/kuchikomi/archive/,1,room_open_air_bath,raw/jalan/archive.html,cp932,mixed,body_positive_and_negative,high,body_sentiment_inference_needed
OTA full review,Jalan,jalan_82884543ee017357,幸せの手乗りタイガーさん,2025/3/10,5,部屋の温泉が良かった！,部屋が凄く綺麗な和室で店員さんも凄く丁寧な接客でした！また、ご飯は凄く高級感があってとても美味しかったです！,"時期:2025年3月宿泊; プラン:【じゃらん限定×早期割30】早めの予約で10％OFF★素泊まりプラン／半露天風呂付 1階客室; 価格帯:20,001～21,000円(大人１名あたり/税込); 部屋:5; 風呂:5; 料理(朝食):-; 料理(夕食):-; 接客・サービス:5 | プラン 【じゃらん限定×早期割30】早めの予約で10％OFF★素泊まりプラン／半露天風呂付 1階客室 和洋室 食事なし",https://www.jalan.net/yad392046/kuchikomi/archive/,1,room_open_air_bath,raw/jalan/archive.html,cp932,positive,body_positive,high,body_sentiment_inference_needed
OTA full review,Jalan,jalan_2decfa47379e0323,あきよさんさん,2025/3/8,5,半露天風呂が大変気に入りました。,"旅行には温泉が必須の私ですが、今回の温泉はなんとお部屋に付いた""半露天風呂"" という事でとても期待していました。その期待どおり、贅沢な半露天風呂に大満足で何度もはいりました。 また、急遽朝食をお願いしてみたのですが、おかずが全て郷土料理で美味しくて、こちらも大満足でした。 ただ、お宿までの道が少し分かりにくかったことと、お部屋どうしの音が結構聞こえるので、音に敏感な方はご注意を。","時期:2025年3月宿泊; プラン:【じゃらん限定×早期割30】早めの予約で10％OFF★素泊まりプラン／半露天風呂付 1階客室; 価格帯:16,001～17,000円(大人１名あたり/税込); 部屋:5; 風呂:5; 料理(朝食):-; 料理(夕食):-; 接客・サービス:5 | プラン 【じゃらん限定×早期割30】早めの予約で10％OFF★素泊まりプラン／半露天風呂付 1階客室 和洋室 食事なし",https://www.jalan.net/yad392046/kuchikomi/archive/,1,room_open_air_bath;access_road,raw/jalan/archive.html,cp932,mixed,body_positive_and_negative,high,body_sentiment_inference_needed
OTA full review,Jalan,jalan_1a9b923432162161,なほさん,2025/3/3,5,少し贅沢な温泉旅行,マタニティ旅行で利用しました。 大浴場でお風呂に入るのに不安があり、部屋に温泉のついている宿をと予約しました。 宿に着いたらすでにお出迎えの方が立って、荷物を預かって、駐車場の場所を案内。妊娠中だった事もあり、荷物は案内の方が全て部屋まで運んでくれており、ロビーの椅子に座りチェックインの手続きを行えました。 部屋も綺麗で落ち着き、とても良い香りと洗面所に行くと温泉の香りがしてました。 部屋についているお風呂にしか入っておりませんが、 肌がスベスベ、冷え性の私でも何日も体がポカポカになりました。 食事も一品一品が美味しく、見た目もこだわりがあり、一口食べる事に美味しいと噛み締めてしまいました。 部屋までの案内や、夕食の時の担当の方、受付の方丁寧に対応していただきとても満足でした。,"時期:2025年3月宿泊; プラン:【早期割30】早めの予約で10％OFF。新しい上質な和スタイルをお得に体験（2食付）; 価格帯:30,001円以上(大人１名あたり/税込); 部屋:5; 風呂:5; 料理(朝食):5; 料理(夕食):5; 接客・サービス:5 | プラン 【早期割30】早めの予約で10％OFF。新しい上質な和スタイルをお得に体験（2食付） 和洋室 朝・夕",https://www.jalan.net/yad392046/kuchikomi/archive/,1,public_bath,raw/jalan/archive.html,cp932,positive,body_positive,high,body_sentiment_inference_needed
OTA full review,Jalan,jalan_3b40db706fbdf884,みっちーさん,2025/2/18,5,もう一度泊まりたい！,チェックインからチェックアウトまで気持ちよく過ごせました！部屋のお風呂も凄くよかったです！ 食事も朝、夕、満足できました！ 夕食、朝食ありのプランをオススメします！,"時期:2025年2月宿泊; プラン:【じゃらんのお得な10日間】別府の絶景を愉しむ半露天風呂♪創作和食コース2食付き; 価格帯:29,001～30,000円(大人１名あたり/税込); 部屋:5; 風呂:5; 料理(朝食):5; 料理(夕食):5; 接客・サービス:4 | プラン 【じゃらんのお得な10日間】別府の絶景を愉しむ半露天風呂♪創作和食コース2食付き 和洋室 朝・夕",https://www.jalan.net/yad392046/kuchikomi/archive/,1,room_open_air_bath,raw/jalan/archive.html,cp932,positive,body_positive,high,body_sentiment_inference_needed
OTA full review,Jalan,jalan_1968b0f6632bbded,めぐさん,2025/2/7,5,ちょっぴりよりやや贅沢なご褒美宿！,きれい！広い！ふかふか！静か！そして、なんてったって一日中の景色サイコー！！ 1年間頑張ったご褒美にぴったり！ ご飯もお酒も飲めて最高！ お部屋の温泉は湯加減調整しておけば、好きな時に入れる最高な半露天でした！ また、自分へのご褒美に泊まりたいです！,"時期:2024年12月宿泊; プラン:【12月厳選】一泊二食付き 別府の絶景を愉しむ、半露天風呂付客室ステイ。夕食は創作和食コースを堪能; 価格帯:29,001～30,000円(大人１名あたり/税込); 部屋:5; 風呂:4; 料理(朝食):5; 料理(夕食):5; 接客・サービス:4 | プラン 【12月厳選】一泊二食付き 別府の絶景を愉しむ、半露天風呂付客室ステイ。夕食は創作和食コースを堪能 和洋室 朝・夕",https://www.jalan.net/yad392046/kuchikomi/archive/,1,room_open_air_bath;view,raw/jalan/archive.html,cp932,positive,body_positive,high,body_sentiment_inference_needed
OTA full review,Jalan,jalan_633638583384b127,トガさん,2025/1/28,4,カップルにもおすすめ,1年のご褒美に利用しました ウェルカムサービスもあり、入り口から ゆったりとした空間 お部屋も綺麗でご褒美にピッタリな宿でした 大浴場が小さすぎてびっくりしましたが 部屋のお風呂が最高でした！！ 料理も美味しく最高でした ただ、晩御飯の時に案内？お世話係さんが よく喋る方で 聞いてもないことをべらべら 喋ってせっかくの優雅な気分が台無しでした 親切心と悪気なさは感じたので もう少し場の空気がよめるといいなーと 感じました 朝同じ方がいなくて ほっとしました,"時期:2024年12月宿泊; プラン:関アジ姿造り付き黒毛和牛創作会席 １泊２食付プラン; 価格帯:30,001円以上(大人１名あたり/税込); 部屋:4; 風呂:4; 料理(朝食):4; 料理(夕食):4; 接客・サービス:4 | プラン 関アジ姿造り付き黒毛和牛創作会席 １泊２食付プラン 和洋室 朝・夕",https://www.jalan.net/yad392046/kuchikomi/archive/,1,room_open_air_bath;public_bath,raw/jalan/archive.html,cp932,positive,body_positive,high,body_sentiment_inference_needed
OTA full review,Jalan,jalan_502fd59bea5bde53,はなちゃんさん,2025/1/17,5,1年前から予約して,ずっと宿泊したっかホテルです。別府の湯けむり街並みを山の中腹からみおろせる場所、お部屋に温泉があり夜風を感じながら湯に入りテラスに出て街並みを見ながらコーヒーをいただくなんと贅沢なお部屋でしょう。温泉はおんせん県の別府！さすがです。そして…食事はスタンディングオベーション。とても美味しかったです。目を閉じて静かに口の中で美味しさを感じ飲み込むのがもったいないくらい。ご飯が土鍋で温泉の蒸気で炊いてるのだと思います。朝食も先に出てくるスムージーから始まる。言葉を交わさず目と目で美味しさが通じる食事。また来ます。季節ごとが楽しみです。おすすめです。,"時期:2024年12月宿泊; プラン:関アジ姿造り付き黒毛和牛創作会席 １泊２食付プラン; 価格帯:30,001円以上(大人１名あたり/税込); 部屋:4; 風呂:5; 料理(朝食):5; 料理(夕食):5; 接客・サービス:5 | プラン 関アジ姿造り付き黒毛和牛創作会席 １泊２食付プラン 和洋室 朝・夕",https://www.jalan.net/yad392046/kuchikomi/archive/,1,,raw/jalan/archive.html,cp932,positive,body_positive,high,body_sentiment_inference_needed
OTA full review,Jalan,jalan_7189504470ec4653,sobaさん,2025/1/14,2,正月からこれでは･･･(;ﾟロﾟ),他の方も書かれていましたが、館内案内をモバイルでレクチャーを受けてから部屋に移動となりました。 部屋･･･人数分のベットは無く布団の用意もなし、椅子もないのないないづくしで正月から先がおもいやられました！ また無駄に段差ばかりが多いので高齢の母はひっくり返りそうになりましたのでご高齢には大変だと思います。 お食事･･･私達には苦手だったようです。（すべて甘め） 部屋付風呂･･･この点だけはパーフェクトでした！ ビジホと考えたら納得出来ると思いますが、値段的に正月料金で高額だった為ショックです,"時期:2025年1月宿泊; プラン:【スタンダード／2食付／1階】別府の絶景を愉しむ、半露天風呂付客室ステイ。夕食は黒毛和牛創作会席を; 価格帯:30,001円以上(大人１名あたり/税込); 部屋:1; 風呂:5; 料理(朝食):1; 料理(夕食):1; 接客・サービス:3 | プラン 【スタンダード／2食付／1階】別府の絶景を愉しむ、半露天風呂付客室ステイ。夕食は黒毛和牛創作会席を 和洋室 朝・夕",https://www.jalan.net/yad392046/kuchikomi/archive/,1,room_open_air_bath,raw/jalan/archive.html,cp932,positive,positive_signal_no_caution,medium,body_sentiment_inference_needed
OTA full review,Jalan,jalan_fbf8399ed031fe8c,なおんさん,2024/12/7,5,雨天の中の宿泊でしたが…,二度目の宿泊は友人と。あいにくの雨降りでしたが、テラスからの湯けむりは見ることが出来、素敵な景色でした。チェックインの時、雨に濡れた荷物を拭いて頂きました。泉質も良く何度も入浴しましたが、木の蓋が重いです…食事も美味しく、接客も良かったです。テラスで喫煙出来るのも有難いです。,"時期:2024年11月宿泊; プラン:【早期割30】早めの予約で10％OFF。新しい上質な和スタイルをお得に体験（2食付）; 価格帯:29,001～30,000円(大人１名あたり/税込); 部屋:5; 風呂:4; 料理(朝食):4; 料理(夕食):5; 接客・サービス:5 | プラン 【早期割30】早めの予約で10％OFF。新しい上質な和スタイルをお得に体験（2食付） 和洋室 朝・夕",https://www.jalan.net/yad392046/kuchikomi/archive/,1,view,raw/jalan/archive.html,cp932,positive,body_positive,high,body_sentiment_inference_needed
OTA full review,Jalan,jalan_64f17d060252fdf9,あーちゃんさん,2024/12/1,5,絶景でした,恋人の誕生日祝いでサプライズで予約しました！ ロビーやお部屋から見える景色はどの時間帯でも絶景で、ご飯もとても美味しくて最高でした！スタッフの方の接客も丁寧で、ここの宿を選んでよかったなと思うことばかりでした！恋人にも凄く喜んでもらえました！ありがとうございました！,"時期:2024年11月宿泊; プラン:【早期割30】早めの予約で10％OFF。新しい上質な和スタイルをお得に体験（2食付）; 価格帯:30,001円以上(大人１名あたり/税込); 部屋:5; 風呂:5; 料理(朝食):5; 料理(夕食):5; 接客・サービス:5 | プラン 【早期割30】早めの予約で10％OFF。新しい上質な和スタイルをお得に体験（2食付） 和洋室 朝・夕",https://www.jalan.net/yad392046/kuchikomi/archive/,1,view,raw/jalan/archive.html,cp932,positive,body_positive,high,body_sentiment_inference_needed
OTA full review,Jalan,jalan_95369df92898fc60,ユカさんさん,2024/11/26,4,結婚記念日旅行,毎年、結婚記念日に夫婦で温泉旅行を楽しんでいて今年は別府のテラス御堂原さんに一泊しました。 チェックインの際に、見晴らしの良いロビーで お抹茶とお菓子を出して頂きました。 お部屋は綺麗で、部屋の温泉からも入りながら景色が楽しめてゆっくり出来ました。 夕食、朝食とも私達には丁度良い量で 夕食の焼き物で猪肉を頂きましたが、とっても美味しかったです。 スタッフさんも感じの良い方ばかりで、期待通りの良いお宿でした。 ただ、泊まったのが１階のお部屋だったので、2階の方の足音が結構うるさく、2階で掛け流しでお風呂を使われたのか、私達の部屋のお風呂の天井からポタポタと水が落ちてきたのが残念でした。,"時期:2024年11月宿泊; プラン:【早期割30】早めの予約で10％OFF。新しい上質な和スタイルをお得に体験（2食付）; 価格帯:27,001～28,000円(大人１名あたり/税込); 部屋:4; 風呂:4; 料理(朝食):4; 料理(夕食):4; 接客・サービス:4 | プラン 【早期割30】早めの予約で10％OFF。新しい上質な和スタイルをお得に体験（2食付） 和洋室 朝・夕",https://www.jalan.net/yad392046/kuchikomi/archive/,1,room_open_air_bath;view,raw/jalan/archive.html,cp932,mixed,body_positive_and_negative,high,body_sentiment_inference_needed
OTA full review,Jalan,jalan_29c6e8d0cf62d869,ユウキさん,2024/11/2,5,ゆっくりできて最高でした,料理も部屋も部屋のお風呂も本当に良かったです。 また応対して頂いた従業員さんの接客もよく気配りして頂き良かったです。総合的にどこをとっても良いと思いました、また来てみたいです。,"時期:2024年11月宿泊; プラン:【早期割30】早めの予約で10％OFF。新しい上質な和スタイルをお得に体験（2食付）; 価格帯:29,001～30,000円(大人１名あたり/税込); 部屋:5; 風呂:5; 料理(朝食):5; 料理(夕食):5; 接客・サービス:5 | プラン 【早期割30】早めの予約で10％OFF。新しい上質な和スタイルをお得に体験（2食付） 和洋室 朝・夕",https://www.jalan.net/yad392046/kuchikomi/archive/,1,room_open_air_bath,raw/jalan/archive.html,cp932,positive,body_positive,high,body_sentiment_inference_needed
OTA full review,Jalan,jalan_c5b08cbbb65ea7db,とおるちゃんさん,2024/9/17,4,テラスからの眺めが最高でした。,夕立がひどく海上での雷ショー凄かった海に稲妻が落ち音も反響して、このホテルでないと見れない光景でした。,"時期:2024年7月宿泊; プラン:1泊朝食付プラン 半露天風呂付客室 1階客室; 価格帯:25,001～26,000円(大人１名あたり/税込); 部屋:5; 風呂:4; 料理(朝食):3; 料理(夕食):-; 接客・サービス:4 | プラン 1泊朝食付プラン 半露天風呂付客室 1階客室 和洋室 朝のみ",https://www.jalan.net/yad392046/kuchikomi/archive/,1,room_open_air_bath;view,raw/jalan/archive.html,cp932,positive,body_positive,high,body_sentiment_inference_needed
OTA full review,Jalan,jalan_415be5c323e91857,ユキオさん,2024/8/18,4,金額に見合ったサービス良かった。,2人で宿泊させて頂きました。 １名肉料理苦手で事前にお伝えしてたら１名分だけ魚料理に変更してくださり大変美味しく頂きました。ありがとうございました。,"時期:2024年8月宿泊; プラン:【スタンダード／2食付】別府の絶景を愉しむ、半露天風呂付客室ステイ。夕食は黒毛和牛創作会席を堪能; 価格帯:30,001円以上(大人１名あたり/税込); 部屋:4; 風呂:4; 料理(朝食):3; 料理(夕食):4; 接客・サービス:4 | プラン 【スタンダード／2食付】別府の絶景を愉しむ、半露天風呂付客室ステイ。夕食は黒毛和牛創作会席を堪能 和洋室 朝・夕",https://www.jalan.net/yad392046/kuchikomi/archive/,1,room_open_air_bath,raw/jalan/archive.html,cp932,positive,body_positive,high,body_sentiment_inference_needed
OTA full review,Jalan,jalan_7d02daf4bff313e7,麟さん,2024/8/12,4,お祝い,誕生日のお祝いで景色がよく温泉が入れる施設を探したところ今回の宿に行きつきました。最初に気になったことを書くと、夜のイベントをチェックイン時に案内されましたが、そもそもの宿泊料金が高いので自由にドリンクを飲めるくらいのサービスがあっても良いかと思いました。最後のチェックアウトも荷物は運んでもらえず自分等で炎天下の中、駐車場まで荷物を運びました。部屋は夕食は期待通りか期待以上で、大変良かったです。料理はどれも凝っていて、追加で希望すればボリュームも増やせるように設定されてあったのはありがたかったです。又、景色も昼夜共にとても綺麗でベランダから眺めていました。温泉は自分達で調整できる仕組みとなっており、ぬるくなれば熱くもできたので良かったです。,"時期:2024年7月宿泊; プラン:夜景を独り占め♪ お二人の記念日プラン １泊２食付; 価格帯:30,001円以上(大人１名あたり/税込); 部屋:4; 風呂:4; 料理(朝食):4; 料理(夕食):5; 接客・サービス:3 | プラン 夜景を独り占め♪ お二人の記念日プラン １泊２食付 和洋室 朝・夕",https://www.jalan.net/yad392046/kuchikomi/archive/,1,view;temperature_hot;temperature_cold,raw/jalan/archive.html,cp932,mixed,conditional_signal_tag,medium,body_sentiment_inference_needed
OTA full review,Jalan,jalan_8549d7d4bb4983d9,ようこちゃんさん,2024/6/18,4,2回目の宿,今年の7月31日で、夫が65歳で定年を迎えます。 日頃の感謝で、お気に入りの宿として テラス御堂原さんを利用しました。何といっても、部屋付きの半露天風呂が 最高なんです。 今回は、何と 2階のお部屋。眺望が最高でした。ありがとうございました。 夕飯は、お腹一杯で、美味しかったです。 温泉とお酒で、ゆっくり出来ました。また、利用したいお宿の一つになりました。スタッフさんも、気配りされていて、ゆっくりくつろげました。皆さんも、是非。,"時期:2024年6月宿泊; プラン:【じゃらんのお得な10日間】 1階客室 別府の絶景を愉しむ半露天風呂♪黒毛和牛会席2食付き; 価格帯:27,001～28,000円(大人１名あたり/税込); 部屋:5; 風呂:5; 料理(朝食):4; 料理(夕食):4; 接客・サービス:4 | プラン 【じゃらんのお得な10日間】 1階客室 別府の絶景を愉しむ半露天風呂♪黒毛和牛会席2食付き 和洋室 朝・夕",https://www.jalan.net/yad392046/kuchikomi/archive/,1,room_open_air_bath;view,raw/jalan/archive.html,cp932,positive,body_positive,high,body_sentiment_inference_needed
OTA full review,Jalan,jalan_4f550841a61922e6,まりこんつさん,2024/5/1,4,お料理最高,２度目の別府旅行でした。 別府の夜景が見たくて、このお宿を選びました。あいにくの曇りと小雨で霧が濃くて残念でしたが、テラスでの開放感は抜群！ 食事も美味しくスタッフの方もいい感じでした^ - ^ 天気が悪く夜景も堪能できませんでしたがロビーでイルミネーションの灯でカクテルを頂き美味しかったです(^.^) 温泉は硫黄の香りで熱めてしたが、適温に調整し半露天で気持ちよかったです(o^^o) お風呂の蓋が、もう少し軽かったら良かったな。洗面所に椅子が欲しかったですね。 自然豊かな高台のお宿、天気の良い日にまた利用させて貰います。ありがとうございました♪,"時期:2024年4月宿泊; プラン:【大分の味力を満喫 ♪ おおいた和牛懐石プラン】2階客室; 価格帯:30,001円以上(大人１名あたり/税込); 部屋:4; 風呂:4; 料理(朝食):5; 料理(夕食):5; 接客・サービス:5 | プラン 【大分の味力を満喫 ♪ おおいた和牛懐石プラン】2階客室 和洋室 朝・夕",https://www.jalan.net/yad392046/kuchikomi/archive/,1,room_open_air_bath;temperature_hot,raw/jalan/archive.html,cp932,mixed,body_positive_and_negative,high,body_sentiment_inference_needed
OTA full review,Jalan,jalan_48e308534377c1b5,ゆきさん,2024/4/30,4,最高でした！,霧が深くびっくりしましたが、そこもまた風情があり良かったです。 部屋の中で温泉が何度もたのしめる、とても幸せな時間でした。 ドライヤーが小型で使いづらかったので、これでなければ満点でした。 また行きたいと思います！,"時期:2024年4月宿泊; プラン:素泊まりプラン 半露天風呂付客室 1階客室; 価格帯:21,001～22,000円(大人１名あたり/税込); 部屋:5; 風呂:5; 料理(朝食):-; 料理(夕食):-; 接客・サービス:4 | プラン 素泊まりプラン 半露天風呂付客室 1階客室 和洋室 食事なし",https://www.jalan.net/yad392046/kuchikomi/archive/,1,room_open_air_bath,raw/jalan/archive.html,cp932,positive,body_positive,high,body_sentiment_inference_needed
OTA full review,Jalan,jalan_d9411312ca10cb97,でじもんさん,2024/3/10,5,おこもりに最適です,１人でぼーっとしながら 温泉に入りたくて予約しました。 まだまだ寒いこの時期は 半露天風呂がいいですね！！ 木蓋が重くて少し大変でしたが…。 冷めるので翌朝はお湯を入れ替え、温泉を楽しみました。 温泉に浸かり、寝て、本を読んで、と あっという間に時間が過ぎました。 チェックアウト時にいただいた 自家製焼き菓子もおいしかったです。,"時期:2024年3月宿泊; プラン:1泊朝食付プラン 半露天風呂付客室 1階客室; 価格帯:30,001円以上(大人１名あたり/税込); 部屋:5; 風呂:5; 料理(朝食):4; 料理(夕食):-; 接客・サービス:5 | プラン 1泊朝食付プラン 半露天風呂付客室 1階客室 和洋室 朝のみ",https://www.jalan.net/yad392046/kuchikomi/archive/,1,room_open_air_bath,raw/jalan/archive.html,cp932,mixed,body_positive_and_negative,high,body_sentiment_inference_needed
OTA full review,Jalan,jalan_b708786e3cfe0495,けいちゃんさん,2024/3/10,1,客室風呂が残念でならない…,とにかく、別府温泉を楽しみにしてこちらの宿を選んだのに 客室風呂が汚すぎて入ることができませんでした。 旅行で生まれて初めてのショック感です。 客室風呂はリニューアルした方がいいと思います。 まずまずだったのは、食事くらいかなぁと思います。,"時期:2024年1月宿泊; プラン:【じゃらんスペシャルウィーク】黒毛和牛創作会席プラン 2階客室 1泊2食; 価格帯:30,001円以上(大人１名あたり/税込); 部屋:1; 風呂:1; 料理(朝食):2; 料理(夕食):2; 接客・サービス:1 | プラン 【じゃらんスペシャルウィーク】黒毛和牛創作会席プラン 2階客室 1泊2食 和洋室 朝・夕",https://www.jalan.net/yad392046/kuchikomi/archive/,1,room_open_air_bath,raw/jalan/archive.html,cp932,mixed,body_positive_and_negative,high,body_sentiment_inference_needed
OTA full review,Jalan,jalan_311160ff1b5e7da5,ようこちゃんさん,2024/1/24,5,初めての宿,初めての宿、別府にある テラス御堂原へ行って来ました。離れで半露天風呂付きの部屋。広くて、眺めも良く ゆっくり出来ました。なんと言っても、温泉。私達夫婦は、月一温泉を実行中なんです。日々の仕事の疲れを、温泉でのんびり過ごし、また 来れる様 頑張る。励みになってます。ここ、お気に入りリスト入り確定です。,"時期:2024年1月宿泊; プラン:【じゃらんのお得な10日間】 1階客室 別府の絶景を愉しむ半露天風呂。黒毛和牛会席2食付き; 価格帯:27,001～28,000円(大人１名あたり/税込); 部屋:5; 風呂:5; 料理(朝食):4; 料理(夕食):5; 接客・サービス:5 | プラン 【じゃらんのお得な10日間】 1階客室 別府の絶景を愉しむ半露天風呂。黒毛和牛会席2食付き 和洋室 朝・夕",https://www.jalan.net/yad392046/kuchikomi/archive/,1,room_open_air_bath;view,raw/jalan/archive.html,cp932,positive,body_positive,high,body_sentiment_inference_needed
OTA full review,Jalan,jalan_fac5ac037cbaebd8,あかりんさん,2024/1/23,5,ゆったり五感で癒される宿,リラックス旅行をしたく予約しました。着いたらお出迎えからウェルカムスイーツ、そしてきれいなオーシャンビューと非日常感が味わえました。お部屋も広く、部屋数も少ないことから静かでまったり過ごせました。チェックアウト時にお土産の自家製クッキーまでいただき、最後まで丁寧なおもてなしに胸が一杯になりました。また泊まりたいお宿です。ありがとうございました。,"時期:2024年1月宿泊; プラン:素泊まりプラン 半露天風呂付客室 1階客室; 価格帯:17,001～18,000円(大人１名あたり/税込); 部屋:5; 風呂:5; 料理(朝食):-; 料理(夕食):-; 接客・サービス:5 | プラン 素泊まりプラン 半露天風呂付客室 1階客室 和洋室 食事なし",https://www.jalan.net/yad392046/kuchikomi/archive/,1,room_open_air_bath,raw/jalan/archive.html,cp932,positive,body_positive,high,body_sentiment_inference_needed
OTA full review,Jalan,jalan_e01817bd807b1d4f,えりさん,2024/1/18,5,カップルや夫婦の旅行におすすめ,露天風呂付きのお部屋を探してました。半露天なので寒いこの時期でもあたたかく入ることが出来ました。お部屋もとても綺麗で、ベランダも付いててスタッフさん方も丁寧で、とてもゆったりできた心地のいい時間でした。また泊まりたいです(*^^*),"時期:2023年12月宿泊; プラン:1泊朝食付プラン 半露天風呂付客室 1階客室; 価格帯:21,001～22,000円(大人１名あたり/税込); 部屋:5; 風呂:5; 料理(朝食):4; 料理(夕食):-; 接客・サービス:5 | プラン 1泊朝食付プラン 半露天風呂付客室 1階客室 和洋室 朝のみ",https://www.jalan.net/yad392046/kuchikomi/archive/,1,room_open_air_bath,raw/jalan/archive.html,cp932,mixed,body_positive_and_negative,high,body_sentiment_inference_needed
OTA full review,Jalan,jalan_9cb6b77cd639f416,はじめちゃんさん,2024/1/17,2,毎月の楽しみ,毎月、ハイクラスホテルへ夫婦で宿泊しています。 今回は仕事終わりだったので、近場の気になっていた絶景の隠れ宿テラス御堂原で朝食付きプランを利用しました。 全般的に残念といった感想です。 チェックイン時には出迎えもなく、呼び出しボタンもない。フロント右側に電話があり、７番を押せば係員と繋がると記入されていた。 館内説明はタブレットを鑑賞。 部屋の説明は無く、室内は寒かった。 楽しみの温泉も湯が張られておらず、自身で温度調整しながら湯張り。 布団がマットの上に敷かれていたが、マットが固定されておらずズレる。 ガスヒーターが設置されていたので、それを利用すれば室内が暖かくなったが、説明してくれれば。。。 アメニティーが貧祖に感じるもので、バスタオル、ドライヤー、シャンプー、コンディショナー等、ハイクラスホテルに見合うものにしたほうがいいと感じた。（持参物を利用した） 室内は清潔感は有るも、部分的に損傷が酷く勿体ないと感じた。 朝食は貧祖。主食は魚が二切れのみ。ごはんとみそ汁は美味しかったが、それ以外はビジネスホテル並み。 全般的に、朝食のみの宿泊で２万円超／名支払う価値は無かったと言わざる負えない宿でした。,"時期:2024年1月宿泊; プラン:1泊朝食付プラン 半露天風呂付客室 1階客室; 価格帯:21,001～22,000円(大人１名あたり/税込); 部屋:3; 風呂:3; 料理(朝食):2; 料理(夕食):-; 接客・サービス:2 | プラン 1泊朝食付プラン 半露天風呂付客室 1階客室 和洋室 朝のみ",https://www.jalan.net/yad392046/kuchikomi/archive/,1,room_open_air_bath;small_bath_or_room,raw/jalan/archive.html,cp932,mixed,body_positive_and_negative,high,body_sentiment_inference_needed
OTA full review,Jalan,jalan_04ec37bd69ca0fff,aquamarineさん,2024/1/8,3,温泉だけは､ずば抜けて良かった,温泉やお部屋は良かったのですが、入室してすぐビールを冷やそうと冷蔵庫を開けたら長い髪の毛が1本ありました､開けてすぐ目立つ所だったので､なぜ掃除の人は気が付かないのか不思議に思ったのと初っ端からかなり気分が下がりました。 朝夕の食事は私達夫婦の口には合わなかったようです､サフランライスの香りが炊飯器で長時間放置したような匂いでした。 でもデザート系はとても美味しかったです。 朝夕の食事スタッフは同じ方でしたが､朝だけはずっと英語で話しかけられました､この件に関しは接客レベルの低さを感じました。 これから良い方に改善されればと思います。,"時期:2023年12月宿泊; プラン:【じゃらんスペシャルウィーク】黒毛和牛創作懐石プラン1階客室 1泊2食; 価格帯:27,001～28,000円(大人１名あたり/税込); 部屋:4; 風呂:5; 料理(朝食):3; 料理(夕食):3; 接客・サービス:3 | プラン 【じゃらんスペシャルウィーク】黒毛和牛創作懐石プラン1階客室 1泊2食 和洋室 朝・夕",https://www.jalan.net/yad392046/kuchikomi/archive/,1,,raw/jalan/archive.html,cp932,mixed,body_positive_and_negative,high,body_sentiment_inference_needed
OTA full review,Jalan,jalan_88839823f8b66dca,noriさん,2016/7/30,5,大人のくつろぎ,こだわりを感じさせる外観と部屋づくり。間接照明、ベッドの位置、持ちやすいコーヒーカップ、また目立たないところまで、こだわりを感じるホテルでした。大人のムードで癒された初老の二人、少し若返ったような素晴らしい休暇でした。 スタッフの方々の一生懸命さがとても好感が持てました。,"時期:2016年7月宿泊; プラン:【平日限定】☆室数限定☆オープニング記念プラン半露天風呂付き客室 1泊2食 1階客室; 価格帯:21,001～22,000円(大人１名あたり/税込); 部屋:5; 風呂:3; 料理(朝食):5; 料理(夕食):5; 接客・サービス:5 | プラン 【平日限定】☆室数限定☆オープニング記念プラン半露天風呂付き客室 1泊2食 1階客室 和洋室 朝・夕",https://www.jalan.net/yad392046/kuchikomi/archive/,1,room_open_air_bath,raw/jalan/archive_page_10.html,cp932,positive,body_positive,high,body_sentiment_inference_needed
OTA full review,Jalan,jalan_9114815bb3899fce,お魚ちゃんさん,2016/7/25,4,おもてなし,お世話になりました。 宿泊先迄の道が分かりづらいですね。 景色を見ながらゆっくり温泉につかって 又、温泉の匂いを掻きながら疲れが抜けていくようでした。 食事も美味しく頂きました。 ただ、難点が１点ありました。 ２階の宿泊者の歩き方の音が酷かったですね。 何度も起こされました。,"時期:2016年7月宿泊; プラン:【平日限定】☆室数限定☆オープニング記念プラン半露天風呂付き客室 1泊2食 1階客室; 価格帯:21,001～22,000円(大人１名あたり/税込); 部屋:4; 風呂:4; 料理(朝食):4; 料理(夕食):4; 接客・サービス:4 | プラン 【平日限定】☆室数限定☆オープニング記念プラン半露天風呂付き客室 1泊2食 1階客室 和洋室 朝・夕",https://www.jalan.net/yad392046/kuchikomi/archive/,1,room_open_air_bath;view;access_road,raw/jalan/archive_page_10.html,cp932,positive,body_positive,high,body_sentiment_inference_needed
OTA full review,Jalan,jalan_cc8f57dfea0d1ae1,奥野さん,2016/7/19,5,お料理がとても美味しい。,お部屋はとても清潔感がありよかったです。 お料理も朝夕共に大変美味しく満足できました。 ただ、隣とのお部屋の壁が薄いのか隣の学生風の方たちか夜中まで騒いでおり声が凄く響きあまり眠れませんでした。とにかく声がよく響きます。 その他は、お部屋、お風呂、お料理、対応、とてもよかったです。,"時期:2016年7月宿泊; プラン:半露天風呂付き客室 1泊2食 創作懐石プラン 1階客室; 価格帯:26,001～27,000円(大人１名あたり/税込); 部屋:5; 風呂:5; 料理(朝食):5; 料理(夕食):5; 接客・サービス:5 | プラン 半露天風呂付き客室 1泊2食 創作懐石プラン 1階客室 和洋室 朝・夕",https://www.jalan.net/yad392046/kuchikomi/archive/,1,room_open_air_bath,raw/jalan/archive_page_10.html,cp932,mixed,body_positive_and_negative,high,body_sentiment_inference_needed
OTA full review,Jalan,jalan_d97712d5d44cb424,あきさん,2016/6/8,5,大満足,梅雨時期でしたがお天気もよく 自分たちの部屋のテラスから海までよく見えました。 翌朝起きたら霧がすごくて真っ白でしたけど（笑） 食事は和食のコースですが洋風のものがあったり 見た目も綺麗で楽しめました。 和牛のすき焼きが特に美味しかった。 部屋の風呂からも景色がよくって 何回も入りました。,"時期:2016年6月宿泊; プラン:【平日限定】☆室数限定☆オープニング記念プラン半露天風呂付き客室 1泊2食 1階客室; 価格帯:21,001～22,000円(大人１名あたり/税込); 部屋:5; 風呂:5; 料理(朝食):5; 料理(夕食):5; 接客・サービス:5 | プラン 【平日限定】☆室数限定☆オープニング記念プラン半露天風呂付き客室 1泊2食 1階客室 和洋室 朝・夕",https://www.jalan.net/yad392046/kuchikomi/archive/,1,room_open_air_bath;view,raw/jalan/archive_page_10.html,cp932,positive,body_positive,high,body_sentiment_inference_needed
OTA full review,Jalan,jalan_5b0f8d38456edd45,ぶんぞぅさん,2016/5/29,2,接客が…,接客がとにかく素人なのかすべてにおいてタジタジした感じ。部屋に入ってからもとにかく説明説明でなかなか部屋から出ていかない。 部屋は天井から上の部屋のお風呂の水が漏れてきてるし、妻がスタッフにその事を伝えたら、前から知ってましたよみたいな対応されたみたいで… 直す気ない感じだったみたい。 とにかく、これで5万円以上ははっきり言って無駄づかい。 2万円以下かな(笑) 宿の方の再教育から運営方針を、０から見直して下さい。,"時期:2016年5月宿泊; プラン:半露天風呂付き客室 1泊2食 創作懐石プラン 1階客室; 価格帯:30,001円以上(大人１名あたり/税込); 部屋:4; 風呂:3; 料理(朝食):4; 料理(夕食):4; 接客・サービス:2 | プラン 半露天風呂付き客室 1泊2食 創作懐石プラン 1階客室 和洋室 朝・夕",https://www.jalan.net/yad392046/kuchikomi/archive/,1,room_open_air_bath,raw/jalan/archive_page_10.html,cp932,positive,positive_signal_no_caution,medium,body_sentiment_inference_needed
OTA full review,Jalan,jalan_8022d171c51c0fd3,たっちゃんさん,2016/5/8,4,初めて利用しました。,ちょっと贅沢な気分を味わうために訪れました。 お風呂迄行くのが屋外通路を通るので少し寒かったし雨降りで傘をささないといけなかったのが残念でした。 翌朝は部屋の半露天風呂は気持ちが良かった。 食事は美味しく頂けたけど食事場所迄が屋外通路を通って行くので冬場は辛いと思いました。,"時期:2016年3月宿泊; プラン:関アジ姿造り付き会席 １泊２食付プラン; 価格帯:24,001～25,000円(大人１名あたり/税込); 部屋:4; 風呂:4; 料理(朝食):5; 料理(夕食):5; 接客・サービス:4 | プラン 関アジ姿造り付き会席 １泊２食付プラン 和洋室 朝・夕",https://www.jalan.net/yad392046/kuchikomi/archive/,1,room_open_air_bath,raw/jalan/archive_page_10.html,cp932,mixed,body_positive_and_negative,high,body_sentiment_inference_needed
OTA full review,Jalan,jalan_dde8a38a6da3161b,ゆりさん,2016/4/30,5,とにかく綺麗でした,お部屋がとても綺麗で、景色がとても良かったです。 また、お料理も全部美味しくて文句の言いようがないくらいです。 また必ず宿泊したいと思います。ありがとうございました。,"時期:2016年4月宿泊; プラン:関アジ姿造り付き会席 １泊２食付プラン; 価格帯:30,001円以上(大人１名あたり/税込); 部屋:4; 風呂:5; 料理(朝食):5; 料理(夕食):5; 接客・サービス:4 | プラン 関アジ姿造り付き会席 １泊２食付プラン 和洋室 朝・夕",https://www.jalan.net/yad392046/kuchikomi/archive/,1,view,raw/jalan/archive_page_10.html,cp932,positive,body_positive,high,body_sentiment_inference_needed
OTA full review,Jalan,jalan_bf29c59b3e149954,なべちゃんさん,2016/4/24,4,景色が素晴らしい,高台にあるので、国東、鉄輪の湯煙、市内が見られくつろげます。 朝食ですが、ご飯かお粥を選択出来れば良いかな、前夜いつも飲み過ぎになるので。もう一つ、アクセスが難でホテルに２回もＴＥＬしやっと着きました。,"時期:2016年4月宿泊; プラン:半露天風呂付き客室 1泊2食 創作懐石プラン 1階客室; 価格帯:23,001～24,000円(大人１名あたり/税込); 部屋:4; 風呂:4; 料理(朝食):2; 料理(夕食):5; 接客・サービス:5 | プラン 半露天風呂付き客室 1泊2食 創作懐石プラン 1階客室 和洋室 朝・夕",https://www.jalan.net/yad392046/kuchikomi/archive/,1,room_open_air_bath;view,raw/jalan/archive_page_10.html,cp932,positive,body_positive,high,body_sentiment_inference_needed
OTA full review,Jalan,jalan_034fc1fe15c8398c,ねこちゃんさん,2016/4/9,5,日頃の仕事の疲れを癒しに彼と行きました。,閑静な住宅街の高台にあり、隠れ家的な宿といった雰囲気で凄く癒されました。料理や景色、部屋の雰囲気も写真のまんまで素敵でした。女性には好きな色浴衣が選べてテンション上がりました。全てにおいて大満足でした。ただアクセスが分かりにくかったです。 もう少し手前の道から分かりやすい看板があるとよかったと思います。,"時期:2016年4月宿泊; プラン:半露天風呂付客室 1泊2食 創作会席プラン 2階客室; 価格帯:24,001～25,000円(大人１名あたり/税込); 部屋:5; 風呂:5; 料理(朝食):4; 料理(夕食):5; 接客・サービス:4 | プラン 半露天風呂付客室 1泊2食 創作会席プラン 2階客室 和洋室 朝・夕",https://www.jalan.net/yad392046/kuchikomi/archive/,1,room_open_air_bath;view;access_road,raw/jalan/archive_page_10.html,cp932,mixed,body_positive_and_negative,high,body_sentiment_inference_needed
OTA full review,Jalan,jalan_229ff11c0323396f,百愛さん,2016/4/6,5,お部屋がきれい,結婚記念日で少し贅沢したくてこのお宿を予約しました。 高速が霧で通行止めの渋滞でチェックインに少し遅れましたが、食事の時間を少し遅らせてくれるなど、快く対応してくれてうれしかったです。 霧のために景色が見えずに残念でしたが、今度は天気の良い日に泊まりに行きたいと思いました。 追加で大浴場と部屋のお風呂のシャワーの位置が高すぎて、髪が洗いにくく感じました。あと、お部屋の化粧水や整髪剤があるといいなと思います。今後の参考になればと思います。,"時期:2016年4月宿泊; プラン:半露天風呂付客室 1泊2食 創作会席プラン 2階客室; 価格帯:24,001～25,000円(大人１名あたり/税込); 部屋:5; 風呂:5; 料理(朝食):5; 料理(夕食):5; 接客・サービス:5 | プラン 半露天風呂付客室 1泊2食 創作会席プラン 2階客室 和洋室 朝・夕",https://www.jalan.net/yad392046/kuchikomi/archive/,1,room_open_air_bath;public_bath;view,raw/jalan/archive_page_10.html,cp932,mixed,body_positive_and_negative,high,body_sentiment_inference_needed
OTA full review,Jalan,jalan_b04655adfa795384,みやさん,2016/3/29,4,景色が最高,ホームページでみたまんまの素敵なお部屋でした。 景色も綺麗で癒されましたし、お風呂も自分の好きなように温度調節もできるし、最高です！ ただ、椅子がクッションがなく、痛かったです。 そこさえよければ言うことなし！ また行きたいです！,"時期:2016年3月宿泊; プラン:頑張った自分にご褒美♪ 女性限定 レディースプラン１泊２食付; 価格帯:24,001～25,000円(大人１名あたり/税込); 部屋:4; 風呂:4; 料理(朝食):5; 料理(夕食):5; 接客・サービス:5 | プラン 頑張った自分にご褒美♪ 女性限定 レディースプラン１泊２食付 和洋室 朝・夕",https://www.jalan.net/yad392046/kuchikomi/archive/,1,view,raw/jalan/archive_page_10.html,cp932,mixed,body_positive_and_negative,high,body_sentiment_inference_needed
OTA full review,Jalan,jalan_1344478acf528a5c,まさひこさん,2016/3/28,4,迷いました。,カーナビに表示された場所は、別府ではなく 湯布院！宿に電話して何とか到着。 カーナビ入力は、住所で！ 今回の１０日間の旅の中で、食事はナンバー1 朝夕食ともたいへん美味しくいただきました。 駐車場からフロントまで、自分で荷物を持って歩いていったけど、お迎えがあっても良いのでは。,"時期:2016年3月宿泊; プラン:関アジ姿造り付き会席 １泊２食付プラン; 価格帯:25,001～26,000円(大人１名あたり/税込); 部屋:4; 風呂:4; 料理(朝食):5; 料理(夕食):5; 接客・サービス:3 | プラン 関アジ姿造り付き会席 １泊２食付プラン 和洋室 朝・夕",https://www.jalan.net/yad392046/kuchikomi/archive/,1,,raw/jalan/archive_page_10.html,cp932,neutral,neutral_or_lodging_context,medium,body_sentiment_inference_needed
OTA full review,Jalan,jalan_c9428027d8c5381e,虎縞さん,2016/3/14,5,素敵なお宿です。,子供を親に預けて久しぶりに夫婦二人でデート旅行に利用しました。 本当にゆっくりできた旅行になりました。 駐車場に車を停めて上にある入り口へと歩いていると、ホテルの方が迎えに来て荷物を運んで下さいました。 できて間もないホテルなのでお部屋はとてもキレイでした。 眺望を意識した段下がりの造りで、名前入りのメッセージもありました。 テラスもロビー同様景色が良くてしばしうっとり眺めて癒されました。 お風呂は広くはないですが、源泉が80度なので一度入った後の冷めたお湯でも継ぎ足せばすぐに熱々になりました。 食事はどれも美味しかったです。 魚は新鮮、お肉はやわらかく、野菜もおいしくて、量も充分でお腹一杯になりましたが胃もたれなどは全くしませんでした。 朝御飯も優しいお味で満足しました。 味付けの甘みが個人的にすごく好みでした。 食事処の女性スタッフの方の笑顔が素敵で気持ち良かったです。 とても気持ちよく利用できたので思い出に残る宿になると思います。 ありがとうございました。 いつかまた利用させて頂く日を楽しみにして日常の仕事を頑張ります!!,"時期:2016年3月宿泊; プラン:半露天風呂付き客室 1泊2食 創作懐石プラン 1階客室; 価格帯:26,001～27,000円(大人１名あたり/税込); 部屋:5; 風呂:5; 料理(朝食):5; 料理(夕食):5; 接客・サービス:5 | プラン 半露天風呂付き客室 1泊2食 創作懐石プラン 1階客室 和洋室 朝・夕",https://www.jalan.net/yad392046/kuchikomi/archive/,1,room_open_air_bath;view;temperature_hot,raw/jalan/archive_page_10.html,cp932,mixed,conditional_signal_tag,medium,body_sentiment_inference_needed
OTA full review,Jalan,jalan_6c403e808bb396b9,まきさん,2016/2/22,5,スタッフさんの心遣いに感謝です。,新しくオープンしたばかりということで、お部屋の雰囲気等で決めました。 今回の旅行は、彼の誕生日旅行ということでとても楽しみにしていました！他の方が書かれていましたが、もう少しお出迎えの体勢をしっかりされても良いのかなという印象。お抹茶とお菓子は嬉しかったです。また、色浴衣のサービスもとても嬉しかったです！ それにしても、彼は当日体調が良くなかったのですが、救急の病院等を調べてくださったり、夕飯も食べられなかった物をおにぎりにしてお部屋に持って来てくださったり、朝ご飯までお粥にしてくださったり、本当にありがとうございました。私自身、彼を気遣い心配しながらだったので、夕飯がしっかり食べられなかったことが心残りです…残してしまって申し訳ありませんでした。 お部屋もお風呂も清潔感があり、結果的にとても寛げました。これからまだまだ改善点等もありますが、頑張って頂きたいです。,"時期:2016年2月宿泊; プラン:夜景を独り占め♪ お二人の記念日プラン １泊２食付; 価格帯:30,001円以上(大人１名あたり/税込); 部屋:5; 風呂:5; 料理(朝食):5; 料理(夕食):4; 接客・サービス:3 | プラン 夜景を独り占め♪ お二人の記念日プラン １泊２食付 和洋室 朝・夕",https://www.jalan.net/yad392046/kuchikomi/archive/,1,,raw/jalan/archive_page_10.html,cp932,positive,body_positive,high,body_sentiment_inference_needed
OTA full review,Jalan,jalan_bbe168d1f56c8521,べにちゃんさん,2016/2/20,4,デザインはおしゃれですが…。,昨年12月にオープンしたばかりの「和モダン」なデザインと別府湾の眺望が特徴の新しいお宿です。確かにデザインはおしゃれですが、心地良い滞在という点では不満な点が多く、今後の改善が必要と感じました。 1.食事処はコンクリートの床が寒々しく椅子のクッションが薄いのでくつろげません。 2.部屋の座椅子や小さい椅子も同じくクッションが薄くお尻と背中がすぐに痛くなり長く座っていられませんでした。 3.大浴場の脱衣所に椅子が無いので靴下を履くのに不便です。湯上りに座ってくつろぐことも出来ません。 4.客室の入口からテラスへ2回も段差があり足腰が不自由な方には危ないです。 5.新しくオープンしたばかりのお宿なのに、部屋でWiFiがつながりません。せめて有線のLANだけでも配線しておいていただきたかったです。 お料理や接客は合格点なので、今後の改善や進化を期待しています。,"時期:2016年2月宿泊; プラン:関アジ姿造り付き会席 １泊２食付プラン; 価格帯:25,001～26,000円(大人１名あたり/税込); 部屋:4; 風呂:4; 料理(朝食):4; 料理(夕食):4; 接客・サービス:4 | プラン 関アジ姿造り付き会席 １泊２食付プラン 和洋室 朝・夕",https://www.jalan.net/yad392046/kuchikomi/archive/,1,public_bath;view,raw/jalan/archive_page_10.html,cp932,mixed,body_negative_with_context,high,body_sentiment_inference_needed
OTA full review,Jalan,jalan_fc8f60779229be21,エリりんさん,2016/2/18,3,泉質はいい！,できたばかりでソフト面は今からですかね！ 到着時も呼びに行かないと出てこず、きたかと思えばドアから顔を出し、それだけ！ 駐車場はホテルから下なので、そこから荷物を持って自身でホテルへ向かう始末！先に受け取っていただければ楽なのですが・・・ もう少し配慮があったほうが・・・ 部屋に入ると暖房のスイッチが入っておらず節電なのか・・・ 寒い冬で少し前にあっためていただければいいのですが・・・ これから思いやりを少し足してほしいものです。,"時期:2016年2月宿泊; プラン:1泊朝食付プラン 半露天風呂付客室 1階客室; 価格帯:18,001～19,000円(大人１名あたり/税込); 部屋:3; 風呂:4; 料理(朝食):3; 料理(夕食):-; 接客・サービス:3 | プラン 1泊朝食付プラン 半露天風呂付客室 1階客室 和洋室 朝のみ",https://www.jalan.net/yad392046/kuchikomi/archive/,1,room_open_air_bath,raw/jalan/archive_page_10.html,cp932,mixed,body_negative_with_context,high,body_sentiment_inference_needed
OTA full review,Jalan,jalan_ec4deb8ab1834f5a,あっしーさん,2016/2/14,4,新しいお宿でよかったです,夕食はほとんどがおいしくいただけ満足でしたが、食事処の出入り口付近の席でしたが、出入り口のすぐ外に喫煙所が設けてありました。煙草の煙が扉が開閉するたびに漂い、食事をしている最中に匂いが漂い非常に不愉快でした。喫煙場所は別の場所に設置していただくか食事処のところにはやめていただいたほうがいいと思いました。大浴場もあったので行ってみましたが、ティッシュペーパーもなかったのであったほうがいいと思います。半露天風呂付のお宿でこのお値段ですので、文句は言えませんが、細かいところを見直していただければさらにいいお宿になると思います。,"時期:2016年2月宿泊; プラン:絶景の眺望と夜景を２人だけで愉しむ！１泊２食くつろぎプラン♪2階客室; 価格帯:28,001～29,000円(大人１名あたり/税込); 部屋:4; 風呂:4; 料理(朝食):3; 料理(夕食):5; 接客・サービス:3 | プラン 絶景の眺望と夜景を２人だけで愉しむ！１泊２食くつろぎプラン♪2階客室 和洋室 朝・夕",https://www.jalan.net/yad392046/kuchikomi/archive/,1,room_open_air_bath;public_bath;view,raw/jalan/archive_page_10.html,cp932,positive,body_positive,high,body_sentiment_inference_needed
OTA full review,Jalan,jalan_f612f05463129532,とくさん,2016/2/11,5,景色が素晴らしい,ロビーやお部屋のテラスからの景色がよくて 大変寛げました。 お食事、お風呂もとてもよかったです。 別府へ行く時にはまたうかがいます。 ありがとうございました。,"時期:2016年1月宿泊; プラン:半露天風呂付き客室 1泊2食 創作懐石プラン 1階客室; 価格帯:23,001～24,000円(大人１名あたり/税込); 部屋:5; 風呂:5; 料理(朝食):5; 料理(夕食):5; 接客・サービス:5 | プラン 半露天風呂付き客室 1泊2食 創作懐石プラン 1階客室 和洋室 朝・夕",https://www.jalan.net/yad392046/kuchikomi/archive/,1,room_open_air_bath;view,raw/jalan/archive_page_10.html,cp932,positive,body_positive,high,body_sentiment_inference_needed
OTA full review,Jalan,jalan_c0d78322b9d3791d,やっぴーさん,2016/2/10,2,景色はきれいですが…,毎年恒例の温泉旅行で今回はこちらの宿を利用。オープンしたてということもあり、接客やもろもろ正直期待はずれでした。リピートはしないです。 ただ景色は写真通り、本当にとても綺麗でした◎部屋からの眺めも素敵です。 ◆部屋:窓も大きく、湯けむりと別府湾が眺められる素敵な部屋です。ただ、部屋風呂でお湯が出ず、直すのに4時間ほど、行ったり来たりするスタッフは最後らへん部屋のノックすら忘れて出入り。落ち着きませんでした。 ◆温泉:部屋風呂が使えなかったので大浴場に行きましたが、熱すぎてつかれず…。 ◆食事:可もなく不可もなく普通です。この金額ならもっと感動がほしい。 食事をする空間も微妙。カウンターに通されましたが、目の前はガラス越しの暗闇なので、自分たちの姿が反射し鏡を前に食べてる気分で落ち着きません。妙なズンズンとしたベース音と厨房のガシャガシャとした食器の音が響きムードゼロ。厨房も丸見えで、現実感がありすぎる。 私たちはお酒を飲みながらゆっくり食べたかったのに、料理のペースはすべて店員主体。食べ終わっていないのに次々でてきて急かされている気分でした。 ◆接客:ザ・オープンしたて。WiFiを使いたかったので、フロントに聞きに行っても「とんでます」だけ、ログインID等も把握していないようでした。そつなくしているようで、細やかさがない。 14組限定や大人専用とうたっていますが、その謳い文句・金額設定に接客が見合っておらず、残念です。これからの発展を期待しています。,"時期:2015年12月宿泊; プラン:絶景の眺望と夜景を２人だけで愉しむ！１泊２食くつろぎプラン♪2階客室; 価格帯:28,001～29,000円(大人１名あたり/税込); 部屋:4; 風呂:3; 料理(朝食):3; 料理(夕食):2; 接客・サービス:2 | プラン 絶景の眺望と夜景を２人だけで愉しむ！１泊２食くつろぎプラン♪2階客室 和洋室 朝・夕",https://www.jalan.net/yad392046/kuchikomi/archive/,1,room_open_air_bath;public_bath;view;temperature_hot,raw/jalan/archive_page_10.html,cp932,mixed,body_positive_and_negative,high,body_sentiment_inference_needed
OTA full review,Jalan,jalan_a9eb0ef089630ba6,はっちょんさん,2016/1/27,5,異空間の安らぎが落ちつきました,新しいホテルということと、エントランスの雰囲気の写真で決めました。お部屋も大満足 もう一泊したい程でした。 ひとつだけ、ちょっと残念なのは、食事の際の接客。食事の途中で早め早目に食事を下げに来られ、まだ手をつけてないタイミングもあり、急かされてる気がしました。(朝も。。) 窓際での食事も気持ち良かったので、そのゆとりをもう少しくださると、嬉しかったです。普段の忙しさから体を休めゆとりある食事の時間を取りたかったのが目的でした。接客をこれからに期待してます。 食事処の通路から調理場が丸見えです。暖簾など掛けられたら雰囲気よろしいかと。 周辺の案内やバス乗り場、時刻表などあると嬉しいです。歩いて散歩も眺め良かったです。 忘れ物に気付いて届けてくださりありがとうございました。,"時期:2016年1月宿泊; プラン:絶景の眺望と夜景を２人だけで愉しむ！１泊２食くつろぎプラン♪2階客室; 価格帯:24,001～25,000円(大人１名あたり/税込); 部屋:5; 風呂:5; 料理(朝食):5; 料理(夕食):4; 接客・サービス:2 | プラン 絶景の眺望と夜景を２人だけで愉しむ！１泊２食くつろぎプラン♪2階客室 和洋室 朝・夕",https://www.jalan.net/yad392046/kuchikomi/archive/,1,view,raw/jalan/archive_page_10.html,cp932,mixed,body_positive_and_negative,high,body_sentiment_inference_needed
OTA full review,Jalan,jalan_d10df8a9ebecaec1,あさん,2016/1/24,3,建物が簡素な作り,主要な温泉郷から離れており、付近には住宅しかないので、お忍びで宿泊するには丁度よいかも。新築なのと、料理『夜』がまずまずですが、建物が簡素な作りのため、上、隣の音が聞こえやすい。温泉は部屋に小さな内風呂があるが、ぼちぼち。価額については、22000円くらいなら丁度よいが、実際は25000円は越えます。,"時期:2015年12月宿泊; プラン:別府２人旅を満喫♪絶品豊後牛すき焼き堪能プラン♪; 価格帯:26,001～27,000円(大人１名あたり/税込); 部屋:3; 風呂:3; 料理(朝食):4; 料理(夕食):4; 接客・サービス:3 | プラン 別府２人旅を満喫♪絶品豊後牛すき焼き堪能プラン♪ 和洋室 朝・夕",https://www.jalan.net/yad392046/kuchikomi/archive/,1,,raw/jalan/archive_page_10.html,cp932,neutral,neutral_or_lodging_context,medium,body_sentiment_inference_needed
OTA full review,Jalan,jalan_aa1ccc0faa50a68f,まっちゃんさん,2016/1/24,4,お部屋はとても清潔で綺麗でした。,残念なのは、食事をしている最中に食器を引かれていくので急かされてる気がするし、まだ食べている物を下げられそうになったりしました。 夕食はせっかく外を眺めながらゆっくりしたいのに、空いてるお皿を引くタイミングはもうちょっと考えてほしかったです。それに、お酒を飲んでるのにご飯と汁物が出て来て、『はい、終了です』と言われてる感じがして、美味しい食事を頂いたのに残念でたまりませんでした。 それと、食事処は少し寒かったし椅子が冷たくて冬場は座布団でも置く方が良いのではないでしょうか？ 新しい宿なのでこれからのサービスを期待します。,"時期:2016年1月宿泊; プラン:絶景の眺望と夜景を２人だけで愉しむ！１泊２食くつろぎプラン♪2階客室; 価格帯:24,001～25,000円(大人１名あたり/税込); 部屋:5; 風呂:5; 料理(朝食):4; 料理(夕食):4; 接客・サービス:2 | プラン 絶景の眺望と夜景を２人だけで愉しむ！１泊２食くつろぎプラン♪2階客室 和洋室 朝・夕",https://www.jalan.net/yad392046/kuchikomi/archive/,1,view,raw/jalan/archive_page_10.html,cp932,mixed,body_positive_and_negative,high,body_sentiment_inference_needed
OTA full review,Jalan,jalan_8edc85e71dd648ac,けんちゃんさん,2016/1/17,5,お部屋からの眺めが最高,玄関から入ると別府の景色がどーんと一面絵画のように広がっていて、とても印象的でした。別府にはよく行きますが、今までなかったタイプの旅館ですね。 部屋の露天風呂も夜景を見ながらゆっくりつかれて、最高でした。 お料理もおいしく、なかでもすき焼きはお肉も柔らかく、美味。 従業員の方も初々しく、気持ちの良い対応でした。 またお邪魔しに行きたいと思います。,"時期:2016年1月宿泊; プラン:絶景の眺望と夜景を２人だけで愉しむ！１泊２食くつろぎプラン♪2階客室; 価格帯:24,001～25,000円(大人１名あたり/税込); 部屋:5; 風呂:5; 料理(朝食):5; 料理(夕食):5; 接客・サービス:5 | プラン 絶景の眺望と夜景を２人だけで愉しむ！１泊２食くつろぎプラン♪2階客室 和洋室 朝・夕",https://www.jalan.net/yad392046/kuchikomi/archive/,1,view,raw/jalan/archive_page_10.html,cp932,positive,body_positive,high,body_sentiment_inference_needed
OTA full review,Jalan,jalan_9b82259b86b9e4d9,さちさん,2016/1/15,3,部屋は素晴らしい,入籍の記念に利用しました。 夫婦になった初めての日なので、奮発してこの宿にしましたが、再来はないです。 （部屋） 部屋と部屋のお風呂は素晴らしいです。 眺めもよく、夜景を見ながら半露天風呂に入れて最高でした。 しかし、大浴場のお湯は火傷するかというくらい熱く入れませんでした。 （料理） 普通です。量は多いですが、せっかく大分なのだから、量を少なくしても関アジ関サバを頂きたかったなと思います。 （接客） オープンしたばかりで回ってないんだろうな。この値段だしてこの接客。という感じです。 予約確認の電話の際、彼がサプライズで用意してた花束の確認をされ、サプライズが台無し。部屋にワイングラスを頼んだ際、食堂まで取りに来いと言われ。。 バタバタオープンして、接客の教育が行き届いてない感じです。 もう一度利用はないです。部屋や眺めは良かったのに残念です。,"時期:2015年12月宿泊; プラン:別府２人旅を満喫♪絶品豊後牛すき焼き堪能プラン♪; 価格帯:26,001～27,000円(大人１名あたり/税込); 部屋:5; 風呂:4; 料理(朝食):3; 料理(夕食):3; 接客・サービス:2 | プラン 別府２人旅を満喫♪絶品豊後牛すき焼き堪能プラン♪ 和洋室 朝・夕",https://www.jalan.net/yad392046/kuchikomi/archive/,1,room_open_air_bath;public_bath;view;temperature_hot,raw/jalan/archive_page_10.html,cp932,mixed,body_positive_and_negative,high,body_sentiment_inference_needed
OTA full review,Jalan,jalan_931ba5f12f31ff4f,Peachさん,2016/1/13,4,露天風呂がキレイ,客室露天風呂のお部屋に泊まりましたが、キレイなお風呂で露天風呂好きには堪りません。お部屋も新しく出来たばかりということもあってキレイでしたし、総合的に満足できました。,"時期:2016年1月宿泊; プラン:絶景の眺望と夜景を２人だけで愉しむ！１泊２食くつろぎプラン♪2階客室; 価格帯:28,001～29,000円(大人１名あたり/税込); 部屋:4; 風呂:4; 料理(朝食):3; 料理(夕食):3; 接客・サービス:4 | プラン 絶景の眺望と夜景を２人だけで愉しむ！１泊２食くつろぎプラン♪2階客室 和洋室 朝・夕",https://www.jalan.net/yad392046/kuchikomi/archive/,1,room_open_air_bath;view,raw/jalan/archive_page_10.html,cp932,positive,body_positive,high,body_sentiment_inference_needed
OTA full review,Jalan,jalan_a50a98658835e14c,サブローチョコさん,2016/1/2,5,素晴らしい親孝行ができました。,旅館はオープンして１週間との事で、ホヤホヤでした。足が不自由な母親は、部屋で温泉浴が入れ、素晴らしい夜景をベランダで見ることができ感動しておりました。歯が少なく硬く大きい食べ物が苦手でしたが、予約の時にお願いして、細かく食べやすくして頂き感謝しておりました。高齢者でも安心して宿泊できる旅館でした。また機会がありましたら、是非宿泊したいです。スタッフの皆さまありがとうございました。いい思い出ができました。,"時期:2015年12月宿泊; プラン:絶景の眺望と夜景を２人だけで愉しむ！絶品豊後牛すき焼きに舌鼓プラン♪; 価格帯:28,001～29,000円(大人１名あたり/税込); 部屋:5; 風呂:5; 料理(朝食):5; 料理(夕食):5; 接客・サービス:5 | プラン 絶景の眺望と夜景を２人だけで愉しむ！絶品豊後牛すき焼きに舌鼓プラン♪ 和洋室 朝・夕",https://www.jalan.net/yad392046/kuchikomi/archive/,1,view,raw/jalan/archive_page_10.html,cp932,positive,body_positive,high,body_sentiment_inference_needed
OTA full review,Jalan,jalan_510133d2aa1458e3,ろろさん,2024/1/1,3,紅葉,見晴らしが良かったです。 宿に着くまでが迷って少々大変でした。 部屋の設備は何かと不便な段差？もあり不便でした。,"時期:2023年11月宿泊; プラン:【スタンダード／2食付／2階】別府の絶景を愉しむ、半露天風呂付客室ステイ。夕食は黒毛和牛創作会席を; 価格帯:30,001円以上(大人１名あたり/税込); 部屋:3; 風呂:3; 料理(朝食):3; 料理(夕食):3; 接客・サービス:3 | プラン 【スタンダード／2食付／2階】別府の絶景を愉しむ、半露天風呂付客室ステイ。夕食は黒毛和牛創作会席を 和洋室 朝・夕",https://www.jalan.net/yad392046/kuchikomi/archive/,1,room_open_air_bath,raw/jalan/archive_page_2.html,cp932,mixed,body_positive_and_negative,high,body_sentiment_inference_needed
OTA full review,Jalan,jalan_8b4010645c9bf0b0,だいぽんさん,2023/12/11,5,新婚旅行で圧巻のおもてなし,宿に入る前から出迎えしていただきその後チェックインしお部屋に入るとハッピーウェディングとおもてなしが圧巻でした！ 夜のコースも大分ならではの料理が多く大変満足でした。 サプライズケーキも美味しかったですし何より従業員の方、全員おもてなしが最高でした。 また別府へ行く機会があればここの宿を予約すると思います。,"時期:2023年12月宿泊; プラン:夜景を独り占め♪ お二人の記念日プラン １泊２食付; 価格帯:30,001円以上(大人１名あたり/税込); 部屋:5; 風呂:5; 料理(朝食):5; 料理(夕食):5; 接客・サービス:5 | プラン 夜景を独り占め♪ お二人の記念日プラン １泊２食付 和洋室 朝・夕",https://www.jalan.net/yad392046/kuchikomi/archive/,1,,raw/jalan/archive_page_2.html,cp932,positive,body_positive,high,body_sentiment_inference_needed
OTA full review,Jalan,jalan_9c57f8275a9b6b0b,ルークさん,2023/11/24,5,三泊四日の家族旅行,絶景の隠れ宿 高台に位置され別府湾を一望でき、部屋のお風呂からも食事処からもフロントからも違う景色が見られて素晴らしかったです。食事◎、お風呂◎でした。,"時期:2023年11月宿泊; プラン:【じゃらんスペシャルウィーク】最大10％OFF♪ 黒毛和牛創作懐石プラン1階客室 1泊2食; 価格帯:26,001～27,000円(大人１名あたり/税込); 部屋:5; 風呂:4; 料理(朝食):5; 料理(夕食):5; 接客・サービス:4 | プラン 【じゃらんスペシャルウィーク】最大10％OFF♪ 黒毛和牛創作懐石プラン1階客室 1泊2食 和洋室 朝・夕",https://www.jalan.net/yad392046/kuchikomi/archive/,1,room_open_air_bath;view,raw/jalan/archive_page_2.html,cp932,positive,body_positive,high,body_sentiment_inference_needed
OTA full review,Jalan,jalan_3e2b4a150e7b036c,秀ちゃんさん,2023/11/12,4,気持ちいい温泉でした。,お部屋も、大浴場も、大変気持ちいい温泉でした。部屋はテラスから別府湾が眺められ、清潔で、気分よく宿泊出来ました。お料理は丁度いい量で大変美味しかったです。,"時期:2023年11月宿泊; プラン:【じゃらんのお得な10日間】最大10％OFF！ 2階客室 別府の絶景を愉しむ半露天風呂。黒毛和牛会席2食付き; 価格帯:30,001円以上(大人１名あたり/税込); 部屋:4; 風呂:5; 料理(朝食):4; 料理(夕食):4; 接客・サービス:5 | プラン 【じゃらんのお得な10日間】最大10％OFF！ 2階客室 別府の絶景を愉しむ半露天風呂。黒毛和牛会席2食付き 和洋室 朝・夕",https://www.jalan.net/yad392046/kuchikomi/archive/,1,room_open_air_bath;public_bath;view,raw/jalan/archive_page_2.html,cp932,positive,rating_positive_signal,medium,body_sentiment_inference_needed
OTA full review,Jalan,jalan_a18535c9fdd33c5a,あやさん,2023/11/6,5,初の大分旅行！,夫とうみたまご、アフリカンサファリに行く際に利用しました。 なんといってもご飯がとても美味しかったです。朝食、夕食どちらも大満足です。 隣のガレリア御堂原でマッサージを予約できて、いいリフレッシュになりました。,"時期:2023年11月宿泊; プラン:【秋厳選】平日限定★5％OFF♪ 黒毛和牛創作会席プラン 1泊2食; 価格帯:27,001～28,000円(大人１名あたり/税込); 部屋:5; 風呂:4; 料理(朝食):5; 料理(夕食):5; 接客・サービス:5 | プラン 【秋厳選】平日限定★5％OFF♪ 黒毛和牛創作会席プラン 1泊2食 和洋室 朝・夕",https://www.jalan.net/yad392046/kuchikomi/archive/,1,,raw/jalan/archive_page_2.html,cp932,positive,body_positive,high,body_sentiment_inference_needed
OTA full review,Jalan,jalan_631108cdcbb386d5,まーぼさん,2023/11/3,4,温泉も眺望も景観も最高,今回は女房の誕生日を記念しての宿泊でした。 地元の施設で前々から気になっていた露天風呂付きの温泉宿です。 チェックイン後部屋に入りベランダに出て別府の街を臨んだ時の満足感は最高で、「何と素晴らしい眺望」の一言につきました。 部屋の雰囲気は色調等からやや暗めに感じましたが、落ち着いた雰囲気で良かったと思います。 ただ１つ残念だったのが、チェックイン後間なしにフロントに電話したのですが、いくらコールしても出ず、その後時間を置いたりして何度か電話したのですが結局出なかったので、夜痺れを切らせてフロントに行きこの事を話すと、スタッフの口から出た言葉は「たった今電話の故障が判明しこれからお客様に伝えるところでした。」と言う言い訳とも取れない俄に信じられない言葉でした。 その後フロントから謝罪の電話と代替の番号の案内がありましたが、用件は既に終わっており電話を掛けることは有りませんでした。 今回の宿泊は非日常感も満喫出来、温泉も最高で全体としては満足な宿泊でした。,"時期:2023年10月宿泊; プラン:【じゃらんのお得な10日間】最大10％OFF！ 1階客室 別府の絶景を愉しむ半露天風呂♪黒毛和牛会席2食付き; 価格帯:27,001～28,000円(大人１名あたり/税込); 部屋:4; 風呂:5; 料理(朝食):5; 料理(夕食):4; 接客・サービス:3 | プラン 【じゃらんのお得な10日間】最大10％OFF！ 1階客室 別府の絶景を愉しむ半露天風呂♪黒毛和牛会席2食付き 和洋室 朝・夕",https://www.jalan.net/yad392046/kuchikomi/archive/,1,room_open_air_bath;view,raw/jalan/archive_page_2.html,cp932,mixed,body_positive_and_negative,high,body_sentiment_inference_needed
OTA full review,Jalan,jalan_56c72b9655aa7094,しほさん,2023/10/21,4,高台からの景色と部屋温泉風呂付きで最高,部屋に温泉付き半露天風呂付きで大人な御宿です。 夕飯の牛しゃぶしゃぶがめちゃくちゃ美味しくスタッフの接客も丁寧でアットホームで素晴らしい御宿でした。 別府温泉のお湯はお肌ツルツルで80℃のお湯を部屋風呂なので自分好みで熱湯にもぬる湯にも調整出来て最高でした。,"時期:2023年10月宿泊; プラン:夜景を独り占め♪ お二人の記念日プラン １泊２食付; 価格帯:30,001円以上(大人１名あたり/税込); 部屋:4; 風呂:4; 料理(朝食):4; 料理(夕食):5; 接客・サービス:5 | プラン 夜景を独り占め♪ お二人の記念日プラン １泊２食付 和洋室 朝・夕",https://www.jalan.net/yad392046/kuchikomi/archive/,1,room_open_air_bath;view;temperature_hot;temperature_cold,raw/jalan/archive_page_2.html,cp932,mixed,conditional_signal_tag,medium,body_sentiment_inference_needed
OTA full review,Jalan,jalan_c00b2d97564dc385,長田さん,2023/9/8,5,大変ゆっくりできる旅になりました,大分全体を見渡せるような景色の良さと、美味しい料理、部屋でゆっくり入れる温泉全てが最高でした、いい旅にしてくださりありがとうございました,"時期:2023年7月宿泊; プラン:夜景を独り占め♪ お二人の記念日プラン １泊２食付; 価格帯:30,001円以上(大人１名あたり/税込); 部屋:5; 風呂:5; 料理(朝食):5; 料理(夕食):5; 接客・サービス:5 | プラン 夜景を独り占め♪ お二人の記念日プラン １泊２食付 和洋室 朝・夕",https://www.jalan.net/yad392046/kuchikomi/archive/,1,view,raw/jalan/archive_page_2.html,cp932,positive,body_positive,high,body_sentiment_inference_needed
OTA full review,Jalan,jalan_42b4c0bab3d7435d,たきさん,2023/8/29,4,誕生日に,妻の誕生日に利用させてもらいました。 地元に住んでいますが、非日常生活を堪能することができました。 長閑に過ごすことができた旅行でした。 ちょっとした現実逃避や気分転換に利用することにオススメです,"時期:2023年8月宿泊; プラン:★じゃらん限定★【20代×平日限定】21日以上前の予約で10％OFF！黒毛和牛創作スタンダード2食プラン; 価格帯:29,001～30,000円(大人１名あたり/税込); 部屋:4; 風呂:4; 料理(朝食):3; 料理(夕食):4; 接客・サービス:4 | プラン ★じゃらん限定★【20代×平日限定】21日以上前の予約で10％OFF！黒毛和牛創作スタンダード2食プラン 和洋室 朝・夕",https://www.jalan.net/yad392046/kuchikomi/archive/,1,,raw/jalan/archive_page_2.html,cp932,neutral,neutral_or_lodging_context,medium,body_sentiment_inference_needed
OTA full review,Jalan,jalan_9a89a682a7ba3533,悠翔さん,2023/8/27,5,幸せな時間を過ごすことができました,ご飯が大変美味しく、従業員の方の対応がとても良かったです。部屋からの景観も素晴らしく星が綺麗でした。,"時期:2023年8月宿泊; プラン:【スタンダード／2食付】別府の絶景を愉しむ、半露天風呂付客室ステイ。夕食は黒毛和牛創作会席を; 価格帯:30,001円以上(大人１名あたり/税込); 部屋:5; 風呂:5; 料理(朝食):5; 料理(夕食):5; 接客・サービス:5 | プラン 【スタンダード／2食付】別府の絶景を愉しむ、半露天風呂付客室ステイ。夕食は黒毛和牛創作会席を 和洋室 朝・夕",https://www.jalan.net/yad392046/kuchikomi/archive/,1,room_open_air_bath,raw/jalan/archive_page_2.html,cp932,positive,body_positive,high,body_sentiment_inference_needed
OTA full review,Jalan,jalan_f154f2911bc51425,イヨイヨさん,2023/6/25,4,高台にあるオシャレな御宿,アルゲリッチ音楽祭の際に一泊しました。景色も素敵でお部屋のお風呂にもとても気持ちよく入りました。 プライベートが保たれるオーベルジュのようなオシャレな御宿です。 お隣のガレリア御堂原も行ってみたいです。,"時期:2023年5月宿泊; プラン:1泊朝食付プラン 半露天風呂付客室 1階客室; 価格帯:20,001～21,000円(大人１名あたり/税込); 部屋:4; 風呂:5; 料理(朝食):4; 料理(夕食):-; 接客・サービス:4 | プラン 1泊朝食付プラン 半露天風呂付客室 1階客室 和洋室 朝のみ",https://www.jalan.net/yad392046/kuchikomi/archive/,1,room_open_air_bath;view,raw/jalan/archive_page_2.html,cp932,positive,body_positive,high,body_sentiment_inference_needed
OTA full review,Jalan,jalan_d4df07704317e2fe,天ちゃんさん,2023/6/25,3,景色とお風呂がいい,全体としては普通かと思います。それぞれ好みがあるので我が家にはピッタリではない感じです。 -良かった点- ①部屋からの景色は良いです。我が家は遅く予約したので一番西の2階でしたが、ベランダに出れば別府湾がよく見え、また湯けむりもみえました。東側ならもう少し正面に別府湾が見えるのかもしれません。 ②夕食は美味しかったです。ボリュームも満足。ただ和牛のしゃぶしゃぶが、少し厚めにスライスされており、固形燃料が肉に負ける感じで、しゃぶしゃぶできずお湯に浸けっぱなしのようになりました。クーラーがよく効いてるせいかもです。それとデザートのすっきりソルベは、コースの途中のお口直しの方が合う感じでした。 ③温泉が良かったです。やはり硫黄の匂いが温泉らしくて好きです。4回も入りました。 -残念と感じた点- ①フロントの接客やシステムが事務的過ぎる気がします。若い客層はこの方が良いのかもしれませんね。 ウエルカムドリンクはご自由にどうぞ→自分でするの? 浴衣が選べます→部屋に自分で持ってくの?へやにもあるが選んでも良いではないの？ 館内利用の説明はビデオで→コロナ対策で会話を減らす工夫かとも思ったが、従業員全員ノーマスクだれど・・・ ③ベランダには小さい蜘蛛の巣が4-5 毎日掃除はされて、またフロントに連絡すれば除去してもらえますが、チェックイン前に蜘蛛の巣を取れば多少いいのかもと思います。 ④建物が音を伝えやすいと案内されていますが、なぜか館内履きが下駄です。隣の部屋の方が登り降りされるたびに響きました。草履なら改善されると思います。話し声などは聞こえませんでした、念のために。 ⑤ベッド代わりの 小上がりフローリングにマット+布団は 正直きついです。 ベッドの方がいいかな。 由布院まで行くことが多く、久々の別府泊でしたが、別府湾に日の出が見れて良かったです。,"時期:2023年6月宿泊; プラン:【スタンダード／2食付】別府の絶景を愉しむ、半露天風呂付客室ステイ。夕食は黒毛和牛創作会席を; 価格帯:30,001円以上(大人１名あたり/税込); 部屋:4; 風呂:4; 料理(朝食):3; 料理(夕食):4; 接客・サービス:2 | プラン 【スタンダード／2食付】別府の絶景を愉しむ、半露天風呂付客室ステイ。夕食は黒毛和牛創作会席を 和洋室 朝・夕",https://www.jalan.net/yad392046/kuchikomi/archive/,1,room_open_air_bath;view,raw/jalan/archive_page_2.html,cp932,mixed,body_positive_and_negative,high,body_sentiment_inference_needed
OTA full review,Jalan,jalan_9b994234380460c9,よっちゃんさん,2023/6/6,5,晴れてたらもっと良かったでしょうね,お部屋から見える木々が雨に濡れてとても美しくバルコニーの椅子に座って飲んだコーヒーが美味しかったです。食事もとても美味しく従業員の方の感じもよくて気分よく過ごせました。,"時期:2023年5月宿泊; プラン:【じゃらんスペシャルウィーク】平日限定★5％OFF♪ 黒毛和牛創作会席プラン 2階客室 1泊2食; 価格帯:30,001円以上(大人１名あたり/税込); 部屋:4; 風呂:4; 料理(朝食):5; 料理(夕食):5; 接客・サービス:5 | プラン 【じゃらんスペシャルウィーク】平日限定★5％OFF♪ 黒毛和牛創作会席プラン 2階客室 1泊2食 和洋室 朝・夕",https://www.jalan.net/yad392046/kuchikomi/archive/,1,,raw/jalan/archive_page_2.html,cp932,positive,body_positive,high,body_sentiment_inference_needed
OTA full review,Jalan,jalan_fb895883c1f877dc,みんみんさん,2023/5/29,4,お料理に満足。,今回高校時代の友人3人で還暦の記念旅行で利用しました。 正直、ネットで見た感じ出来てあまり年数が経ってないのかと思っいたため、館内に入った際に年季が入ってる感にちょっと戸惑いました（笑） お部屋で言えば、電気の傘の和紙が破れでいたこと、お風呂の目隠しが風呂蓋を立てても中途半端になること、エアコン下のほこり、壁の隅のシミが気になりました。 ただ、食事は大満足でした。アレルギーや食べられない食材の変更も心よく対応していただきましたし、本当に美味しかったです。 スタッフの方々の応対もとても気持ちよかったです。,"時期:2023年5月宿泊; プラン:半露天風呂付き 1階客室 1泊2食 黒毛和牛創作会席プラン; 価格帯:30,001円以上(大人１名あたり/税込); 部屋:3; 風呂:3; 料理(朝食):5; 料理(夕食):5; 接客・サービス:4 | プラン 半露天風呂付き 1階客室 1泊2食 黒毛和牛創作会席プラン 和洋室 朝・夕",https://www.jalan.net/yad392046/kuchikomi/archive/,1,room_open_air_bath,raw/jalan/archive_page_2.html,cp932,positive,body_positive,high,body_sentiment_inference_needed
OTA full review,Jalan,jalan_882d2d4da782ac05,kenkenさん,2023/5/25,4,スタッフが親切。,ロケーションは、最高。 観光地から離れているのが残念でしが その他は、大変満足できました。 夕食時間の調整が、・・・,"時期:2023年5月宿泊; プラン:【じゃらんスペシャルウィーク】平日限定★5％OFF♪ 黒毛和牛創作会席プラン 2階客室 1泊2食; 価格帯:30,001円以上(大人１名あたり/税込); 部屋:4; 風呂:4; 料理(朝食):3; 料理(夕食):4; 接客・サービス:5 | プラン 【じゃらんスペシャルウィーク】平日限定★5％OFF♪ 黒毛和牛創作会席プラン 2階客室 1泊2食 和洋室 朝・夕",https://www.jalan.net/yad392046/kuchikomi/archive/,1,,raw/jalan/archive_page_2.html,cp932,mixed,body_positive_and_negative,high,body_sentiment_inference_needed
OTA full review,Jalan,jalan_748696d0a26528af,ゆみさんさん,2023/5/23,5,また絶対行きたい宿！！,4年前に一度家族で訪れた時、ロケーション、スタッフの接客、部屋風呂！！がとても最高でいつか又行きたい！と思ってました。今回は義母を連れて来ましたが、部屋の作りが隠れ家の様になってあるので、他のお客様と会うこともなく、宿自体とても静かだし、お風呂も部屋の中にあるので好きな時に別府湾や素晴らしいロケーションを見たから何度も入ることが出来ました。夜は夜景が綺麗でした！ お食事も新鮮なお刺身や創作料理、とても美味しかったです！ 何回来ても又行きたくなるお宿です！ 3回目も又行きたいです！,"時期:2023年5月宿泊; プラン:【じゃらんのお得な10日間】1階客室 別府の絶景を愉しむ半露天風呂。黒毛和牛会席2食付き; 価格帯:29,001～30,000円(大人１名あたり/税込); 部屋:5; 風呂:5; 料理(朝食):4; 料理(夕食):4; 接客・サービス:5 | プラン 【じゃらんのお得な10日間】1階客室 別府の絶景を愉しむ半露天風呂。黒毛和牛会席2食付き 和洋室 朝・夕",https://www.jalan.net/yad392046/kuchikomi/archive/,1,room_open_air_bath,raw/jalan/archive_page_2.html,cp932,positive,body_positive,high,body_sentiment_inference_needed
OTA full review,Jalan,jalan_b272de719d73839d,りゅさん,2023/5/23,5,大切な記念日旅行のお宿に。,恋人との記念日旅行1泊2日朝夕食事付き、で泊まりました。 SNSの投稿でこのお宿を知り、景色や施設の雰囲気に惹かれこのホテルの為に大分へ旅しました。 まず、チェックイン前に御出迎えがあり、おもてなしのあるサービスを笑顔が素敵な女性の従業員さんにしてもらいました。 チェックインをすると芸術的(？)なフロントでウェルカムドリンク、ウェルカムデザートを頂けます。 雰囲気を楽しみながらホテルの説明を受け、貸出の浴衣を選び、お部屋の案内でした。 景色は天気運に恵まれ素敵な眺めで、久しぶりの自然に触れ合う機会でした。 半露天風呂は硫黄の香りがちょうどよく自分で水を捻り温度調整出来ます。湯の花が浮いていました。 お食事が1番記憶に残っています。凄く美味しく美しくバランスよく、サプライズも凝って頂き、アレルギーや偏食に対しても快く対応してくださり幸せな時間を過ごせました。 従業員の皆さん笑顔が素敵で面白く優しく話しやすかったです。 コンビニは徒歩18分かかります。 当ホテルまでの車移動は若干道が狭いです。 大浴場狭めです。 私は2階でしたが1階だと景色は望めないと思います。,"時期:2023年5月宿泊; プラン:夜景を独り占め♪ お二人の記念日プラン １泊２食付; 価格帯:30,001円以上(大人１名あたり/税込); 部屋:5; 風呂:5; 料理(朝食):5; 料理(夕食):5; 接客・サービス:5 | プラン 夜景を独り占め♪ お二人の記念日プラン １泊２食付 和洋室 朝・夕",https://www.jalan.net/yad392046/kuchikomi/archive/,1,room_open_air_bath;public_bath;view;small_bath_or_room;access_road,raw/jalan/archive_page_2.html,cp932,mixed,body_positive_and_negative,high,body_sentiment_inference_needed
OTA full review,Jalan,jalan_540b00b7d287b00b,やーもさん,2023/4/24,5,心地よい静かな時間を送れます！,今回で３回目の宿泊でしたがいつもと変わらず景色も良く静かでゆっくりと過ごせました。毎回一番楽しみにしていた食事も とても美味しく頂きました。色々工夫された料理で大満足でした。最後の手作りデザートがいつも楽しみです。次回は冬の時期に行きたいと思ってます！,"時期:2023年4月宿泊; プラン:【スタンダード／2食付】別府の絶景を愉しむ、半露天風呂付客室ステイ。夕食は黒毛和牛創作会席を; 価格帯:30,001円以上(大人１名あたり/税込); 部屋:4; 風呂:5; 料理(朝食):4; 料理(夕食):5; 接客・サービス:4 | プラン 【スタンダード／2食付】別府の絶景を愉しむ、半露天風呂付客室ステイ。夕食は黒毛和牛創作会席を 和洋室 朝・夕",https://www.jalan.net/yad392046/kuchikomi/archive/,1,room_open_air_bath;view,raw/jalan/archive_page_2.html,cp932,positive,body_positive,high,body_sentiment_inference_needed
OTA full review,Jalan,jalan_0103ecc16e4f87ca,ゆぅさん,2023/4/4,3,お気に入りの宿がなくなったかなぁ,こちらの宿は、リピート宿で大変お気に入りでした。 一番は、景色が大好きでした。 今回、接客で坂をすぎてバックを運んだり3組しかいないのに食事の時に席が近かったりしました。 自分たちの配膳のしやすさを一番に考えてるのかと個人的に思いました。,"時期:2023年2月宿泊; プラン:【大分の味力を満喫 ♪ おおいた和牛懐石プラン】2階客室; 価格帯:30,001円以上(大人１名あたり/税込); 部屋:4; 風呂:3; 料理(朝食):3; 料理(夕食):3; 接客・サービス:2 | プラン 【大分の味力を満喫 ♪ おおいた和牛懐石プラン】2階客室 和洋室 朝・夕",https://www.jalan.net/yad392046/kuchikomi/archive/,1,view,raw/jalan/archive_page_2.html,cp932,neutral,neutral_or_lodging_context,medium,body_sentiment_inference_needed
OTA full review,Jalan,jalan_7e5d1e865d262dff,ゆぅさん,2023/3/13,4,ゆっくり温泉三昧,別府湾一望できるロケーションで広いバルコニーでクラフトビール片手にのんびり。 ご飯はフグコースを堪能しました。 部屋の温泉はかけ流しで好きなときに好きなだけ入れて最高。また行きたいと思える場所でした。お世話になりました。,"時期:2023年3月宿泊; プラン:冬の味覚 とらふぐコース １泊２食付プラン; 価格帯:30,001円以上(大人１名あたり/税込); 部屋:4; 風呂:4; 料理(朝食):4; 料理(夕食):4; 接客・サービス:4 | プラン 冬の味覚 とらふぐコース １泊２食付プラン 和洋室 朝・夕",https://www.jalan.net/yad392046/kuchikomi/archive/,1,,raw/jalan/archive_page_2.html,cp932,positive,body_positive,high,body_sentiment_inference_needed
OTA full review,Jalan,jalan_f5e209b8c485e880,みっきーさん,2023/1/9,3,結婚記念日,せっかくの部屋のデザインがステキなのに壁やドア、戸の隙間に結構埃があり、間接照明を付けるとすべて丸見えになり台無しでした。本当に勿体ないです。チェックインの時等駐車場から入り口まで坂なのでスタッフさんが居てくれるといいなと思いました。,"時期:2022年12月宿泊; プラン:【じゃらん秋SALE】じゃらん限定★10%off★半露天風呂付 2階客室 1泊2食 黒毛和牛創作会席プラン; 価格帯:27,001～28,000円(大人１名あたり/税込); 部屋:3; 風呂:3; 料理(朝食):3; 料理(夕食):3; 接客・サービス:2 | プラン 【じゃらん秋SALE】じゃらん限定★10%off★半露天風呂付 2階客室 1泊2食 黒毛和牛創作会席プラン 和洋室 朝・夕",https://www.jalan.net/yad392046/kuchikomi/archive/,1,room_open_air_bath,raw/jalan/archive_page_2.html,cp932,positive,positive_signal_no_caution,medium,body_sentiment_inference_needed
OTA full review,Jalan,jalan_5d2f96cb0952b1a2,おでさん,2023/1/7,5,料理は最高！,６年振りに２度目の訪問でしたが、宿が近くなると道が細くなり不安になりますが、何とか無事に辿り着きました。 先ず、ウェルカムドリンクをいただいて、部屋に入って直ぐに大浴場に行きました。泉質も良く香りも良く、気持ち良かったです。部屋に戻ってすぐに、部屋風呂にも入りましたが、欲を言えばあと５センチ深いと最高なんだけど。あと、風呂フタが少し面倒でした。 先ずは夕食。１つ１つが手がこんでいて見た目もさることながら、味は最高でした。箸を進める度に口から出る言葉は「美味い」だけでした。味、量、タイミング、全て申し分なかったです。 朝食も美味しくて、ご飯をお代わりしました。 スタッフの皆さんの対応も良く、居心地の良いホテルだなと再度感じました。 部屋のテラスで、硫黄の香りを嗅ぎながらタバコを吸うのも良かったです。 １つだけ残念だったのが、トイレの便座が冷たく、ウォシュレットも使えない状態でした。今回、唯一残念な点です。 でも、あちこちのホテルに泊まる私たちにとっては、素晴らしいホテルの１つです。,"時期:2023年1月宿泊; プラン:関アジ姿造り付き黒毛和牛創作会席 １泊２食付プラン; 価格帯:30,001円以上(大人１名あたり/税込); 部屋:3; 風呂:4; 料理(朝食):5; 料理(夕食):5; 接客・サービス:5 | プラン 関アジ姿造り付き黒毛和牛創作会席 １泊２食付プラン 和洋室 朝・夕",https://www.jalan.net/yad392046/kuchikomi/archive/,1,room_open_air_bath;public_bath;access_road,raw/jalan/archive_page_2.html,cp932,mixed,body_positive_and_negative,high,body_sentiment_inference_needed
OTA full review,Jalan,jalan_c2fa35f746939905,みいたんさん,2022/12/30,5,ゆったり過ごせて、1年の疲れがとれました。,年末に一年の疲れをとることと、自分たちへのご褒美にとお宿を選びました。宿について、まず大浴場にはいりましたが、いい湯加減で、ずっと入っていられました。お部屋のお風呂は自分で温度調節しますが、私は好きな温度でお風呂に入られるということで、苦にはなりませんでした。夕どき、夜景、朝のさわやかな風景と時間とともに移ろう別府の景色が最高でした。夕食のお料理はグレードをあげて、和牛ステーキとひつまぶしのコースにしました。お酒の種類も豊富でした。若い女性スタッフさんが笑顔で対応してくださり、また、BGMも心地よくて、ステキなひとときをすごすことができました。年末だったので、お値段が少し高いかなぁと思っていましたが、泊まってみれば納得のお値段でした。ゆったりくつろぎたい大人の方にお勧めしたいです。,"時期:2022年12月宿泊; プラン:【大分の味力を満喫 ♪ おおいた和牛懐石プラン】2階客室; 価格帯:30,001円以上(大人１名あたり/税込); 部屋:5; 風呂:5; 料理(朝食):5; 料理(夕食):5; 接客・サービス:5 | プラン 【大分の味力を満喫 ♪ おおいた和牛懐石プラン】2階客室 和洋室 朝・夕",https://www.jalan.net/yad392046/kuchikomi/archive/,1,room_open_air_bath;public_bath;view,raw/jalan/archive_page_2.html,cp932,positive,body_positive,high,body_sentiment_inference_needed
OTA full review,Jalan,jalan_2e6af08ad7b15f78,みゆさん,2022/12/20,2,スタッフさん達の感じが良かったです,お部屋も古く感じましたし お風呂場も余り綺麗ではなかったです 配膳する方が咳を頻繁にしていたので とても気になってしまいました スタッフさんの感じが良かったので残念でした もう少し全体的に掃除など徹底されてはどうでしょうか… 古びた感じがしました,"時期:2022年12月宿泊; プラン:半露天風呂付 2階客室 1泊2食 黒毛和牛創作会席プラン; 価格帯:30,001円以上(大人１名あたり/税込); 部屋:3; 風呂:2; 料理(朝食):3; 料理(夕食):4; 接客・サービス:4 | プラン 半露天風呂付 2階客室 1泊2食 黒毛和牛創作会席プラン 和洋室 朝・夕",https://www.jalan.net/yad392046/kuchikomi/archive/,1,room_open_air_bath,raw/jalan/archive_page_2.html,cp932,mixed,body_positive_and_negative,high,body_sentiment_inference_needed
OTA full review,Jalan,jalan_9a914801332b8785,hikariさん,2022/12/12,4,ご褒美に最高でした,スタッフのかたが親切で好印象でした！ ウェルカムドリンクとスイーツも美味しくいただけました。 お部屋にお風呂がついてるので時間を気にせずきままに過ごせるのも良かったです。お湯の調整もとっても楽で好みにできてよかったです。 景色も別府を一望できる最高の場所で静かで癒されました。 食事も美味しく、隣の姉妹ホテルのバーも雰囲気が良くて良かったです♪ 翌日鶴見岳に行くのに近くて便利でした。また利用したいです。,"時期:2022年12月宿泊; プラン:半露天風呂付 2階客室 1泊2食 黒毛和牛創作会席プラン; 価格帯:30,001円以上(大人１名あたり/税込); 部屋:3; 風呂:3; 料理(朝食):4; 料理(夕食):4; 接客・サービス:4 | プラン 半露天風呂付 2階客室 1泊2食 黒毛和牛創作会席プラン 和洋室 朝・夕",https://www.jalan.net/yad392046/kuchikomi/archive/,1,room_open_air_bath;view,raw/jalan/archive_page_2.html,cp932,positive,body_positive,high,body_sentiment_inference_needed
OTA full review,Jalan,jalan_e880408128957765,ぬこさん,2022/12/12,3,朝早く出る人にはいいのかも,1階に2人で宿泊しました。 店員の方も優しく、おおむね満足なのですが… チェックインしてすぐ露天風呂に入っていると、お風呂内で写真を撮る方がいらっしゃいました。おそらくお風呂の写真とは思いますが…とても気持ち悪かったです。 お風呂内の写真はやめてもらえるように注意書きなど掲示していただきたいです。 また、朝チェックアウトまでゆっくりしている際、上の階がチェックアウト後の掃除？なのかドタバタ足音がひどく、最後までゆっくりはできませんでした。,"時期:2022年12月宿泊; プラン:素泊まりプラン 半露天風呂付客室 1階客室; 価格帯:22,001～23,000円(大人１名あたり/税込); 部屋:2; 風呂:5; 料理(朝食):-; 料理(夕食):-; 接客・サービス:5 | プラン 素泊まりプラン 半露天風呂付客室 1階客室 和洋室 食事なし",https://www.jalan.net/yad392046/kuchikomi/archive/,1,room_open_air_bath,raw/jalan/archive_page_2.html,cp932,mixed,body_positive_and_negative,high,body_sentiment_inference_needed
OTA full review,Jalan,jalan_4168d12ff83f4d09,まなさん,2022/12/11,4,また泊まりたい宿,85歳母・50代娘、12月初旬一泊。別府駅送迎。2階客室・大分和牛懐石プラン。接客・食事・部屋・温泉、どれも満足。あたたかさ持続する柔らかく何度も入りたくなるお湯。源泉80℃、お湯調整は自分達でですが、さほど難しくも大変でもありません。2階眺望・室内飲料備品・アメニティ備品・清潔さ・布団、宿の方の物腰柔らかい丁寧な気配りある対応、またまた満足。食事も素材・味付け・盛付け全部センスよく品があり美味しく抜群！また食べたい！母娘旅にはぴったりでした！！他口コミの部屋内段差は足腰問題なければ大丈夫だと思います。ほぼ静かで、 ゆっくり寛げます。,"時期:2022年12月宿泊; プラン:【大分の味力を満喫 ♪ おおいた和牛懐石プラン】2階客室; 価格帯:30,001円以上(大人１名あたり/税込); 部屋:4; 風呂:4; 料理(朝食):5; 料理(夕食):5; 接客・サービス:5 | プラン 【大分の味力を満喫 ♪ おおいた和牛懐石プラン】2階客室 和洋室 朝・夕",https://www.jalan.net/yad392046/kuchikomi/archive/,1,view,raw/jalan/archive_page_2.html,cp932,positive,body_positive,high,body_sentiment_inference_needed
OTA full review,Jalan,jalan_1f196244e6d88010,Jikuさん,2022/12/10,4,母と二人旅,大浴場は広くはなかったが、貸切状態でのんびりできた。部屋の温泉にも夜と朝入り温泉三昧で 大満足でした！朝食後も部屋にあるコーヒーマシンでコーヒーを入れ、テラスで母と2人でのんびりチェックアウトまで過ごせたのでいい思い出になった。,"時期:2022年11月宿泊; プラン:半露天風呂付 2階客室 1泊2食 黒毛和牛創作会席プラン; 価格帯:30,001円以上(大人１名あたり/税込); 部屋:4; 風呂:5; 料理(朝食):4; 料理(夕食):4; 接客・サービス:4 | プラン 半露天風呂付 2階客室 1泊2食 黒毛和牛創作会席プラン 和洋室 朝・夕",https://www.jalan.net/yad392046/kuchikomi/archive/,1,room_open_air_bath;public_bath,raw/jalan/archive_page_2.html,cp932,positive,body_positive,high,body_sentiment_inference_needed
OTA full review,Jalan,jalan_ef81eeffc83dc9b0,ひまわりさん,2022/11/8,2,エントランスの感じはよかったですが‥‥,2階に宿泊しました。移動は階段のみです。海から離れていますが、窓から海が見えます。部屋は２名なら普通に過ごせます。（広くはありません） 温泉はお部屋も大浴場も利用しましたが、特徴のある温泉ではありませんでした。 そしていちばんあり得ないと思ったことは、レストランの給仕の方が包帯をされていてそのままお料理を運んでいたことです。衛生的にあり得ないと思いました。,"時期:2022年10月宿泊; プラン:半露天風呂付 2階客室 1泊2食 黒毛和牛創作会席プラン; 価格帯:30,001円以上(大人１名あたり/税込); 部屋:3; 風呂:2; 料理(朝食):2; 料理(夕食):2; 接客・サービス:1 | プラン 半露天風呂付 2階客室 1泊2食 黒毛和牛創作会席プラン 和洋室 朝・夕",https://www.jalan.net/yad392046/kuchikomi/archive/,1,room_open_air_bath;public_bath;stairs_layout,raw/jalan/archive_page_2.html,cp932,positive,body_positive,high,body_sentiment_inference_needed
OTA full review,Jalan,jalan_aea82539100c91e3,碧ちゃんのじっじさん,2022/11/7,5,リゾートを愉しみました,菊池⇒別府⇒福岡の旅行の2日目で創作料理の評判が良くて宿泊しました。 resortホテルの造りで愉しみましたが、部屋のお風呂が狭く、温度調整を要し、少し、使いづらかったです。 ホスピタリティを感じ、また、利用したいですね。,"時期:2022年11月宿泊; プラン:【じゃらん秋SALE】じゃらん限定★10％off★半露天風呂付 １階客室 1泊2食 黒毛和牛創作会席プラン; 価格帯:26,001～27,000円(大人１名あたり/税込); 部屋:5; 風呂:4; 料理(朝食):5; 料理(夕食):5; 接客・サービス:5 | プラン 【じゃらん秋SALE】じゃらん限定★10％off★半露天風呂付 １階客室 1泊2食 黒毛和牛創作会席プラン 和洋室 朝・夕",https://www.jalan.net/yad392046/kuchikomi/archive/,1,room_open_air_bath;small_bath_or_room,raw/jalan/archive_page_2.html,cp932,mixed,body_negative_with_context,high,body_sentiment_inference_needed
OTA full review,Jalan,jalan_c81d430c73ea057a,nobu30さん,2022/11/3,3,部屋による,1階の端の部屋に宿泊しましたが、 窓の外の竹が、伸びていて、別府湾岸全部見渡せなかった。 2階は、よいと思います。,"時期:2022年9月宿泊; プラン:半露天風呂付き 1階客室 1泊2食 黒毛和牛創作会席プラン; 価格帯:30,001円以上(大人１名あたり/税込); 部屋:2; 風呂:3; 料理(朝食):4; 料理(夕食):5; 接客・サービス:4 | プラン 半露天風呂付き 1階客室 1泊2食 黒毛和牛創作会席プラン 和洋室 朝・夕",https://www.jalan.net/yad392046/kuchikomi/archive/,1,room_open_air_bath,raw/jalan/archive_page_3.html,cp932,positive,positive_signal_no_caution,medium,body_sentiment_inference_needed
OTA full review,Jalan,jalan_23103b3de20688ce,はなさん,2022/10/28,5,景色もお部屋もお風呂も綺麗！,夜ごはん美味しかったです！ お米お醤油お肉など素材もこだわられてるのかな？と感じました。 お風呂は大浴場を利用しました。ほぼ貸切で綺麗で最高でした。 お部屋の作りもテンション上がります。2階に泊まりました。別府湾見えます。由布岳見えます。また機会があれば泊まりたいです！,"時期:2022年10月宿泊; プラン:半露天風呂付 2階客室 1泊2食 黒毛和牛創作会席プラン; 価格帯:30,001円以上(大人１名あたり/税込); 部屋:5; 風呂:5; 料理(朝食):4; 料理(夕食):5; 接客・サービス:5 | プラン 半露天風呂付 2階客室 1泊2食 黒毛和牛創作会席プラン 和洋室 朝・夕",https://www.jalan.net/yad392046/kuchikomi/archive/,1,room_open_air_bath;public_bath;view,raw/jalan/archive_page_3.html,cp932,positive,body_positive,high,body_sentiment_inference_needed
OTA full review,Jalan,jalan_eb7ed021076b866f,せいのさん,2022/10/27,5,お部屋の温泉が最高,カップルで利用しました。 お部屋の温泉がとても良かったです。 また、朝食夕食もいろいろなバリエーションで 美味しくいただくことができました。 また利用したいと思える宿でした。,"時期:2022年9月宿泊; プラン:半露天風呂付 2階客室 1泊2食 黒毛和牛すき焼き会席プラン; 価格帯:30,001円以上(大人１名あたり/税込); 部屋:5; 風呂:5; 料理(朝食):5; 料理(夕食):5; 接客・サービス:5 | プラン 半露天風呂付 2階客室 1泊2食 黒毛和牛すき焼き会席プラン 和洋室 朝・夕",https://www.jalan.net/yad392046/kuchikomi/archive/,1,room_open_air_bath,raw/jalan/archive_page_3.html,cp932,positive,body_positive,high,body_sentiment_inference_needed
OTA full review,Jalan,jalan_2cfd3ffca91fc0a7,テラさん,2022/10/22,2,エアコンが---,今回で2回目ですが、2Fからの眺めを期待して予約しましたが、部屋に入った途端、暑いと思いました。エアコンが唸っていました。3時間ほどこの状態で、暑いまま夕食時間に。部屋のエアコンの異常を訴えたところ故障中だそうです。普通の宿ではあり得ない体験をしました。チェックインから3時間暑い中過ごしましたが、チェックアウト時も全く何も無かった様な対応で更にビックリです。全ての対応がこんな感じです。残念。,"時期:2022年8月宿泊; プラン:【じゃらん夏SALE】じゃらん限定★10%off★半露天風呂付 2階客室 1泊2食 黒毛和牛すきやき会席プラン; 価格帯:27,001～28,000円(大人１名あたり/税込); 部屋:2; 風呂:3; 料理(朝食):3; 料理(夕食):3; 接客・サービス:2 | プラン 【じゃらん夏SALE】じゃらん限定★10%off★半露天風呂付 2階客室 1泊2食 黒毛和牛すきやき会席プラン 和洋室 朝・夕",https://www.jalan.net/yad392046/kuchikomi/archive/,1,room_open_air_bath;view;temperature_hot,raw/jalan/archive_page_3.html,cp932,negative,low_rating_negative_body,high,body_sentiment_inference_needed
OTA full review,Jalan,jalan_ccd8eea4077f24e2,ゆゆゆさん,2022/10/15,5,別府湾が一望できる半露天風呂,友人と2人での贅沢旅行で利用しました。地域割があって、お安く泊まれて本当に良かった。部屋からの眺めは、素晴らしかったです。1階のお部屋でしたが、そもそもこの建物自体が山の上に建っているので、眺望問題ありません。部屋の露天風呂とは別に宿泊者が入れる内湯があります。内湯といっても、窓が大きいのでほぼ露天風呂でした。9月末に宿泊しましたが、金木犀が何本も植えられていて、本当にいい香りでした。温泉が良すぎて、さすが別府だと感じました。内湯は人数制限がありましたが、平日だったからか、ずっと貸切で、内湯と部屋の露天風呂を何度も利用しました。 朝ごはんのみのコースでしたが、御食事処からの鶴見岳と別府湾の眺めは最高な朝を飾ってくれました。チェックアウトもゆったりめの11時で設定してあったので、ゆったり過ごすことができました。またお金が貯まったら泊まりに行きたいです。,"時期:2022年9月宿泊; プラン:1泊朝食付プラン 半露天風呂付客室 1階客室; 価格帯:19,001～20,000円(大人１名あたり/税込); 部屋:5; 風呂:5; 料理(朝食):5; 料理(夕食):-; 接客・サービス:5 | プラン 1泊朝食付プラン 半露天風呂付客室 1階客室 和洋室 朝のみ",https://www.jalan.net/yad392046/kuchikomi/archive/,1,room_open_air_bath;view,raw/jalan/archive_page_3.html,cp932,positive,body_positive,high,body_sentiment_inference_needed
OTA full review,Jalan,jalan_d9c019e2123aaf32,かなこさん,2022/10/9,5,スタッフの方がとても親切でした。,スタッフの方がとても親切で、色々と丁寧に説明して頂いたり、こちらがお願いした事もしっかりと覚えて頂いており、気持ちが良い旅になりました。 別府の中では1番標高が高い所に建っているホテルという事で、見晴らしがとても良かったです。 ホテルへ行く途中の道が最近新しく開通されたとの事で、足場も悪くないと思います。,"時期:2022年10月宿泊; プラン:【じゃらん夏SALE】じゃらん限定★10%off★半露天風呂付 2階客室 1泊2食 黒毛和牛すきやき会席プラン; 価格帯:27,001～28,000円(大人１名あたり/税込); 部屋:4; 風呂:4; 料理(朝食):5; 料理(夕食):5; 接客・サービス:5 | プラン 【じゃらん夏SALE】じゃらん限定★10%off★半露天風呂付 2階客室 1泊2食 黒毛和牛すきやき会席プラン 和洋室 朝・夕",https://www.jalan.net/yad392046/kuchikomi/archive/,1,room_open_air_bath;access_road,raw/jalan/archive_page_3.html,cp932,positive,body_positive,high,body_sentiment_inference_needed
OTA full review,Jalan,jalan_4ab54229c4e3594e,かおりんさん,2022/10/4,3,景色がきれいでした！,別府、湯布院旅行の旅館として宿泊しました。 大浴場はコロナ対策のために3名までという措置が取られていて、立て札を取るというみんながわかりやすい方法だったので安心して利用することができました。 ただ、チェックイン後すぐに大浴場を利用したのですが、天井にすごく大きな蜘蛛の巣があったのでそこが残念でした。 お部屋は新しい感じでとても清潔感があって良いのですが、入る前の湯船に何本も髪の毛が浮いていたのでもったいないかとおもいましたが、1度流させてもらいました。 県民割等があったので通常よりお安く利用することができましたが、通常料金であればすこし割高なのかなとおもいました。 インターや観光地からも近く高台にあるので、別府が一望でき、景色が本当にきれいでとても印象に残りました。 接客してくださった方達も感じの良い方だったのでよかったです。 ありがとうございました。,"時期:2022年9月宿泊; プラン:【じゃらん秋SALE】じゃらん限定★10%off★半露天風呂付 2階客室 1泊2食 黒毛和牛創作会席プラン; 価格帯:27,001～28,000円(大人１名あたり/税込); 部屋:4; 風呂:4; 料理(朝食):4; 料理(夕食):4; 接客・サービス:4 | プラン 【じゃらん秋SALE】じゃらん限定★10%off★半露天風呂付 2階客室 1泊2食 黒毛和牛創作会席プラン 和洋室 朝・夕",https://www.jalan.net/yad392046/kuchikomi/archive/,1,room_open_air_bath;public_bath;view,raw/jalan/archive_page_3.html,cp932,mixed,body_positive_and_negative,high,body_sentiment_inference_needed
OTA full review,Jalan,jalan_c4208bbc06c80640,３Ｒさん,2022/10/1,5,おもてなしが最高,お部屋もお料理も、写真通りのお宿でした。 おもてなしも最高でした。 静かな場所で、2人でゆっくりと過ごすことが出来ました。,"時期:2022年9月宿泊; プラン:【じゃらん秋SALE】じゃらん限定★10%off★半露天風呂付 2階客室 1泊2食 黒毛和牛創作会席プラン; 価格帯:27,001～28,000円(大人１名あたり/税込); 部屋:5; 風呂:5; 料理(朝食):5; 料理(夕食):5; 接客・サービス:5 | プラン 【じゃらん秋SALE】じゃらん限定★10%off★半露天風呂付 2階客室 1泊2食 黒毛和牛創作会席プラン 和洋室 朝・夕",https://www.jalan.net/yad392046/kuchikomi/archive/,1,room_open_air_bath,raw/jalan/archive_page_3.html,cp932,positive,body_positive,high,body_sentiment_inference_needed
OTA full review,Jalan,jalan_28aaec48051221e6,ｙｔさん,2022/9/29,5,次回は食事付きで,予想以上の素敵なお部屋で大満足しました。他人との接触もなく、お部屋の温泉も温度調整にちょっと苦労したものの最高でした。次回は是非とも夕食をと思っています。,"時期:2022年8月宿泊; プラン:素泊まりプラン 半露天風呂付客室 1階客室; 価格帯:17,001～18,000円(大人１名あたり/税込); 部屋:5; 風呂:4; 料理(朝食):-; 料理(夕食):-; 接客・サービス:5 | プラン 素泊まりプラン 半露天風呂付客室 1階客室 和洋室 食事なし",https://www.jalan.net/yad392046/kuchikomi/archive/,1,room_open_air_bath,raw/jalan/archive_page_3.html,cp932,positive,body_positive,high,body_sentiment_inference_needed
OTA full review,Jalan,jalan_da79b88686e241f6,よっぴーさん,2022/9/24,4,私の誕生日,前回は、至れり尽くせりのサービスでしたが、今回は、バースデーケーキがなく残念でした。接客サービスも、前回が良くて今回も大事な日なので期待したのですが…本当に、残念でした。,"時期:2022年9月宿泊; プラン:【じゃらん初夏SALE】じゃらん限定★10％off★半露天風呂付 １階客室 1泊2食 創作会席プラン; 価格帯:25,001～26,000円(大人１名あたり/税込); 部屋:4; 風呂:2; 料理(朝食):4; 料理(夕食):4; 接客・サービス:4 | プラン 【じゃらん初夏SALE】じゃらん限定★10％off★半露天風呂付 １階客室 1泊2食 創作会席プラン 和洋室 朝・夕",https://www.jalan.net/yad392046/kuchikomi/archive/,1,room_open_air_bath,raw/jalan/archive_page_3.html,cp932,mixed,body_negative_with_context,high,body_sentiment_inference_needed
OTA full review,Jalan,jalan_1cbf3a729f6d9c5a,優騎さん,2022/9/18,4,オシャレでリッチ感あり,別府の友人に勧められ、新婚旅行で宿泊しました。 タクシーで伺いましたが、タクシーの運転手さんにも「奮発したね！」と言われるくらいにはリッチな雰囲気があります。 到着してすぐお迎え、ウェルカムドリンク、お菓子を頂き、施設内から宿泊する室内についてもご案内の方がずっとついて説明をしてくださいました。 内装がオシャレで、周囲は緑に囲まれながらもオーシャンビューで、当日は霞んでいましたが、景色は良いと思います。 施設内や部屋の入口は屋外になるので、虫がちょっと怖かったです。 (虫やクモの巣は施設の方にお願いすれば対処してくださるとのこと) 室内にかなり段差が多いので、足元に不安がある方の宿泊は難しいかもしれません。 室内の一部が破損していたり、埃が溜まっている部分もあり、やや気になりました。宿泊費が高いほど気になってしまうところだと思います。 お食事はとても美味しく、朝晩ともホテル内での食事にして正解でした。 食事の量が多く、個人的に時間がかかったので、予定には余裕を持っていた方が良いと思います。 帰りはタクシーを呼んでいただき、お菓子を頂き、丁寧にお見送りいただきました。接客がとてもきちんとしています。,"時期:2022年9月宿泊; プラン:【じゃらん秋SALE】じゃらん限定★10%off★半露天風呂付 2階客室 1泊2食 黒毛和牛創作会席プラン; 価格帯:27,001～28,000円(大人１名あたり/税込); 部屋:4; 風呂:4; 料理(朝食):5; 料理(夕食):5; 接客・サービス:5 | プラン 【じゃらん秋SALE】じゃらん限定★10%off★半露天風呂付 2階客室 1泊2食 黒毛和牛創作会席プラン 和洋室 朝・夕",https://www.jalan.net/yad392046/kuchikomi/archive/,1,room_open_air_bath;view;insects;access_road,raw/jalan/archive_page_3.html,cp932,mixed,body_negative_with_context,high,body_sentiment_inference_needed
OTA full review,Jalan,jalan_33375040fab698e9,ごえしさん,2022/9/17,5,非常に良く、楽しめました,恋人の誕生日をお祝いするために宿泊させて頂きました。 チェックイン時から丁寧に対応して頂き、ウェルカムドリンク、フードを頂きとても非常に満足。 部屋も広く綺麗で、露天風呂を最高でした。 夕食のご飯もとても量が多く、全て美味しく非常に満足でした。 サプライズの誕生日ケーキもご準備して頂き、ケーキ部屋まで持って帰る包装もして頂きありがとうございました。 いい記念になった1日でした。 朝食も和食中心で非常に満足でした。 おもてなし、接客対応全て素晴らしかったです。 ありがとうございました。,"時期:2022年9月宿泊; プラン:夜景を独り占め♪ お二人の記念日プラン １泊２食付; 価格帯:30,001円以上(大人１名あたり/税込); 部屋:5; 風呂:5; 料理(朝食):5; 料理(夕食):5; 接客・サービス:5 | プラン 夜景を独り占め♪ お二人の記念日プラン １泊２食付 和洋室 朝・夕",https://www.jalan.net/yad392046/kuchikomi/archive/,1,,raw/jalan/archive_page_3.html,cp932,positive,body_positive,high,body_sentiment_inference_needed
OTA full review,Jalan,jalan_d64743adf881c1de,ひーちゃんさん,2022/9/2,1,高齢者には厳しい,足が弱くなった母との旅行でした。景色が良さそうなイメージと客室露天風呂に惹かれて利用させていただきました。しかし、部屋には段差が3か所あり、バリアフリーではありません。その段差も高い。その段差があるためか上の足音がすごく響き夜中気になり寝られませんでした。非日常と言いながら… 食事処に行くのも階段があります．一応手摺りはありましたが何故か途中に柱がありました。夕食はとても美味しいくお腹いっぱいになりました。デザインにこだわり身体が不自由ではない方向きに作られた宿なんでしょうが…一部屋位はバリアフリーの部屋があってもいいのではないでしょうか？食事処への階段の横にスロープ作ったらいいのではないでしょうか？作る場所はあったと思います。 テーブルのホコリが気になり、部屋の前の雑草も気になり… こちらがこの宿を選びましたが…宿の写真や詳細などにバリアフリーじゃない事を入れてほしいと思います。 しかし、スタッフの方々の心遣いはとても良かったです。 もう行く事はありません。,"時期:2022年8月宿泊; プラン:関アジ姿造り付き黒毛和牛すきやき会席 １泊２食付プラン; 価格帯:30,001円以上(大人１名あたり/税込); 部屋:1; 風呂:2; 料理(朝食):2; 料理(夕食):4; 接客・サービス:4 | プラン 関アジ姿造り付き黒毛和牛すきやき会席 １泊２食付プラン 和洋室 朝・夕",https://www.jalan.net/yad392046/kuchikomi/archive/,1,room_open_air_bath;view;stairs_layout,raw/jalan/archive_page_3.html,cp932,positive,body_positive,high,body_sentiment_inference_needed
OTA full review,Jalan,jalan_09b1f8dc74961e1f,ひろきっくさん,2022/8/29,4,14組までの宿泊なので人にあまり会いません,場所が細い坂の上にあるので、初めて行くときは少し焦ります。部屋は夫婦二人で丁度ですが、家族3人で行くと狭いです（畳4.5畳と2-３畳ほどの縁側、布団の場所は２人分までのスペース）。室内は段差が多いので夜トイレなど行くときは注意が必要です。テラスもあり湯煙や別府湾など眺められます。部屋風呂は源泉かけ流しで、肌がツルツルになりますが、洗い場が狭いです。シャワーキャップがないので、妻は不便そうでした。風呂は全面ガラスなので外もよく見えます。大浴場は3か所しか洗い場がありませんが、1度に3人までしか入られないような仕組みになっています。大浴場は狭いので、基本的には部屋のお風呂利用がいいと思います。夕食はすき焼きで丁度良い量でしたし大変美味しかったです。食事開始が17:30 17:45 18:00 の3択で結構早めですのでご注意を。朝食は和食で、美味しいですが普通な内容です。朝食後外を眺めながらロビーで無料モーニングコーヒーができます。全体的にこじんまりした感じで、わちゃわちゃせずゆっくり休めました。,"時期:2022年8月宿泊; プラン:【じゃらん夏SALE】じゃらん限定★10%off★半露天風呂付 2階客室 1泊2食 黒毛和牛すきやき会席プラン; 価格帯:27,001～28,000円(大人１名あたり/税込); 部屋:4; 風呂:4; 料理(朝食):3; 料理(夕食):5; 接客・サービス:4 | プラン 【じゃらん夏SALE】じゃらん限定★10%off★半露天風呂付 2階客室 1泊2食 黒毛和牛すきやき会席プラン 和洋室 朝・夕",https://www.jalan.net/yad392046/kuchikomi/archive/,1,room_open_air_bath;public_bath;view;small_bath_or_room,raw/jalan/archive_page_3.html,cp932,mixed,body_positive_and_negative,high,body_sentiment_inference_needed
OTA full review,Jalan,jalan_63105fd59e820202,mikiさん,2022/8/18,4,絶景,3度目の利用です。前回とても素晴らしかったので、誕生日のお祝いを兼ねて利用しました。 やはり眺望がすばらしく、温泉に浸かりながら眺める別府の夜景に非日常の時間を過ごせました。 またきかいがあれば、お伺いしたいです。,"時期:2022年6月宿泊; プラン:【じゃらん初夏SALE】じゃらん限定★10％off★半露天風呂付 １階客室 1泊2食 創作会席プラン; 価格帯:26,001～27,000円(大人１名あたり/税込); 部屋:4; 風呂:5; 料理(朝食):3; 料理(夕食):3; 接客・サービス:4 | プラン 【じゃらん初夏SALE】じゃらん限定★10％off★半露天風呂付 １階客室 1泊2食 創作会席プラン 和洋室 朝・夕",https://www.jalan.net/yad392046/kuchikomi/archive/,1,room_open_air_bath;view,raw/jalan/archive_page_3.html,cp932,positive,body_positive,high,body_sentiment_inference_needed
OTA full review,Jalan,jalan_f11f8043d043ce30,ももてゃんさん,2022/8/16,4,高台にあり景色がいい,別府花火大会の時にちょうど宿泊をしました。 スタッフの方からも見える位置を教えていただき、早めの夕食にして少し坂を下り遠くからでしたが見える位置を探しました。 お部屋もお風呂が付いていたので朝もしっかり浸かりました！ 少し気になるところはベッドマットが薄いと感じたのと動くため寝返りを打ったりしたらズレるかなと思いました。後お部屋のエアコンも少し効きが悪い印象でした、、 ご飯は豪華で本当にお腹いっぱいになるほどで満足です。,"時期:2022年7月宿泊; プラン:【じゃらん夏SALE】じゃらん限定★10%off★半露天風呂付 2階客室 1泊2食 黒毛和牛すきやき会席プラン; 価格帯:27,001～28,000円(大人１名あたり/税込); 部屋:4; 風呂:5; 料理(朝食):4; 料理(夕食):5; 接客・サービス:5 | プラン 【じゃらん夏SALE】じゃらん限定★10%off★半露天風呂付 2階客室 1泊2食 黒毛和牛すきやき会席プラン 和洋室 朝・夕",https://www.jalan.net/yad392046/kuchikomi/archive/,1,room_open_air_bath;view,raw/jalan/archive_page_3.html,cp932,mixed,body_positive_and_negative,high,body_sentiment_inference_needed
OTA full review,Jalan,jalan_afd42158b36e34a8,ｔさん,2022/8/15,5,ついに九州,"飛行機嫌いな自分にとって九州は遠い。でも、退職までに,と思っててました。コロナのために,退職後になりましたが、ついに、です。最初の宿に選びました。こじんまりしていますが、部屋はゆったり、とても素晴らしい宿です。翌日以降の観光の相談にも真剣に乗ってくださり,幸先の良いスタートとなりました。","時期:2022年8月宿泊; プラン:【じゃらん夏SALE】じゃらん限定★10%off★半露天風呂付 2階客室 1泊2食 黒毛和牛すきやき会席プラン; 価格帯:27,001～28,000円(大人１名あたり/税込); 部屋:5; 風呂:5; 料理(朝食):5; 料理(夕食):5; 接客・サービス:5 | プラン 【じゃらん夏SALE】じゃらん限定★10%off★半露天風呂付 2階客室 1泊2食 黒毛和牛すきやき会席プラン 和洋室 朝・夕",https://www.jalan.net/yad392046/kuchikomi/archive/,1,room_open_air_bath,raw/jalan/archive_page_3.html,cp932,positive,body_positive,high,body_sentiment_inference_needed
OTA full review,Jalan,jalan_f11b96af056cb134,サトウさん,2022/8/12,5,丁寧なおもてなし,新婚旅行で利用しました。 山の上にあるので別府駅からタクシーを使いました。 到着してすぐにスタッフの方が笑顔で出迎えてくれ、重い荷物もすぐに預かってくださいました。別府を一望できる素敵なロビーでウェルカムドリンクをいただき、一息付いたら部屋へ案内してもらいました。 半露天風呂付きの部屋を選びましたが、想像以上の広々とした素晴らしい景色が見えるお部屋で、ほんのりと木の香りもして大変癒されました。半露天風呂も最高で、夜と翌日の朝に、街の眺めを楽しみながらゆったりと入ることができました。（疲れ切ってしまい大浴場には行けませんでした…笑 感染対策のために人数制限をしっかりして下さっているようです。） 今回は朝、夕食付きプランでしたが、どちらも豪華で、地元の食材を使った料理がとても美味しかったです。お腹がいっぱいになりました。 女子の浴衣は好きな柄を選べ、トランプやオセロ、本なども自由に借りることができたので宿泊者を楽しませようという心遣いがありがたかったです。 スタッフの方々のふんわりとした優しい雰囲気、丁寧なおもてなしが素敵で、またお世話になりたいなと思いました。自然の中で、静かな雰囲気の中で満喫したい方にはおすすめです！ ありがとうございました。,"時期:2022年8月宿泊; プラン:半露天風呂付 2階客室 1泊2食 黒毛和牛すき焼き会席プラン; 価格帯:30,001円以上(大人１名あたり/税込); 部屋:5; 風呂:4; 料理(朝食):4; 料理(夕食):5; 接客・サービス:5 | プラン 半露天風呂付 2階客室 1泊2食 黒毛和牛すき焼き会席プラン 和洋室 朝・夕",https://www.jalan.net/yad392046/kuchikomi/archive/,1,room_open_air_bath;public_bath;view;access_road,raw/jalan/archive_page_3.html,cp932,positive,body_positive,high,body_sentiment_inference_needed
OTA full review,Jalan,jalan_c04164d0b63e638c,あいちゃんさん,2022/8/11,5,彼氏とバースデー旅行,源泉掛け流しでよかった 接客もよく…タオルの多さもよかった 部屋食があれば最高だと感じた 朝の露天風呂では自衛隊のへりがとんでいたのが気になった,"時期:2022年6月宿泊; プラン:関アジ姿造り付き会席 １泊２食付プラン; 価格帯:30,001円以上(大人１名あたり/税込); 部屋:4; 風呂:4; 料理(朝食):4; 料理(夕食):4; 接客・サービス:5 | プラン 関アジ姿造り付き会席 １泊２食付プラン 和洋室 朝・夕",https://www.jalan.net/yad392046/kuchikomi/archive/,1,,raw/jalan/archive_page_3.html,cp932,positive,body_positive,high,body_sentiment_inference_needed
OTA full review,Jalan,jalan_d123ae81685fc6e0,すみちゃんさん,2022/8/7,4,夫婦癒しの旅,平日もあり私達だけの宿泊でしたが 夕食朝食共に手抜きもなく大満足の食事でした 温泉も良かったです 主人も部屋風呂で満足してました ただベットではなく板貼りにマットだったせいか 腰が痛くなりました。ベットだったら大満足でまた利用したいです あとはもう少しドリンクサービスなどがあれば良かったかなーと,"時期:2022年7月宿泊; プラン:【じゃらん初夏SALE】じゃらん限定★10%off★半露天風呂付 2階客室 1泊2食 創作会席プラン; 価格帯:27,001～28,000円(大人１名あたり/税込); 部屋:4; 風呂:5; 料理(朝食):5; 料理(夕食):5; 接客・サービス:5 | プラン 【じゃらん初夏SALE】じゃらん限定★10%off★半露天風呂付 2階客室 1泊2食 創作会席プラン 和洋室 朝・夕",https://www.jalan.net/yad392046/kuchikomi/archive/,1,room_open_air_bath,raw/jalan/archive_page_3.html,cp932,mixed,body_positive_and_negative,high,body_sentiment_inference_needed
OTA full review,Jalan,jalan_8d86706e970d982c,フィンさん,2022/7/29,4,見晴らしがよい,高台にあって見晴らしがよかったです。別府駅まで迎えにきて頂けました。お迎えのときのドライバーさんが色々と別府のことを教えて下さりました。お部屋は一階だったので、木々が少し景色を遮っていましたが、それでも絶景でした。3人だと二階が予約できなかったので、残念です。 夕食は他の方が書いているように、ボリュームたっぷりでした。すき焼きをもう少し早く出してもらえると最後まで食べれたのかなと思います。,"時期:2022年6月宿泊; プラン:【じゃらん初夏SALE】じゃらん限定★10％off★半露天風呂付 １階客室 1泊2食 創作会席プラン; 価格帯:25,001～26,000円(大人１名あたり/税込); 部屋:4; 風呂:4; 料理(朝食):3; 料理(夕食):4; 接客・サービス:4 | プラン 【じゃらん初夏SALE】じゃらん限定★10％off★半露天風呂付 １階客室 1泊2食 創作会席プラン 和洋室 朝・夕",https://www.jalan.net/yad392046/kuchikomi/archive/,1,room_open_air_bath;view,raw/jalan/archive_page_3.html,cp932,mixed,body_positive_and_negative,high,body_sentiment_inference_needed
OTA full review,Jalan,jalan_d4bc4630e2594f87,nisshyさん,2022/7/23,3,普通でした。,お部屋でまったり過ごせてイイお宿でした。 大浴場も人が密にならないような工夫がなされており、配慮されていて安心しました。 お部屋も広く快適でした。ただ、部屋からの景観としては雑草がかなりはえており、別府の街は見渡せなかったです。初夏だったので、仕方ない部分もあると思います後、せめて枯れ草は処理したりしてはいかがでしょうか？大きな蜘蛛の巣が合ったりと外向きの景観には配慮してもらいたいです。 食事は美味しくいただきました。 しかし、お品書きがあるのみで配膳されていた男性から食事の案内はなかったのが、残念でした。また、少人数の宿でありチェックインも担当した方が自分たちに部屋番号と名前を繰り返し聞かれるのはホスピタリティとしていかがなものかな？と感じてしまいました。 お値段もはるのでそれなりのサービスを期待しましたが、駐車場案内されても荷物を預かるとか歓迎すると言った様子もなく、ざんねんでした。,"時期:2022年6月宿泊; プラン:半露天風呂付き 1階客室 1泊2食 創作懐石プラン; 価格帯:29,001～30,000円(大人１名あたり/税込); 部屋:3; 風呂:3; 料理(朝食):3; 料理(夕食):3; 接客・サービス:3 | プラン 半露天風呂付き 1階客室 1泊2食 創作懐石プラン 和洋室 朝・夕",https://www.jalan.net/yad392046/kuchikomi/archive/,1,room_open_air_bath;public_bath,raw/jalan/archive_page_3.html,cp932,mixed,body_positive_and_negative,high,body_sentiment_inference_needed
OTA full review,Jalan,jalan_012dac25e663af34,masaさん,2022/7/18,4,料理が最高,2連泊でしたが、似たものにならないように工夫されていて、飽きることなく料理を堪能しました。酸味の使い方が絶妙でとてもおいしかったです。大浴場は小ぶりでしたが、部屋付半露天風呂は湯量も十分で、別府の硫黄臭満載の湯を堪能できました。部屋数が少ないので、静かに過ごすには最適です。また行きたいと思える宿でした。,"時期:2022年7月宿泊; プラン:【じゃらんスペシャルウィーク】平日10％OFF！半露天風呂付き 1階客室 1泊2食 創作懐石プラン; 価格帯:26,001～27,000円(大人１名あたり/税込); 部屋:4; 風呂:4; 料理(朝食):5; 料理(夕食):5; 接客・サービス:5 | プラン 【じゃらんスペシャルウィーク】平日10％OFF！半露天風呂付き 1階客室 1泊2食 創作懐石プラン 和洋室 朝・夕",https://www.jalan.net/yad392046/kuchikomi/archive/,1,room_open_air_bath;public_bath,raw/jalan/archive_page_3.html,cp932,mixed,body_positive_and_negative,high,body_sentiment_inference_needed
OTA full review,Jalan,jalan_493526de93e2a1a1,ゆでたまごさん,2022/7/17,4,温泉も食事も満足できました。,以前から宿泊してみたいホテルでした。 部屋の雰囲気も良く、温泉も気持ち良かったです。食事もわりと量があり、満足できました。 チェックイン時、スタッフさんの控室(事務所)から、声は聞こえているのに、なかなかロビーに出てこられなかったのが、ちょっと気になりましたが、概ね満足できました。,"時期:2022年7月宿泊; プラン:【じゃらんスペシャルウィーク】平日10％OFF！半露天風呂付 2階客室 1泊2食 創作会席プラン; 価格帯:27,001～28,000円(大人１名あたり/税込); 部屋:5; 風呂:5; 料理(朝食):4; 料理(夕食):3; 接客・サービス:4 | プラン 【じゃらんスペシャルウィーク】平日10％OFF！半露天風呂付 2階客室 1泊2食 創作会席プラン 和洋室 朝・夕",https://www.jalan.net/yad392046/kuchikomi/archive/,1,room_open_air_bath,raw/jalan/archive_page_3.html,cp932,positive,body_positive,high,body_sentiment_inference_needed
OTA full review,Jalan,jalan_b2c941cd6dbf362f,チャッピーさん,2022/7/16,5,ロケーションが最高,あいにくの雨模様だったのですが、チェックインの時間には晴れ間も出て、ロビーからの眺望を堪能することができました。お部屋のテラスからの眺めも最高で、日常生活から開放された空間は、とてもリラックスして過ごすことができました。お料理も美味しく、スタッフの方々の対応もほど良い距離感で気持ちよく過ごせました。 ただひとつ、お部屋のつくりがバリアフリーが推奨されている今、ご年配の方がご利用する際には段差が少し多い気がします。 でも大満足の2日間でした。,"時期:2022年7月宿泊; プラン:【じゃらん初夏SALE】じゃらん限定★10%off★半露天風呂付 2階客室 1泊2食 創作会席プラン; 価格帯:27,001～28,000円(大人１名あたり/税込); 部屋:4; 風呂:4; 料理(朝食):4; 料理(夕食):5; 接客・サービス:5 | プラン 【じゃらん初夏SALE】じゃらん限定★10%off★半露天風呂付 2階客室 1泊2食 創作会席プラン 和洋室 朝・夕",https://www.jalan.net/yad392046/kuchikomi/archive/,1,room_open_air_bath;view,raw/jalan/archive_page_3.html,cp932,positive,body_positive,high,body_sentiment_inference_needed
OTA full review,Jalan,jalan_008c7dd72de66d18,Qちゃんさん,2022/7/13,4,眺めがよいホテル,両親の記念日（電話でお話しましたが...）で宿泊しました。脚が少し不自由なのでレストランに近い１階のお部屋にしてもらい、部屋に高めのイスお風呂のイスもありがとうございました。部屋、温泉からも眺めがよく何度も入りゆっくりできました。温度の調整は難しかったです。夕朝食共に美味しかったです。テレビの音声が出なくなり壊れてましたので隣の部屋に変更していただきました。今度は朝１０時頃に２階から水漏れがあり洗面器とタオルで対処しましたが大丈夫でしょうか少し残念です。皆さんの笑顔の接客対応は素敵だと思います。,"時期:2022年6月宿泊; プラン:【じゃらん初夏SALE】じゃらん限定★10％off★半露天風呂付 １階客室 1泊2食 創作会席プラン; 価格帯:25,001～26,000円(大人１名あたり/税込); 部屋:2; 風呂:5; 料理(朝食):4; 料理(夕食):4; 接客・サービス:4 | プラン 【じゃらん初夏SALE】じゃらん限定★10％off★半露天風呂付 １階客室 1泊2食 創作会席プラン 和洋室 朝・夕",https://www.jalan.net/yad392046/kuchikomi/archive/,1,room_open_air_bath;view,raw/jalan/archive_page_3.html,cp932,mixed,body_positive_and_negative,high,body_sentiment_inference_needed
OTA full review,Jalan,jalan_0a83fe0c99c21def,エリカさん,2022/7/9,5,大人な空間,想像以上の素敵なお部屋で夫婦揃って大満足でした！ お部屋についてる温泉も最高で、網戸がきちんとされてあり虫などが入ってくる心配もなくて良かったです。他の人との接触もほぼ無いのでコロナの心配もなく安心して過ごせました。ご飯も美味しくて大食いの旦那でも満足してました！,"時期:2022年7月宿泊; プラン:【じゃらんスペシャルウィーク】平日10％OFF！半露天風呂付き 1階客室 1泊2食 創作懐石プラン; 価格帯:26,001～27,000円(大人１名あたり/税込); 部屋:5; 風呂:5; 料理(朝食):5; 料理(夕食):5; 接客・サービス:5 | プラン 【じゃらんスペシャルウィーク】平日10％OFF！半露天風呂付き 1階客室 1泊2食 創作懐石プラン 和洋室 朝・夕",https://www.jalan.net/yad392046/kuchikomi/archive/,1,room_open_air_bath;insects,raw/jalan/archive_page_3.html,cp932,mixed,body_positive_and_negative,high,body_sentiment_inference_needed
OTA full review,Jalan,jalan_725ce72ac0e56c30,ひかりさん,2022/7/7,5,料理と景色も温泉も大満足♪,2階の客室だったので別府の景色が綺麗に見えて 夜も夜景が綺麗でした！ 夕食も凄く美味しく大満足でした！ スタッフの方の接客も良くてまた行きたいと思いました。,"時期:2022年7月宿泊; プラン:【じゃらん夏SALE】じゃらん限定★10%off★半露天風呂付 2階客室 1泊2食 創作会席プラン; 価格帯:27,001～28,000円(大人１名あたり/税込); 部屋:5; 風呂:5; 料理(朝食):5; 料理(夕食):5; 接客・サービス:5 | プラン 【じゃらん夏SALE】じゃらん限定★10%off★半露天風呂付 2階客室 1泊2食 創作会席プラン 和洋室 朝・夕",https://www.jalan.net/yad392046/kuchikomi/archive/,1,room_open_air_bath;view,raw/jalan/archive_page_3.html,cp932,positive,body_positive,high,body_sentiment_inference_needed
OTA full review,Jalan,jalan_6e4922c88a8e28fc,美和ちゃんさん,2022/6/28,4,癒やされました,昨年は友人と別府のファミリー向けの大きなホテルに泊まったので、今回はゆっくりのんびりできるこちらに決めました。 価格はそれなりにしましたが、九州ブロック割り引きが適用だったので、お得感がありました。 ウェルカムドリンクとスイーツなどステキなお出迎えでした。ロビーからの眺めもステキでした。 お料理も冷たいもの、温かいものと品数も多く、美味しく頂きました。 もちろん大浴場も利用しましたが、お部屋も静かで、お部屋のお風呂も好きな時間に入れるので、のんびり過ごせました。 ただ…チェックアウトする前にコーヒーを飲もうとしたら、お部屋のタンブラーに前のお客様の口紅のあとがついていたので…そこたけが残念でした。,"時期:2022年6月宿泊; プラン:【じゃらん初夏SALE】じゃらん限定★10%off★半露天風呂付 2階客室 1泊2食 創作会席プラン; 価格帯:27,001～28,000円(大人１名あたり/税込); 部屋:4; 風呂:5; 料理(朝食):4; 料理(夕食):4; 接客・サービス:4 | プラン 【じゃらん初夏SALE】じゃらん限定★10%off★半露天風呂付 2階客室 1泊2食 創作会席プラン 和洋室 朝・夕",https://www.jalan.net/yad392046/kuchikomi/archive/,1,room_open_air_bath;public_bath;view,raw/jalan/archive_page_3.html,cp932,mixed,body_positive_and_negative,high,body_sentiment_inference_needed
OTA full review,Jalan,jalan_9f7fd6c53e869327,あさん,2022/6/28,5,景色が綺麗でした,夕食はとても美味しかったです。 またケーキのサプライズも良かったです。 お部屋は程よい広さでテラスからの景色は最高でした。,"時期:2022年6月宿泊; プラン:夜景を独り占め♪ お二人の記念日プラン １泊２食付; 価格帯:30,001円以上(大人１名あたり/税込); 部屋:5; 風呂:5; 料理(朝食):4; 料理(夕食):5; 接客・サービス:5 | プラン 夜景を独り占め♪ お二人の記念日プラン １泊２食付 和洋室 朝・夕",https://www.jalan.net/yad392046/kuchikomi/archive/,1,view,raw/jalan/archive_page_3.html,cp932,positive,body_positive,high,body_sentiment_inference_needed
OTA full review,Jalan,jalan_0a8aaff4934321ad,そらさん,2022/6/23,3,部屋の温泉地,小さくで残念でした。 お湯も排水栓が古いようで すぐに抜けていました。 朝食は品数は多いですが、特に豪華ではなく、、,"時期:2022年6月宿泊; プラン:半露天風呂付 2階客室 1泊2食 創作会席プラン; 価格帯:30,001円以上(大人１名あたり/税込); 部屋:4; 風呂:2; 料理(朝食):3; 料理(夕食):4; 接客・サービス:3 | プラン 半露天風呂付 2階客室 1泊2食 創作会席プラン 和洋室 朝・夕",https://www.jalan.net/yad392046/kuchikomi/archive/,1,room_open_air_bath,raw/jalan/archive_page_4.html,cp932,mixed,body_positive_and_negative,high,body_sentiment_inference_needed
OTA full review,Jalan,jalan_297d0d6e2a3dc964,kanaさん,2022/6/20,5,景色も料理も最高ですが、何よりサービスが素晴らしいです！,家族旅行で両親を連れて行きました。 別府の上の方で、景色も綺麗で夜景も綺麗でしたし、お料理もどれをとっても美味しく、お腹いっぱいになりました！ そして、1番はなによりもスタッフの方のお気遣い！！ 別府に来てよかった！ここに泊まってよかったと思いました！！ 両親もまた来たいねと言っていました。大満足です。 また、家族で来れたらいいなと思っています。ありがとうございました！,"時期:2022年6月宿泊; プラン:【じゃらん初夏SALE】じゃらん限定★10%off★半露天風呂付 2階客室 1泊2食 創作会席プラン; 価格帯:27,001～28,000円(大人１名あたり/税込); 部屋:5; 風呂:5; 料理(朝食):5; 料理(夕食):5; 接客・サービス:5 | プラン 【じゃらん初夏SALE】じゃらん限定★10%off★半露天風呂付 2階客室 1泊2食 創作会席プラン 和洋室 朝・夕",https://www.jalan.net/yad392046/kuchikomi/archive/,1,room_open_air_bath;view,raw/jalan/archive_page_4.html,cp932,positive,body_positive,high,body_sentiment_inference_needed
OTA full review,Jalan,jalan_8a2742eadc750d6d,kuroさん,2022/6/8,3,初めての利用,よく夫婦で温泉旅行に行っており、特に別府は色々なところに宿泊してます。 部屋はこじんまりとしていていい感じ。 温泉はさすが別府！良い泉質！ 料理に関しては、いたって普通かと。可もなく不可もなしでした。 人参嫌いな私たちに対応して下さりありがとうございます。 網戸の建て付けが悪かったです。 良い宿でした！,"時期:2022年5月宿泊; プラン:【じゃらん初夏SALE】じゃらん限定★10%off★半露天風呂付 2階客室 1泊2食 創作会席プラン; 価格帯:27,001～28,000円(大人１名あたり/税込); 部屋:4; 風呂:4; 料理(朝食):3; 料理(夕食):3; 接客・サービス:4 | プラン 【じゃらん初夏SALE】じゃらん限定★10%off★半露天風呂付 2階客室 1泊2食 創作会席プラン 和洋室 朝・夕",https://www.jalan.net/yad392046/kuchikomi/archive/,1,room_open_air_bath,raw/jalan/archive_page_4.html,cp932,mixed,body_positive_and_negative,high,body_sentiment_inference_needed
OTA full review,Jalan,jalan_4960c3be0008cd67,ちゃんさん,2022/6/6,3,マニュアル通りなのかな,お料理の味はとても満足でした。お風呂も気持ちよかったです。 残念なのが、部屋に置いてあるコップに唇の跡が2ケ所残ったままだったこと。 食器洗い器では口紅が取れないことは多々あると思います。後のチェックをされてはどうでしょうか? 前の人が使った痕跡があるコップは気持ちいいものではありません。 チェックアウトの日は雨が降っていて、駐車場まで少し距離があり、車を取りに行くだけでびしょぬれに。 フロント前に停めお会計をして車に行くまでのちょっとした距離でもけっこう濡れました。 他のホテルさんなら傘を差して車まで送っていただけますが、玄関口で「ではこちらで失礼します」とマニュアル通りのお言葉しかありませんでした。 え?濡れながら行かせるの?と思いましたが・・・ 雨が降ってる日くらいは濡れないように車まで送ってほしかったですね。,"時期:2022年5月宿泊; プラン:半露天風呂付 2階客室 1泊2食 創作会席プラン; 価格帯:30,001円以上(大人１名あたり/税込); 部屋:3; 風呂:4; 料理(朝食):3; 料理(夕食):4; 接客・サービス:2 | プラン 半露天風呂付 2階客室 1泊2食 創作会席プラン 和洋室 朝・夕",https://www.jalan.net/yad392046/kuchikomi/archive/,1,room_open_air_bath,raw/jalan/archive_page_4.html,cp932,mixed,body_positive_and_negative,high,body_sentiment_inference_needed
OTA full review,Jalan,jalan_288cefbdc7e37350,とむしゃんさん,2022/5/29,5,大人ののんびり旅に,日頃の感謝を込めて当日までどこに宿泊するか内緒にしていた大分旅行。口コミや写真を見て決めましたが大正解でした。 見晴らしのいい2階の部屋からは湯けむりが見え、景色がとても良かったです。夕食はどれも美味しく前菜からデザートまで堪能させてもらいました。 好きなときに夜景を見ながらのんびり入る半露天風呂も最高でした。また、寝起きでボーッとしながら入る朝風呂も贅沢で、泊まりにきて良かったと実感。朝食も身体に優しそうなおかずが並びどれも美味しかったです。 アメニティに関して、朝風呂や髪の毛が濡れない為にもシャワーキャップを置いてもらえると有難いです。 コロナ禍とはいえ、スタッフの方々は接客もよく大変満足のいく宿泊になりました。,"時期:2022年5月宿泊; プラン:【じゃらん初夏SALE】じゃらん限定★10%off★半露天風呂付 2階客室 1泊2食 創作会席プラン; 価格帯:27,001～28,000円(大人１名あたり/税込); 部屋:5; 風呂:5; 料理(朝食):5; 料理(夕食):5; 接客・サービス:4 | プラン 【じゃらん初夏SALE】じゃらん限定★10%off★半露天風呂付 2階客室 1泊2食 創作会席プラン 和洋室 朝・夕",https://www.jalan.net/yad392046/kuchikomi/archive/,1,room_open_air_bath;view,raw/jalan/archive_page_4.html,cp932,positive,body_positive,high,body_sentiment_inference_needed
OTA full review,Jalan,jalan_ed2062aac83b7992,てんちゃんさん,2022/5/11,5,別府湾 絶景,大人の隠れ宿というだけあって、テラスから見える景色は絶景でした。急遽泊まる事になりましたが、何から何まで良かったです。前々から泊まってみたかったホテルで、食事もお風呂も景色も大満足でした。次は、系列のホテル、旅館に泊まってみたいと思います。,"時期:2022年5月宿泊; プラン:【じゃらん初夏SALE】じゃらん限定★10%off★半露天風呂付 2階客室 1泊2食 創作会席プラン; 価格帯:27,001～28,000円(大人１名あたり/税込); 部屋:5; 風呂:4; 料理(朝食):5; 料理(夕食):5; 接客・サービス:5 | プラン 【じゃらん初夏SALE】じゃらん限定★10%off★半露天風呂付 2階客室 1泊2食 創作会席プラン 和洋室 朝・夕",https://www.jalan.net/yad392046/kuchikomi/archive/,1,room_open_air_bath;view,raw/jalan/archive_page_4.html,cp932,positive,body_positive,high,body_sentiment_inference_needed
OTA full review,Jalan,jalan_391fb12c609e9277,エルちゃんさん,2022/5/7,5,部屋付き露天風呂が最高,大分の温泉を楽しみたいと家族で二泊しました のどかな湯けむりの風景を楽しみながら、くつろぐことが出来ました 二泊中の食事も色々味わえるように工夫がちりばめられていました 部屋付きの露天風呂、風景を楽しみながらゆったりと楽しみました 最高でした,"時期:2022年3月宿泊; プラン:【じゃらん春SALE】半露天風呂付 １階客室 1泊2食 創作会席プラン; 価格帯:26,001～27,000円(大人１名あたり/税込); 部屋:4; 風呂:5; 料理(朝食):4; 料理(夕食):5; 接客・サービス:4 | プラン 【じゃらん春SALE】半露天風呂付 １階客室 1泊2食 創作会席プラン 和洋室 朝・夕",https://www.jalan.net/yad392046/kuchikomi/archive/,1,room_open_air_bath,raw/jalan/archive_page_4.html,cp932,positive,body_positive,high,body_sentiment_inference_needed
OTA full review,Jalan,jalan_b2e38c1539302f80,マサさん,2022/5/5,4,お部屋の景色が最高でした。,初めに現地に着いた時、既に出迎えてくれて荷物も全部部屋まで運んでくれたり、館内の説明もしっかり丁寧にして頂きました。客室内の露天風呂も天然温泉で少し顔を出せば180℃絶景が広がっていて最高でした。夕食も一品ずつこだわっていて流石3星ホテルだと思いました。あと、丁寧な説明と食べ方など教えてくれました。部屋にはテラスもあって、食後に少しお酒を楽しみながら観る景色はなんとも最高な時間でした。1階には製氷機もあり無料でした。朝食も豪華で普段は朝ご飯はあんまり食べない方ですが、一瞬で食べ尽くしてしまいました。少し残念な所はサービスの浴衣にシミがあって何回も使い古したのがあり、下駄も傷だらけで紐もガバガバで歩きにくかった所だけです。でも、人生にもう一度だけ行ってみたいと思います。,"時期:2022年5月宿泊; プラン:半露天風呂付 2階客室 1泊2食 創作会席プラン; 価格帯:30,001円以上(大人１名あたり/税込); 部屋:5; 風呂:4; 料理(朝食):4; 料理(夕食):3; 接客・サービス:5 | プラン 半露天風呂付 2階客室 1泊2食 創作会席プラン 和洋室 朝・夕",https://www.jalan.net/yad392046/kuchikomi/archive/,1,room_open_air_bath;view,raw/jalan/archive_page_4.html,cp932,mixed,body_positive_and_negative,high,body_sentiment_inference_needed
OTA full review,Jalan,jalan_ea827968d4724300,ももちゃんさん,2022/4/25,4,リフレッシュできる宿,別府にはよく伺いますが、以前から気になっていた宿でした。色々な口コミを見て決めましたが、期待以上でした。部屋はそんなに広くはないですが、2人旅にはちょうど良い広さでした。1階だったので音が気になるかなと思ってましたが大丈夫でした。2日間あいにくの雨でしたが、部屋のお風呂は半露天風呂だったので問題はなく、また温泉も良質だったので満足です。夕食は見た目も味も量も、また配膳のタイミングもよかったです。コロナ禍であってもできるだけのサービスをしようという気持ちがスタッフの方々から感じられました。ホスピタリティ溢れる宿でした。ぜひまた伺いたいと思います。,"時期:2022年4月宿泊; プラン:【じゃらんスペシャルウィーク】半露天風呂付き 1階客室 1泊2食 創作懐石プラン4月; 価格帯:30,001円以上(大人１名あたり/税込); 部屋:4; 風呂:4; 料理(朝食):4; 料理(夕食):5; 接客・サービス:5 | プラン 【じゃらんスペシャルウィーク】半露天風呂付き 1階客室 1泊2食 創作懐石プラン4月 和洋室 朝・夕",https://www.jalan.net/yad392046/kuchikomi/archive/,1,room_open_air_bath,raw/jalan/archive_page_4.html,cp932,positive,body_positive,high,body_sentiment_inference_needed
OTA full review,Jalan,jalan_6f434e928b3c87a8,ちな〃さん,2022/4/11,5,スタッフの方のおもてなし&絶景,ネットでの口コミを見て、宿泊を決めました。 その口コミ通り…スタッフの方のおもてなしや優しい言葉かけが素敵でした。息子も「優しいねー」「嬉しいねー」と大人が感じた感情と同じだったようです。 リピートしたいと思いました。 美味しい食事、景色、夜景、スタッフの方の優しさ…で、素敵な5年振りの旅行となりました。なかなか全員揃っての写真も撮れないので撮ってくださりありがとうございました。,"時期:2022年4月宿泊; プラン:【じゃらんスペシャルウィーク】半露天風呂付き 1階客室 1泊2食 創作懐石プラン4月; 価格帯:29,001～30,000円(大人１名あたり/税込); 部屋:5; 風呂:4; 料理(朝食):5; 料理(夕食):5; 接客・サービス:5 | プラン 【じゃらんスペシャルウィーク】半露天風呂付き 1階客室 1泊2食 創作懐石プラン4月 和洋室 朝・夕",https://www.jalan.net/yad392046/kuchikomi/archive/,1,room_open_air_bath;view,raw/jalan/archive_page_4.html,cp932,positive,body_positive,high,body_sentiment_inference_needed
OTA full review,Jalan,jalan_05473051c586e75e,なつきさん,2022/4/1,5,おもてなしも、お部屋も最高でした,ホテル全体が清潔感あり綺麗で満足でした。 お風呂も気持ちよく別府の街を眺めながら入ることができて最高でした。お風呂上がりにテラスに出て、夜景を見ながら一杯飲んで、のんびりすごす。 受付、食事のスタッフのみなさん、しっかり対応してくださりました。 料理もすべて美味しくいただきました。 最高な一泊&思い出ができました。 また泊まりに行きたいです。,"時期:2022年3月宿泊; プラン:半露天風呂付 2階客室 1泊2食 創作会席プラン; 価格帯:30,001円以上(大人１名あたり/税込); 部屋:5; 風呂:4; 料理(朝食):5; 料理(夕食):5; 接客・サービス:5 | プラン 半露天風呂付 2階客室 1泊2食 創作会席プラン 和洋室 朝・夕",https://www.jalan.net/yad392046/kuchikomi/archive/,1,room_open_air_bath;view,raw/jalan/archive_page_4.html,cp932,positive,body_positive,high,body_sentiment_inference_needed
OTA full review,Jalan,jalan_0505eb7dd56600c7,ochiyoさん,2022/3/29,5,食事最高,50～60代の女子会旅行。 お部屋はシンプル。 でもお料理は…とにかく最高でした。 最後に出てきた、すき焼きは絶対にもう食べれないと 思っていましたが、全て完食。 ただただ美味しいお料理でした。,"時期:2022年3月宿泊; プラン:半露天風呂付き 1階客室 1泊2食 創作懐石プラン; 価格帯:28,001～29,000円(大人１名あたり/税込); 部屋:4; 風呂:4; 料理(朝食):5; 料理(夕食):5; 接客・サービス:5 | プラン 半露天風呂付き 1階客室 1泊2食 創作懐石プラン 和洋室 朝・夕",https://www.jalan.net/yad392046/kuchikomi/archive/,1,room_open_air_bath,raw/jalan/archive_page_4.html,cp932,positive,body_positive,high,body_sentiment_inference_needed
OTA full review,Jalan,jalan_6116afb79ebe1a44,japanairさん,2022/3/22,5,全てに満足出来ました,部屋、部屋に付いている半露天温泉風呂、夕食、朝食、従業員さんのサービス。全てに満足出来ました。 一点気になったのが、夜に玄関からエステルームに行く時に、玄関と道路の境目が間接照明で暗くて見えず（小雨で道が濡れて黒かったのもあると思います）、玄関からエステ側に真っ直ぐ歩いて行って、そのまま道路側に落ちそうになりました。高低差が１メートル以上あるので、落ちると危ないと思います。,"時期:2022年3月宿泊; プラン:半露天風呂付 2階客室 1泊2食 創作会席プラン; 価格帯:30,001円以上(大人１名あたり/税込); 部屋:5; 風呂:5; 料理(朝食):5; 料理(夕食):5; 接客・サービス:5 | プラン 半露天風呂付 2階客室 1泊2食 創作会席プラン 和洋室 朝・夕",https://www.jalan.net/yad392046/kuchikomi/archive/,1,room_open_air_bath;access_road,raw/jalan/archive_page_4.html,cp932,mixed,body_positive_and_negative,high,body_sentiment_inference_needed
OTA full review,Jalan,jalan_83645da940277583,さやかさん,2022/3/7,5,大人の贅沢旅,先日泊まった同じ系列の旅館での接客や料理がとても良かったため、今回は念入りに調べることなく安心して予約しました。１５時にチェックインしてすぐに女湯に行き、大きなお風呂に入ることができました。コロナの観点から人混みを避けたいし、少し足の不自由な母のためにもこの方法が1番ベストでした。夕食や朝食はどれも手の込んだ料理がお腹いっぱい堪能でき、とても満足でした。海藻類や菜の花などの旬の食材、豆類、根菜類など栄養バランスもとても考えられていて料理長のお客様をおもう想いがうかがえました。部屋のお風呂は１５０センチの女性だったら伸び伸びと入ることができ、恋人や夫婦など２人で入浴することも可能な広さでした。お湯の調節も自身ですることができるので冷え性で長風呂したい私にはもってこいのお風呂でした。窓を開けて入ると露天風呂のようで夜空や朝日をみることができとても良かったです。少しだけ残念だったと思うところは、初めに部屋まで案内してくださった女性のスタッフの方が、夕食で会った時に名前も部屋番号も覚えていないところでした。全てのお客様の名前と部屋番号を覚えることは不可能であったとしても、自身が案内したお客様の顔や部屋番号、話した話しの内容などは少なくとも覚えておいていただけたら嬉しいなと思いました。,"時期:2022年3月宿泊; プラン:活平目姿造り付き会席 １泊２食付プラン; 価格帯:30,001円以上(大人１名あたり/税込); 部屋:5; 風呂:5; 料理(朝食):5; 料理(夕食):5; 接客・サービス:3 | プラン 活平目姿造り付き会席 １泊２食付プラン 和洋室 朝・夕",https://www.jalan.net/yad392046/kuchikomi/archive/,1,room_open_air_bath,raw/jalan/archive_page_4.html,cp932,mixed,body_positive_and_negative,high,body_sentiment_inference_needed
OTA full review,Jalan,jalan_b152a7da1923ceba,eryさん,2022/3/3,5,温泉が良い,客室に付いている温泉がすごく良かったです。 部屋も清潔感あり綺麗でした！ 朝食も景色が良い所で食べれて良かったです！ また利用したいと思いました！,"時期:2022年1月宿泊; プラン:1泊朝食付プラン 半露天風呂付客室 1階客室; 価格帯:19,001～20,000円(大人１名あたり/税込); 部屋:5; 風呂:5; 料理(朝食):5; 料理(夕食):-; 接客・サービス:3 | プラン 1泊朝食付プラン 半露天風呂付客室 1階客室 和洋室 朝のみ",https://www.jalan.net/yad392046/kuchikomi/archive/,1,room_open_air_bath;view,raw/jalan/archive_page_4.html,cp932,positive,body_positive,high,body_sentiment_inference_needed
OTA full review,Jalan,jalan_69deae6fa619947e,なつきさん,2022/3/3,4,景色は良かった,部屋に風呂あり。景色良し。喫煙可能という所で、ずっと泊まってみたかった事もあり宿泊。良かった所はその３つと大浴場(小さめ)の入場制限3名まで等密になることがなかった、チェックアウトが11時、従業員の方皆さん物腰が柔らかい点です。 気になったのは食事。 ツレは食事全てにおいて甘いと言ってましたし、大分らしいものは夕食時の温泉卵のみ。今回はホテル宿泊のみで完結させようと思ってたので残念でした。そして、食事処の入り口や各テーブルに呼び鈴を置いて頂くとお互い便利かと思います。夕食時は入り口に誰もおらず、厨房を覗いて雑談中の従業員に声かけ。朝食時はおかわりどうぞと言われたものの1度チラッと見に来てすぐ戻って行かれたので声をかけそびれ、おかわりを諦めました。 フロント、大浴場、食事処、部屋の中まで全て階段や段差があるので足腰悪いとキツいかもです。県民割や隣県割等使用予定での料金設定なのでしょうが、ちょっと割高かなと感じました。,"時期:2022年2月宿泊; プラン:半露天風呂付 2階客室 1泊2食 創作会席プラン; 価格帯:30,001円以上(大人１名あたり/税込); 部屋:4; 風呂:4; 料理(朝食):3; 料理(夕食):3; 接客・サービス:4 | プラン 半露天風呂付 2階客室 1泊2食 創作会席プラン 和洋室 朝・夕",https://www.jalan.net/yad392046/kuchikomi/archive/,1,room_open_air_bath;public_bath;view;stairs_layout,raw/jalan/archive_page_4.html,cp932,mixed,body_positive_and_negative,high,body_sentiment_inference_needed
OTA full review,Jalan,jalan_1274c05617a01c6d,だいきさん,2022/2/11,5,卒業旅行におすすめです！,この度はとても良い旅行になりました！ 接客、施設共にとても満足していてとても良い旅行になりました！,"時期:2022年1月宿泊; プラン:素泊まりプラン 半露天風呂付客室 1階客室; 価格帯:14,001～15,000円(大人１名あたり/税込); 部屋:5; 風呂:5; 料理(朝食):-; 料理(夕食):-; 接客・サービス:5 | プラン 素泊まりプラン 半露天風呂付客室 1階客室 和洋室 食事なし",https://www.jalan.net/yad392046/kuchikomi/archive/,1,room_open_air_bath,raw/jalan/archive_page_4.html,cp932,positive,body_positive,high,body_sentiment_inference_needed
OTA full review,Jalan,jalan_973c3a9e8eee0ba7,だれかさんさん,2022/2/7,5,ゆっくりしたい方ににオススメ,今回初めて宿泊させていただきました。 旅館には、別府インター降りて数分で着きました。 フロントは、とても綺麗でサービス、接客とても良かったです。 夕食は、一品一品が上品で品数も多く、どれも美味しかったです。 部屋のテラスからは、別府の景色、夜景が一望できて、とても綺麗でした。 部屋の半露天風呂も気持ちよく、何回も入りました。 また是非行きたいと思います。 お世話になりました。,"時期:2021年12月宿泊; プラン:【じゃらんスペシャルウィーク】半露天風呂付 2階客室 1泊2食 創作会席プラン; 価格帯:26,001～27,000円(大人１名あたり/税込); 部屋:4; 風呂:4; 料理(朝食):5; 料理(夕食):5; 接客・サービス:5 | プラン 【じゃらんスペシャルウィーク】半露天風呂付 2階客室 1泊2食 創作会席プラン 和洋室 朝・夕",https://www.jalan.net/yad392046/kuchikomi/archive/,1,room_open_air_bath;view,raw/jalan/archive_page_4.html,cp932,positive,body_positive,high,body_sentiment_inference_needed
OTA full review,Jalan,jalan_00d99cbedd1b2fc7,みほりさん,2022/1/11,4,部屋の露天風呂最高,部屋の露天風呂が思っていたよりも広くて最高でした。料理も夜も朝も品数が多くておいしかったです。スタッフの皆さんも温かく、とても親切に対応されました。欲をいえばテレビが小さいのが残念でした。温泉も最高でした。,"時期:2022年1月宿泊; プラン:半露天風呂付 2階客室 1泊2食 創作会席プラン; 価格帯:30,001円以上(大人１名あたり/税込); 部屋:4; 風呂:5; 料理(朝食):4; 料理(夕食):4; 接客・サービス:5 | プラン 半露天風呂付 2階客室 1泊2食 創作会席プラン 和洋室 朝・夕",https://www.jalan.net/yad392046/kuchikomi/archive/,1,room_open_air_bath,raw/jalan/archive_page_4.html,cp932,mixed,body_positive_and_negative,high,body_sentiment_inference_needed
OTA full review,Jalan,jalan_260fdca52123b630,ゆっこさん,2022/1/6,4,素敵なお部屋,娘と2人旅行で利用しました。とても素敵なお部屋でした。観光して18時頃に宿に入りましたが、もっと早くチェックインしてお部屋でのんびりすればよかったなと思いました。 ご飯も美味しく、ジンジャーエールが手作りぽく美味しかったです。お部屋に温泉もあるので良いです。 また、３月に行きたいなと思います。 ただ少し、高級宿なのに、埃や、カビが気になりました。,"時期:2021年12月宿泊; プラン:【じゃらん秋SALE】半露天風呂付 １階客室 1泊2食 創作会席プラン; 価格帯:24,001～25,000円(大人１名あたり/税込); 部屋:5; 風呂:4; 料理(朝食):5; 料理(夕食):5; 接客・サービス:4 | プラン 【じゃらん秋SALE】半露天風呂付 １階客室 1泊2食 創作会席プラン 和洋室 朝・夕",https://www.jalan.net/yad392046/kuchikomi/archive/,1,room_open_air_bath,raw/jalan/archive_page_4.html,cp932,mixed,body_positive_and_negative,high,body_sentiment_inference_needed
OTA full review,Jalan,jalan_e73f77189047dcc0,まみたすさん,2021/12/30,4,ゆっくり旅行におすすめ,カップルで泊まりましたが、スタッフの方が写真を撮ってくれたりととても親切で、お部屋からの眺めも最高でした。,"時期:2021年11月宿泊; プラン:半露天風呂付 2階客室 1泊2食 創作会席プラン; 価格帯:30,001円以上(大人１名あたり/税込); 部屋:4; 風呂:4; 料理(朝食):4; 料理(夕食):3; 接客・サービス:3 | プラン 半露天風呂付 2階客室 1泊2食 創作会席プラン 和洋室 朝・夕",https://www.jalan.net/yad392046/kuchikomi/archive/,1,room_open_air_bath;view,raw/jalan/archive_page_4.html,cp932,positive,body_positive,high,body_sentiment_inference_needed
OTA full review,Jalan,jalan_0bf0c696d777c05a,びすこさん,2021/12/18,5,半露天風呂でゆっくりできるお宿,コロナ禍であまりどこにも行けないため、温泉でゆっくり一年の疲れを癒したいと思い、今回泊まらせていただきました。 お部屋に半露天風呂があるため、他の宿泊者に会わずにゆっくりと温泉に入ることができました。好きな時に好きな温度で入ることができるため、大満足しました！ また、大きな窓からの景色は別府の街や海が綺麗に見えて絶景でした！ 友人にもお勧めしようと思います♪,"時期:2021年12月宿泊; プラン:素泊まりプラン 半露天風呂付客室 1階客室; 価格帯:17,001～18,000円(大人１名あたり/税込); 部屋:5; 風呂:5; 料理(朝食):-; 料理(夕食):-; 接客・サービス:3 | プラン 素泊まりプラン 半露天風呂付客室 1階客室 和洋室 食事なし",https://www.jalan.net/yad392046/kuchikomi/archive/,1,room_open_air_bath;view,raw/jalan/archive_page_4.html,cp932,positive,body_positive,high,body_sentiment_inference_needed
OTA full review,Jalan,jalan_4115c2c063686a8f,ゆうさん,2021/11/29,5,カップルにオススメです,接客も良く、感じの良いホテルでした。 部屋には温泉の半露天風呂があり、滞在中、入りたい時に入れることができ、よかったです。 窓からの眺めもよく、朝日がきれいでした。 また、利用したいです。,"時期:2021年11月宿泊; プラン:【じゃらんスペシャルウィーク】半露天風呂付 2階客室 1泊2食 創作会席プラン; 価格帯:26,001～27,000円(大人１名あたり/税込); 部屋:5; 風呂:5; 料理(朝食):5; 料理(夕食):5; 接客・サービス:5 | プラン 【じゃらんスペシャルウィーク】半露天風呂付 2階客室 1泊2食 創作会席プラン 和洋室 朝・夕",https://www.jalan.net/yad392046/kuchikomi/archive/,1,room_open_air_bath;view,raw/jalan/archive_page_4.html,cp932,positive,body_positive,high,body_sentiment_inference_needed
OTA full review,Jalan,jalan_96d614e55c25e45d,さちさん,2021/11/16,5,半露天風呂が最高です,結婚記念日にと計画してこちらに決めました。部屋に半露天風呂があるということでとても楽しみにしていました。好きな時に温泉に浸かることができ本当に癒されるし、のんびりとリフレッシュすることが出来ました。夕食も次の日の朝食も大満足でした♪レストランの方の応対もとても丁寧でありがたかったです。30年の節目をこちらでお祝い出来てほんとによかったです。また来たいなと思わせてくれるとても居心地のよい時間を過ごさせていただきました。ありがとうございました。,"時期:2021年11月宿泊; プラン:半露天風呂付 2階客室 1泊2食 創作会席プラン; 価格帯:30,001円以上(大人１名あたり/税込); 部屋:5; 風呂:5; 料理(朝食):5; 料理(夕食):5; 接客・サービス:5 | プラン 半露天風呂付 2階客室 1泊2食 創作会席プラン 和洋室 朝・夕",https://www.jalan.net/yad392046/kuchikomi/archive/,1,room_open_air_bath,raw/jalan/archive_page_4.html,cp932,positive,body_positive,high,body_sentiment_inference_needed
OTA full review,Jalan,jalan_6f32ea47aeed6353,かずぅ～さん,2021/11/8,3,豊後牛のすき焼き美味かった,堀田温泉の上の方にあり、ただカーナビだとわかりずらいと思います。堀田温泉の入り口に地図があるから、それを見るか、近くの人に聞いた方がいいと思います。夕食は、豊後牛のすき焼き、刺身など、お腹一杯になりました。ただ、ご飯持ってきた時は、おかわりできますよと伝えてほしかったかな。あと、カウンターでご飯でしたので、そこは残念でした。部屋はベランダがあるからか少し狭い感じでした。部屋風呂は2人入るには少し狭いかな。大浴場もさほど大きくなく、外の景色も見づらかった。値段の割に残念な部分が多かったです。,"時期:2021年10月宿泊; プラン:半露天風呂付 2階客室 1泊2食 創作会席プラン; 価格帯:30,001円以上(大人１名あたり/税込); 部屋:3; 風呂:3; 料理(朝食):3; 料理(夕食):5; 接客・サービス:4 | プラン 半露天風呂付 2階客室 1泊2食 創作会席プラン 和洋室 朝・夕",https://www.jalan.net/yad392046/kuchikomi/archive/,1,room_open_air_bath;public_bath;view;small_bath_or_room,raw/jalan/archive_page_4.html,cp932,mixed,body_negative_with_context,high,body_sentiment_inference_needed
OTA full review,Jalan,jalan_95688e70d0c681c5,スキウサギさん,2021/11/5,5,別府で一番の接客！景色、ご飯、温泉全部が最高！,彼の誕生日のお祝いでお伺いしました。 別府は毎年訪れていますが、 今までの旅館、ホテルの中で一番の接客でした☆ ご飯もぜんぶ美味しくて、丁寧な説明にも感動しました！ 全てにおいて悪い所が見当たらないです。 また絶対にお泊まりしたいと思っています★,"時期:2021年11月宿泊; プラン:【じゃらん秋SALE】半露天風呂付 １階客室 1泊2食 創作会席プラン; 価格帯:24,001～25,000円(大人１名あたり/税込); 部屋:5; 風呂:5; 料理(朝食):5; 料理(夕食):5; 接客・サービス:5 | プラン 【じゃらん秋SALE】半露天風呂付 １階客室 1泊2食 創作会席プラン 和洋室 朝・夕",https://www.jalan.net/yad392046/kuchikomi/archive/,1,room_open_air_bath;view,raw/jalan/archive_page_4.html,cp932,mixed,body_positive_and_negative,high,body_sentiment_inference_needed
OTA full review,Jalan,jalan_8c78248931687f3f,ゆみみさん,2021/11/1,5,関アジもお部屋からの景色も最高,結婚25周年の記念に部屋風呂のあるお宿でゆっくりしたいなぁと、こちらを予約しました。夕食の関アジ最高！料理も全部美味しくて大満足でした。 お天気も良くお部屋からの景色は、海も山も星空もキレイでテラスでのんびり過ごせました。お部屋の半露天風呂は少し小さめではありましたがお湯も良く気持ちよかったです。 スタッフの方々も皆さん丁寧な接客で気持ちよく過ごすことができました。ありがとうございました。,"時期:2021年10月宿泊; プラン:関アジ姿造り付き会席 １泊２食付プラン; 価格帯:30,001円以上(大人１名あたり/税込); 部屋:4; 風呂:4; 料理(朝食):5; 料理(夕食):5; 接客・サービス:5 | プラン 関アジ姿造り付き会席 １泊２食付プラン 和洋室 朝・夕",https://www.jalan.net/yad392046/kuchikomi/archive/,1,room_open_air_bath;view,raw/jalan/archive_page_4.html,cp932,positive,body_positive,high,body_sentiment_inference_needed
OTA full review,Jalan,jalan_66a0625d945d0dc9,にじさん,2021/10/23,5,帰省,私も妻も高校を卒業するまでは別府で育ち、妻の実家は今でも別府にあるので、妻の家の用事で帰省するときは妻の実家には泊まらず、二人で別府や由布院などの温泉を楽しんでいます。そのため、別府の温泉はかなり堪能していますが（二人とも高校を卒業するまでは別府駅付近の銭湯育ちですし）、ここの温泉はその中でもかなりよいと思います。別府独特の鉄分の多い湯ですが、湯の花も適度な量で、部屋付きの半露天風呂を何度も楽しみました。観海寺温泉の少し上に位置する場所ですが、観海寺温泉より湯質がいいように感じます。 また、夕食はスタンダードのものにヒラメの姿づくりをつけてもらったのですが，ヒラメだけでなく、どの魚も美味しかったです。豊後牛のすき焼きもとてもいいお肉を使っていて、じゃらんに掲載されている写真のお肉より、もっと綺麗なさしが入っていました。 ただ１つだけ希望を言えば、すき焼きの卵は温泉卵よりも上質の生卵の方が肉に絡みやすくて美味しく頂けると思います。まあ、温泉地では名物的にすき焼きの卵を温泉卵にするのはよくやることですが…。 でも、従業員さんは笑顔を絶やさず。朝食の量もちょうどよく、チェックアウトの時刻も11時と余裕を持って出られるので、全体を通してほぼ満点といっていいと思います。,"時期:2021年10月宿泊; プラン:活平目姿造り付き会席 １泊２食付プラン; 価格帯:30,001円以上(大人１名あたり/税込); 部屋:5; 風呂:5; 料理(朝食):5; 料理(夕食):5; 接客・サービス:5 | プラン 活平目姿造り付き会席 １泊２食付プラン 和洋室 朝・夕",https://www.jalan.net/yad392046/kuchikomi/archive/,1,room_open_air_bath,raw/jalan/archive_page_4.html,cp932,positive,body_positive,high,body_sentiment_inference_needed
OTA full review,Jalan,jalan_e17ea3da8815d082,かずくんさん,2021/10/20,5,風呂からの景色はいいですね。,今回、結婚記念日を兼ねて宿泊させて頂きました。 大浴場もいいですが、やはり部屋風呂の半露天風呂は最高ですね。 チェックアウトも11時までなので、ゆっくり何度もはいりました。 食事もとても美味しく、久しぶりに浴衣も着てゆっくり休養ができました。 口コミに書いていた2階の足音？は確かに聞こえましたが、夜は気にせず眠れました。 次回は、2階に泊まりたいですね。スタッフの皆様お世話になりました。,"時期:2021年10月宿泊; プラン:【じゃらん秋SALE】半露天風呂付 １階客室 1泊2食 創作会席プラン; 価格帯:24,001～25,000円(大人１名あたり/税込); 部屋:4; 風呂:5; 料理(朝食):5; 料理(夕食):5; 接客・サービス:5 | プラン 【じゃらん秋SALE】半露天風呂付 １階客室 1泊2食 創作会席プラン 和洋室 朝・夕",https://www.jalan.net/yad392046/kuchikomi/archive/,1,room_open_air_bath;public_bath;view,raw/jalan/archive_page_4.html,cp932,positive,body_positive,high,body_sentiment_inference_needed
OTA full review,Jalan,jalan_6bb29427619ebb10,ココさん,2021/10/11,5,景色は最高！,今回初めて泊らせていただきました！ 高台にあり、部屋からの景色も最高でした！ お料理もおいしかったです！ また伺いたいと思えるお宿でした！,"時期:2021年10月宿泊; プラン:冬の味覚 とらふぐコース １泊２食付プラン; 価格帯:30,001円以上(大人１名あたり/税込); 部屋:4; 風呂:4; 料理(朝食):5; 料理(夕食):5; 接客・サービス:4 | プラン 冬の味覚 とらふぐコース １泊２食付プラン 和洋室 朝・夕",https://www.jalan.net/yad392046/kuchikomi/archive/,1,view,raw/jalan/archive_page_4.html,cp932,positive,body_positive,high,body_sentiment_inference_needed
OTA full review,Jalan,jalan_a24ab96cbb792979,ぽんたさん,2021/10/6,4,3回目の利用,テラスからの眺望がよく、季節柄、心地よい風と虫の音を聞くことができ、快適に過ごすことが出来ました。 食事も美味しくおすすめです スタッフさん今回も楽しく過ごすことが出来ました。 ありがとうございました。,"時期:2021年10月宿泊; プラン:半露天風呂付 2階客室 1泊2食 創作会席プラン; 価格帯:28,001～29,000円(大人１名あたり/税込); 部屋:4; 風呂:4; 料理(朝食):4; 料理(夕食):4; 接客・サービス:5 | プラン 半露天風呂付 2階客室 1泊2食 創作会席プラン 和洋室 朝・夕",https://www.jalan.net/yad392046/kuchikomi/archive/,1,room_open_air_bath;view;insects,raw/jalan/archive_page_5.html,cp932,mixed,body_positive_and_negative,high,body_sentiment_inference_needed
OTA full review,Jalan,jalan_21e251627a7d0c6b,すずらんさん,2021/9/8,5,大満足でした,記念日と誕生日を兼ねて旅行を計画していたときに、部屋に露天風呂がついてることと、ご飯があること、そして煙草が吸えることが条件で探していたところ、こちらの施設を見つけました。テラスで煙草は吸えますし、半露天風呂も付いて2食付きで味はもちろん量もたくさんあってお腹も心も満たされました。浴衣を選べるのが個人的に嬉しかったです！スタッフさんも丁寧に対応してくださって、条件を考えるとお値段も財布に優しいと思いました。景色もお部屋もとても綺麗で、布団に入ったまま窓の外を見ると青空と雲がちょうど見えたので、とても感動しました。街を一望というよりかは青空が真正面に見えるのでとっても感動しました！！一泊なのが勿体無いくらいで、終始2人共とても大満足な旅行になりました。また行きたいと思ったし周りの人にも自信を持っておすすめしたいと思いました！,"時期:2021年8月宿泊; プラン:半露天風呂付 2階客室 1泊2食 創作会席プラン; 価格帯:28,001～29,000円(大人１名あたり/税込); 部屋:5; 風呂:5; 料理(朝食):4; 料理(夕食):5; 接客・サービス:5 | プラン 半露天風呂付 2階客室 1泊2食 創作会席プラン 和洋室 朝・夕",https://www.jalan.net/yad392046/kuchikomi/archive/,1,room_open_air_bath;view,raw/jalan/archive_page_5.html,cp932,positive,body_positive,high,body_sentiment_inference_needed
OTA full review,Jalan,jalan_bb9c2bd421f2b61d,りんさん,2021/9/5,4,心遣いに癒されました♪,とても大切な記念日に泊まりました。 客室に備え付けの温泉があり、ゆっくり浸かることができたのが大変良かったです。また、温泉と料理、宿にも癒されましたが、特に案内や夕食、朝食を担当してくださった方の接客が素晴らしく、素敵な旅になりました。また、利用したいと思います。,"時期:2021年9月宿泊; プラン:関アジ姿造り付き会席 １泊２食付プラン; 価格帯:30,001円以上(大人１名あたり/税込); 部屋:5; 風呂:4; 料理(朝食):3; 料理(夕食):4; 接客・サービス:5 | プラン 関アジ姿造り付き会席 １泊２食付プラン 和洋室 朝・夕",https://www.jalan.net/yad392046/kuchikomi/archive/,1,,raw/jalan/archive_page_5.html,cp932,positive,body_positive,high,body_sentiment_inference_needed
OTA full review,Jalan,jalan_d6701935e4bf65cb,ふうきさん,2021/8/29,5,朝昼晩と1日を通して別府の景色を堪能できる露天風呂がおすすめ！スタッフさんの温かい対応に感動,先日彼女との記念日に利用させていただきました。 サプライズで旅館でのプロポーズを考えていることを伝えると スタッフの皆さん一人一人が手を貸してくださり、無理なお願いも聞き入れてくださって2人にとって忘れられない最高の1日になりました！ 食事に関しても苦手な物を伝えると旬な食材を使った料理に変更してくださり感謝しております。 終始スタッフさんの温かい対応、笑顔に感動した旅行になりました。 岩尾さんをはじめスタッフの皆様本当にありがとうございました。是非またテラス御堂原利用したいとおもっておりますのでその時はよろしくお願いいたします！,"時期:2021年8月宿泊; プラン:半露天風呂付 2階客室 1泊2食 創作会席プラン; 価格帯:28,001～29,000円(大人１名あたり/税込); 部屋:5; 風呂:5; 料理(朝食):5; 料理(夕食):5; 接客・サービス:5 | プラン 半露天風呂付 2階客室 1泊2食 創作会席プラン 和洋室 朝・夕",https://www.jalan.net/yad392046/kuchikomi/archive/,1,room_open_air_bath;view,raw/jalan/archive_page_5.html,cp932,positive,body_positive,high,body_sentiment_inference_needed
OTA full review,Jalan,jalan_15145dbdaf13cbc5,しおりんさん,2020/8/18,4,コロナでも安心,旅行したいけどコロナも心配と思っていましたが、お部屋にお風呂もあり、他のお客様ともほとんど会う事なく、のんびり映画を見たり、景色を眺めたりと自粛で疲れた心が大変癒されました。 接客も皆さん感じが良く、お食事も大変美味しかったです！！ 隣の建設中のお宿が完成したらそちらにも宿泊したいと思います！,"時期:2020年8月宿泊; プラン:【じゃらん夏SALE】半露天風呂付 １階客室 1泊2食 創作会席プラン; 価格帯:23,001～24,000円(大人１名あたり/税込); 部屋:5; 風呂:4; 料理(朝食):5; 料理(夕食):5; 接客・サービス:5 | プラン 【じゃらん夏SALE】半露天風呂付 １階客室 1泊2食 創作会席プラン 和洋室 朝・夕",https://www.jalan.net/yad392046/kuchikomi/archive/,1,room_open_air_bath;view,raw/jalan/archive_page_5.html,cp932,positive,body_positive,high,body_sentiment_inference_needed
OTA full review,Jalan,jalan_bb9f9186e0765fc9,チャミさん,2020/8/16,5,リフレッシュできました,周りも静か、夜も朝も涼しくリフレッシュできました。お風呂も素敵でした。食事もおいしくて、よくして頂きました。 お部屋のお風呂もとても気持ちよく本当にとまってよかったです。ありがとうございました。,"時期:2020年8月宿泊; プラン:半露天風呂付 2階客室 1泊2食 創作会席プラン; 価格帯:30,001円以上(大人１名あたり/税込); 部屋:5; 風呂:5; 料理(朝食):5; 料理(夕食):5; 接客・サービス:5 | プラン 半露天風呂付 2階客室 1泊2食 創作会席プラン 和洋室 朝・夕",https://www.jalan.net/yad392046/kuchikomi/archive/,1,room_open_air_bath,raw/jalan/archive_page_5.html,cp932,positive,body_positive,high,body_sentiment_inference_needed
OTA full review,Jalan,jalan_301133246af20e4b,きょうやんさん,2020/8/11,4,お料理を堪能しました。,過去の口コミを見てきめたこちらのお宿ですが、 ベッドの置き方、テラスからの見晴らし、洗面台の清潔感で口コミの高さを 感じました。ウェルカムドリンクも地元の飲み物がよく冷えていて 本当においしかったです。 お食事も多すぎず少なすぎずの適量で一皿一皿におもてなしの気持ちが 感じられました。 スタッフはみなさん若い方ばかりでしたが笑顔が輝いていて それだけで気持ち良かったです。 リピートしたいと思えるお宿でした。,"時期:2020年8月宿泊; プラン:半露天風呂付き 1階客室 1泊2食 創作懐石プラン; 価格帯:24,001～25,000円(大人１名あたり/税込); 部屋:4; 風呂:5; 料理(朝食):5; 料理(夕食):5; 接客・サービス:5 | プラン 半露天風呂付き 1階客室 1泊2食 創作懐石プラン 和洋室 朝・夕",https://www.jalan.net/yad392046/kuchikomi/archive/,1,room_open_air_bath,raw/jalan/archive_page_5.html,cp932,positive,body_positive,high,body_sentiment_inference_needed
OTA full review,Jalan,jalan_3b06621f95e046ee,ひろりんこさん,2020/8/10,5,コロナの対策も安心でした,部屋も食事も接客も全て最高です またコロナの対策もしっかりされているので 安心です 大浴場も利用できたのですが お部屋のお風呂で充分でしたので 大浴場の利用は控えました 社員の方が 前回利用した事を 覚えていてくださって 嬉しかったです また利用したいと思いました,"時期:2020年8月宿泊; プラン:活平目姿造り付き会席 １泊２食付プラン; 価格帯:30,001円以上(大人１名あたり/税込); 部屋:5; 風呂:5; 料理(朝食):5; 料理(夕食):5; 接客・サービス:5 | プラン 活平目姿造り付き会席 １泊２食付プラン 和洋室 朝・夕",https://www.jalan.net/yad392046/kuchikomi/archive/,1,room_open_air_bath;public_bath,raw/jalan/archive_page_5.html,cp932,positive,body_positive,high,body_sentiment_inference_needed
OTA full review,Jalan,jalan_fe27c1fccd5eb6c1,みーちゃんさん,2020/8/7,4,和モダンのホテル,ナビを頼って行きましたが、1か所迷う所があります。「この先行き止まり」の看板を外してもらった方がいいと思いました。高台で景色のよいホテルでした。お料理はほぼ満点、食べきれないくらいでした。ただ、朝食の茶碗蒸しにカボチャは合わない気がします。部屋はフラットではないので、高齢者向けではありません。お部屋のコーヒーメーカーの使い勝手が今一でした。結局、温泉目当てでしたので部屋風呂、大浴場も泉質がよく、ゆっくり何度も入れたので、全て許せる感想です。お世話になりました。,"時期:2020年8月宿泊; プラン:【じゃらん夏SALE】半露天風呂付 １階客室 1泊2食 創作会席プラン; 価格帯:23,001～24,000円(大人１名あたり/税込); 部屋:3; 風呂:5; 料理(朝食):4; 料理(夕食):5; 接客・サービス:4 | プラン 【じゃらん夏SALE】半露天風呂付 １階客室 1泊2食 創作会席プラン 和洋室 朝・夕",https://www.jalan.net/yad392046/kuchikomi/archive/,1,room_open_air_bath;public_bath;view,raw/jalan/archive_page_5.html,cp932,positive,body_positive,high,body_sentiment_inference_needed
OTA full review,Jalan,jalan_d0b4ab366dc3226d,ババさん,2020/8/3,1,ババさんのクチコミ,想像もできないくらい音漏れ酷かったです。 予約時に１階しか空きがなくて音漏れのクチコミを見てたので電話で2階に変更しもらったのにも関わらず後日連絡があり１階になるということで宿泊するのを迷いましたが2階の方に口頭で音の事に関して伝えてくれるということで宿泊しました。 今の時期は海外の人はいないし子供もいないはずなのにチェックインからチェックアウトまで上からも横からも足音やドアの音まで聞こえて2度フロントに電話しましたが収まらなかったです。 ここまでひどい宿は初めてでずっと不快な思いをしました。 洗面所も広くないし洗い場とお風呂が近くシャンプーをする時気を使うしトイレの蛇口は真っ黒でした。 部屋の景色も想像してたのと違い道路や見たくない建物がありました。 食事処は呼び鈴がなく呼んでも聞こえないのか呼びに席を立ちました。 夕食時はクラブみたいな音楽。 朝食時近くで他の方が食べ終わったのを下げ出すしスタッフの私語は丸聞こえ。 音漏れでイライラしてて言うの忘れてましたがチェックインしてから部屋のお手洗いに行くと流されてないペーパーがそのまま沈んでました。 本当にありえません。 音に関してはここまでひどいのは初めてで終始イライラしました。 料金に全く見合ってません。 最初違う宿を予約してて変更してこちらに決めましたが失敗しました。,"時期:2020年7月宿泊; プラン:半露天風呂付き 1階客室 1泊2食 創作懐石プラン; 価格帯:27,001～28,000円(大人１名あたり/税込); 部屋:1; 風呂:2; 料理(朝食):3; 料理(夕食):3; 接客・サービス:2 | プラン 半露天風呂付き 1階客室 1泊2食 創作懐石プラン 和洋室 朝・夕",https://www.jalan.net/yad392046/kuchikomi/archive/,1,room_open_air_bath;view;access_road,raw/jalan/archive_page_5.html,cp932,negative,low_rating_negative_body,high,body_sentiment_inference_needed
OTA full review,Jalan,jalan_a0a9a3dcf5b739ab,凛さん,2020/8/3,4,満点っ,素晴らしいロケーション 美味しい料理 スタッフの方達の対応も素晴らしく 日々の生活を忘れ 癒されたひと時でした 特に わたしも主人も大の温泉好き 絶景を見ながら 源泉100%の温泉に 心行くまで入れた事が 何よりも嬉しく 贅沢な時間を過ごす事が出来ました 「温泉は別府がNO1 テラス御堂原に来て良かった～」 と主人も満足しておりました 素敵な時間を有難うございました スタッフ様 12月にオープンする新館に また、行かせて頂きます その際は宜しくお願いします(^^),"時期:2020年8月宿泊; プラン:半露天風呂付 2階客室 1泊2食 創作会席プラン; 価格帯:25,001～26,000円(大人１名あたり/税込); 部屋:5; 風呂:4; 料理(朝食):5; 料理(夕食):5; 接客・サービス:5 | プラン 半露天風呂付 2階客室 1泊2食 創作会席プラン 和洋室 朝・夕",https://www.jalan.net/yad392046/kuchikomi/archive/,1,room_open_air_bath,raw/jalan/archive_page_5.html,cp932,positive,body_positive,high,body_sentiment_inference_needed
OTA full review,Jalan,jalan_fe3b11494e970eff,ジュニアさん,2020/7/14,4,ありがとう,スタッフさん、暖かなおもてなしありがとうございました。わたしは、偶然にも以前からグループの宿泊施設を利用させて頂いておりました。スタッフさんの暖かな声かけや笑顔での応対良かったです。料理も、大変美味しくいただきました。グループの関屋が閉まると聞いて残念に思いますが、閉まる前に立ち寄りさせていただこうと思います。また、次回ゆっくりとテラス御堂原に宿泊させて頂きます。,"時期:2020年7月宿泊; プラン:関アジ姿造り付き会席 １泊２食付プラン; 価格帯:26,001～27,000円(大人１名あたり/税込); 部屋:4; 風呂:4; 料理(朝食):4; 料理(夕食):3; 接客・サービス:4 | プラン 関アジ姿造り付き会席 １泊２食付プラン 和洋室 朝・夕",https://www.jalan.net/yad392046/kuchikomi/archive/,1,,raw/jalan/archive_page_5.html,cp932,mixed,body_positive_and_negative,high,body_sentiment_inference_needed
OTA full review,Jalan,jalan_21b2f0a8ce79ba24,きづさん,2020/7/5,4,夫婦旅行,結婚記念日に利用させて頂きました。 清潔感のあるホテルでした。 研修生の方とても頑張られていて、とても好印象です。,"時期:2020年7月宿泊; プラン:関アジ姿造り付き会席 １泊２食付プラン; 価格帯:25,001～26,000円(大人１名あたり/税込); 部屋:4; 風呂:5; 料理(朝食):4; 料理(夕食):4; 接客・サービス:5 | プラン 関アジ姿造り付き会席 １泊２食付プラン 和洋室 朝・夕",https://www.jalan.net/yad392046/kuchikomi/archive/,1,,raw/jalan/archive_page_5.html,cp932,neutral,neutral_or_lodging_context,medium,body_sentiment_inference_needed
OTA full review,Jalan,jalan_ebe47d6145665d0f,mikiさん,2020/6/28,5,夫婦水入らず旅行,以前から、行きたかった御堂原さん。 今回大分県応援割で、宿泊させていただきました。 ウェルカムドリンクから、可愛いらしく、テンションあがりました。 部屋からの眺望も、大満足。 温泉も最高で、5回も、入浴しました。 ご飯も、目で楽しめ、舌づつみを打ちました。 非日常を味わい良い夫婦の時間を、過ごせました。本当に、良い思い出が出来ました。 是非また、利用したいです。,"時期:2020年6月宿泊; プラン:半露天風呂付き 1階客室 1泊2食 創作懐石プラン; 価格帯:24,001～25,000円(大人１名あたり/税込); 部屋:5; 風呂:4; 料理(朝食):5; 料理(夕食):4; 接客・サービス:5 | プラン 半露天風呂付き 1階客室 1泊2食 創作懐石プラン 和洋室 朝・夕",https://www.jalan.net/yad392046/kuchikomi/archive/,1,room_open_air_bath;view,raw/jalan/archive_page_5.html,cp932,positive,body_positive,high,body_sentiment_inference_needed
OTA full review,Jalan,jalan_bea0fe2b15ba5e52,ぱくちゃんさん,2020/6/23,4,部屋の内湯は最高です,部屋からのロケーションと内湯は最高でした。年配の方は段差が気になるかとも思いました 従業員の方々も皆さん親切な方ばかりで、ゆっくり寛げました。また機会があれば泊まりにきますね。,"時期:2020年6月宿泊; プラン:1泊朝食付プラン 半露天風呂付客室 1階客室; 価格帯:30,001円以上(大人１名あたり/税込); 部屋:4; 風呂:5; 料理(朝食):3; 料理(夕食):-; 接客・サービス:4 | プラン 1泊朝食付プラン 半露天風呂付客室 1階客室 和洋室 朝のみ",https://www.jalan.net/yad392046/kuchikomi/archive/,1,room_open_air_bath,raw/jalan/archive_page_5.html,cp932,positive,body_positive,high,body_sentiment_inference_needed
OTA full review,Jalan,jalan_f0befb0a4c2ebeb4,むーみんさん,2020/6/12,4,大分応援割＆誕生日祝でコロナ下でも楽しめました,大分県民向け応援割を利用して、誕生祝に宿泊しました。 地元民でもこんな所に！と思う隠れ家的高台で鳥のさえずりが賑やかでした。まだ新しい建物なので清潔で、コロナにより大浴場使用不可でも、部屋の温泉内風呂を夜と朝入れ替えた利用で満足です。 またチェックイン時の出迎えやウェルカムドリンクのかぼすソーダも大分らしく、またガラスが特徴的で売店にあれば買って帰りたかったくらいです。 でも一番感動したのは食事です。刺身が新しいのは県民として当然ですが、煮物椀の味がとても具に染みて、豊後牛の立派なすき焼きより感動しました。 後は・他の方の投稿にあるように、木造で音がかなり響くので注意すること、・チェックインの際に温泉かけ流しをしないようだいぶ注意された。,"時期:2020年6月宿泊; プラン:半露天風呂付き 1階客室 1泊2食 創作懐石プラン; 価格帯:27,001～28,000円(大人１名あたり/税込); 部屋:4; 風呂:4; 料理(朝食):5; 料理(夕食):5; 接客・サービス:4 | プラン 半露天風呂付き 1階客室 1泊2食 創作懐石プラン 和洋室 朝・夕",https://www.jalan.net/yad392046/kuchikomi/archive/,1,room_open_air_bath;public_bath,raw/jalan/archive_page_5.html,cp932,positive,body_positive,high,body_sentiment_inference_needed
OTA full review,Jalan,jalan_bf479f4240b786f0,ひろりんこさん,2020/6/1,5,全部最高でした！！,フロントの方々の対応も食事も部屋のお風呂も全部最高でした コロナの対策もきちんとしてあり安心して また行けるお宿です 今まで夫婦でかなりの数の温泉旅行をしましたが コストパフォーマンスはかなり良いと思います 12月には新しい別館が出来るとのことですので ぜひまた参りたいと思います ただ 高速道路を降りてから お宿までの道が わかりにくいので たどり着けるのか少々不安になりました,"時期:2020年5月宿泊; プラン:半露天風呂付 2階客室 1泊2食 創作会席プラン; 価格帯:28,001～29,000円(大人１名あたり/税込); 部屋:5; 風呂:5; 料理(朝食):5; 料理(夕食):5; 接客・サービス:5 | プラン 半露天風呂付 2階客室 1泊2食 創作会席プラン 和洋室 朝・夕",https://www.jalan.net/yad392046/kuchikomi/archive/,1,room_open_air_bath;access_road,raw/jalan/archive_page_5.html,cp932,mixed,body_positive_and_negative,high,body_sentiment_inference_needed
OTA full review,Jalan,jalan_8d1d0172eec1405c,桃子人形さん,2020/5/12,4,ちょっと離れの高級ホテル,今回20000円クーポンがget出来たので、念願だった御堂原さんに泊まる事が出来ました。いつもは混んでいるけど、今回は貸し切りで安心して泊まることが出来ました。ウェルカムドリンクは手作りらしい美味しいオレンジジュース。客室は大窓で高台テラスからの眺めは素敵です。風呂はコロナで大浴場は使用出来ませんでしたが、部屋の温泉で申し分ありませんでした。トイレも洗面所も清潔感ありましたし、アメニティもいい物を置いていました。特にシェーバー。ビデオの見放題も嬉しかった。食事は写真と違いましたが、お腹いっぱいいただきました。生ビールがないのが残念でした。初々しい研修生の方々が交代で料理を運んでくれました。沢山勉強して、立派なホテルマンになって下さいね！ 朝食はカウンターでいただきました。窓の外の芝生で雀の親子も仲良く食事する姿に癒されました。チェックアウト11時でのんびりできました。また行ける機会があればいいなあと思います。,"時期:2020年5月宿泊; プラン:半露天風呂付客室 1泊2食 創作会席プラン 2階客室; 価格帯:25,001～26,000円(大人１名あたり/税込); 部屋:5; 風呂:4; 料理(朝食):4; 料理(夕食):4; 接客・サービス:4 | プラン 半露天風呂付客室 1泊2食 創作会席プラン 2階客室 和洋室 朝・夕",https://www.jalan.net/yad392046/kuchikomi/archive/,1,room_open_air_bath;public_bath;view,raw/jalan/archive_page_5.html,cp932,mixed,body_positive_and_negative,high,body_sentiment_inference_needed
OTA full review,Jalan,jalan_7411f75b8bac4dc1,かなちゃむさん,2020/3/4,5,期待以上の良さでした！,チェックインより少し早めに到着したのですが、お部屋の準備ができているとのことでチェックインさせていただきました。ウェルカムドリンクもとても洒落ててロビーは見晴らしも良く最初から好印象でした。スタッフの方の対応も気持ちよく、お部屋のお風呂には既にお湯が溜められており、すぐに温泉に入ることができました！ 夜ご飯もどれも美味しくて大満足。 お部屋にもコーヒーメーカーやお水、お茶請けやお土産の入浴剤まであって嬉しかったです！ 次の日の朝ごはんも大満足でした。 母との旅行でしたが、最初から最後まで大満足で、また利用したいお宿でした！ また絶対に来ます。,"時期:2020年2月宿泊; プラン:頑張った自分にご褒美♪ 女性限定 レディースプラン１泊２食付; 価格帯:24,001～25,000円(大人１名あたり/税込); 部屋:5; 風呂:5; 料理(朝食):5; 料理(夕食):5; 接客・サービス:5 | プラン 頑張った自分にご褒美♪ 女性限定 レディースプラン１泊２食付 和洋室 朝・夕",https://www.jalan.net/yad392046/kuchikomi/archive/,1,room_open_air_bath,raw/jalan/archive_page_5.html,cp932,positive,body_positive,high,body_sentiment_inference_needed
OTA full review,Jalan,jalan_35c4c18ece337479,RRさん,2020/2/24,4,オシャレな宿,オープンしたころから気になっていた宿だったのですが、今回やっと利用させていただきました。まず、ローケーションが最高で、スタッフの皆さんの接客もよく、部屋の温泉も気持ちよく、食事の見た目も味も満足でした。それに、部屋のテレビでＶＯＤが無料で見れるし、YouTubeも見れるのが良かったです。建物もインテリアも1つ1つがオシャレで、強いこだわりが伝わってきました。ただ、他の皆さんが言われていた音の問題ですが、今回2階の部屋だったので安心していたら…。他の部屋の扉を閉める音が響いたり、階段前の部屋だったので、階段を下駄で上り下りする音が響いたり、横の部屋の方の話し声も聞こえてきました。また、入り口のドアの足元に隙間があり、玄関を入った最初のドアが吊り戸で、その隙間から風が入ってきて、しかもそこにすぐ寝台があるので、寝る時は寒くてたまりませんでした。エアコン以外にもガスファンヒーターが部屋にありましたが、妻がガスの臭いが苦手なので使いませんでした。後で考えたら、寝台はマットレスの上に布団を敷いてただけなので、そのままテレビの前の所に移動させて寝ればよかったと思いました。せっかくオシャレな部屋なのに、そういう所が残念でした。トータル的には良い宿だと思います。スタッフのみなさん、ありがとうございました。,"時期:2020年2月宿泊; プラン:半露天風呂付客室 1泊2食 創作会席プラン 2階客室; 価格帯:28,001～29,000円(大人１名あたり/税込); 部屋:2; 風呂:5; 料理(朝食):4; 料理(夕食):5; 接客・サービス:5 | プラン 半露天風呂付客室 1泊2食 創作会席プラン 2階客室 和洋室 朝・夕",https://www.jalan.net/yad392046/kuchikomi/archive/,1,room_open_air_bath;stairs_layout,raw/jalan/archive_page_5.html,cp932,mixed,body_positive_and_negative,high,body_sentiment_inference_needed
OTA full review,Jalan,jalan_592dde7bf68a75d0,ハイペロさん,2020/2/24,4,景色が最高,結婚１０周年の記念旅行で利用させていただきました。 部屋は２階で景色が最高でした。 夕食はふぐのコースにしてましたが美味しくお腹いっぱいになりました。 残念なところをあげるとしたら、お風呂場の壁の亀裂から部屋に水漏れしている部分があったのと、ベランダの柵が耐久的な意味で不安がありました。 後、夕食後に大浴場へ行きましたがお湯が熱すぎて・・・・ 水で薄めていると女性の従業員さんが入ってきて温度の調整をし始めたのにはびっくりしました。フェイスタオルで隠しているとはいえ流石に恥ずかしかったです。 総合評価としては満足できたので機会があればまた利用したいと思います,"時期:2020年2月宿泊; プラン:冬の味覚 とらふぐコース １泊２食付プラン; 価格帯:30,001円以上(大人１名あたり/税込); 部屋:4; 風呂:3; 料理(朝食):4; 料理(夕食):5; 接客・サービス:4 | プラン 冬の味覚 とらふぐコース １泊２食付プラン 和洋室 朝・夕",https://www.jalan.net/yad392046/kuchikomi/archive/,1,public_bath;view;temperature_hot,raw/jalan/archive_page_5.html,cp932,mixed,body_positive_and_negative,high,body_sentiment_inference_needed
OTA full review,Jalan,jalan_71809a6ec613476e,Rencontreさん,2020/2/11,5,クリアな空間で日常から離れた時を過ごせます,今回 夫婦で 2度目の利用をさせて頂きました。到着時に お帰りなさいませという有難いお言葉で迎えて下さり、旅がより深い癒しになりました。お部屋からの眺めが素晴らしく、ゆっくり 温泉で疲れをとり、美味しいお料理を頂き、スタッフの方のご親切なご対応と、ご案内で、とても良い時間を過ごさせて頂きました。また 必ず 帰りたくなる場所です！本当に癒しを頂きました。,"時期:2020年2月宿泊; プラン:半露天風呂付客室 1泊2食 創作会席プラン 2階客室; 価格帯:25,001～26,000円(大人１名あたり/税込); 部屋:5; 風呂:5; 料理(朝食):5; 料理(夕食):5; 接客・サービス:5 | プラン 半露天風呂付客室 1泊2食 創作会席プラン 2階客室 和洋室 朝・夕",https://www.jalan.net/yad392046/kuchikomi/archive/,1,room_open_air_bath;view,raw/jalan/archive_page_5.html,cp932,positive,body_positive,high,body_sentiment_inference_needed
OTA full review,Jalan,jalan_8842903a563e7c79,しいちゃんさん,2020/2/4,5,また泊まりたいホテルです！,旦那の誕生日と新婚旅行を兼ねた旅行で宿泊させて頂きました！ チェックインの時間も15時から15時30分と早く、着いて夕食までの間部屋でお風呂に入ったりのんびり過ごせてよかったです。 映画やYouTubeも見れるＴＶでしたので 暇をすることなく過ごせました。 部屋からの見晴らしも良く、部屋の温泉も窓が開けれるのでとても開放的でよかったです。 夕食も美味しかったです。 お酒の種類も程よくあるので旦那は喜んでました。 着いてホテルの方から簡単な説明もありましたのでよかったです。 ただ、朝ごはんの後のコーヒーサービスがあると記載があったのになかったです。 私たちがお食事処から出る時スタッフの方がいらっしゃらなくて気付いて貰えずにそのまま出ました。 夕食の時のスタッフの方の対応がよかっただけにそれだけが残念でした。 部屋が綺麗でしたし、他の宿泊されてる方とあまり会うこともなく自分たちの時間をゆっくり過ごせるホテルなのでまた機会があれば泊まりと思えるホテルです。,"時期:2020年2月宿泊; プラン:半露天風呂付客室 1泊2食 創作会席プラン 2階客室; 価格帯:25,001～26,000円(大人１名あたり/税込); 部屋:5; 風呂:5; 料理(朝食):3; 料理(夕食):5; 接客・サービス:5 | プラン 半露天風呂付客室 1泊2食 創作会席プラン 2階客室 和洋室 朝・夕",https://www.jalan.net/yad392046/kuchikomi/archive/,1,room_open_air_bath,raw/jalan/archive_page_5.html,cp932,mixed,body_positive_and_negative,high,body_sentiment_inference_needed
OTA full review,Jalan,jalan_9486020efe2c6360,ゆぅさん,2020/1/19,4,3回目の宿泊,景色がやっぱりサイコーの宿です。またまた、1階のプランから2階にしてもらえたのも良かったです。 料理と温泉で日々の疲れを癒しました。館内用の下駄が少し歩きにくいです。 数少ないリピート宿です。新館ができるみたいなのでまた、行きたいです。,"時期:2020年1月宿泊; プラン:半露天風呂付き客室 1泊2食 創作懐石プラン 1階客室; 価格帯:24,001～25,000円(大人１名あたり/税込); 部屋:4; 風呂:4; 料理(朝食):4; 料理(夕食):4; 接客・サービス:4 | プラン 半露天風呂付き客室 1泊2食 創作懐石プラン 1階客室 和洋室 朝・夕",https://www.jalan.net/yad392046/kuchikomi/archive/,1,room_open_air_bath;view,raw/jalan/archive_page_5.html,cp932,positive,body_positive,high,body_sentiment_inference_needed
OTA full review,Jalan,jalan_c520365ecb79be39,しほちんさん,2020/1/13,5,雰囲気も良く、接客も丁寧で大満足！,とても落ち着いた素敵な空間で居心地が良かったです！到着時からおもてなしの茶菓子を出して下さったり、荷物を部屋に運んで下さったり、終始とても丁寧な対応に気持ちが良かったです(*´ω｀*) 景色も良くて、ご飯も豪華で贅沢で 美味しかったです！！ 大満足な1泊2日なりました♪,"時期:2020年1月宿泊; プラン:半露天風呂付き客室 1泊2食 創作懐石プラン 1階客室; 価格帯:27,001～28,000円(大人１名あたり/税込); 部屋:5; 風呂:5; 料理(朝食):5; 料理(夕食):5; 接客・サービス:5 | プラン 半露天風呂付き客室 1泊2食 創作懐石プラン 1階客室 和洋室 朝・夕",https://www.jalan.net/yad392046/kuchikomi/archive/,1,room_open_air_bath;view,raw/jalan/archive_page_5.html,cp932,positive,body_positive,high,body_sentiment_inference_needed
OTA full review,Jalan,jalan_0c41c94c0f089600,あかねさん,2019/12/30,5,ここで1日完結！！,年末旅行でお世話になりました。今回は、せかせかせず、ゆっくり過ごせる所をと思っていたので、お部屋にお風呂があって、ゆっくり過ごせる広さのお部屋があったので、予約をさせていただきました。事前の情報から期待をしていたのですが、実際はそれ以上の温泉、お部屋、お食事でした。そして、お部屋にマッサージも来ていただき、癒しの時間でした。その後のとらふぐのコースは絶品で、私達には十分な量でした。最近始めたコースとのことで、内容、量は検討中とのことでしたが…。食事の際には、とっても親切なスタッフの方と楽しく沢山お話をさせていただきました。別府のオススメ観光名所について、沢山お話しをしていただき、翌日の計画もバッチリ立てることが出来ました。楽しいお喋りをすることが出来、ご飯がより一層美味しく感じましたよ。旅行は、やっぱり美味しいご飯と素敵な方との出会いですね。来年、また新しい棟が出来るとのことですので、また行きたいと思います。みんなにも絶対オススメ出来るお宿です。,"時期:2019年12月宿泊; プラン:冬の味覚 とらふぐコース １泊２食付プラン; 価格帯:30,001円以上(大人１名あたり/税込); 部屋:4; 風呂:3; 料理(朝食):3; 料理(夕食):4; 接客・サービス:5 | プラン 冬の味覚 とらふぐコース １泊２食付プラン 和洋室 朝・夕",https://www.jalan.net/yad392046/kuchikomi/archive/,1,,raw/jalan/archive_page_5.html,cp932,positive,body_positive,high,body_sentiment_inference_needed
OTA full review,Jalan,jalan_1c1081763089f516,うめさん,2019/12/23,4,眺望が良い,スタッフさんの対応も良く、料理も美味しかったです。 宿泊した日が偶然にも別府湾で花火大会があって綺麗に観ることができました。 皆さんが書かれてあるように他の部屋の音がやはり気になります。自分たちも音が漏れないようにするのに気をつかわなければならなかったのが残念でした。 せっかく眺望やお風呂も良いだけに改善できたらもっといい宿になると思います。,"時期:2019年12月宿泊; プラン:冬の味覚 とらふぐコース １泊２食付プラン; 価格帯:30,001円以上(大人１名あたり/税込); 部屋:2; 風呂:4; 料理(朝食):3; 料理(夕食):4; 接客・サービス:4 | プラン 冬の味覚 とらふぐコース １泊２食付プラン 和洋室 朝・夕",https://www.jalan.net/yad392046/kuchikomi/archive/,1,view,raw/jalan/archive_page_5.html,cp932,mixed,body_negative_with_context,high,body_sentiment_inference_needed
OTA full review,Jalan,jalan_a2e9ef1f3ee69ff3,みぃさんさん,2019/12/15,5,素敵です,二回目の利用でした フロントでいただくウエルカムティーは素敵な空間で感動します 接客もスムーズで対応も良く、お部屋からの眺めも最高でした お食事もとても美味しいです、 ホテルに着くまで丁寧に道案内があります また是非行きたいです テラス御堂原のスタッフのみなさん ありがとうございました。,"時期:2019年12月宿泊; プラン:半露天風呂付客室 1泊2食 創作会席プラン 2階客室; 価格帯:28,001～29,000円(大人１名あたり/税込); 部屋:5; 風呂:5; 料理(朝食):5; 料理(夕食):5; 接客・サービス:5 | プラン 半露天風呂付客室 1泊2食 創作会席プラン 2階客室 和洋室 朝・夕",https://www.jalan.net/yad392046/kuchikomi/archive/,1,room_open_air_bath;view;access_road,raw/jalan/archive_page_5.html,cp932,positive,body_positive,high,body_sentiment_inference_needed
OTA full review,Jalan,jalan_896033fa34625648,ｓｕｚｕさん,2019/11/26,5,到着から帰る時まで癒されます！,今回2回目の宿泊でしたが接客。サービス。お部屋全てにおいて毎回癒されます。部屋付きの半露天風呂も広さも充分で温泉っていいねーって気分にさせてくれます 浴衣も好きな柄がえらべるし外を見ながらの食事も素敵です お料理もかなり量があり全てほんとにおいしく綺麗で手の込んだものばかりです ぜひまた利用させていただきます 毎回ありがとうございます,"時期:2019年11月宿泊; プラン:関アジ姿造り付き会席 １泊２食付プラン; 価格帯:29,001～30,000円(大人１名あたり/税込); 部屋:5; 風呂:5; 料理(朝食):5; 料理(夕食):5; 接客・サービス:5 | プラン 関アジ姿造り付き会席 １泊２食付プラン 和洋室 朝・夕",https://www.jalan.net/yad392046/kuchikomi/archive/,1,room_open_air_bath,raw/jalan/archive_page_5.html,cp932,positive,body_positive,high,body_sentiment_inference_needed
OTA full review,Jalan,jalan_bce12d72ccfb3c19,yukikazeさん,2019/11/18,5,料理、ロケーション、お風呂のいずれも良かった。,新婚旅行に使用しました。特別な日に使用するならとても良い選択肢だと思います。 二階の部屋だったので別府湾が一望でき、ロケーションはとても良かったです。 ロビーも部屋もすごくモダンな感じで、置いてある椅子等もお洒落でした。 料理はレストランで、二人用の窓側の席でいただきましたが、夜も朝も大満足の内容で、係の方の印象も良かったです。 機会と余裕があればまた利用したいと思います。 食事の終了時間はやや早いので、余裕を持った旅程がオススメ。,"時期:2019年11月宿泊; プラン:半露天風呂付客室 1泊2食 創作会席プラン 2階客室; 価格帯:28,001～29,000円(大人１名あたり/税込); 部屋:4; 風呂:4; 料理(朝食):5; 料理(夕食):5; 接客・サービス:5 | プラン 半露天風呂付客室 1泊2食 創作会席プラン 2階客室 和洋室 朝・夕",https://www.jalan.net/yad392046/kuchikomi/archive/,1,room_open_air_bath,raw/jalan/archive_page_5.html,cp932,positive,body_positive,high,body_sentiment_inference_needed
OTA full review,Jalan,jalan_3311e84bfe40e956,たわしさん,2019/11/11,4,大人の隠れ家みたいな旅館です！,夫婦旅行で利用させてもらいました。 スタッフの方も気軽に話しかけてくれて、楽しく過ごさせてもらいました。 建物自体が新しいのか、全体的にとても綺麗です。個人的にとてもおしゃれだと思いました。 二階のお部屋を利用したのですが、部屋から見える風景がとても素敵すぎます。 お部屋に露天風呂もあって、利用させてもらいましたがこれもまた最高でした。 お食事もとても美味しく、女の私には少し多いくらいでしたが、海の幸山の幸両方楽しめて大満足でした。 別府にはまたぜひ行きたいと計画中なので、その時はまたお世話になりたい素敵な旅館です。,"時期:2019年11月宿泊; プラン:半露天風呂付客室 1泊2食 創作会席プラン 2階客室; 価格帯:25,001～26,000円(大人１名あたり/税込); 部屋:5; 風呂:4; 料理(朝食):5; 料理(夕食):5; 接客・サービス:4 | プラン 半露天風呂付客室 1泊2食 創作会席プラン 2階客室 和洋室 朝・夕",https://www.jalan.net/yad392046/kuchikomi/archive/,1,room_open_air_bath,raw/jalan/archive_page_6.html,cp932,positive,body_positive,high,body_sentiment_inference_needed
OTA full review,Jalan,jalan_321959e3cb34fd16,おにこさん,2019/10/30,3,ローケーションと食事がバツグンな宿,希望の201号室に案内していただきました。 オシャレで落ち着いた雰囲気のお部屋でした。高台にあり、別荘のようなお宿です。ベランダやお風呂から別府湾を眺めることが出来ました。 お風呂はガラス張りの内風呂ですが、直接ベランダにでることも可能です。網戸があり安心して温泉に入れました。虫が入ってこないためとても良いと思います 夕食は全て美味しかったです！！ お部屋の電気を全て消すと別府の綺麗な夜景も見れました。 ただトイレは独特の臭いがして、翌朝には水漏れもしていました。帰り際に水漏れの件を伝えたところ、そうでしたかと言われたのに少し驚きました。そのため総合評価は普通にしましが、食事やロケーションは大満足です！,"時期:2019年10月宿泊; プラン:半露天風呂付客室 1泊2食 創作会席プラン 2階客室; 価格帯:28,001～29,000円(大人１名あたり/税込); 部屋:3; 風呂:4; 料理(朝食):4; 料理(夕食):5; 接客・サービス:3 | プラン 半露天風呂付客室 1泊2食 創作会席プラン 2階客室 和洋室 朝・夕",https://www.jalan.net/yad392046/kuchikomi/archive/,1,room_open_air_bath;view;insects,raw/jalan/archive_page_6.html,cp932,mixed,body_positive_and_negative,high,body_sentiment_inference_needed
OTA full review,Jalan,jalan_95d6fb09cc1f73c1,ミカさん,2019/9/21,5,絶景！,海外からパートナーと利用させて頂きました。立地的には山の上にあり自動車がないといけないの少し不便ですが、旅館、部屋からの景色はとても素晴らしかったです。スタッフの方々もとても親切で感じがよく今回無料で旅館周辺のウォーキングツアーにつれて行って頂きとても貴重な体験をできました。お部屋も本当に素敵なデザインで露天風呂も最高でした。夕食、朝食共に大満足でした。また日本に行った時ぜひ利用させて頂きたいお宿です！！,"時期:2019年9月宿泊; プラン:半露天風呂付客室 1泊2食 創作会席プラン 2階客室; 価格帯:25,001～26,000円(大人１名あたり/税込); 部屋:5; 風呂:5; 料理(朝食):4; 料理(夕食):4; 接客・サービス:5 | プラン 半露天風呂付客室 1泊2食 創作会席プラン 2階客室 和洋室 朝・夕",https://www.jalan.net/yad392046/kuchikomi/archive/,1,room_open_air_bath;view,raw/jalan/archive_page_6.html,cp932,mixed,body_positive_and_negative,high,body_sentiment_inference_needed
OTA full review,Jalan,jalan_c4327473089548f8,しおりんさん,2019/9/8,5,色んな方に紹介したいです！！,今回、彼氏の誕生日旅行で利用させて頂きました。 (ケーキが出るプランにはせず)創作会席プランで予約をさせて頂きましたが、予約日の1週間前に、自分勝手ですが、やはりケーキを持って行きたいと思い、 事前にケーキの持込が出来るかを電話で確認させて頂いたところ、「こちらでご用意できます。」と言って頂きました。また、ケーキを出すタイミングも一緒に考えて下さり、とても好印象でした。 当日を迎え、スタッフの方もとても 親切な対応でした。 特に担当の男性の方は、対応はもちろん、テラス御堂原さんの会社がとても 好きなんだろうなと感じるほどの熱量で、彼も私もお話を聞くのが楽しかったです。 接客だけでなく、食事もとても美味しかったです。別府の景色を見ながら美味しい食事を堪能でき、とても良い思い出なりました。 温泉は、客室に一つ、大浴場にも一つ有りました。どちらも適温で、ついつい長湯してしまいました。リフレッシュ出来て良かったです。 そして、チェックアウトの際に、担当の男性の方から「お誕生日おめでとうございます。成功して良かったですね。」と言って頂けました。ただでさえ、満足感でいっぱいでしたが、その一言で、さらに幸せな気持ちになりました。 大切な旅行でテラス御堂原さんを選んで本当に良かったなと感じました。 是非、知人にも紹介して行ってほしいと思います。,"時期:2019年9月宿泊; プラン:半露天風呂付客室 1泊2食 創作会席プラン 2階客室; 価格帯:25,001～26,000円(大人１名あたり/税込); 部屋:5; 風呂:4; 料理(朝食):5; 料理(夕食):5; 接客・サービス:5 | プラン 半露天風呂付客室 1泊2食 創作会席プラン 2階客室 和洋室 朝・夕",https://www.jalan.net/yad392046/kuchikomi/archive/,1,room_open_air_bath;public_bath;view;temperature_hot,raw/jalan/archive_page_6.html,cp932,mixed,conditional_signal_tag,medium,body_sentiment_inference_needed
OTA full review,Jalan,jalan_6c9f9d0be2aced81,もくもくさん,2019/8/13,5,心も癒す絶景の隠れ宿,高台で他の温泉地から離れた場所にあり、ロケーション抜群で、やはり絶景を楽しみながら、何時でも入れる内風呂が最高です。更に、おこげがアクセントになった揚げ梅と大葉の吸い物、甘鯛のコーンフレーク揚げ、穴子の擬製豆腐など、独創性や意外性があり美味しくヘルシーな料理の数々、それを一段と輝かせるスタッフの親切で気遣いのある接客態度、心身共に癒すことができました、是非また行きたいオススメの宿です。,"時期:2019年8月宿泊; プラン:半露天風呂付客室 1泊2食 創作会席プラン 2階客室; 価格帯:30,001円以上(大人１名あたり/税込); 部屋:5; 風呂:5; 料理(朝食):4; 料理(夕食):5; 接客・サービス:5 | プラン 半露天風呂付客室 1泊2食 創作会席プラン 2階客室 和洋室 朝・夕",https://www.jalan.net/yad392046/kuchikomi/archive/,1,room_open_air_bath,raw/jalan/archive_page_6.html,cp932,positive,body_positive,high,body_sentiment_inference_needed
OTA full review,Jalan,jalan_a73fb86a26ebbc74,とらちゃんさん,2019/8/12,3,創作料理に満足しました,丁寧な対応でゆっくり過ごすことができました お料理も美味しく頂きました お部屋の半露天風呂は掛け流しではありませんでしたが 源泉80度ということで 湯温を朝から調節して下さっていたようで 良い湯加減でした とろっとろの泉質でした 大浴場も他の宿泊客とかち合うこともなくゆっくり楽しめました 自然の中にある施設なので天井の蜘蛛の巣にあらっ？でした お二階のお部屋のテラスの柵が心細く感じました と言いますか 怖かった！,"時期:2019年8月宿泊; プラン:半露天風呂付客室 1泊2食 創作会席プラン 2階客室; 価格帯:30,001円以上(大人１名あたり/税込); 部屋:3; 風呂:4; 料理(朝食):4; 料理(夕食):4; 接客・サービス:3 | プラン 半露天風呂付客室 1泊2食 創作会席プラン 2階客室 和洋室 朝・夕",https://www.jalan.net/yad392046/kuchikomi/archive/,1,room_open_air_bath;public_bath,raw/jalan/archive_page_6.html,cp932,positive,body_positive,high,body_sentiment_inference_needed
OTA full review,Jalan,jalan_a2b68b34dd5a90a9,藤原組長さん,2019/7/22,4,部屋のテラスからの眺望と部屋風呂最高です,食事は、夕食と朝食とも創作的でとても美味しいです お風呂は、特に部屋風呂が良いです、眺めも良くゆっくり湯浴みできます 部屋は、解放感がありゆっくりくつろげます その他、自由に使える地獄蒸しがあればもっと良いと思います,"時期:2019年7月宿泊; プラン:関アジ姿造り付き会席 １泊２食付プラン; 価格帯:26,001～27,000円(大人１名あたり/税込); 部屋:4; 風呂:4; 料理(朝食):5; 料理(夕食):5; 接客・サービス:4 | プラン 関アジ姿造り付き会席 １泊２食付プラン 和洋室 朝・夕",https://www.jalan.net/yad392046/kuchikomi/archive/,1,room_open_air_bath;view,raw/jalan/archive_page_6.html,cp932,positive,body_positive,high,body_sentiment_inference_needed
OTA full review,Jalan,jalan_274bc7f4abe6f0fd,ひよこ豆さん,2019/6/26,2,若い人向けなら、、,2階の部屋を利用しました。景色はいいです。遠くに海が見えて、夜景もキレイでした。 建物が新しく全体的にはキレイですが、部屋の網戸のほこりや窓の汚れは気になりました。料理は見た目は写真通りのものです。味は普通です。 フロントに電話をしましたが出られませんでした。 従業員の方々ですが、、 皆さんお若いようですが、アルバイトなのでしょうか？ 社員教育や研修などされてないのでしょうか。 まず、お食事処の従業員の方のスリッパ？のような履物はご遠慮願いたい。こちらは食事中というのに、歩くたびに音がして足音を立てて歩かれてはゆっくり食事できません。そして非常に私語が多い。しかも声が大きい。居酒屋かと思いました。 (若い男性の方は頑張っていました。) そして翌朝の朝食ですが、また従業員の方々の大きな声の私語、笑い声までしていました。食事中の私の後ろで食器をガチャンガチャン、さすがに「静かにしてください」と言わせてもらいました。キレイな景色を見ながらの朝食も残念な結果に。 高台にあるので、静かな場所でのんびりできると思い選んだものでしたが微妙でした。お値段も内容からするとリーズナブルとは言えないと思います。宿を決める前に口コミも少し参考にしますが、先に辛口なコメントをみていて半信半疑でしたが、辛口ではなく事実でした。若い人なら十分楽しめると思いますが。 初めて利用しましたが、2度目はないかもしれません。 テラス御堂原の従業員の方々はお若いようでしたので、 これからを期待したいと思います。,"時期:2019年6月宿泊; プラン:半露天風呂付客室 1泊2食 創作会席プラン 2階客室; 価格帯:25,001～26,000円(大人１名あたり/税込); 部屋:4; 風呂:3; 料理(朝食):2; 料理(夕食):2; 接客・サービス:2 | プラン 半露天風呂付客室 1泊2食 創作会席プラン 2階客室 和洋室 朝・夕",https://www.jalan.net/yad392046/kuchikomi/archive/,1,room_open_air_bath;view,raw/jalan/archive_page_6.html,cp932,mixed,body_positive_and_negative,high,body_sentiment_inference_needed
OTA full review,Jalan,jalan_d815a1c496993067,ヒラヤマさん,2019/5/25,5,カップルにオススメ,あいにくの雨でしたが、霧立つ別府の高台にある旅館。なんだか神秘的だと感じました。別府湾を一望できる景色にまず感動。チェックイン時の説明も程よい説明で丁寧でした。 お風呂は源泉が80度と熱い。硫黄の匂いが漂う温泉で肌もすべすべになりましたが、長風呂するなら個室内の方で水で調整した方がベター。大浴場は調整できないものの、大量の湯の華もなんだか嫌気がしない感じで気分良く浸ることができました。 料理を出すタイミングも非常によかったものの、美味しくお腹いっぱいになれました。誕生日ケーキも花が飾ってる台で準備していただき綺麗な演出ですごく彼女も喜んでくれました。他の旅館の方であればそこまで気遣っていただいたことないと思いながら余韻に浸ることができました。朝食も非常に美味しかったです。 また、部屋のテレビでミラーリングができたのでユーチューブ流したり部屋でも楽しむことができました！ 忘れられない旅行になりました。ありがとうございました。,"時期:2019年5月宿泊; プラン:夜景を独り占め♪ お二人の記念日プラン １泊２食付; 価格帯:27,001～28,000円(大人１名あたり/税込); 部屋:5; 風呂:4; 料理(朝食):4; 料理(夕食):5; 接客・サービス:5 | プラン 夜景を独り占め♪ お二人の記念日プラン １泊２食付 和洋室 朝・夕",https://www.jalan.net/yad392046/kuchikomi/archive/,1,public_bath;view;temperature_hot,raw/jalan/archive_page_6.html,cp932,mixed,conditional_signal_tag,medium,body_sentiment_inference_needed
OTA full review,Jalan,jalan_295705c1d7716450,ひろちゃんさん,2019/5/22,2,２回目の宿泊,館内履きが改良され、歩きやすく助かりました。ただ、雨の日は、レストランまでと、大浴場までの階段が滑りやすくなっていて、２度ほどドキッとしました。ベランダ側の窓は直された方が良いと思います。閉める度に傷が気になりました。初めてお伺いした時との諸々の質の差が一番気になりましたが、やはりお湯の質がいいんですね、お肌はつるつるになりました。,"時期:2019年5月宿泊; プラン:半露天風呂付客室 1泊2食 創作会席プラン 2階客室; 価格帯:25,001～26,000円(大人１名あたり/税込); 部屋:2; 風呂:3; 料理(朝食):2; 料理(夕食):2; 接客・サービス:2 | プラン 半露天風呂付客室 1泊2食 創作会席プラン 2階客室 和洋室 朝・夕",https://www.jalan.net/yad392046/kuchikomi/archive/,1,room_open_air_bath;public_bath;stairs_layout,raw/jalan/archive_page_6.html,cp932,positive,positive_signal_no_caution,medium,body_sentiment_inference_needed
OTA full review,Jalan,jalan_66595bd886f55f62,yuaさん,2019/5/10,2,騒音対策をして欲しいです。,一階に宿泊しましたが、二階の足音や扉の開け閉めの音がかなり響き、リラックスできませんでした。 室内は段差が多く、夜間電気を消してトイレや浴室に行く時、転びそうになりました。 室内の温泉も大浴場もかなり温度が熱くしばらく水を入れないと入れない状態… お料理は満足いく量と味でした。 宿泊を検討する方は2階をおすすめします。,"時期:2019年4月宿泊; プラン:半露天風呂付き客室 1泊2食 創作懐石プラン 1階客室; 価格帯:27,001～28,000円(大人１名あたり/税込); 部屋:1; 風呂:2; 料理(朝食):3; 料理(夕食):4; 接客・サービス:2 | プラン 半露天風呂付き客室 1泊2食 創作懐石プラン 1階客室 和洋室 朝・夕",https://www.jalan.net/yad392046/kuchikomi/archive/,1,room_open_air_bath;public_bath;temperature_hot,raw/jalan/archive_page_6.html,cp932,mixed,body_positive_and_negative,high,body_sentiment_inference_needed
OTA full review,Jalan,jalan_b7ffa2aba1c75d42,ゆりさん,2019/5/9,4,見晴らしが最高,初めての堀田温泉、色々調べてこちらのテラス御堂原さんに宿泊させて頂きました。お宿までの道のりは分かりにくいのと道が狭く運転しづらかったです。看板を見落とさないように注意されてください。 お宿はとても素敵な作りになっており、滞在中はとても静かにゆっくりする事が出来ました。お部屋に温泉があるので、大浴場は使わず。のんびりしたい方にはオススメの宿です。 お部屋からの眺めがとても良く、開放感もあります。 外国からの宿泊客の方も多いようでした。 食事は食事処にて夜は6時から朝は8時からです。 もう少しメニューのバリエーションがあればいいな。と思いました。 スタッフさんは感じが良く、気持ちよく宿泊する事が出来ました。,"時期:2019年5月宿泊; プラン:【平日限定】☆室数限定☆2周年記念プラン半露天風呂付き客室 1泊2食 1階客室; 価格帯:21,001～22,000円(大人１名あたり/税込); 部屋:5; 風呂:4; 料理(朝食):4; 料理(夕食):4; 接客・サービス:4 | プラン 【平日限定】☆室数限定☆2周年記念プラン半露天風呂付き客室 1泊2食 1階客室 和洋室 朝・夕",https://www.jalan.net/yad392046/kuchikomi/archive/,1,room_open_air_bath;public_bath;view;small_bath_or_room;access_road,raw/jalan/archive_page_6.html,cp932,mixed,body_positive_and_negative,high,body_sentiment_inference_needed
OTA full review,Jalan,jalan_5d5323a2fc9457c2,けんさん,2019/4/7,1,けんさんのクチコミ,送迎もないので車が無いと不便 別府駅からも遠く、高台にあるので徒歩で行くのは難しい ２階の足音が響き、我慢できないほど部屋の作りがビープ 半露店風呂付きの部屋だが源泉かけ流しでない シャワー等、温水が途中で水になる,"時期:2019年4月宿泊; プラン:半露天風呂付き客室 1泊2食 創作懐石プラン 1階客室; 価格帯:30,001円以上(大人１名あたり/税込); 部屋:1; 風呂:3; 料理(朝食):3; 料理(夕食):3; 接客・サービス:3 | プラン 半露天風呂付き客室 1泊2食 創作懐石プラン 1階客室 和洋室 朝・夕",https://www.jalan.net/yad392046/kuchikomi/archive/,1,room_open_air_bath,raw/jalan/archive_page_6.html,cp932,mixed,body_positive_and_negative,high,body_sentiment_inference_needed
OTA full review,Jalan,jalan_fbbaeba5e8daae22,りえさん,2019/3/28,4,眺めは素晴らしいです。,全体的には満足だが、別府で有名な鶏天発祥のお店の場所をスタッフさんに聞いても知らなかったり、ちょっと、えっ？って思いました。別府出身の方ではないのかもしれませんが、有名処の名前位は勉強しておいてもいいのでは？ 部屋は内風呂の温泉がついてたので、何度も楽しませて頂けました。翌日のお化粧ののりも良かったです！ 朝食もバイキングではないものの洗練されており、ゆっくり頂く事ができました。朝食会場の眺めも素晴らしいです。 次回は夕食もこちらのお宿で頂いてみたいです。 残念だったのは、結構他の部屋の声や足音など聞こえてしまうところです。部屋同士はそんなにくっついてない印象だったのでちょっと以外でした。あと、網戸に穴が空いてましたので、夏に向けて補修して頂きたいです。朝食会場もせっかく素敵なのに、植木が枯れていて残念でした。惜しい。。,"時期:2019年3月宿泊; プラン:1泊朝食付プラン 半露天風呂付客室 1階客室; 価格帯:14,001～15,000円(大人１名あたり/税込); 部屋:4; 風呂:4; 料理(朝食):5; 料理(夕食):-; 接客・サービス:4 | プラン 1泊朝食付プラン 半露天風呂付客室 1階客室 和洋室 朝のみ",https://www.jalan.net/yad392046/kuchikomi/archive/,1,room_open_air_bath;view,raw/jalan/archive_page_6.html,cp932,mixed,body_positive_and_negative,high,body_sentiment_inference_needed
OTA full review,Jalan,jalan_6986013df6590831,ちんころりんさん,2019/3/4,5,良いお宿,口コミはあまり書きませんが、良いお宿だったので書きます。 眺望がウリのお宿ですが夕食に感動しました。 前菜はしつらえが丁寧で見た目から美味しくいただきました。 仕事が細やかです。 当日はクエが仕入れられたようでお刺身でいただきました。 高級割烹でもなかなか食べれないお魚ですね。 お宿の客に対する心意気でしょう。 メインのすき焼きは柔らかな赤身で、終盤にサシが多いお肉はもたれますが丁度良い塩梅でした。 温かい食べ物はきちんと器も温められていて、こちらのペースに合わせて出てきました。 ホールスタッフの目配りが行き届いていると思います。 お湯は流石に別府の源泉ですから良いに決まってます。,"時期:2019年3月宿泊; プラン:半露天風呂付き客室 1泊2食 創作懐石プラン 1階客室; 価格帯:26,001～27,000円(大人１名あたり/税込); 部屋:5; 風呂:5; 料理(朝食):5; 料理(夕食):5; 接客・サービス:5 | プラン 半露天風呂付き客室 1泊2食 創作懐石プラン 1階客室 和洋室 朝・夕",https://www.jalan.net/yad392046/kuchikomi/archive/,1,room_open_air_bath;view,raw/jalan/archive_page_6.html,cp932,positive,body_positive,high,body_sentiment_inference_needed
OTA full review,Jalan,jalan_d7e4ec1b5265da2c,あきらさん,2019/2/27,5,誕生日プレゼント,今回、二度目の宿泊でした。とても雰囲気が良くて、リラックスする事が出来ました。夕食がとても美味しくて大満足しています。スタッフの皆様もとても明るくて親切に対応してくれました。また、記念日等に利用させて頂きたいと思います。,"時期:2019年2月宿泊; プラン:半露天風呂付客室 1泊2食 創作会席プラン 2階客室; 価格帯:24,001～25,000円(大人１名あたり/税込); 部屋:5; 風呂:5; 料理(朝食):5; 料理(夕食):5; 接客・サービス:5 | プラン 半露天風呂付客室 1泊2食 創作会席プラン 2階客室 和洋室 朝・夕",https://www.jalan.net/yad392046/kuchikomi/archive/,1,room_open_air_bath,raw/jalan/archive_page_6.html,cp932,positive,body_positive,high,body_sentiment_inference_needed
OTA full review,Jalan,jalan_0944521119c58f40,カピさん,2019/2/21,5,部屋もおもてなしも最高でした♪,先日、友だちとプチ贅沢旅行の場所をこちらに選ばさせていただきました！ 口コミを最初に何件か拝見致しまして半々の気持ちぐらいでドキドキしながら泊まりましたが、、すっごく良かったです！お部屋もお料理も温泉も♪ おもてなしもすごく良くて私達のわがままななご要望にも心よく応えてくださいました！本当にありがとうございました！ すごくいいところで美味しい料理だったのに私は何品か食べれず残してしまい本当に申し訳ない事をしてしまいすみませんでした！ でも本当にゆっくりすることができたのでまた是非リベンジしたいです！ 本当にありがとうございました(*^^*),"時期:2019年2月宿泊; プラン:頑張った自分にご褒美♪ 女性限定 レディースプラン１泊２食付; 価格帯:24,001～25,000円(大人１名あたり/税込); 部屋:5; 風呂:5; 料理(朝食):5; 料理(夕食):5; 接客・サービス:5 | プラン 頑張った自分にご褒美♪ 女性限定 レディースプラン１泊２食付 和洋室 朝・夕",https://www.jalan.net/yad392046/kuchikomi/archive/,1,,raw/jalan/archive_page_6.html,cp932,positive,body_positive,high,body_sentiment_inference_needed
OTA full review,Jalan,jalan_e261d6997ee04818,ちゅんさん,2019/1/4,4,料理美味しかった,夫婦で、元旦に一泊別府旅行。 テラスからの景色がキレイだと口コミを見て是非見たいと思ったのと、部屋に半露天風呂があると書いてあったので宿泊しました。 確かに、景色はキレイでした。ただ、お部屋の場所によるのかと思います。 残念なことに宿泊した部屋からの景色は、大浴場の屋根で隠れてしまっていたこと、水漏れが2階あり床が濡れてました。 良かった点は半露天風呂と、料理はとても良く、満足しています。また、機会があれば景色の良い部屋に宿泊したいです。,"時期:2019年1月宿泊; プラン:お正月プラン １泊２食付 半露天風呂付客室; 価格帯:30,001円以上(大人１名あたり/税込); 部屋:2; 風呂:5; 料理(朝食):5; 料理(夕食):5; 接客・サービス:3 | プラン お正月プラン １泊２食付 半露天風呂付客室 和洋室 朝・夕",https://www.jalan.net/yad392046/kuchikomi/archive/,1,room_open_air_bath;public_bath;view,raw/jalan/archive_page_6.html,cp932,mixed,body_positive_and_negative,high,body_sentiment_inference_needed
OTA full review,Jalan,jalan_a8c0fa6935463eeb,るーちゃんさん,2019/1/3,4,ゆっくり2人で過ごせました,お風呂がお部屋に着いていていつでもゆっくり入る事が出来ました。夕食もボリュームたっぷりで美味しくいただけました。 私は気にならなかったですが、他の部屋の足跡が響きやすいです。 あと、部屋の乾燥が気になるので加湿器を置いていただけると良いなぁと思いました。 サービスは皆様丁寧で親切でとても良かったです。,"時期:2018年12月宿泊; プラン:半露天風呂付客室 1泊2食 創作会席プラン 2階客室; 価格帯:28,001～29,000円(大人１名あたり/税込); 部屋:4; 風呂:4; 料理(朝食):3; 料理(夕食):4; 接客・サービス:4 | プラン 半露天風呂付客室 1泊2食 創作会席プラン 2階客室 和洋室 朝・夕",https://www.jalan.net/yad392046/kuchikomi/archive/,1,room_open_air_bath,raw/jalan/archive_page_6.html,cp932,positive,body_positive,high,body_sentiment_inference_needed
OTA full review,Jalan,jalan_56d9a8d9e3b289e1,やまさん,2018/12/24,5,全てよかった！,クリスマスと忘年会を兼ねて宿泊しました。 お部屋はとても清潔感があり、設備も充実してました。またロビーやお部屋からの景色がとても綺麗で、癒されました。 お食事もとても美味しく、量もちょうど良く大満足です。また利用したいと思います。,"時期:2018年12月宿泊; プラン:半露天風呂付客室 1泊2食 創作会席プラン 2階客室; 価格帯:28,001～29,000円(大人１名あたり/税込); 部屋:5; 風呂:5; 料理(朝食):4; 料理(夕食):5; 接客・サービス:5 | プラン 半露天風呂付客室 1泊2食 創作会席プラン 2階客室 和洋室 朝・夕",https://www.jalan.net/yad392046/kuchikomi/archive/,1,room_open_air_bath;view,raw/jalan/archive_page_6.html,cp932,positive,body_positive,high,body_sentiment_inference_needed
OTA full review,Jalan,jalan_04557e93247bbd7a,ちゅけさん,2018/12/18,5,娘とその日に決めた2人旅行,旅行は月に2度くらい行ってます。 いいホテル、旅館はたくさんありますが 本当にもう一度来たい！ と思うのはなかなか。 でもこちらはお部屋、お湯、お料理 素晴らしくて絶対リピします！！,"時期:2018年11月宿泊; プラン:頑張った自分にご褒美♪ 女性限定 レディースプラン１泊２食付; 価格帯:24,001～25,000円(大人１名あたり/税込); 部屋:5; 風呂:5; 料理(朝食):5; 料理(夕食):5; 接客・サービス:4 | プラン 頑張った自分にご褒美♪ 女性限定 レディースプラン１泊２食付 和洋室 朝・夕",https://www.jalan.net/yad392046/kuchikomi/archive/,1,,raw/jalan/archive_page_6.html,cp932,positive,body_positive,high,body_sentiment_inference_needed
OTA full review,Jalan,jalan_1417720e7a7c1573,tomoさん,2018/11/21,3,今年最後の温泉でゆっくりと,今回、今年最後にゆっくりしたい(*'ω'*) 今回の旅のコンセプト♪ 大分のテラス御堂原へ エントランスから、雰囲気バツグン。 エントランスを、抜けロビーへ 和でデザインされたロビー☆ 一面ガラスで、別府を見下ろ最高の景色 受付→案内までの間にウェルカムティ 色々と説明を受け、客室へ。 客室も、最高の景色。 テラスでゆっくりお酒やコーヒーを楽しみたい お風呂も源泉かけ流し。80℃程あります。 では、夕食ヘ移動です。 せっかくなので、関アジの姿作りを予約。 もちろん、ビールで乾杯 ※前菜と、食前酒 季節を意識した、献立です。 ※関アジの姿作り→楽しみにまってました！ しかし、色をみてすぐに判明。 残念です ※秋鮭バター味噌焼き→濃いですね… ※握りすし→んー、この流れで？？ ※白みそ仕立て。→食事前半ではないな… ※豊年鰆蕪蒸し→妥当だと思います。 ※黒毛和牛すき焼き、温泉卵添え →肉は柔らかいが、温泉卵につけて食べる程はない。 割下の味が薄い。そのまま頂きました。 ※白ご飯、赤だし ※葡萄ゼリー→ゼリーにメレンゲをのせてありますがこれもイマイチ… 大分だけに魚も期待するし、食事が良ければです期待値が高くなる分。,"時期:2018年11月宿泊; プラン:関アジ姿造り付き会席 １泊２食付プラン; 価格帯:25,001～26,000円(大人１名あたり/税込); 部屋:4; 風呂:4; 料理(朝食):3; 料理(夕食):2; 接客・サービス:3 | プラン 関アジ姿造り付き会席 １泊２食付プラン 和洋室 朝・夕",https://www.jalan.net/yad392046/kuchikomi/archive/,1,view,raw/jalan/archive_page_6.html,cp932,mixed,body_positive_and_negative,high,body_sentiment_inference_needed
OTA full review,Jalan,jalan_e5482e77caa78252,まいさん,2018/11/9,2,清掃してないと思う,部屋の隅は所々蜘蛛の巣だらけ バルコニーには鳥の糞が散乱していました 浴衣の羽織のポケットには蜘蛛の巣と前の人が泊まった時に入れたであろう朝食予定時間が書かれた紙が入っていました。 羽織は洗っていないと思います。 夕食も少なく、良いものは出ませんでした。 この金額でこのクオリティはないと思いました。,"時期:2018年11月宿泊; プラン:半露天風呂付客室 1泊2食 創作会席プラン 2階客室; 価格帯:24,001～25,000円(大人１名あたり/税込); 部屋:3; 風呂:2; 料理(朝食):2; 料理(夕食):2; 接客・サービス:4 | プラン 半露天風呂付客室 1泊2食 創作会席プラン 2階客室 和洋室 朝・夕",https://www.jalan.net/yad392046/kuchikomi/archive/,1,room_open_air_bath,raw/jalan/archive_page_6.html,cp932,positive,positive_signal_no_caution,medium,body_sentiment_inference_needed
OTA full review,Jalan,jalan_394cbfd9f1799b86,オータムさん,2018/10/28,4,テラス景色が良い,別府の方はあまり行く機会なかったので、新しい清潔感がある感じの宿で目に留まり、この宿に宿泊しました。少し値段設定が高い気がしましたが、奮発しました。 源泉が温度が高かったですが、冷ましておけば問題ない湯温になり、温泉特有の硫黄の香りが気分を高揚させました。 料理は豊後牛すき焼きが美味しかったです。 ただ半個室なのはいいですが、暖簾が役目を果たしておらず、食べている所をジロジロ見られている気がしたので、残念でした。 またテラス側(海が見える方)で食べたかったのですが、初めから席が決まっており山側の席でした。(夕餉、朝餉ともだったので残念でした) とにかく景色が良く、初日の出とかに絶好の場所だと思いますので、年末年始は人が多くなりそうですね。 また機会があれば行きたいです。,"時期:2018年10月宿泊; プラン:半露天風呂付き客室 1泊2食 創作懐石プラン 1階客室; 価格帯:26,001～27,000円(大人１名あたり/税込); 部屋:5; 風呂:5; 料理(朝食):4; 料理(夕食):4; 接客・サービス:5 | プラン 半露天風呂付き客室 1泊2食 創作懐石プラン 1階客室 和洋室 朝・夕",https://www.jalan.net/yad392046/kuchikomi/archive/,1,room_open_air_bath;view,raw/jalan/archive_page_6.html,cp932,mixed,body_positive_and_negative,high,body_sentiment_inference_needed
OTA full review,Jalan,jalan_b01dedd96cefd90b,はなさん,2018/9/7,5,初めての別府ですが良い思い出になりました！,お部屋からの景色がとてもよく部屋付きお風呂も気持ちよかったです！ 朝は日の出も見れて大満足です！ 部屋数も多くないので落ち着いた雰囲気をお求めの方おススメです！ 北海道からだったので魚料理はあまり期待していませんでしたが、普通に美味しかったです。 接客も丁寧で別府の良い思い出になりました！,"時期:2018年9月宿泊; プラン:半露天風呂付客室 1泊2食 創作会席プラン 2階客室; 価格帯:24,001～25,000円(大人１名あたり/税込); 部屋:5; 風呂:3; 料理(朝食):5; 料理(夕食):5; 接客・サービス:5 | プラン 半露天風呂付客室 1泊2食 創作会席プラン 2階客室 和洋室 朝・夕",https://www.jalan.net/yad392046/kuchikomi/archive/,1,room_open_air_bath;view;access_road,raw/jalan/archive_page_6.html,cp932,positive,body_positive,high,body_sentiment_inference_needed
OTA full review,Jalan,jalan_ab22cd002d350a52,ゆぅさん,2018/9/7,4,リピーター,2回目の利用です。 前回同様で景色もサイコーでした。平日だったのもありまた、2階の部屋にしてもらえたので嬉しかったです。 温泉でゆったりと非日常を満喫できました。 旅行が趣味の私にとって数少ないお気に入りの宿です。,"時期:2018年8月宿泊; プラン:【平日限定】☆室数限定☆2周年記念プラン半露天風呂付き客室 1泊2食 1階客室; 価格帯:21,001～22,000円(大人１名あたり/税込); 部屋:4; 風呂:4; 料理(朝食):4; 料理(夕食):4; 接客・サービス:4 | プラン 【平日限定】☆室数限定☆2周年記念プラン半露天風呂付き客室 1泊2食 1階客室 和洋室 朝・夕",https://www.jalan.net/yad392046/kuchikomi/archive/,1,room_open_air_bath;view,raw/jalan/archive_page_6.html,cp932,positive,body_positive,high,body_sentiment_inference_needed
OTA full review,Jalan,jalan_617dace73d292f58,ヒッキーさん,2018/8/18,4,景色最高！,高台にあるので景色はダイナミックで最高でした！ 部屋も温泉も清掃が行き届いており気持ち良く過ごせました。季節的に花火も上がり、上から見下ろす花火は初めてで感動ものです。 満点！と言いたいところですが、お酒を嗜むのが好きな私たちには、席に着いた途端スタッフのかたに食事の終了時間を言われたのと、夕食のペースが早すぎてゆっくり出来ず慌てて部屋に戻りました。 日頃の疲れを癒してもらおうと期待してただけに残念でした。,"時期:2018年8月宿泊; プラン:半露天風呂付客室 1泊2食 創作会席プラン 2階客室; 価格帯:28,001～29,000円(大人１名あたり/税込); 部屋:5; 風呂:5; 料理(朝食):3; 料理(夕食):3; 接客・サービス:3 | プラン 半露天風呂付客室 1泊2食 創作会席プラン 2階客室 和洋室 朝・夕",https://www.jalan.net/yad392046/kuchikomi/archive/,1,room_open_air_bath;view,raw/jalan/archive_page_6.html,cp932,mixed,body_positive_and_negative,high,body_sentiment_inference_needed
OTA full review,Jalan,jalan_3d4fd8c9b8df7dbf,たらちゃんさん,2018/8/13,5,身近な隠れ家,急に女友達と思い立って、前日予約しましたが、部屋の作り、お風呂全て満足でした。部屋のお風呂も良かったですが、大浴場もゆったりして泉質がトロンとして気持ちよかったです。 部屋の作りがとても使いやすかったです,"時期:2018年6月宿泊; プラン:1泊朝食付プラン 半露天風呂付客室 1階客室; 価格帯:16,001～17,000円(大人１名あたり/税込); 部屋:5; 風呂:5; 料理(朝食):4; 料理(夕食):-; 接客・サービス:4 | プラン 1泊朝食付プラン 半露天風呂付客室 1階客室 和洋室 朝のみ",https://www.jalan.net/yad392046/kuchikomi/archive/,1,room_open_air_bath;public_bath,raw/jalan/archive_page_6.html,cp932,positive,body_positive,high,body_sentiment_inference_needed
OTA full review,Jalan,jalan_1be07d00ebdab5b5,みほさん,2018/7/18,5,私の癒しパワースポット,以前から気になっていたので宿泊しました。お部屋は1Fしか空きが無く余り期待していませんでしたが、宿泊したお部屋は絶景でした。大浴場の屋根が下に見えましたが不快に感じる事はありませんでした。お部屋はシンプルで清潔感もあり快適に過ごす事が出来ました。スタッフさんの距離感も私には丁度良く感じました。朝は水平線に太陽が昇り絶景です。夕食は関アジ姿造り会席で予約、新鮮でとても美味しくお料理の味付けも良く美味しくいただきました。夕食 朝食とも品数が多く満足しました。お醤油が美味しくどこで購入出来るのかお聞きするのを忘れてしまいました。2Fの音が響きますが気にならないほど快適でした。私は宿泊しても中々熟睡が出来ませんが、テラス御堂原さんでは、初めて熟睡する事が出来ました。私の癒しパワースポットになりました。,"時期:2018年7月宿泊; プラン:関アジ姿造り付き会席 １泊２食付プラン; 価格帯:29,001～30,000円(大人１名あたり/税込); 部屋:5; 風呂:5; 料理(朝食):5; 料理(夕食):5; 接客・サービス:5 | プラン 関アジ姿造り付き会席 １泊２食付プラン 和洋室 朝・夕",https://www.jalan.net/yad392046/kuchikomi/archive/,1,public_bath,raw/jalan/archive_page_6.html,cp932,mixed,body_positive_and_negative,high,body_sentiment_inference_needed
OTA full review,Jalan,jalan_ea7685a58ecaa5f9,ココさん,2018/7/1,2,ココさんのクチコミ,大分出張の最終日に温泉でゆっくりしたくて前日で予約出来たこちらの宿を選択しました。 お迎えもなくフロントスタッフの男性の方は愛想もなく着いた瞬間に失敗したと思いました。 部屋は普通。私は一階の部屋でしたが2階からドンドンと凄い男がしていました。 部屋の温泉は、熱過ぎて洗面器で掻き混ぜても熱かったです。 お湯をかき混ぜる棒があれば良いかと思いました。 ビールはモルツとエビスしかないとの事でしたが夕食の際にアサヒの瓶ビールがあり唖然としました。 何度も銘柄を聞き直したんですけどね。 蓮根饅頭の蓋を開けてビックリしました。 その他のお料理は、美味しかったですよ。 二度と行きません。,"時期:2018年6月宿泊; プラン:1泊朝食付プラン 半露天風呂付客室 1階客室; 価格帯:30,001円以上(大人１名あたり/税込); 部屋:2; 風呂:2; 料理(朝食):2; 料理(夕食):-; 接客・サービス:1 | プラン 1泊朝食付プラン 半露天風呂付客室 1階客室 和洋室 朝のみ",https://www.jalan.net/yad392046/kuchikomi/archive/,1,room_open_air_bath;temperature_hot,raw/jalan/archive_page_6.html,cp932,mixed,body_positive_and_negative,high,body_sentiment_inference_needed
OTA full review,Jalan,jalan_a65439bdf1059d26,ともちゃんさん,2018/6/29,1,期待してましたが・・,温泉大好きであちこち行ってます。 今回は関アジを食べ部屋に露天風呂があり眺めが良い所を探してこちらに決めました。 とても楽しみにしてたのですが温泉旅館の設備やサービスには程遠く期待外れでした。 温泉付きのこじんまりしたホテルでした。 アメニティもスーパー銭湯並みでした。 料理は普通、関アジも期待ほどなく翌日別府市内で関サバ食べたのが新鮮で美味しかったので鮮度がイマイチだったのかなと・・ 温泉旅館好きには向かない所でした。 スタッフの方々は感じ良くお洒落な雰囲気なので静かに二人で過ごしたい方には良いと思います。,"時期:2018年6月宿泊; プラン:関アジ姿造り付き会席 １泊２食付プラン; 価格帯:25,001～26,000円(大人１名あたり/税込); 部屋:1; 風呂:3; 料理(朝食):3; 料理(夕食):2; 接客・サービス:3 | プラン 関アジ姿造り付き会席 １泊２食付プラン 和洋室 朝・夕",https://www.jalan.net/yad392046/kuchikomi/archive/,1,view,raw/jalan/archive_page_7.html,cp932,mixed,body_positive_and_negative,high,body_sentiment_inference_needed
OTA full review,Jalan,jalan_5c34b873b03da57f,ローブリッターさん,2018/6/26,5,心がこもった言葉使い,いやー道がわからなく時間がかかりました。看板大きい道路に1つほしいですね。探してチェックインして部屋に案内されて入って一言 「改めまして、遠い北海道からお越しいただき有難う御座います。又、数あるホテル、旅館から当館を選んで頂き有難う御座います」 とてもか感じがよく、選んでよかったと思いました。2人の姉は又きたいねと…,"時期:2018年4月宿泊; プラン:半露天風呂付き客室 1泊2食 創作懐石プラン 1階客室; 価格帯:25,001～26,000円(大人１名あたり/税込); 部屋:5; 風呂:5; 料理(朝食):5; 料理(夕食):5; 接客・サービス:5 | プラン 半露天風呂付き客室 1泊2食 創作懐石プラン 1階客室 和洋室 朝・夕",https://www.jalan.net/yad392046/kuchikomi/archive/,1,room_open_air_bath;access_road,raw/jalan/archive_page_7.html,cp932,positive,body_positive,high,body_sentiment_inference_needed
OTA full review,Jalan,jalan_7961f80072081d0c,ユウコさん,2018/6/4,5,大人の隠れ家,母娘旅に利用させて頂きました チェックイン時には気持ちよくお出迎え エントランスを入ってすぐのホールはとても良い香りで、すぐに可愛らしいウェルカムドリンクが出て来てテンションあがりました。 山の中なので虫は多いですが想定内！部屋は清潔感あふれ、最高でした 選べる浴衣も可愛いものばかり、アメニティも充実してます,"時期:2018年6月宿泊; プラン:頑張った自分にご褒美♪ 女性限定 レディースプラン１泊２食付; 価格帯:25,001～26,000円(大人１名あたり/税込); 部屋:5; 風呂:5; 料理(朝食):4; 料理(夕食):4; 接客・サービス:4 | プラン 頑張った自分にご褒美♪ 女性限定 レディースプラン１泊２食付 和洋室 朝・夕",https://www.jalan.net/yad392046/kuchikomi/archive/,1,insects,raw/jalan/archive_page_7.html,cp932,mixed,body_positive_and_negative,high,body_sentiment_inference_needed
OTA full review,Jalan,jalan_c687e2761ad3b5fb,みぃさんさん,2018/5/12,5,全部素敵でした,景観 食事 対応 どれも満足でした ゆっくり滞在して ホテルを満喫しました ぜひまた行きたいです,"時期:2018年4月宿泊; プラン:半露天風呂付客室 1泊2食 創作会席プラン 2階客室; 価格帯:28,001～29,000円(大人１名あたり/税込); 部屋:5; 風呂:5; 料理(朝食):5; 料理(夕食):5; 接客・サービス:5 | プラン 半露天風呂付客室 1泊2食 創作会席プラン 2階客室 和洋室 朝・夕",https://www.jalan.net/yad392046/kuchikomi/archive/,1,room_open_air_bath,raw/jalan/archive_page_7.html,cp932,positive,body_positive,high,body_sentiment_inference_needed
OTA full review,Jalan,jalan_d3943f215f23dc77,そしえさん,2018/5/6,3,部屋以外は,夫婦で毎年GWにフェリーで九州に行きます 口コミは初めてです 私達は二階に宿泊しました フォトでは写って無い目障りな建物が視界に入ります 一階なら絶景テラスには程遠いと思います 突貫工事？かは？ですが部屋の作り建物の作りかなり酷いです 他の方指摘通り五月蝿いと一階は？思います 二階から一階に下りる手刷り等鉄の板に塗装と酷い物です 手すり丸じゃなく三㍉程の平板とは 高齢者等は掴むと痛いと思います ベランダも同様です 揺れるフェンス隙間が有り大人でも落ちるあぶなかしい作りです Gwで7万程でした 初めてフェリーのスイートより劣る部屋なんで投稿しました 但しスタッフの方 料理 温泉は満点です,"時期:2018年5月宿泊; プラン:半露天風呂付客室 1泊2食 創作会席プラン 2階客室; 価格帯:30,001円以上(大人１名あたり/税込); 部屋:1; 風呂:5; 料理(朝食):5; 料理(夕食):5; 接客・サービス:5 | プラン 半露天風呂付客室 1泊2食 創作会席プラン 2階客室 和洋室 朝・夕",https://www.jalan.net/yad392046/kuchikomi/archive/,1,room_open_air_bath,raw/jalan/archive_page_7.html,cp932,mixed,body_positive_and_negative,high,body_sentiment_inference_needed
OTA full review,Jalan,jalan_a4936274c0520e42,みさん,2018/5/4,5,過去最高レベル。落ち着いて過ごせます。,2泊しました。タクシーを降りた瞬間硫黄の香りがしてテンション上がりました。ウェルカムドリンクにお抹茶と和菓子のサービスがあったのも良かったです。 ・部屋 広くて清潔です。ベランダ側の壁がロビー同様ガラス張りになっており常に絶景が見渡せます。ベランダには椅子があり、備え付けのコーヒーを片手に景色を楽しむのはとても贅沢なひと時でした。夜景も綺麗です。 ただ2日目の夜、部屋の入り口付近に特大の蜘蛛の巣が‥（笑）。これは立地上致し方ないですね。 ・風呂 大浴場は小さめです。お部屋にもお風呂が付いており景色もいいので初日以外は部屋のお風呂しか利用しませんでした。大浴場は温泉だけど部屋のお風呂は水道水‥という所も多いですがこちらはお部屋でもちゃんと温泉に浸かれます。源泉がかなり高温なので温度調節が必須です。脱衣所にミネラルウォーターが設置してあるのも嬉しかったです。 ・食事 2泊しましたがちゃんとメニューを変えて下さっていました。朝夕2回ずつ頂きましたが全てとても美味しかったです。私は2日目の方があっさりして特に好きでした。夕食の鯛の薄引きには感動しましたし、朝食にはなんと瓦そば！素晴らしかったです。 なかなかのお値段ですが、それだけの価値があると思います。今まで泊まった中で1位2位を争うくらい良かったです。 大人限定で全14室？くらいしかないため静かにバカンスしたいカップルや夫婦にぴったりだと思います。,"時期:2018年5月宿泊; プラン:半露天風呂付客室 1泊2食 創作会席プラン 2階客室; 価格帯:30,001円以上(大人１名あたり/税込); 部屋:5; 風呂:5; 料理(朝食):5; 料理(夕食):5; 接客・サービス:5 | プラン 半露天風呂付客室 1泊2食 創作会席プラン 2階客室 和洋室 朝・夕",https://www.jalan.net/yad392046/kuchikomi/archive/,1,room_open_air_bath;public_bath;view;access_road,raw/jalan/archive_page_7.html,cp932,positive,body_positive,high,body_sentiment_inference_needed
OTA full review,Jalan,jalan_cd968e36cd978309,まーがれっとさん,2018/5/1,4,結婚記念の旅行,高速道路を通る度に高台に見える御堂原が気になっていたので、結婚記念日の旅行で行くことに決めました。 夫婦で泊まるには丁度よく、2階からの景色も最高。浴衣も選べて楽しめました。ゆっくりとお部屋のお風呂に入ったり、デッキでくつろいだり癒された記念日旅行になりました。夕食はとてもよいタイミングで出していただき美味しくお腹も満足。朝食は景色を見ながら量も丁度良かったです。 夜、ガタンガタンと時々音が響いていたのが残念だったのと、下駄の女性用があれば嬉しかったです。,"時期:2018年4月宿泊; プラン:半露天風呂付客室 1泊2食 創作会席プラン 2階客室; 価格帯:28,001～29,000円(大人１名あたり/税込); 部屋:5; 風呂:5; 料理(朝食):5; 料理(夕食):5; 接客・サービス:5 | プラン 半露天風呂付客室 1泊2食 創作会席プラン 2階客室 和洋室 朝・夕",https://www.jalan.net/yad392046/kuchikomi/archive/,1,room_open_air_bath;view;access_road,raw/jalan/archive_page_7.html,cp932,mixed,body_positive_and_negative,high,body_sentiment_inference_needed
OTA full review,Jalan,jalan_187d7e67d18292fc,はまちゃんさん,2018/4/29,5,最高の休日！,彼と旅行で利用させていただきました。 まずは、大浴場を利用したんですが、ちょっと狭いお風呂でした。 お風呂は眺めのいい部屋風呂もあるし、そっちで十分かな。 食事は6時からで、別棟の食事処での食事。まだ、あんまりお腹すいてなかったけど、時間は変えられないということで食べ始めました。料理は美味しかったです！ 翌日の朝食も美味しかった。 チェックアウトは11時までだし、部屋で、好きな映画が観れるし、ふたりでゆっくり過ごすには最高のお宿です！,"時期:2018年4月宿泊; プラン:半露天風呂付客室 1泊2食 創作会席プラン 2階客室; 価格帯:28,001～29,000円(大人１名あたり/税込); 部屋:5; 風呂:4; 料理(朝食):4; 料理(夕食):5; 接客・サービス:4 | プラン 半露天風呂付客室 1泊2食 創作会席プラン 2階客室 和洋室 朝・夕",https://www.jalan.net/yad392046/kuchikomi/archive/,1,room_open_air_bath;public_bath;view;small_bath_or_room,raw/jalan/archive_page_7.html,cp932,mixed,body_positive_and_negative,high,body_sentiment_inference_needed
OTA full review,Jalan,jalan_dd86031133f40574,ケンさん,2018/3/28,4,部屋とお風呂が最高,景色と部屋とお風呂がとっても良いです。 また利用したいところです。 料理もとても綺麗で立派なのですが、少し大人向けなのか苦手な食材が多かったです。 若者向けではない気がしました。 それでも、部屋とお風呂で十分過ぎるくらい満足出来ました。,"時期:2018年3月宿泊; プラン:半露天風呂付客室 1泊2食 創作会席プラン 2階客室; 価格帯:28,001～29,000円(大人１名あたり/税込); 部屋:5; 風呂:5; 料理(朝食):3; 料理(夕食):3; 接客・サービス:5 | プラン 半露天風呂付客室 1泊2食 創作会席プラン 2階客室 和洋室 朝・夕",https://www.jalan.net/yad392046/kuchikomi/archive/,1,room_open_air_bath;view,raw/jalan/archive_page_7.html,cp932,positive,body_positive,high,body_sentiment_inference_needed
OTA full review,Jalan,jalan_6f8fc046278fa9ef,dopamineさん,2018/3/9,5,文句なしに素晴らしい,結婚10周年で夫婦で泊まりました。別府湾の景色を高台から展望できるお部屋に、柔らかいお湯の内風呂と外風呂、心に残る美味しい食事、至れり尽くせりのスタッフ対応。どれを取っても素晴らしくて、久しぶりにまた泊まりに来たいと思わせてくれる、いい宿と出会うことができました。,"時期:2018年2月宿泊; プラン:夜景を独り占め♪ お二人の記念日プラン １泊２食付; 価格帯:26,001～27,000円(大人１名あたり/税込); 部屋:5; 風呂:5; 料理(朝食):5; 料理(夕食):5; 接客・サービス:5 | プラン 夜景を独り占め♪ お二人の記念日プラン １泊２食付 和洋室 朝・夕",https://www.jalan.net/yad392046/kuchikomi/archive/,1,view,raw/jalan/archive_page_7.html,cp932,positive,body_positive,high,body_sentiment_inference_needed
OTA full review,Jalan,jalan_5d3850f74e4af3b6,ゆうさん,2018/3/7,2,騒音がうるさい,2Fの部屋から足音がひどく、終始うるさかった。部屋には21時以降は静かにとのメモがあるため、騒音のトラブルが多い宿なのかなと思いました。部屋は段差が多く高齢の方などは利用に不向きかもしれません。,"時期:2018年3月宿泊; プラン:【平日限定】☆室数限定☆1周年記念プラン半露天風呂付き客室 1泊2食 1階客室; 価格帯:20,001～21,000円(大人１名あたり/税込); 部屋:2; 風呂:2; 料理(朝食):3; 料理(夕食):4; 接客・サービス:3 | プラン 【平日限定】☆室数限定☆1周年記念プラン半露天風呂付き客室 1泊2食 1階客室 和洋室 朝・夕",https://www.jalan.net/yad392046/kuchikomi/archive/,1,room_open_air_bath,raw/jalan/archive_page_7.html,cp932,negative,low_rating_negative_body,high,body_sentiment_inference_needed
OTA full review,Jalan,jalan_b038d1adcb4bdac0,ももおさん,2018/3/7,4,夕食に大満足,夕食はボリューム、質とも大満足でした。 最後にすき焼きも美味しい豊後牛でボリュームwもありました。 また急なサプライズのお願いにも対応して頂きまして思い出に残る旅になりました。,"時期:2018年2月宿泊; プラン:夜景を独り占め♪ お二人の記念日プラン １泊２食付; 価格帯:30,001円以上(大人１名あたり/税込); 部屋:4; 風呂:4; 料理(朝食):4; 料理(夕食):5; 接客・サービス:5 | プラン 夜景を独り占め♪ お二人の記念日プラン １泊２食付 和洋室 朝・夕",https://www.jalan.net/yad392046/kuchikomi/archive/,1,,raw/jalan/archive_page_7.html,cp932,positive,body_positive,high,body_sentiment_inference_needed
OTA full review,Jalan,jalan_6576020a358a230a,ゆぅさん,2018/2/16,5,絶景の宿,1階の部屋から2階の部屋に変更してもらえたのがうれしかったです。部屋からの景色が絶景でベランダで何枚も写真を撮りました。 温泉も気持ちよく仕事の疲れを忘れることができました。料理の味付けが私の好みでした。ただ、食事場所まで行くのが冬には寒くて辛いです。あと、朝ごはんに玉子焼きなどの卵料理が食べたかったです。 トータルだと久し振りのお気に入りの宿です。,"時期:2018年2月宿泊; プラン:【平日限定】☆室数限定☆1周年記念プラン半露天風呂付き客室 1泊2食 1階客室; 価格帯:21,001～22,000円(大人１名あたり/税込); 部屋:5; 風呂:4; 料理(朝食):3; 料理(夕食):4; 接客・サービス:4 | プラン 【平日限定】☆室数限定☆1周年記念プラン半露天風呂付き客室 1泊2食 1階客室 和洋室 朝・夕",https://www.jalan.net/yad392046/kuchikomi/archive/,1,room_open_air_bath;view,raw/jalan/archive_page_7.html,cp932,mixed,body_positive_and_negative,high,body_sentiment_inference_needed
OTA full review,Jalan,jalan_c875b85279355b40,ゆーきさん,2018/2/7,5,結婚一周年旅行,夫婦で利用させて頂きました！ 部屋も広く、露天風呂もあり大満足の旅行となりました！！ 夫婦、カップルにオススメだと思います！,"時期:2018年1月宿泊; プラン:半露天風呂付客室 1泊2食 創作会席プラン 2階客室; 価格帯:28,001～29,000円(大人１名あたり/税込); 部屋:5; 風呂:5; 料理(朝食):5; 料理(夕食):5; 接客・サービス:5 | プラン 半露天風呂付客室 1泊2食 創作会席プラン 2階客室 和洋室 朝・夕",https://www.jalan.net/yad392046/kuchikomi/archive/,1,room_open_air_bath,raw/jalan/archive_page_7.html,cp932,positive,body_positive,high,body_sentiment_inference_needed
OTA full review,Jalan,jalan_3c6d9f977e6fe6f3,amcjanetさん,2018/2/7,5,Perfect Hotel,"The hotel is located up on the hill. Better use google map to find the hotel as GPS does not show the exact location. The service, hotel, ambience are just perfect. The onsen is a bit small though. But who cares as every room has its own onsen.","時期:2018年2月宿泊; プラン:半露天風呂付き客室 1泊2食 創作懐石プラン 1階客室; 価格帯:23,001～24,000円(大人１名あたり/税込); 部屋:5; 風呂:5; 料理(朝食):5; 料理(夕食):5; 接客・サービス:5 | プラン 半露天風呂付き客室 1泊2食 創作懐石プラン 1階客室 和洋室 朝・夕",https://www.jalan.net/yad392046/kuchikomi/archive/,1,room_open_air_bath;small_bath_or_room,raw/jalan/archive_page_7.html,cp932,positive,rating_positive_signal,medium,body_sentiment_inference_needed
OTA full review,Jalan,jalan_138c3d51f42b6756,ケントさん,2018/1/29,5,素晴らしい,素晴らしいの一言です。 これは泊まった人だけが味わえます。 帰り際はもう一泊したくなります。 今度は2泊程したいですね！,"時期:2018年1月宿泊; プラン:半露天風呂付客室 1泊2食 創作会席プラン 2階客室; 価格帯:28,001～29,000円(大人１名あたり/税込); 部屋:4; 風呂:4; 料理(朝食):5; 料理(夕食):4; 接客・サービス:4 | プラン 半露天風呂付客室 1泊2食 創作会席プラン 2階客室 和洋室 朝・夕",https://www.jalan.net/yad392046/kuchikomi/archive/,1,room_open_air_bath,raw/jalan/archive_page_7.html,cp932,positive,body_positive,high,body_sentiment_inference_needed
OTA full review,Jalan,jalan_28679c20630a799b,ジョーさん,2018/1/28,5,このホテルは、一流のサービスと社内環境を備えた質の高いホテルです。温泉は多様化し、食糧の質は非常に高,このホテルは、一流のサービスと社内環境を備えた質の高いホテルです。温泉は多様化し、食糧の質は非常に高いです。,"時期:2017年12月宿泊; プラン:半露天風呂付客室 1泊2食 創作会席プラン 2階客室; 価格帯:24,001～25,000円(大人１名あたり/税込); 部屋:5; 風呂:5; 料理(朝食):5; 料理(夕食):5; 接客・サービス:5 | プラン 半露天風呂付客室 1泊2食 創作会席プラン 2階客室 和洋室 朝・夕",https://www.jalan.net/yad392046/kuchikomi/archive/,1,room_open_air_bath,raw/jalan/archive_page_7.html,cp932,positive,rating_positive_signal,medium,body_sentiment_inference_needed
OTA full review,Jalan,jalan_7725fd4049264d68,かなちゃんさん,2018/1/23,4,ご飯が美味しかった,口コミで1階のお部屋の評判があまり良くないものもあったため、心配しましたが1階の部屋でしたが景色もよく満足できました。部屋は清潔感ありましたがイメージや写真より少し狭い印象も受けました。ご飯は20代の私たちカップルにも少し多いという印象があったくらい量もあり味にも満足しました。お世話になりました。,"時期:2018年1月宿泊; プラン:半露天風呂付き客室 1泊2食 創作懐石プラン 1階客室; 価格帯:26,001～27,000円(大人１名あたり/税込); 部屋:4; 風呂:4; 料理(朝食):5; 料理(夕食):5; 接客・サービス:4 | プラン 半露天風呂付き客室 1泊2食 創作懐石プラン 1階客室 和洋室 朝・夕",https://www.jalan.net/yad392046/kuchikomi/archive/,1,room_open_air_bath;view;small_bath_or_room,raw/jalan/archive_page_7.html,cp932,mixed,body_positive_and_negative,high,body_sentiment_inference_needed
OTA full review,Jalan,jalan_67b588c526ae0ecd,クーさん,2018/1/8,4,期待通り,自分のご褒美に奮発して決めました。お部屋に内風呂があるのが気に入りました。食事は部屋から少し離れてましたが、内容は綺麗で美味しかったです。部屋は二階で景色は良く、内装も良かったです。ただ、エレベーターがあればよかったと思いました。でも、また利用したいと思いました。,"時期:2018年1月宿泊; プラン:頑張った自分にご褒美♪ 女性限定 レディースプラン１泊２食付; 価格帯:28,001～29,000円(大人１名あたり/税込); 部屋:4; 風呂:4; 料理(朝食):4; 料理(夕食):4; 接客・サービス:4 | プラン 頑張った自分にご褒美♪ 女性限定 レディースプラン１泊２食付 和洋室 朝・夕",https://www.jalan.net/yad392046/kuchikomi/archive/,1,view,raw/jalan/archive_page_7.html,cp932,positive,body_positive,high,body_sentiment_inference_needed
OTA full review,Jalan,jalan_ada642f934b6cd03,慶ちゃんさん,2018/1/3,4,段差多い,年老いた両親が行くにはちょっと大変、段差が多く食事処まで階段だし、お風呂までも階段を結構急な坂でおりないといけないです。 値段に見合う料理かといわれると、どうでしょうかねー、と言わざるを得ないかな、部屋は最高、景色もよいけど3万円を超える値段に見合うかどうか評価が分かれるのでは。,"時期:2018年1月宿泊; プラン:お正月プラン １泊２食付 半露天風呂付客室; 価格帯:30,001円以上(大人１名あたり/税込); 部屋:5; 風呂:4; 料理(朝食):4; 料理(夕食):4; 接客・サービス:4 | プラン お正月プラン １泊２食付 半露天風呂付客室 和洋室 朝・夕",https://www.jalan.net/yad392046/kuchikomi/archive/,1,room_open_air_bath;view;stairs_layout,raw/jalan/archive_page_7.html,cp932,positive,body_positive,high,body_sentiment_inference_needed
OTA full review,Jalan,jalan_32ab57cc58619ac0,やまちゃんさん,2017/12/24,3,今後に期待,料理は創作料理でよく考えられている。バランスも量も適当で出されてくる料理に次はどのようなものであろうかと楽しみに待つような旅館の料理というより料亭の料理のようであった。元々の運営が料理屋さんのようであるがさすがだと思った。ただ酒が瓶ごと出てくるのはやはり寂しい。料理が中身だけでなく器が大事であるように酒もまたしかり。何かに移して持ってきていただいた方がよい。そして冷酒なら暖かくならない工夫を。 2つ気になることが部屋にある。1つはたいしたことではないが、靴ベラを置くべきである。2つ目は構造的な問題だからどうにもならないだろうが、2階のお客様がうるさくて眠れなかった。夜中に3回振動で目が覚めた。部屋に注意書きがあるが、1階の人に言うより2階の方には口答で言ってほしい。部屋に段差が何か所もあるからかなり慎重に歩かないと普通の歩き方でもかなり振動は伝わると思う。正直2階に部屋がある1階の部屋だったらもう泊まりたくはない。わざわざお金を出して泊まりに来て自宅よりうるさい環境で眠れないストレスを抱えたくはない。料理がとてもよかっただけに残念な気がする。,"時期:2017年12月宿泊; プラン:半露天風呂付き客室 1泊2食 創作懐石プラン 1階客室; 価格帯:23,001～24,000円(大人１名あたり/税込); 部屋:3; 風呂:3; 料理(朝食):3; 料理(夕食):4; 接客・サービス:4 | プラン 半露天風呂付き客室 1泊2食 創作懐石プラン 1階客室 和洋室 朝・夕",https://www.jalan.net/yad392046/kuchikomi/archive/,1,room_open_air_bath,raw/jalan/archive_page_7.html,cp932,mixed,body_positive_and_negative,high,body_sentiment_inference_needed
OTA full review,Jalan,jalan_3a803c594abc2b33,るぅさん,2017/12/24,4,晩ご飯の時の接遇が残念,お部屋もおしゃれで総合的には満足したのですが、晩ご飯の時の愛想のなさとサービスが良くなかったです。 まず初めに準備されている、お造りや前菜の説明が一切ありません。 お献立表と照らし合わせるしかないという．何だかなぁ…。（貝アレルギーがあるのですが、あやうく食べそうになりました） その後も丁寧とは言い難い接遇で、ごはん自体は美味しいのにとても残念でした。 また、最後のご飯物をおにぎりにして頂くようお願いしたのですが、なんとお盆も準備されており、自分で自室まで持っていくことに…。 今まで宿泊したところで、こんなことはありませんでした。 他は全て満足でしたので、すごく残念です。 この値段を取るのであれば、もう少し接遇を良くするべきだと思いました。 同じ値段でいいお宿、たくさんあります。 贅沢しようと意気込んだ忘年会でしたので、すごく残念でした。,"時期:2017年12月宿泊; プラン:半露天風呂付客室 1泊2食 創作会席プラン 2階客室; 価格帯:24,001～25,000円(大人１名あたり/税込); 部屋:5; 風呂:4; 料理(朝食):4; 料理(夕食):3; 接客・サービス:3 | プラン 半露天風呂付客室 1泊2食 創作会席プラン 2階客室 和洋室 朝・夕",https://www.jalan.net/yad392046/kuchikomi/archive/,1,room_open_air_bath,raw/jalan/archive_page_7.html,cp932,mixed,body_positive_and_negative,high,body_sentiment_inference_needed
OTA full review,Jalan,jalan_103da828a5d7cb57,みきさん,2017/12/4,5,部屋がとても素敵でおススメ！！,スタッフさんの配慮、親切、接しやすい雰囲気で◎ お部屋も綺麗で部屋からの眺めも晴れの日はとても良かった。ご飯も美味しくて◎お風呂も部屋にありいつでも入れる。全体的に清潔感があり来てよかったなて思える場所だった。,"時期:2017年11月宿泊; プラン:夜景を独り占め♪ お二人の記念日プラン １泊２食付; 価格帯:29,001～30,000円(大人１名あたり/税込); 部屋:5; 風呂:4; 料理(朝食):4; 料理(夕食):4; 接客・サービス:5 | プラン 夜景を独り占め♪ お二人の記念日プラン １泊２食付 和洋室 朝・夕",https://www.jalan.net/yad392046/kuchikomi/archive/,1,view,raw/jalan/archive_page_7.html,cp932,positive,body_positive,high,body_sentiment_inference_needed
OTA full review,Jalan,jalan_ed97d6dd5830a599,ヴィッキーさん,2017/11/29,5,とってもいいサービスでした,"温泉旅館って、親は初めてです。いい思い出できて良かった。 My parents not taking beef due to religion reason, and we told the staff some days before our stay. They do very good arrangements and both of them got very satisfied for the meal. We booked for 2 rooms which is one in 1st floor (for my sister and I) and the other on the 2nd floor (for my parents). At the end, my sister and I got free upgrade to the 2nd floor and the room is just next to my parents one. We feel very grateful and satisfied with this hotel. Which have good view, good service, delicious meals, nice staff and clean and nice room.","時期:2017年11月宿泊; プラン:頑張った自分にご褒美♪ 女性限定 レディースプラン１泊２食付; 価格帯:23,001～24,000円(大人１名あたり/税込); 部屋:5; 風呂:5; 料理(朝食):5; 料理(夕食):5; 接客・サービス:5 | プラン 頑張った自分にご褒美♪ 女性限定 レディースプラン１泊２食付 和洋室 朝・夕",https://www.jalan.net/yad392046/kuchikomi/archive/,1,view,raw/jalan/archive_page_7.html,cp932,positive,body_positive,high,body_sentiment_inference_needed
OTA full review,Jalan,jalan_eb378c99958f8a2d,カッチさん,2017/11/28,5,別府旅行,施設はたいへん綺麗で満足しました。一階の方だったので前方にあるお風呂の屋根が邪魔して眺めが良くなかった、二階の方が良かったのかなぁと思います。朝食しか食べてないが美味しいとは思わなかったです。,"時期:2017年10月宿泊; プラン:素泊まりプラン 半露天風呂付客室 1階客室; 価格帯:16,001～17,000円(大人１名あたり/税込); 部屋:5; 風呂:5; 料理(朝食):-; 料理(夕食):-; 接客・サービス:4 | プラン 素泊まりプラン 半露天風呂付客室 1階客室 和洋室 食事なし",https://www.jalan.net/yad392046/kuchikomi/archive/,1,room_open_air_bath;view,raw/jalan/archive_page_7.html,cp932,positive,body_positive,high,body_sentiment_inference_needed
OTA full review,Jalan,jalan_f8c1717e302fb861,ダニエルさん,2017/11/27,5,ゆっくりくつろげました。,７周年記念で利用させてもらいました。 宿への案内表示は親切で迷いなく到着出来ましたが…@帰り道に迷ってしまい(笑)案内表示があるといいなと思いました。 チェックインしてから、終始、対応して頂いたスタッフの皆さん温かく丁寧でした。 部屋は2階だったのですが、景色も良かったです。 部屋のお風呂は源泉が80℃あるため、毎回調整が必要ですが…お風呂の大きさも丁度良く、ゆっくり何度も入れました！ 大浴場も楽しみに行きましたが…露天がなかったのが少し残念でした。 食事の際も、苦手な食材を事前にお伝えしておいたのですが、快く対応していただき、普段はなかなかこういった旅行で完食しないのですが(笑)初めて全て完食してました！ また、感度したのは食事のデザートが全てパティシエさんが作ってるの？とゆうくらいめちゃくちゃ美味しかったです!!ケーキのサービスもお宿で作られたんですかね？2人で部屋に持ち帰らせていただき…夜中にぺろりと食べちゃいました(笑) 部屋には無料で使えるWi-Fiや、TVに接続されたYouTube何かで、とても楽しめてゆっくり、まったり過ごせました。 また、必ず伺いたいお宿に加えさせてもらいます!!,"時期:2017年11月宿泊; プラン:夜景を独り占め♪ お二人の記念日プラン １泊２食付; 価格帯:30,001円以上(大人１名あたり/税込); 部屋:4; 風呂:4; 料理(朝食):4; 料理(夕食):5; 接客・サービス:5 | プラン 夜景を独り占め♪ お二人の記念日プラン １泊２食付 和洋室 朝・夕",https://www.jalan.net/yad392046/kuchikomi/archive/,1,room_open_air_bath;public_bath;view;access_road,raw/jalan/archive_page_7.html,cp932,mixed,body_positive_and_negative,high,body_sentiment_inference_needed
OTA full review,Jalan,jalan_33d4da14014eeb6b,カズ姐さんさん,2017/11/26,2,非常に惜しい感じ,ロケーション良し、温泉良し、なのに、部屋のアメニティの化粧水などはあまり補充されておらず、タオルもビジネスホテル様、コーヒーカップが無地のステンレス、帰りは見送りもなし。サービスが高級系の値段と外装には見合わない残念感でした。非常にもったいない感じがします。,"時期:2017年11月宿泊; プラン:素泊まりプラン 半露天風呂付客室 1階客室; 価格帯:30,001円以上(大人１名あたり/税込); 部屋:2; 風呂:4; 料理(朝食):-; 料理(夕食):-; 接客・サービス:2 | プラン 素泊まりプラン 半露天風呂付客室 1階客室 和洋室 食事なし",https://www.jalan.net/yad392046/kuchikomi/archive/,1,room_open_air_bath;small_bath_or_room,raw/jalan/archive_page_7.html,cp932,negative,low_rating_negative_body,high,body_sentiment_inference_needed
OTA full review,Jalan,jalan_fc574d4bcb8e7cc3,はなさん,2017/11/22,4,特にお料理が満足！,母の喜寿のお祝いで利用させていただきました。私がこのお宿に決めた最大の理由は、ブログ等をアップされている方の記事や写真等と、お宿の広告写真等とに大差を感じなかったからです「看板に偽りなし」に違いない！！と確信。特にお料理に関しては、見て満足・食べて満足、母もとても喜んでいました。全部おいしい！と、終始上機嫌（笑）お部屋のお風呂も十分な広さで、硫黄の香りプンプン、体がポカポカになりました。あと、お布団がとってもあったかく感じたのは私だけでしょうか？爆睡しました（笑） お部屋から別府湾も見えて、夜景もきれいでとても癒されました。 老舗旅館のサービスや雰囲気とはまた違った感じで、お宿の作りもお若い方向けなのかな？とも思いますが、充分に満足しましたよ！,"時期:2017年11月宿泊; プラン:頑張った自分にご褒美♪ 女性限定 レディースプラン１泊２食付; 価格帯:24,001～25,000円(大人１名あたり/税込); 部屋:4; 風呂:5; 料理(朝食):4; 料理(夕食):5; 接客・サービス:4 | プラン 頑張った自分にご褒美♪ 女性限定 レディースプラン１泊２食付 和洋室 朝・夕",https://www.jalan.net/yad392046/kuchikomi/archive/,1,room_open_air_bath,raw/jalan/archive_page_7.html,cp932,positive,body_positive,high,body_sentiment_inference_needed
OTA full review,Jalan,jalan_a208b947d3c2f351,りしぇさん,2017/11/22,5,とても眺めの良いところでした。,高台にあり、開放感があります。 お部屋のお風呂も半露天で窓を全開にすると露天気分を味わえます。 建物の中央にフロントがあり、両側に東棟、西棟と胸に分かれています。ここは外なので真冬は若干寒いかもしれませんが、お部屋に入るとエアコンもガスファンヒーターもあり居心地がとても良いです。 お部屋に21時以降はお静かにお過ごしくださいと書いてありました。 22時頃ほんの少しの時間ですが、お隣のお部屋の方が電話でお話しされていて、内容が聞こえてきました。10分ほどで静かになりしたので気になりませんでした。 お部屋にわざわざ書いてあるのはそのためなんだと思いました。 のんびり過ごすには別世界でとてもいい宿です。 料理もとても美味しくいただきました。 HPに、バリアフリーではありませんと書いてありましたが、お部屋の中や、食堂に行く間などは段があります。 今回は眺めを考えて二階のお部屋にしましたが、一階でも景色はすごくいいと思います。高齢の母とだったので次回は一階にしようと思います。 チェックアウトも11時で、お部屋のお風呂に何度も入れました。,"時期:2017年11月宿泊; プラン:半露天風呂付客室 1泊2食 創作会席プラン 2階客室; 価格帯:24,001～25,000円(大人１名あたり/税込); 部屋:4; 風呂:5; 料理(朝食):5; 料理(夕食):5; 接客・サービス:5 | プラン 半露天風呂付客室 1泊2食 創作会席プラン 2階客室 和洋室 朝・夕",https://www.jalan.net/yad392046/kuchikomi/archive/,1,room_open_air_bath;view,raw/jalan/archive_page_7.html,cp932,mixed,body_positive_and_negative,high,body_sentiment_inference_needed
OTA full review,Jalan,jalan_206b3aac8deaf79a,たかさん,2017/11/15,5,大切な人との旅行におすすめ,昨年、家族の誕生日の前に泊まって、感じも、料理も良かったので、今年も同じ宿でと探して、丁度家族の誕生日の日に空いていたので、ネットで予約して、当日宿に行くと、受付で「丁度一年でしたかね。」と言われたので、話の中で今日が家族の誕生日と伝えると、お祝いの言葉と、夕食の時に写真を撮っていただき、翌日の朝食の時に、サプライズでメッセージ入りの写真を、きちんと枠も着けて、プレゼントしていただきました。チェックインの時に話しただけで、びっくりしました。 宿の方の感じもいいし、料理もおいしく。料理は余るくらいでおいしくいただぎした。 部屋もキレイで、本当にいい宿で、お世話になりました。,"時期:2017年11月宿泊; プラン:頑張った自分にご褒美♪ 女性限定 レディースプラン１泊２食付; 価格帯:24,001～25,000円(大人１名あたり/税込); 部屋:5; 風呂:4; 料理(朝食):4; 料理(夕食):4; 接客・サービス:5 | プラン 頑張った自分にご褒美♪ 女性限定 レディースプラン１泊２食付 和洋室 朝・夕",https://www.jalan.net/yad392046/kuchikomi/archive/,1,,raw/jalan/archive_page_7.html,cp932,positive,body_positive,high,body_sentiment_inference_needed
OTA full review,Jalan,jalan_4cf48927553ad319,veenderさん,2017/11/9,5,二人きりで過ごしたい方は是非オススメ,急な利用だったにも関わらず素晴らしい接客対応に感動しました。宿も清潔で、明日からはここに住みたい！となってしまうくらいの居心地の良さと独特の空間でした。勿論お風呂も素晴らしかったです。 物凄い雨で景色は微妙だったので、次は是非晴れた時にお邪魔したいです。,"時期:2017年10月宿泊; プラン:半露天風呂付き客室 1泊2食 創作懐石プラン 1階客室; 価格帯:23,001～24,000円(大人１名あたり/税込); 部屋:5; 風呂:5; 料理(朝食):4; 料理(夕食):5; 接客・サービス:5 | プラン 半露天風呂付き客室 1泊2食 創作懐石プラン 1階客室 和洋室 朝・夕",https://www.jalan.net/yad392046/kuchikomi/archive/,1,room_open_air_bath;view,raw/jalan/archive_page_8.html,cp932,positive,body_positive,high,body_sentiment_inference_needed
OTA full review,Jalan,jalan_c3912c671273161a,あやさん,2017/11/9,5,ゆっくり出来ました,まずホテルまでは高台にあるのですぐ見つける事が出来ました。地獄めぐりからも遠くなくギリギリまで遊んだり出来ました。部屋に着いたらとにかく景色が良くて夜景も綺麗でした。同じ様な所を良く利用するのですが山の中が多く景色が良いところは初めてで良かったです。食事も良く目でも楽しめました。接客も聴いたらよく話してくれてつかず離れずいい距離感でした。また行きたいです。,"時期:2017年10月宿泊; プラン:【平日限定】☆室数限定☆1周年記念プラン半露天風呂付き客室 1泊2食 1階客室; 価格帯:21,001～22,000円(大人１名あたり/税込); 部屋:5; 風呂:5; 料理(朝食):5; 料理(夕食):5; 接客・サービス:5 | プラン 【平日限定】☆室数限定☆1周年記念プラン半露天風呂付き客室 1泊2食 1階客室 和洋室 朝・夕",https://www.jalan.net/yad392046/kuchikomi/archive/,1,room_open_air_bath;view,raw/jalan/archive_page_8.html,cp932,positive,body_positive,high,body_sentiment_inference_needed
OTA full review,Jalan,jalan_4fb7d071ec95fa1f,ももこさん,2017/11/7,2,がっかり欠陥建築？,湯布院、黒川、別府の最終日で一番期待して来ましたが大変がっかりしました。写真のイメージだけで予約してしまい後悔しました。お部屋のエアコンをMAXの３２度にしても寒く原因を探っていくとテレビ台の下が隙間だらけで風がビュンビュン入りますお部屋に虫が入ってきてたのもそれが原因でしたこのままでは寒くて眠れないので隙間にパンフレットや小冊子などを挟み込みマフラーなどを置いて何とか眠りましたがクローゼットに扉がなく玄関との併用の引き戸の隙間から風がビュービュー明らかに欠陥建築でした。隣の音も自分の部屋かと勘違いしてしまうほどでした。外に出た時も隣のお部屋と扉がくっついているかのようで思わずがっちんこしてしまいました。大浴場に行くのにいちいち外に出ないといけないので寒く面倒くさいので利用していません。夕食は美味しかったのですが持ってこられるテンポが早くせかされているようでゆっくり楽しめませんでした。６時からでしたが隣の方は私たちより３０分ほど後に来られたのですがデザートは私たちと同じくらいになっていました。旅の楽しみのひとつの食事は普段忙しくゆっくり食事できないので夫婦でいろいろ会話しながら味わいたかったのに残念。総じて従業員さんは良かったですがこの建物であの食事テンポではもうリピートはあり得ません湯布院、黒川のお宿が大変良かったので残念な別府になりました。,"時期:2017年11月宿泊; プラン:半露天風呂付き客室 1泊2食 創作懐石プラン 1階客室; 価格帯:26,001～27,000円(大人１名あたり/税込); 部屋:1; 風呂:3; 料理(朝食):4; 料理(夕食):3; 接客・サービス:3 | プラン 半露天風呂付き客室 1泊2食 創作懐石プラン 1階客室 和洋室 朝・夕",https://www.jalan.net/yad392046/kuchikomi/archive/,1,room_open_air_bath;public_bath;insects,raw/jalan/archive_page_8.html,cp932,mixed,body_positive_and_negative,high,body_sentiment_inference_needed
OTA full review,Jalan,jalan_3cf09006898b3b8f,おとさん,2017/11/6,5,紅葉と美味しい物を堪能,初めて行った大分の旅 紅葉に合わせて予約をしました。別府の観光地から車で5分程の高台にあるホテルは全客室15部屋とこじんまりしていてとても景色のいいホテルでした。スタッフも皆さんとても親切で丁寧な対応だったので居心地が良かったです。夕食は見た目も季節を感じるお料理でボリュームも満点。女性には少し多いかと思うぐらいです。 お部屋も使いやすい大きさで広めのテラスからは別府湾が眺められます。半露天のお風呂は源泉が引かれているのでいつでも温泉に入れるのはとても贅沢。 ホテルから15分程の所にある別府ロープウェイで紅葉を堪能。 本当に綺麗な紅葉でした。,"時期:2017年11月宿泊; プラン:半露天風呂付き客室 1泊2食 創作懐石プラン 1階客室; 価格帯:26,001～27,000円(大人１名あたり/税込); 部屋:4; 風呂:4; 料理(朝食):4; 料理(夕食):4; 接客・サービス:5 | プラン 半露天風呂付き客室 1泊2食 創作懐石プラン 1階客室 和洋室 朝・夕",https://www.jalan.net/yad392046/kuchikomi/archive/,1,room_open_air_bath;view,raw/jalan/archive_page_8.html,cp932,positive,body_positive,high,body_sentiment_inference_needed
OTA full review,Jalan,jalan_c0d404da411f3d14,ひかりんさん,2017/10/21,4,虫以外は‥,料理、お部屋ともによかったです。1階でしたが眺望も満足です。ただ、夜中に虫(ゲジゲジ)がでてきて、虫が苦手な私は退治するのに大騒ぎしました。電話をしましたが宿の方が不在でした。山の上にあるので虫が出るのは仕方ないかもしれません。虫以外はとても良い雰囲気の宿なので残念です。,"時期:2017年8月宿泊; プラン:【平日限定】☆室数限定☆1周年記念プラン半露天風呂付き客室 1泊2食 1階客室; 価格帯:21,001～22,000円(大人１名あたり/税込); 部屋:3; 風呂:4; 料理(朝食):5; 料理(夕食):4; 接客・サービス:4 | プラン 【平日限定】☆室数限定☆1周年記念プラン半露天風呂付き客室 1泊2食 1階客室 和洋室 朝・夕",https://www.jalan.net/yad392046/kuchikomi/archive/,1,room_open_air_bath;view;insects,raw/jalan/archive_page_8.html,cp932,mixed,body_positive_and_negative,high,body_sentiment_inference_needed
OTA full review,Jalan,jalan_738ccfef4eddc32c,しおりんさん,2017/10/18,5,文句無しでした。,景色の綺麗な宿に泊まろうと恋人と宿泊しました。が、あいにくの大雨で景色はあまり楽しめませんでした（泣）ですが部屋も綺麗でスタッフさんの対応も気持ちが良く、贅沢できる宿です。言うことなしでした。 料理についても、食べ物の好き嫌いも考慮していただき、とても美味しくいただきました。 また晴れている日に来れたらいいなと思います。,"時期:2017年10月宿泊; プラン:【平日限定】☆室数限定☆1周年記念プラン半露天風呂付き客室 1泊2食 1階客室; 価格帯:21,001～22,000円(大人１名あたり/税込); 部屋:5; 風呂:5; 料理(朝食):5; 料理(夕食):5; 接客・サービス:5 | プラン 【平日限定】☆室数限定☆1周年記念プラン半露天風呂付き客室 1泊2食 1階客室 和洋室 朝・夕",https://www.jalan.net/yad392046/kuchikomi/archive/,1,room_open_air_bath;view,raw/jalan/archive_page_8.html,cp932,positive,body_positive,high,body_sentiment_inference_needed
OTA full review,Jalan,jalan_b76baac1d20cb05a,ジャックさん,2017/10/9,5,大人旅,部屋に温泉がついていていつでもユックリ入浴できてとても良かったです♪ 夕食もお腹一杯食べられたし、朝御飯もお野菜がとても美味しかったです♪ また利用しようと思います。 若干上のかたの足音が響きます。,"時期:2017年10月宿泊; プラン:半露天風呂付き客室 1泊2食 創作懐石プラン 1階客室; 価格帯:22,001～23,000円(大人１名あたり/税込); 部屋:5; 風呂:5; 料理(朝食):5; 料理(夕食):5; 接客・サービス:5 | プラン 半露天風呂付き客室 1泊2食 創作懐石プラン 1階客室 和洋室 朝・夕",https://www.jalan.net/yad392046/kuchikomi/archive/,1,room_open_air_bath,raw/jalan/archive_page_8.html,cp932,positive,body_positive,high,body_sentiment_inference_needed
OTA full review,Jalan,jalan_05d42fe82036b689,さっとぅさん,2017/9/24,5,開放感のあるお部屋がとても素敵,夫婦旅行で利用しました 妻が妊娠しており、気分転換も兼ねて旅行に行きました。部屋の中は広々としており窓を大きくとっているため、開放感がありました。デザインもとてもゆったりできるような作りで満足です 子供の宿泊ができないため、隣室の音が気になることもなく、ゆっくり過ごすことができました。 お部屋にある温泉も2人でつかっても足を伸ばせるぐらい広く眺めもよく大満足でした 妻の料理には、刺身などの生物を避けて、旬なナスに変えてくださり、とても美味しかったです 個人的には、お米がすごく美味しかったです 料理は満足でしたが、部屋から食堂までが少し遠く、外廊下になっているため夜間などは足元が気になりました。時期によっては虫も気になるかもしれません 総合的には大満足です また、機会があれば利用したいと思います ありがとうございました,"時期:2017年9月宿泊; プラン:半露天風呂付客室 1泊2食 創作会席プラン 2階客室; 価格帯:24,001～25,000円(大人１名あたり/税込); 部屋:5; 風呂:5; 料理(朝食):4; 料理(夕食):4; 接客・サービス:5 | プラン 半露天風呂付客室 1泊2食 創作会席プラン 2階客室 和洋室 朝・夕",https://www.jalan.net/yad392046/kuchikomi/archive/,1,room_open_air_bath;view;insects,raw/jalan/archive_page_8.html,cp932,mixed,body_positive_and_negative,high,body_sentiment_inference_needed
OTA full review,Jalan,jalan_8f29211d9d6341d3,ミルコさん,2017/9/4,3,お風呂がいいです。,今回3回目になります。すごくお湯が好きできていました！ 料理人がかわりましたか？料理が残念でした。前はすごくよかったのに、3回目、コストをさげていますね。 残念でなりませんでした。,"時期:2017年8月宿泊; プラン:半露天風呂付客室 1泊2食 創作会席プラン 2階客室; 価格帯:28,001～29,000円(大人１名あたり/税込); 部屋:4; 風呂:3; 料理(朝食):2; 料理(夕食):2; 接客・サービス:3 | プラン 半露天風呂付客室 1泊2食 創作会席プラン 2階客室 和洋室 朝・夕",https://www.jalan.net/yad392046/kuchikomi/archive/,1,room_open_air_bath,raw/jalan/archive_page_8.html,cp932,mixed,body_positive_and_negative,high,body_sentiment_inference_needed
OTA full review,Jalan,jalan_1216192edcab0c8f,☆裕美☆さん,2017/8/30,4,素敵な一泊になりました(^^),お料理ビックリするくらいに大満足です(^^) また利用させて頂きます。 素敵な2日間をありがとうございました(^^),"時期:2017年8月宿泊; プラン:【お一人様限定】半露天風呂付き客室 1泊2食 創作懐石プラン 1階客室; 価格帯:30,001円以上(大人１名あたり/税込); 部屋:5; 風呂:5; 料理(朝食):5; 料理(夕食):5; 接客・サービス:4 | プラン 【お一人様限定】半露天風呂付き客室 1泊2食 創作懐石プラン 1階客室 和洋室 朝・夕",https://www.jalan.net/yad392046/kuchikomi/archive/,1,room_open_air_bath,raw/jalan/archive_page_8.html,cp932,positive,body_positive,high,body_sentiment_inference_needed
OTA full review,Jalan,jalan_99ac161b2eaf0a4e,katさん,2017/8/22,4,夏休み。,夏休みに夫婦で温泉旅行。とても清潔感があり温泉も食事も最高です。静かな時間を満喫できました。ぜひ、また利用したいです。,"時期:2017年8月宿泊; プラン:関アジ姿造り付き会席 １泊２食付プラン; 価格帯:25,001～26,000円(大人１名あたり/税込); 部屋:4; 風呂:5; 料理(朝食):4; 料理(夕食):5; 接客・サービス:4 | プラン 関アジ姿造り付き会席 １泊２食付プラン 和洋室 朝・夕",https://www.jalan.net/yad392046/kuchikomi/archive/,1,,raw/jalan/archive_page_8.html,cp932,positive,body_positive,high,body_sentiment_inference_needed
OTA full review,Jalan,jalan_fe94c1182d02921a,コウさん,2017/8/20,4,美味しいご飯と景色,値段は中々良いですが、それに見合った料理と景色が堪能できます。 ここのお宿は料理に全振りしてるといっても過言ではありません。温泉も硫黄の香りがほんのりして大変よい泉質です。 が！とにかく部屋の壁が薄く隣の部屋のいびきが聞こえるほどで、ビジネスホテル並みの防音性能です。また、台風の次の日に宿泊させていただきましたが、テラス側の扉の隙間風の音で寝れないくらいの音でした。建築デザイン的にはおおっとなりましたが（当方、建築の仕事をしております）細かい壁の合わせなど仕舞が悪いというか・・・壁紙がうっすら剥がれていたり雑な工事の後が・・・、デザインが良いだけに気になりましたもったいない。後、デザインが良いので遠い俯瞰で全体像を見たのですが正面玄関横に物干し竿で洗濯物が・・・情緒台無しですグッドデザイン賞受賞しているのに。 又、小さいところでけちっているのか、剃刀の切れ味の悪さには関心するほどです。アニメティは同じ値段の由布院の宿の方がよかったです。 従業員サービスも、ある程度放置プレイ気味でテラスで喫煙可能なのですが灰皿交換などのサービスや蚊取り線香を焚いたりとかはございません。売店に人いないし。ホテルと比べるとあまり教育は良くないですね。 宿までの道のりが細くてgooglemap使用でも？？となりますので注意して行かれてください。ハイエースぐらいならギリギリ行けそうですがめんどくさそうです。アメ車などは不可能だと思います。 つらつらと不満を書かしていただきましたが。私的には、料理と景色と温泉に重点を置いている方なら大変おすすめです。,"時期:2017年8月宿泊; プラン:【平日限定】☆室数限定☆1周年記念プラン半露天風呂付き客室 1泊2食 1階客室; 価格帯:21,001～22,000円(大人１名あたり/税込); 部屋:1; 風呂:3; 料理(朝食):5; 料理(夕食):5; 接客・サービス:2 | プラン 【平日限定】☆室数限定☆1周年記念プラン半露天風呂付き客室 1泊2食 1階客室 和洋室 朝・夕",https://www.jalan.net/yad392046/kuchikomi/archive/,1,room_open_air_bath;view;small_bath_or_room;access_road,raw/jalan/archive_page_8.html,cp932,mixed,body_positive_and_negative,high,body_sentiment_inference_needed
OTA full review,Jalan,jalan_2caa0b4b67b3c5db,カチューシャさん,2017/8/16,5,景色と料理,クチコミを見て予約し、利用しました。 あいにくの雨でしたが評判通りの景色がいいお部屋でした。 晴れていたら夜景もきれいに見えてもっとよかったのではないかと思い残念でした。 夕食、朝食ともとてもおいしく量も満足でした。 デザートを食べきれずにいたところ、部屋へ持ち帰る用意を快くして下さり、サービスのよさにも満足しました。 部屋もきれいでよかったのですが、段差が多いです。 ウェルカムドリンク、女性への浴衣サービス、食事時の声かけ、お見送り等、サービスには大満足です。 次回は夏以外の季節に利用したいと思っています。,"時期:2017年8月宿泊; プラン:半露天風呂付客室 1泊2食 創作会席プラン 2階客室; 価格帯:30,001円以上(大人１名あたり/税込); 部屋:4; 風呂:4; 料理(朝食):5; 料理(夕食):5; 接客・サービス:4 | プラン 半露天風呂付客室 1泊2食 創作会席プラン 2階客室 和洋室 朝・夕",https://www.jalan.net/yad392046/kuchikomi/archive/,1,room_open_air_bath;view,raw/jalan/archive_page_8.html,cp932,mixed,body_positive_and_negative,high,body_sentiment_inference_needed
OTA full review,Jalan,jalan_1ee07512d1490a67,あーみさん,2017/8/15,3,お盆シーズンでたまたま空きがあって利用しました,お盆シーズンに急遽大分旅行をすることになり、当日にたまたま空室があり利用しました。 ホテルまでの道中は道が狭く、不安になりながらの道中でした。到着した時は、ホテルの方がお出迎えしてくださり、荷物と駐車場の案内としてくださりよかったです。ホテルの雰囲気は素敵でした。浴衣も選べるのは嬉しかったです。 室内に案内され、眺めのいい二階の部屋でした。 残念だったのは、部屋に置いてあるウェルカムカードの名前が間違えて書いてあり、その上に修正テープで新しく書いてあったこと。せっかくなら、しっかりと新しいものに書いてほしかったです。 料理は夕食も朝食も美味しかったです。欲をいうなら、半個室に暖簾があっての空間でしたが、暖簾が短いのか斜め前の違うご家族の方々と何度か目があったので目のやり場に困りました。 部屋からの夜景は、口コミで期待してましたがまぁまぁでした。 大浴場と部屋の温泉と利用しました。ゆっくり入れたのでよかったです。 観光地にも近いのでそこもよかったです。,"時期:2017年8月宿泊; プラン:半露天風呂付客室 1泊2食 創作会席プラン 2階客室; 価格帯:30,001円以上(大人１名あたり/税込); 部屋:4; 風呂:4; 料理(朝食):5; 料理(夕食):5; 接客・サービス:4 | プラン 半露天風呂付客室 1泊2食 創作会席プラン 2階客室 和洋室 朝・夕",https://www.jalan.net/yad392046/kuchikomi/archive/,1,room_open_air_bath;public_bath;view;small_bath_or_room;access_road,raw/jalan/archive_page_8.html,cp932,mixed,body_positive_and_negative,high,body_sentiment_inference_needed
OTA full review,Jalan,jalan_0011adf57a91a619,沙織さん,2017/8/14,5,ゆっくりしたいカップルにオススメ,とにかくスタッフの方の笑顔と対応は好感がもてました。テラスは綺麗で良かったのですがテラスでしかタバコが吸えなかった為、夜テラスに出ると虫が網戸にたくさんいて部屋の中に入ってきて困りました。夕食、朝食はどちらもとても美味しくて盛り付け方や器がとても素敵でした。お湯がかなり高温だった為、調節しないといけませんでしたが調節が難しく長時間入るできることが出来なかったのが残念なのと大浴場がかなり狭いのも残念でした。部屋の清掃はきちんとされていて部屋から見える夜景がとても綺麗でした。,"時期:2017年8月宿泊; プラン:半露天風呂付客室 1泊2食 創作会席プラン 2階客室; 価格帯:30,001円以上(大人１名あたり/税込); 部屋:5; 風呂:3; 料理(朝食):4; 料理(夕食):5; 接客・サービス:4 | プラン 半露天風呂付客室 1泊2食 創作会席プラン 2階客室 和洋室 朝・夕",https://www.jalan.net/yad392046/kuchikomi/archive/,1,room_open_air_bath;public_bath;insects;small_bath_or_room,raw/jalan/archive_page_8.html,cp932,mixed,body_positive_and_negative,high,body_sentiment_inference_needed
OTA full review,Jalan,jalan_d7a278fea3092254,ゆきさん,2017/7/27,4,カップル、夫婦にオススメ！,1階を予約していましたが2階の部屋を用意してくださいました！眺めもばっちりでよかったです！ 食事はもう少し仕切り？個室っぽかったらよかったかな？と思いました。料理はどれも満足でした！,"時期:2017年7月宿泊; プラン:【平日限定】☆室数限定☆1周年記念プラン半露天風呂付き客室 1泊2食 1階客室; 価格帯:21,001～22,000円(大人１名あたり/税込); 部屋:5; 風呂:5; 料理(朝食):4; 料理(夕食):5; 接客・サービス:5 | プラン 【平日限定】☆室数限定☆1周年記念プラン半露天風呂付き客室 1泊2食 1階客室 和洋室 朝・夕",https://www.jalan.net/yad392046/kuchikomi/archive/,1,room_open_air_bath;view,raw/jalan/archive_page_8.html,cp932,positive,body_positive,high,body_sentiment_inference_needed
OTA full review,Jalan,jalan_86e016d584d78925,りちこさん,2017/7/25,5,大満足です！,友人との女子旅で、温泉にゆっくりと入って疲れを癒すのが目的でした。 部屋のバルコニーからは別府市内の街並み、別府湾が一望でき、夜は夜景が綺麗で感動しました。 夕食、朝食ともに美味しくて、盛り付けもさりげなくおしゃれで良かったです。 温泉もとても気持ち良くて、お肌はツルツルになり、疲れも取れました。 隠れ宿と言うだけあって、静かに過ごせたのは本当に良かったです。 また、スタッフの方々の接客も丁寧で良かったです。 次は連泊したいです。ありがとうございました。,"時期:2017年7月宿泊; プラン:頑張った自分にご褒美♪ 女性限定 レディースプラン１泊２食付; 価格帯:24,001～25,000円(大人１名あたり/税込); 部屋:5; 風呂:5; 料理(朝食):5; 料理(夕食):5; 接客・サービス:5 | プラン 頑張った自分にご褒美♪ 女性限定 レディースプラン１泊２食付 和洋室 朝・夕",https://www.jalan.net/yad392046/kuchikomi/archive/,1,,raw/jalan/archive_page_8.html,cp932,positive,body_positive,high,body_sentiment_inference_needed
OTA full review,Jalan,jalan_22c4bd915f9ea0b7,うめさん,2017/7/15,4,ゆっくりできました,旅行や観光でなく温泉にゆっくり入るのが目的で訪れました。 思ってた以上にゆっくりできましたし、料理も美味しくて良かったです。 一つ、痛かったのが大浴場入口の暖簾下にある段差。薄暗く暖簾に気を取られて躓きました。行かれる方は、ちょっと気をつけた方が良いかも。,"時期:2017年7月宿泊; プラン:半露天風呂付客室 1泊2食 創作会席プラン 2階客室; 価格帯:28,001～29,000円(大人１名あたり/税込); 部屋:4; 風呂:4; 料理(朝食):4; 料理(夕食):4; 接客・サービス:3 | プラン 半露天風呂付客室 1泊2食 創作会席プラン 2階客室 和洋室 朝・夕",https://www.jalan.net/yad392046/kuchikomi/archive/,1,room_open_air_bath;public_bath,raw/jalan/archive_page_8.html,cp932,mixed,body_positive_and_negative,high,body_sentiment_inference_needed
OTA full review,Jalan,jalan_c41e5c8e3798068f,ゆみさん,2017/6/5,4,お誕生日記念旅行,今回、自分の誕生日を祝う為、旅行で利用させて頂きました。 口コミを見て、宿泊を決めましたが、皆さんの意見の通りで、部屋からの景色は最高で、部屋にある お風呂にも何回も入り満足でした。 持って来た、DVDを鑑賞したり、日頃の疲れを癒す事も出来ました。 夕食も味付け、量ともとても良く、特にすき焼きのお肉が美味しかったです。 お祝いプランを選んだので、ケーキが出るのは分かっていましたが、全ての食事を頂いた際に、一言 お持ちしますのでと言って欲しかったです。 ひとつ気になる所と言えば、大浴場のお湯の温度が熱すぎて、水を薄めるのにも時間が掛かり、裸のまま浴室に他の方と居なければならない事になりました。 改善して頂けたらと思います。,"時期:2017年6月宿泊; プラン:夜景を独り占め♪ お二人の記念日プラン １泊２食付; 価格帯:30,001円以上(大人１名あたり/税込); 部屋:5; 風呂:4; 料理(朝食):5; 料理(夕食):5; 接客・サービス:5 | プラン 夜景を独り占め♪ お二人の記念日プラン １泊２食付 和洋室 朝・夕",https://www.jalan.net/yad392046/kuchikomi/archive/,1,public_bath;view;temperature_hot,raw/jalan/archive_page_8.html,cp932,mixed,body_positive_and_negative,high,body_sentiment_inference_needed
OTA full review,Jalan,jalan_5183fdc00506c0c6,akijunさん,2017/5/18,4,部屋付属の温泉が嬉しいホテル,当日は雨が降り別府の夜景が今一つ。 でも、翌日は雲間から朝の太陽の光が街に降り注ぐ、いわゆる”天使のはしご”がとてもきれいでした。 ホテルのうたい文句にある、別府の街と別府湾を一望できる、まさにその通りでした。 ホテルがオープンして日が浅いせいもあるが、綺麗な建物、それも独創的でとても良い印象でした。 小さ目のフロント、ロビーですが落ち着きます。 さて、部屋は温泉付きですが、この温泉が好印象でした。 もちろん温度調整ができるかけ流し。小さな浴槽ですが、マンションなどにあるようなホーロー風ではなく、ざらつきのあるものでその感触が嬉しい。 半分露天風呂風というのも納得です。 入りたいときにすぐ入れる、というのがいいですね。 食事はこれがよかった！という特別な印象はありませんが、どれも丁寧に作られていて美味しかったです。 4人組でしたから食事しながら景色の良い眺めを楽しめる、というのではなかったのですが、1人、2人ならそんな席が用意されていました。こういう配慮はいいですね。 文句のないホテルでしたが、一つだけ難点は隣の部屋の話し声が届いてくる、と言う点でした。もちろん、筒抜け、というほどではないのですが。 部屋に置いてある説明の中に「大分材を生かした作りなので・・」とありましたが、これはちょっと残念。 でも、ここはまた行きたいところです。 何度も温泉に入りたい人には最高でしょう。,"時期:2017年5月宿泊; プラン:【平日限定】☆室数限定☆1周年記念プラン半露天風呂付き客室 1泊2食 1階客室; 価格帯:21,001～22,000円(大人１名あたり/税込); 部屋:5; 風呂:5; 料理(朝食):4; 料理(夕食):4; 接客・サービス:5 | プラン 【平日限定】☆室数限定☆1周年記念プラン半露天風呂付き客室 1泊2食 1階客室 和洋室 朝・夕",https://www.jalan.net/yad392046/kuchikomi/archive/,1,room_open_air_bath;view,raw/jalan/archive_page_8.html,cp932,mixed,body_positive_and_negative,high,body_sentiment_inference_needed
OTA full review,Jalan,jalan_485a9334c7f7323e,Jさん,2017/4/25,5,久しぶりの別府,高台で景色は最高。別府湾が一望できて建物も今風でとてもおしゃれでした。食事もおいしくて品がありましたが若い男性は量が少ないかもしれませんね。 別荘で過ごしているような感覚でした。 日々の生活からの解放感がたまらなくよかったです。 心の休暇が出来ました。 ありがとうございました♪ スタッフの方との距離感は良かったです。,"時期:2017年4月宿泊; プラン:半露天風呂付客室 1泊2食 創作会席プラン 2階客室; 価格帯:24,001～25,000円(大人１名あたり/税込); 部屋:5; 風呂:5; 料理(朝食):5; 料理(夕食):5; 接客・サービス:3 | プラン 半露天風呂付客室 1泊2食 創作会席プラン 2階客室 和洋室 朝・夕",https://www.jalan.net/yad392046/kuchikomi/archive/,1,room_open_air_bath;view,raw/jalan/archive_page_8.html,cp932,positive,body_positive,high,body_sentiment_inference_needed
OTA full review,Jalan,jalan_57d94dd0fab79c71,まゆまゆさん,2017/4/17,4,社員旅行,部屋は、とても気に入りました。 食事も美味しかったですが、もう少し、品数があっても良かったかなって思いました。 スタッフの方々は、とても、感じもよく、ゆっくりとくつろぐ事が出来ました。,"時期:2017年4月宿泊; プラン:頑張った自分にご褒美♪ 女性限定 レディースプラン１泊２食付; 価格帯:28,001～29,000円(大人１名あたり/税込); 部屋:5; 風呂:4; 料理(朝食):3; 料理(夕食):3; 接客・サービス:5 | プラン 頑張った自分にご褒美♪ 女性限定 レディースプラン１泊２食付 和洋室 朝・夕",https://www.jalan.net/yad392046/kuchikomi/archive/,1,,raw/jalan/archive_page_8.html,cp932,positive,body_positive,high,body_sentiment_inference_needed
OTA full review,Jalan,jalan_0e15751e803788a6,KUNNYさん,2017/4/1,5,絶景のロケーション,部屋数が少ないので落ち着いていてゆったりと寛げました。客室半露天でとても長い時間を過ごしました。絶景の隠れ宿の名前どおり、行くのに迷いました。,"時期:2017年3月宿泊; プラン:半露天風呂付客室 1泊2食 創作会席プラン 2階客室; 価格帯:24,001～25,000円(大人１名あたり/税込); 部屋:5; 風呂:5; 料理(朝食):4; 料理(夕食):4; 接客・サービス:5 | プラン 半露天風呂付客室 1泊2食 創作会席プラン 2階客室 和洋室 朝・夕",https://www.jalan.net/yad392046/kuchikomi/archive/,1,room_open_air_bath,raw/jalan/archive_page_8.html,cp932,positive,body_positive,high,body_sentiment_inference_needed
OTA full review,Jalan,jalan_b5b223ef5603bd44,はぁとS2さん,2017/3/28,5,お部屋が綺麗,駐車場に車をとめると傘を持ってお迎えに来て下さり、キャリーバッグも駐車場からお部屋まで運んで下さったのでとても助かりました。 待ち時間に出されたお茶菓子とお茶も美味しかったです。 部屋がとても綺麗で快適に過ごせました。 料理は量が凄くてお腹パンパンになってしまいました。 もう少し少ない方がもっと味を楽しめたかなと思います。 ケーキ付きのプランで夕食後にケーキが出てきたのですが、部屋に持ち帰って食べることが出来たので助かりました。 部屋に付いているお風呂がとても良かったです。 いつでも入れるし少しお湯を足せばすぐに熱くなるのでゆっくりと浸かることが出来ました。 テラスからの眺望も良かったです。 朝焼けがとてもきれいでした。 彼のお誕生日旅行で行ったのですがすごく喜んでもらえたので本当に良かったです。,"時期:2017年3月宿泊; プラン:夜景を独り占め♪ お二人の記念日プラン １泊２食付; 価格帯:30,001円以上(大人１名あたり/税込); 部屋:5; 風呂:5; 料理(朝食):4; 料理(夕食):4; 接客・サービス:5 | プラン 夜景を独り占め♪ お二人の記念日プラン １泊２食付 和洋室 朝・夕",https://www.jalan.net/yad392046/kuchikomi/archive/,1,view;temperature_hot,raw/jalan/archive_page_8.html,cp932,mixed,conditional_signal_tag,medium,body_sentiment_inference_needed
OTA full review,Jalan,jalan_4a930a4ad857b7c0,ヨウコさん,2017/3/27,4,余計なサービスを求めない方に,とてもキレイに清掃されており部屋は快適です。照明やコンセントの位置にもこだわりがあり、もちろんwifiも使えます。こういった部分は新しい宿はやっぱり良いですね。宿のウリであるテラスはとても開放感があり気持ち良かったです。 部屋付きの半露天風呂も快適ですが、お湯がすぐ冷めてしまいました。（温泉を出しっぱなしにせず入浴する際に足し湯するよう注意書きがあります）源泉の温度は80度なので比較的短時間で温かくなりますが、入浴する度にお湯を足すのが少々面倒でした。前日宿泊した宿はずっと源泉が出ていたのでどうしても比較してしまいました。 なるべく長くお部屋でのんびり過ごしてほしいという配慮だとは思いますが、夕食の時間もサービスもかなり早めでした。どんどん料理が提供されたのでゆっくりお酒を飲みながら食事という感じではなかったです。夜お腹が空く方が多いのでしょうか？自動販売機でカロリーメイトとソイジョイが売られていました。 スタッフの方は感じよく不愉快になるような事は一切ありませんでしたが、心温まるようなサービスもありません。チェックアウト後のお見送りもスタッフ一人のみと寂しいものでしたが、老舗旅館のような手厚いサービスが苦手な方には良いのかもしれません。ＤＶＤや百人一首、雑誌の貸し出しもあってお部屋の滞在は楽しめると思います。,"時期:2017年3月宿泊; プラン:半露天風呂付客室 1泊2食 創作会席プラン 2階客室; 価格帯:28,001～29,000円(大人１名あたり/税込); 部屋:4; 風呂:4; 料理(朝食):3; 料理(夕食):3; 接客・サービス:3 | プラン 半露天風呂付客室 1泊2食 創作会席プラン 2階客室 和洋室 朝・夕",https://www.jalan.net/yad392046/kuchikomi/archive/,1,room_open_air_bath,raw/jalan/archive_page_8.html,cp932,positive,body_positive,high,body_sentiment_inference_needed
OTA full review,Jalan,jalan_fe72a9cb2ac2f05c,かずさん,2017/3/17,3,絶景と湯,露天風呂付きホテル巡りが好きな40代夫婦で、二泊しました。 眺望や湯は、他の口コミ投稿者さんたちのものを参考にしていただければ間違いないかと。 食事なしプランで、昼夜は食べに出ました。車で10分圏内にたくさん飲食店がありますので、名物の関アジ関サバ、鳥天丼などを楽しみました。 まずマイナス点から。チェックインしてすぐに目にしたのがテラス前の地面にタバコの空箱が落ちていたこと。主人が柵を越えて拾いました。それから小さなことを言えば、2日目の浴衣が一枚足りなかった。バスタオル掛けが低くて、バスタオルが床に付き、クローゼットのフックが低くてズボンが床に付き、、不潔でした。座椅子は30分も座っていたら体が痛くなるような華奢な作り。居住空間はデザイン重視。空気清浄機がなく、花粉症の私にはかなりきつい二泊でした。 部屋の段差は、私たちはあまり気になりませんでしたが、もう少し年輩の方には危ないかもしれません。夜中に階上の方が派手に転んだのか？すごい音が響きました。 そして朝9時半頃まだ寝ていたら、階上から部屋の湯を抜く轟音が！それでも、暖かみのある木造建築の醍醐味だと考え方を変えましたが、音に敏感な方は休まらないと思います。大浴場の脱衣所は凍える寒さ、さらに湯船は熱湯で飛び込むこともできず1人裸で右往左往しました。部屋の露天が最高だったのでがっかり度ピークに。 次にプラス点。スタッフは皆さん愛想がよく穏やかで気持ちが良かったです。露天風呂はガラス張りでほとんど部屋やテラスと一体化していていろんな楽しみ方がありました。小さな子供宿泊不可ということで、走る子供とぶつかりそうになることもなく、優雅な気持ちでロビーの眺望や建築デザインを堪能できました。DVDや観光ブックの貸し出しもあり、お籠り宿としてはお手頃で最高です。 アクセスはナビがないと苦労します。,"時期:2017年3月宿泊; プラン:素泊まりプラン 半露天風呂付客室 1階客室; 価格帯:16,001～17,000円(大人１名あたり/税込); 部屋:5; 風呂:4; 料理(朝食):-; 料理(夕食):-; 接客・サービス:4 | プラン 素泊まりプラン 半露天風呂付客室 1階客室 和洋室 食事なし",https://www.jalan.net/yad392046/kuchikomi/archive/,1,room_open_air_bath;public_bath;view;temperature_hot,raw/jalan/archive_page_8.html,cp932,mixed,body_positive_and_negative,high,body_sentiment_inference_needed
OTA full review,Jalan,jalan_9ac6cbee2113e510,デンさん,2017/3/14,5,室内の風呂が最高,部屋、風呂、食事、どれも納得できました。市内から離れている場所の不便さを補って余りがあります。部屋からの別府湾の景観は一見の価値あり。,"時期:2017年2月宿泊; プラン:半露天風呂付客室 1泊2食 創作会席プラン 2階客室; 価格帯:24,001～25,000円(大人１名あたり/税込); 部屋:5; 風呂:5; 料理(朝食):5; 料理(夕食):5; 接客・サービス:4 | プラン 半露天風呂付客室 1泊2食 創作会席プラン 2階客室 和洋室 朝・夕",https://www.jalan.net/yad392046/kuchikomi/archive/,1,room_open_air_bath,raw/jalan/archive_page_8.html,cp932,mixed,body_positive_and_negative,high,body_sentiment_inference_needed
OTA full review,Jalan,jalan_73a6d959b3f332fd,みゆさん,2017/2/23,4,とにかくきれい,彼氏との旅行で利用しました。お部屋もきれいで、窓から見える景色も良くとても素敵な時間を過ごすことができました。接客もとても丁寧でした。駅から遠いので何か交通手段があれば嬉しかったです。,"時期:2017年2月宿泊; プラン:1泊朝食付プラン 半露天風呂付客室 1階客室; 価格帯:21,001～22,000円(大人１名あたり/税込); 部屋:5; 風呂:5; 料理(朝食):4; 料理(夕食):-; 接客・サービス:5 | プラン 1泊朝食付プラン 半露天風呂付客室 1階客室 和洋室 朝のみ",https://www.jalan.net/yad392046/kuchikomi/archive/,1,room_open_air_bath;view,raw/jalan/archive_page_8.html,cp932,positive,rating_positive_signal,medium,body_sentiment_inference_needed
OTA full review,Jalan,jalan_d1d6c75b32450a04,Osamuさん,2017/2/21,5,部屋からの眺め最高,予約は１階でしたが眺めの良い２階のお部屋を用意頂いて最高の眺めを楽しめました。有難うございました。 部屋はシンプルながらよく考えられており座り、腰掛け、テラスでと寛ぎも色々と出来ました。 快適なんですがやはり段差が幾つかありもう少し年をとると快適さから離れてしまうかも・・ 風呂は半露天ですが窓を開ければ外気を感じつつ直接の眺望も楽しめました。お湯は高温でかけ流しっぱなしは無理でその都度温度調節が入りますし夜中は流石にかなりぬるくなって温度上げるのに少し時間かかりました。お湯そのものは良かったです。 食事は外を見つつの横並びの席でした。眺めを楽しみながらの食事は周りが視界の外なこと含め新鮮な感じでしたが、やはり話しながらの食事は顔を見ながらのほうが好きです。 夕食朝食とも美味しく頂きました。質量ともに満足です。 スタッフの方々も皆感じが良く素敵なお宿でした。,"時期:2017年2月宿泊; プラン:【平日限定】☆室数限定☆1周年記念プラン半露天風呂付き客室 1泊2食 1階客室; 価格帯:21,001～22,000円(大人１名あたり/税込); 部屋:4; 風呂:5; 料理(朝食):4; 料理(夕食):4; 接客・サービス:5 | プラン 【平日限定】☆室数限定☆1周年記念プラン半露天風呂付き客室 1泊2食 1階客室 和洋室 朝・夕",https://www.jalan.net/yad392046/kuchikomi/archive/,1,room_open_air_bath;view;temperature_cold,raw/jalan/archive_page_8.html,cp932,mixed,conditional_signal_tag,medium,body_sentiment_inference_needed
OTA full review,Jalan,jalan_8a1585d7f5ccb669,ぴよちゃんさん,2017/2/19,5,丁寧な接客と美味しいご飯とお風呂,初めて伺ったのですが、当日すごい雪で、高速道路に規制がかかってしまい、到着予定時刻に間に合いそうもなくお電話をいれたら、お宿までの道を丁寧に説明してくださり、お食事もすぐに準備していただきました。 お料理は地元の食材でとてもおいしかったです。 内風呂は温度が高めで、到着にあわせて調整してくださるようで、とてもいい湯加減でした。 お部屋からの眺望は雪景色と夜景でとても美しいもので、ベランダに出て寛げるようになっていたので、翌朝の快晴も堪能できました。 お部屋も広く解放感のあるつくりで素敵でした。 雪の寒い中だったので、お部屋が暖まるまでに少し時間がかかかりましたが、ヒーターもあり寒さは感じませんでした。季節毎に楽しめるお宿ではないかと思います。,"時期:2017年2月宿泊; プラン:半露天風呂付客室 1泊2食 創作会席プラン 2階客室; 価格帯:24,001～25,000円(大人１名あたり/税込); 部屋:4; 風呂:4; 料理(朝食):5; 料理(夕食):5; 接客・サービス:5 | プラン 半露天風呂付客室 1泊2食 創作会席プラン 2階客室 和洋室 朝・夕",https://www.jalan.net/yad392046/kuchikomi/archive/,1,room_open_air_bath;view;access_road,raw/jalan/archive_page_8.html,cp932,mixed,body_positive_and_negative,high,body_sentiment_inference_needed
OTA full review,Jalan,jalan_ff7b0b2ee2a077b3,かびにゃんさん,2017/2/17,3,普通です,宿のすぐ手前までは狭い坂道なのですが、看板があり迷うことはなかったです。駐車場の入口中央に大きな水溜まりがあり、あれ？と思いました。 建物は新しく清潔感があり、全体的にオシャレな雰囲気で、チェックインするとお抹茶とお菓子でお迎え頂き、少し気を取り直したのですが。 室内もキレイで、お風呂も窓が大きく解放感がありました。しかし、客室に温泉があるのにタオルの枚数が少ない、部屋の広さの割にTVが小さい、備え付けのコーヒーがインスタントの粉コーヒー、お茶があるのにお湯のみ茶碗がない、敷布団が薄く寝づらいなど、駐車場の水溜まり同様、細かいところへの気配りがほとんど感じられないのが残念でした。 食事は朝夕とも、味・量ともに、まさに可もなく不可もなく。特に目をひくような料理や盛り付け、飲み物などはありません。 建物・設備がキレイでお湯が良い、という以外の部分を考えると、正直なところ割高感が否めません。別府には多数の旅館がありますし、あくまで個人的な感想ですが、あえてこちらのお宿を選択する理由があまりないように感じました。,"時期:2017年2月宿泊; プラン:半露天風呂付客室 1泊2食 創作会席プラン 2階客室; 価格帯:28,001～29,000円(大人１名あたり/税込); 部屋:2; 風呂:4; 料理(朝食):2; 料理(夕食):3; 接客・サービス:3 | プラン 半露天風呂付客室 1泊2食 創作会席プラン 2階客室 和洋室 朝・夕",https://www.jalan.net/yad392046/kuchikomi/archive/,1,room_open_air_bath;small_bath_or_room;access_road,raw/jalan/archive_page_9.html,cp932,mixed,body_positive_and_negative,high,body_sentiment_inference_needed
OTA full review,Jalan,jalan_c633e01729d0a826,デイジーさん,2017/2/8,5,丁度良い,夫婦２人の里帰りで、初めて利用させていただきました。 部屋の広さも、お風呂の広さもピッタリ。 特に、大きなガラス戸から見える景色は「お～」って感じです。 お風呂に入って温まったら部屋でゴロゴロして～の繰り返しをしました。 使いやすかったりキレイであれば、やたら広い部屋は必要ないです。 夕食もおいしかった。あまり好んで食べない刺身までおいしくてペロリ。,"時期:2017年2月宿泊; プラン:【平日限定】☆室数限定☆1周年記念プラン半露天風呂付き客室 1泊2食 1階客室; 価格帯:21,001～22,000円(大人１名あたり/税込); 部屋:4; 風呂:5; 料理(朝食):4; 料理(夕食):4; 接客・サービス:5 | プラン 【平日限定】☆室数限定☆1周年記念プラン半露天風呂付き客室 1泊2食 1階客室 和洋室 朝・夕",https://www.jalan.net/yad392046/kuchikomi/archive/,1,room_open_air_bath;view,raw/jalan/archive_page_9.html,cp932,positive,rating_positive_signal,medium,body_sentiment_inference_needed
OTA full review,Jalan,jalan_bf5991b1f70a2907,マロンさん,2017/1/22,3,雰囲気◎ 部屋風呂◎ 食事△ サービス△,２Fのお部屋でしたので眺望は昼夜ともに良く、お部屋の雰囲気も落ち着いていて良かったです。お部屋のお風呂も気持ち良く入れました。残念だったのは食事とサービスです。夕食・朝食ともに、お味云々ではなく、お出汁はぬるい、焼き物は冷たい、サービスペースがお宿主体等、配慮が欠けている点。冬の宿泊でしたので朝食のだご汁がぬるく、炊き合わせが冷蔵庫から出したかのような冷たさなのはがっかりでした。同じ価格帯(25000~30000円／人）のお宿を良く利用しますが大抵はもっとサービス面のクオリティが高いです。安宿にはないサービスを求めて選びますので、とても残念でした。チェックアウト時に、他にお客様がいないのにお見送りも無かったのも寂しかったですね。,"時期:2017年1月宿泊; プラン:半露天風呂付客室 1泊2食 創作会席プラン 2階客室; 価格帯:28,001～29,000円(大人１名あたり/税込); 部屋:4; 風呂:4; 料理(朝食):2; 料理(夕食):2; 接客・サービス:2 | プラン 半露天風呂付客室 1泊2食 創作会席プラン 2階客室 和洋室 朝・夕",https://www.jalan.net/yad392046/kuchikomi/archive/,1,room_open_air_bath;view;temperature_cold,raw/jalan/archive_page_9.html,cp932,mixed,body_positive_and_negative,high,body_sentiment_inference_needed
OTA full review,Jalan,jalan_d2d127963128dcb1,だいきさん,2017/1/18,5,絶景 露天風呂,今回私は2人で泊まらせて頂きました～。 車で宿に向かうと宿の外でお出迎えしてくれたました(o^^o) ロビーでは和菓子とお茶を頂き、くつろいでいる間に、自分達の荷物を部屋まで運んでいただきました！ 宿の構造はオシャレな造りで開放感に溢れており、築約1年だったので大変綺麗でした！ 当日は雨でしたが、半露天風呂だったので濡れる心配がなくゆったりと過ごすことができました(^O^) 今回は素泊まりプランでしたが、食事が美味しいと有名なので宿内でゆったりと過ごしたい方は食事ありのプランの方が個人的にはいいのではないかと思いました笑。 苦労すると思われるのは宿まで辿り着く道が山道で分かりにくいかもしれないということです。なので、日が沈んでからチェックインされる方はお気をつけてください！ リピーター間違いなしの絶景露天風呂のいやしの宿でした。,"時期:2016年12月宿泊; プラン:素泊まりプラン 半露天風呂付客室 1階客室; 価格帯:19,001～20,000円(大人１名あたり/税込); 部屋:5; 風呂:5; 料理(朝食):-; 料理(夕食):-; 接客・サービス:5 | プラン 素泊まりプラン 半露天風呂付客室 1階客室 和洋室 食事なし",https://www.jalan.net/yad392046/kuchikomi/archive/,1,room_open_air_bath;access_road,raw/jalan/archive_page_9.html,cp932,mixed,body_positive_and_negative,high,body_sentiment_inference_needed
OTA full review,Jalan,jalan_ca45667539dde754,こーきさん,2017/1/6,5,部屋の作りや、ロケーションが最高！,今回彼女と初旅行で利用させていただきました！ まず、はじめに建物がとても綺麗で感動しました。 入ってからも 丁寧な接客で待っている時も 抹茶やお菓子などたくさんのおもてなしを していただき部屋に入る前に感動でした。 そして部屋に入るとさらに 落ち着く空間プラスかなりおしゃれな作りで とても幸せな気持ちになりました！ 半露天風呂も大きさも丁度よく とてものんびり入れました！ 夕ご飯も朝食も十分すぎるほど 豪華で サプライズで彼女にちょっとした デザートプレートを作ってもらえるか 聞いたら心良くやっていただき 彼女もとても喜んでくれてよかったです！ 最初から最後まで大満足でした！ また利用させていただきたいです！ ありがとうございました！,"時期:2017年1月宿泊; プラン:半露天風呂付客室 1泊2食 創作会席プラン 2階客室; 価格帯:24,001～25,000円(大人１名あたり/税込); 部屋:5; 風呂:5; 料理(朝食):5; 料理(夕食):5; 接客・サービス:5 | プラン 半露天風呂付客室 1泊2食 創作会席プラン 2階客室 和洋室 朝・夕",https://www.jalan.net/yad392046/kuchikomi/archive/,1,room_open_air_bath,raw/jalan/archive_page_9.html,cp932,positive,body_positive,high,body_sentiment_inference_needed
OTA full review,Jalan,jalan_523605054ae255b6,ひろさん,2017/1/6,3,お部屋のお風呂は最高！ですが…,夫婦で長期休みの時は露天風呂客室に泊まりゆっくりと過ごす事を目的に色々な所に泊まってますがここの風呂は肌もツルツルして熱い源泉がでるので大変に気持ち良かったです。部屋は安く作ってる感じで歩く音がして気を遣いました。売店も９時までで小さく見る楽しみも食事時間も６時からのみと決められていて子供じゃないので時間が早すぎると思います。一時すぎにお昼ご飯を食べたのでお腹一杯でした。料理は美味しかったです。朝食に行く途中に食事場の裏で料理をしてる方達がタバコをすっており嫌な感じがしてましたが、小さい宿でお客様も少ないのでそんな時間があるなら温かい料理を用意して欲しいですね。全て早く作り冷えててとり天くらいはあつあつが食べたかったです。 何か値段の割りには贅沢した感じがなく残念でした。,"時期:2017年1月宿泊; プラン:半露天風呂付客室 1泊2食 創作会席プラン 2階客室; 価格帯:24,001～25,000円(大人１名あたり/税込); 部屋:3; 風呂:5; 料理(朝食):3; 料理(夕食):5; 接客・サービス:2 | プラン 半露天風呂付客室 1泊2食 創作会席プラン 2階客室 和洋室 朝・夕",https://www.jalan.net/yad392046/kuchikomi/archive/,1,room_open_air_bath;temperature_hot,raw/jalan/archive_page_9.html,cp932,mixed,body_positive_and_negative,high,body_sentiment_inference_needed
OTA full review,Jalan,jalan_95f4ffb60c128e4b,kaoさん,2017/1/4,4,のんびり過ごせました,周りに何もないので温泉三昧でお籠りするにはピッタリのお宿です。まだ新しいのでお部屋もキレイで気持ちよく過ごせました。 贅沢を言えば、バスローブともう少しアメニティが充実するとうれしいかな？ あと、この立地であれば別府駅からの送迎はあった方がいいと思います。,"時期:2016年12月宿泊; プラン:1泊朝食付プラン 半露天風呂付客室 1階客室; 価格帯:18,001～19,000円(大人１名あたり/税込); 部屋:5; 風呂:4; 料理(朝食):3; 料理(夕食):-; 接客・サービス:4 | プラン 1泊朝食付プラン 半露天風呂付客室 1階客室 和洋室 朝のみ",https://www.jalan.net/yad392046/kuchikomi/archive/,1,room_open_air_bath,raw/jalan/archive_page_9.html,cp932,positive,body_positive,high,body_sentiment_inference_needed
OTA full review,Jalan,jalan_b61646ecc4609772,だいちゃんさん,2017/1/2,5,部屋からの景色が良かったです,結婚記念日に宿泊させていただきました。まず、入ってすぐロビーからの景色に感動しました。お部屋は清潔で快適に過ごせました。お風呂も好きな時に入れてとても気持ち良かったです。お食事もどれも美味しくてお腹一杯になりました。お祝いのケーキをきれいに飾り付けていただいて嬉しかったです。とても美味しくてペロリと食べてしまいました。他の口コミで物音が気になる、とあったので心配していましたが、何も気になりませんでした。スタッフの方々に色々ご迷惑をお掛けしてしまいましたが笑顔で対応していただき本当にありがとうございました。是非また泊まりにいきたいです。,"時期:2016年12月宿泊; プラン:夜景を独り占め♪ お二人の記念日プラン １泊２食付; 価格帯:30,001円以上(大人１名あたり/税込); 部屋:5; 風呂:5; 料理(朝食):4; 料理(夕食):5; 接客・サービス:5 | プラン 夜景を独り占め♪ お二人の記念日プラン １泊２食付 和洋室 朝・夕",https://www.jalan.net/yad392046/kuchikomi/archive/,1,view,raw/jalan/archive_page_9.html,cp932,positive,body_positive,high,body_sentiment_inference_needed
OTA full review,Jalan,jalan_d5133b99ca181415,徹さん,2017/1/2,4,年末旅行,ホテルがとても綺麗で清潔感があり、お風呂がガラス張りでおしゃれでした。 ホテルからの眺めも良かったです。 お風呂のお湯も良く、3回も入りました。 少し残念だったのは、ホテルの場所がわかりにくく… 到着までに時間がかかりました。 じゃらん掲載の住所と違ったので、訂正した方がいいと思います。 でも、部屋、お風呂、料理は大変満足させて頂きました。,"時期:2016年12月宿泊; プラン:夜景を独り占め♪ お二人の記念日プラン １泊２食付; 価格帯:29,001～30,000円(大人１名あたり/税込); 部屋:5; 風呂:4; 料理(朝食):4; 料理(夕食):4; 接客・サービス:4 | プラン 夜景を独り占め♪ お二人の記念日プラン １泊２食付 和洋室 朝・夕",https://www.jalan.net/yad392046/kuchikomi/archive/,1,view,raw/jalan/archive_page_9.html,cp932,mixed,body_positive_and_negative,high,body_sentiment_inference_needed
OTA full review,Jalan,jalan_7965f850ba83a9a6,たかちゃんさん,2016/12/31,5,料理が美味しかった,急遽旅行を決行！露天風呂付でHITしたこちら様を利用しました。 よく口コミも見ずに決めたのですが部屋も料理もとてもよかったです！ １５時くらいにおやつ食べてたから １８時の夕飯入るかな？と心配でしたが どれも美味しく完食でした！ 漬物が変わってて、白米すすまないんですがこちらも完食。旅館で土産においてあったら買っちゃいますw 露天風呂もちょうど良い広さでチェックイン早かったんですが準備してあって 部屋からの眺めもよかった！ おまけの浴衣も可愛くてよかったです！ 離れ宿だから仕方ないけど移動が寒くて 大浴場には入りませんでしたー 早く宿についたので近場のロープウェイにいきました。風が強くてその日はのらなかったけど次の日乗りにいったら山頂は雪山でした。 同じ場所にある酒屋さんも種類豊富でお土産も買いました。 周りはそれ以外ほぼ何もないので みなさん部屋で過ごされてるのかな？ とても大満足でした！,"時期:2016年12月宿泊; プラン:半露天風呂付客室 1泊2食 創作会席プラン 2階客室; 価格帯:28,001～29,000円(大人１名あたり/税込); 部屋:5; 風呂:5; 料理(朝食):5; 料理(夕食):5; 接客・サービス:5 | プラン 半露天風呂付客室 1泊2食 創作会席プラン 2階客室 和洋室 朝・夕",https://www.jalan.net/yad392046/kuchikomi/archive/,1,room_open_air_bath;public_bath;view,raw/jalan/archive_page_9.html,cp932,mixed,body_positive_and_negative,high,body_sentiment_inference_needed
OTA full review,Jalan,jalan_265b93b21a7593bf,おでさん,2016/12/24,5,癒されました,今回急に温泉に行きたくなり、直前で見つかりお世話になることに。旅館に着くと、硫黄の臭いがすごくて、心底ワクワクしました。部屋は和洋室で新しくゆったりできます。二階なので眺めは良いし、丁度花火大会が港の方であり、ラッキーなことに部屋のテラスから見ることができました。生憎の寒さ&強風で凍える思いで見ましたが。温泉は部屋の風呂しか利用しませんでしたが、若干浅めですが、ゆったりしていて、冷えても８０度の源泉ですぐに温かい風呂に入れます。ホントに気持ち良くて最高でした。ご飯は創作料理でどれも美味しくて、普段は他の旅館では２～３品残す私も全て食べきりました。宿までの道のりもじゃらんに写真で出てましたので、迷わずに行けました。仲居さんもさりげない心遣いで、目立たないように随所に暖かく接していただき感謝です。私的に常宿にしたい旅館がまた一つ増えたなという感じです。ありがとうございました。,"時期:2016年12月宿泊; プラン:半露天風呂付客室 1泊2食 創作会席プラン 2階客室; 価格帯:28,001～29,000円(大人１名あたり/税込); 部屋:5; 風呂:4; 料理(朝食):4; 料理(夕食):5; 接客・サービス:5 | プラン 半露天風呂付客室 1泊2食 創作会席プラン 2階客室 和洋室 朝・夕",https://www.jalan.net/yad392046/kuchikomi/archive/,1,room_open_air_bath;view;access_road,raw/jalan/archive_page_9.html,cp932,mixed,body_positive_and_negative,high,body_sentiment_inference_needed
OTA full review,Jalan,jalan_47032af47e3797cb,さすけさん,2016/12/18,5,全てに大満足の旅となりました。,今月、還暦となり、その記念にと先月末から４軒目の宿です。別府湾を望む高台に位置するオープンして約1年の清潔感溢れるお宿で、部屋はコンパクトでありながら機能的で、照明も調光可能な明かりを始め沢山あって、暖かな灯りの中、居心地良く、暖房もエアコンの他にガス ファンヒーターも備えられ快適に過ごすことが出来ました。部屋付きのお風呂は、眺めも良く、何よりも泉質が素晴らしく、何時までもポカポカとして最高でした。食事は盛付け、味、量とも大満足です。豊後牛のすき焼きは、霜降りの絶品で、また、お米も美味しく、何杯もおかわりしたいくらいでしたが、残念ながら歳のせいか、２杯でお腹一杯です。朝食も私は１杯で、お腹一杯になる量でした。チェックアウトも11時なので、朝食後ものんびりと温泉に浸かることが出来ました。大浴場も有りましたが、部屋のお風呂が便利だったことから、夕食前に入っただけでしたが、こちらもゆったりと楽しむことが出来ました。チェックインの際の抹茶と和菓子、スタッフの皆様の対応等々、ここに書ききれないほど、全てに大満足のお宿で、妻とも、また、行きたいね と何度も話ながら家路につきました。お世話になりました。 追伸 プランでは、１階の部屋だったと思いますが、更に２階の素晴らしい部屋に変更されていました。宿からの還暦祝いでしょうか？食事処も落ち着いたところで寛げました。思い出深い還暦祝いとなりました。有り難うございました。,"時期:2016年12月宿泊; プラン:【平日限定】☆室数限定☆オープニング記念プラン半露天風呂付き客室 1泊2食 1階客室; 価格帯:21,001～22,000円(大人１名あたり/税込); 部屋:5; 風呂:5; 料理(朝食):5; 料理(夕食):5; 接客・サービス:5 | プラン 【平日限定】☆室数限定☆オープニング記念プラン半露天風呂付き客室 1泊2食 1階客室 和洋室 朝・夕",https://www.jalan.net/yad392046/kuchikomi/archive/,1,room_open_air_bath;public_bath;view,raw/jalan/archive_page_9.html,cp932,mixed,body_positive_and_negative,high,body_sentiment_inference_needed
OTA full review,Jalan,jalan_bf20eb6b13261200,コマケンさん,2016/12/4,4,年１回の旅行で来ました。,大分は２度目でしたが今回も当りだったと思います。高台にあり角部屋の二階とあって見張らしも良かったです。 従業員の方の接客も中々だと思います。 しいて言うなら駐車スペースが狭く止めにくかったのが難点ですかね。 そこを除けばまた行きたいと思います。,"時期:2016年11月宿泊; プラン:半露天風呂付客室 1泊2食 創作会席プラン 2階客室; 価格帯:24,001～25,000円(大人１名あたり/税込); 部屋:4; 風呂:4; 料理(朝食):4; 料理(夕食):3; 接客・サービス:5 | プラン 半露天風呂付客室 1泊2食 創作会席プラン 2階客室 和洋室 朝・夕",https://www.jalan.net/yad392046/kuchikomi/archive/,1,room_open_air_bath;small_bath_or_room,raw/jalan/archive_page_9.html,cp932,mixed,body_positive_and_negative,high,body_sentiment_inference_needed
OTA full review,Jalan,jalan_9806553a17a9c227,ゆきなさん,2016/12/1,5,ゆっくり出来ました！,着くのも遅かったのですが、融通も利くし良かったです。 お風呂も気持ちよかったし、景色も最高でした。 食事もとっても美味しく頂きました。 また、機会があれば利用したいです。,"時期:2016年11月宿泊; プラン:1泊朝食付プラン 半露天風呂付客室 1階客室; 価格帯:18,001～19,000円(大人１名あたり/税込); 部屋:5; 風呂:5; 料理(朝食):5; 料理(夕食):-; 接客・サービス:4 | プラン 1泊朝食付プラン 半露天風呂付客室 1階客室 和洋室 朝のみ",https://www.jalan.net/yad392046/kuchikomi/archive/,1,room_open_air_bath;view,raw/jalan/archive_page_9.html,cp932,positive,body_positive,high,body_sentiment_inference_needed
OTA full review,Jalan,jalan_d4e69d0079157f98,あきちゃんさん,2016/11/19,4,誕生日旅行,夫婦二人でゆっくりするための旅行で、前日ががっかりだったので、テラス御堂原は初めて行くので不安でしたが、着くなりスタッフが明るくすぐに迎えに出迎えてくれて荷物も運んでくれて不安はすぐに解消できました。 また、部屋もきれいで、景色の眺めも最高に良く、スタッフの説明もとても丁寧で最高でした。 とにかくスタッフ全員が明るく、挨拶も笑顔ではっきりしていてとても感じがよく、またぜひ泊まりたいと思いました。 前日の気分の悪さが解消できました。ぜひお勧めのお宿です。,"時期:2016年11月宿泊; プラン:半露天風呂付客室 1泊2食 創作会席プラン 2階客室; 価格帯:24,001～25,000円(大人１名あたり/税込); 部屋:4; 風呂:4; 料理(朝食):4; 料理(夕食):4; 接客・サービス:4 | プラン 半露天風呂付客室 1泊2食 創作会席プラン 2階客室 和洋室 朝・夕",https://www.jalan.net/yad392046/kuchikomi/archive/,1,room_open_air_bath;view,raw/jalan/archive_page_9.html,cp932,mixed,body_positive_and_negative,high,body_sentiment_inference_needed
OTA full review,Jalan,jalan_e19ec8e768d07314,もりちょさん,2016/11/16,3,アレルギー対応不十分,夫婦旅行で利用しました。 高台なため、部屋からの眺めはよかったです。 記念日プランで、美味しいケーキも用意されていて良かったです。 一方で残念だったのがアレルギー対応です。 甲殻類などのアレルギーを事前に伝えていましたが、夕食にはアレルギーの品が含まれていました 。 その場でもお伝えしましたが「今日の仕入れの都合で、そのままお出ししました」との返事、、、何の対応もなしでした。 食品アレルギーを持つ者としては、こうした不十分な対応をされると、安心して食事ができません。 大人であれば注意しながら食べることも可能ですが、子どもだとそうはいかないでしょうし、事故にならないためにも対応の仕方を考える必要があると思います。 ちなみに、大浴場を使用した際、日本人客、外国人客各1名ずつが、入浴しながら飲酒してましたが、ルールを守らない客がいるだけで不愉快な気分になりました。,"時期:2016年11月宿泊; プラン:夜景を独り占め♪ お二人の記念日プラン １泊２食付; 価格帯:30,001円以上(大人１名あたり/税込); 部屋:4; 風呂:3; 料理(朝食):3; 料理(夕食):2; 接客・サービス:3 | プラン 夜景を独り占め♪ お二人の記念日プラン １泊２食付 和洋室 朝・夕",https://www.jalan.net/yad392046/kuchikomi/archive/,1,public_bath;view,raw/jalan/archive_page_9.html,cp932,mixed,body_positive_and_negative,high,body_sentiment_inference_needed
OTA full review,Jalan,jalan_204d016bddc2d247,たかさん,2016/11/12,4,とても感じ良かったです。,こんなに上にと思いながら、宿に到着して、中に入るとにこやかに挨拶してもらい、ロビーで座って待つ間も景色が良くて、部屋に案内されるまでの間、お抹茶とお茶菓子が美味しく頂きました。 待ってる間に重い荷物を、部屋に先に運んでくれて、部屋はこじんまりした感じでしたが、明るく景色良くきれいでした。 夕食、朝食食事処でも、感じが良く。料理もとても美味しくいただきました。 量が多くて少し残しました。 とても感じが良く、またぜひいきたいと思う宿です。,"時期:2016年11月宿泊; プラン:【平日限定】☆室数限定☆オープニング記念プラン半露天風呂付き客室 1泊2食 1階客室; 価格帯:21,001～22,000円(大人１名あたり/税込); 部屋:5; 風呂:4; 料理(朝食):4; 料理(夕食):4; 接客・サービス:5 | プラン 【平日限定】☆室数限定☆オープニング記念プラン半露天風呂付き客室 1泊2食 1階客室 和洋室 朝・夕",https://www.jalan.net/yad392046/kuchikomi/archive/,1,room_open_air_bath;view,raw/jalan/archive_page_9.html,cp932,positive,body_positive,high,body_sentiment_inference_needed
OTA full review,Jalan,jalan_e77ff3499863c767,miさん,2016/11/8,4,温泉を満喫,お風呂は熱さの調節もでき、温泉ならではの硫黄の香りを楽しみながら 繰り返しゆっくりとつかれました。四角いお風呂だったので 広さは小さめですが 半露天なのと深めで 朝の間も気持ちよくはいれます。 お食事は量も多く美味しかったです。人によっては少し味が濃いかもです。別注文した生ビールの味があわなかったので別の種類を用意してあると嬉しいかな。日本酒は美味しくあわせていただけました。 お部屋は、座卓が細いので背もたれるのに長時間はきつかったです。Wi-Fiが繋がらなかったのでたまに点検しておいていただけると‥‥布団の枕側が外通路側だったので、外灯の光が入ってきて寝るときに気になってしまいました。ロールカーテンを少し伸ばしてもらうか 深夜には電気を切れるようにしたほうがいいと思います。 雰囲気はとてもよく、景色が良いので次回は2階の部屋に泊まってみたいです。,"時期:2016年9月宿泊; プラン:【平日限定】☆室数限定☆オープニング記念プラン半露天風呂付き客室 1泊2食 1階客室; 価格帯:21,001～22,000円(大人１名あたり/税込); 部屋:3; 風呂:4; 料理(朝食):3; 料理(夕食):4; 接客・サービス:3 | プラン 【平日限定】☆室数限定☆オープニング記念プラン半露天風呂付き客室 1泊2食 1階客室 和洋室 朝・夕",https://www.jalan.net/yad392046/kuchikomi/archive/,1,room_open_air_bath;view;temperature_hot,raw/jalan/archive_page_9.html,cp932,mixed,conditional_signal_tag,medium,body_sentiment_inference_needed
OTA full review,Jalan,jalan_2d3b4188c80ee6f9,ひでちんさん,2016/10/27,4,綺麗な宿ですね,あいにくの雨天で景色を堪能できませんでしたが、料理は朝夕とも素晴らしかった。料理は量・質ともに満足いくものでした。部屋は段差が各所にあるのでつまずかないよう気を付ける必要があります。部屋の風呂は源泉の温度が80℃と高く、最初は加水しなければ入ることはできませんでした。夜の気温が下がる時期だったので、あとは温泉を追加しながら何回も入りました。アクセスも前もってストリートビューで確認していたので迷うことはなくスムーズでした。別府ICから近いので非常に便利です。,"時期:2016年10月宿泊; プラン:関アジ姿造り付き会席 １泊２食付プラン; 価格帯:30,001円以上(大人１名あたり/税込); 部屋:4; 風呂:4; 料理(朝食):5; 料理(夕食):5; 接客・サービス:4 | プラン 関アジ姿造り付き会席 １泊２食付プラン 和洋室 朝・夕",https://www.jalan.net/yad392046/kuchikomi/archive/,1,view,raw/jalan/archive_page_9.html,cp932,positive,body_positive,high,body_sentiment_inference_needed
OTA full review,Jalan,jalan_ebfff863789c6dcf,Shinさん,2016/10/13,4,景色が最高,部屋のテラス＆お風呂からの眺めが最高でした。 久しぶりにゆっくりくつろげた宿でした。 一つ気になるのは、入口の段差です。非常に危ないと思います。,"時期:2016年8月宿泊; プラン:【平日限定】☆室数限定☆オープニング記念プラン半露天風呂付き客室 1泊2食 1階客室; 価格帯:21,001～22,000円(大人１名あたり/税込); 部屋:4; 風呂:4; 料理(朝食):4; 料理(夕食):4; 接客・サービス:4 | プラン 【平日限定】☆室数限定☆オープニング記念プラン半露天風呂付き客室 1泊2食 1階客室 和洋室 朝・夕",https://www.jalan.net/yad392046/kuchikomi/archive/,1,room_open_air_bath;view,raw/jalan/archive_page_9.html,cp932,mixed,body_positive_and_negative,high,body_sentiment_inference_needed
OTA full review,Jalan,jalan_60a56c825c60d75e,オッキーさん,2016/10/12,4,お風呂が最高,高台にあるので、景色が良いはずでしたが、あいにくの雨模様で、素晴らしい景色は楽しめませんでした。個室にお風呂がついているので、いつでも気軽に入れるのが最高です。 お食事も、夜、朝ともとても美味しかったです。,"時期:2016年9月宿泊; プラン:【平日限定】☆室数限定☆オープニング記念プラン半露天風呂付き客室 1泊2食 1階客室; 価格帯:21,001～22,000円(大人１名あたり/税込); 部屋:4; 風呂:5; 料理(朝食):5; 料理(夕食):5; 接客・サービス:4 | プラン 【平日限定】☆室数限定☆オープニング記念プラン半露天風呂付き客室 1泊2食 1階客室 和洋室 朝・夕",https://www.jalan.net/yad392046/kuchikomi/archive/,1,room_open_air_bath;view,raw/jalan/archive_page_9.html,cp932,positive,body_positive,high,body_sentiment_inference_needed
OTA full review,Jalan,jalan_d6e7966f0e94400b,やさん,2016/10/11,2,せっかくの眺望がもったいない…,妻が喜ぶだろうと新しく、また眺望の良い宿ということで宿泊させていただきました。 ハード面については開業1年未満ということで劣化等もなく非常に綺麗でした。 ただ、テラスに出てすぐに気付いたのがテラスの目の前にある砂利に捨ててあったタバコの吸い殻。非常識な宿泊客がやったことと言ってしまえばそれまでですが、清掃時に気付かなかったのかなと。 テラスに出ればすぐに目につきます。 また、部屋の浴衣は中が準備してりましたが、他のお宿なら客の身長や体格を見て合うサイズをすぐに部屋まで持ってきてくれますが、そういうことは全くなし。接客の点数が他の項目よりも低いのはこういうことなのかなと思いました。 また構造上の問題でしょうが、隣室の話し声が聞こえます。 階上の客の足音がドスドスというレベルで響き渡り、非日常を味わうどころかピリピリしていまいます。残念でなりません。 気になった部分を書きましたが、食事については満足度の高い内容でした。 食事が運ばれてくるペースもウチにはちょうど良いと思いました。 あと、部屋のお風呂は気持ちよく、風呂上がりにテラスで涼みながら景色を楽しむという贅沢は他ではなかなか味わうことができないのではなでしょうか。 ちょっとした気遣いと努力で解決できる部分もあるだけに、もったいないです。 お湯がとても良いだけにもったいないです。,"時期:2016年10月宿泊; プラン:関アジ姿造り付き会席 １泊２食付プラン; 価格帯:29,001～30,000円(大人１名あたり/税込); 部屋:2; 風呂:5; 料理(朝食):4; 料理(夕食):5; 接客・サービス:2 | プラン 関アジ姿造り付き会席 １泊２食付プラン 和洋室 朝・夕",https://www.jalan.net/yad392046/kuchikomi/archive/,1,room_open_air_bath;view,raw/jalan/archive_page_9.html,cp932,mixed,body_positive_and_negative,high,body_sentiment_inference_needed
OTA full review,Jalan,jalan_7942dec4170d8772,チピロさん,2016/10/5,5,大満足,全体的に綺麗で、お部屋は天井が高く開放的、お風呂も気持ち良く、ご飯もとても美味しかったです！着いたら可愛いウェルカムドリンクを頂き、到着から出発まで大変満足なお宿でした。是非また泊まりたいです。,"時期:2016年10月宿泊; プラン:【平日限定】☆室数限定☆オープニング記念プラン半露天風呂付き客室 1泊2食 1階客室; 価格帯:21,001～22,000円(大人１名あたり/税込); 部屋:5; 風呂:5; 料理(朝食):5; 料理(夕食):5; 接客・サービス:5 | プラン 【平日限定】☆室数限定☆オープニング記念プラン半露天風呂付き客室 1泊2食 1階客室 和洋室 朝・夕",https://www.jalan.net/yad392046/kuchikomi/archive/,1,room_open_air_bath,raw/jalan/archive_page_9.html,cp932,positive,body_positive,high,body_sentiment_inference_needed
OTA full review,Jalan,jalan_067fe74fb813fabc,ミーさん,2016/9/25,5,快適です,部屋からの眺望が良く解放感抜群でした。広すぎず使い勝手◎。接客も人手が足りていたのか駐車場まで宿の方が迎えに来てくれた時もありました。今回素泊まりで２泊しましたが、次回はお食事をいただいてみたいです。青空、青い海、星、月見風呂も楽しめ帰る日は雨で色々な別府の山や海が部屋から見られました。好きな雰囲気のお宿です。,"時期:2016年9月宿泊; プラン:素泊まりプラン 半露天風呂付客室 1階客室; 価格帯:19,001～20,000円(大人１名あたり/税込); 部屋:5; 風呂:5; 料理(朝食):-; 料理(夕食):-; 接客・サービス:5 | プラン 素泊まりプラン 半露天風呂付客室 1階客室 和洋室 食事なし",https://www.jalan.net/yad392046/kuchikomi/archive/,1,room_open_air_bath;view,raw/jalan/archive_page_9.html,cp932,positive,body_positive,high,body_sentiment_inference_needed
OTA full review,Jalan,jalan_ebd214826dd865c2,まきちゃんさん,2016/9/24,5,お祝い旅行,誕生日のお祝いで宿泊しました。 お部屋も綺麗で従業員さんの接客など色々と配慮してくださいました！ ただ、食事の時に済んだお皿を何度も取りにきてたので、ゆっくり２人で食べたかった私たちにはちょっと気になったかな程度ですが、全体的には大満足です！ ありがとうございました！,"時期:2016年9月宿泊; プラン:半露天風呂付客室 1泊2食 創作会席プラン 2階客室; 価格帯:28,001～29,000円(大人１名あたり/税込); 部屋:5; 風呂:5; 料理(朝食):4; 料理(夕食):5; 接客・サービス:5 | プラン 半露天風呂付客室 1泊2食 創作会席プラン 2階客室 和洋室 朝・夕",https://www.jalan.net/yad392046/kuchikomi/archive/,1,room_open_air_bath,raw/jalan/archive_page_9.html,cp932,positive,body_positive,high,body_sentiment_inference_needed
OTA full review,Jalan,jalan_774d9fd9644aaf18,ゆうママさん,2016/9/24,4,お部屋の内風呂でゆったりと,お部屋の内風呂で何回も入り、ゆ ったりとした時を過ごしました。 大浴場は帰りに雨が降っている時間だった為、傘が行きの場所にあり、持って来なかった為、階段もあり、浴衣の裾が濡れてしまって少し残念でした。 お部屋の隣のテレビの音など夜は聞こえる為、防音対策にもう少し配慮が必要かと思われます。 お料理は、適度な量と上品な味でとても美味しかったです。 素敵な時間をありがとうございました。,"時期:2016年9月宿泊; プラン:半露天風呂付き客室 1泊2食 創作懐石プラン 1階客室; 価格帯:26,001～27,000円(大人１名あたり/税込); 部屋:4; 風呂:4; 料理(朝食):5; 料理(夕食):5; 接客・サービス:5 | プラン 半露天風呂付き客室 1泊2食 創作懐石プラン 1階客室 和洋室 朝・夕",https://www.jalan.net/yad392046/kuchikomi/archive/,1,room_open_air_bath;public_bath;stairs_layout,raw/jalan/archive_page_9.html,cp932,mixed,body_negative_with_context,high,body_sentiment_inference_needed
OTA full review,Jalan,jalan_d5e66cc5ba18b71b,tomatoさん,2016/9/20,4,テラスからの眺望が素敵です,到着後、すぐにウェルカムドリンクが出され、トロピカルなジュースが嬉しかったです。ロビーから眺める別府の街並みも感動です。温泉もさすが、湯の街とても熱かったです。すぐに入るには加水しなければならず、温泉成分が弱くなってしまうところが惜しかったです。大浴場の方は温度管理がきちんとされていて良かったです。食事は器も素敵で楽しませていただきました。すき焼きは、好みもありますが塩辛く感じました。朝食は品数も多く特に煮物、焼き魚が美味しかったです。夕食は、コスパを考えるとやや、厳しめの採点ですがスタッフの方々の丁寧な接客、素晴らしい眺望に満足する、楽しい別府の旅でした。お世話になりました。,"時期:2016年9月宿泊; プラン:半露天風呂付き客室 1泊2食 創作懐石プラン 1階客室; 価格帯:26,001～27,000円(大人１名あたり/税込); 部屋:4; 風呂:4; 料理(朝食):4; 料理(夕食):3; 接客・サービス:4 | プラン 半露天風呂付き客室 1泊2食 創作懐石プラン 1階客室 和洋室 朝・夕",https://www.jalan.net/yad392046/kuchikomi/archive/,1,room_open_air_bath;public_bath;view;temperature_hot,raw/jalan/archive_page_9.html,cp932,mixed,conditional_signal_tag,medium,body_sentiment_inference_needed
OTA full review,Jalan,jalan_6103d8917c935fbc,はるなさん,2016/9/10,4,見晴らしがいいですね。,両親とお世話になりました。別府の町を見下ろすことができて大変良かったです。接客もお電話対応から何からご親切にして頂きました。敢えて、気になった点を申し上げるとしたら、浴室のタオルの補充が不十分だったことと、女風呂なのに男性スタッフが補充にいらっしゃったのは少し驚きました。勿論、ご配慮頂いたので不快な思いをすることはありませんでしたが。車で無ければ行けない場所なのが少しだけ残念ですが、お料理もおいしいので多くの方に利用してほしいと思います。,"時期:2016年9月宿泊; プラン:【平日限定】☆室数限定☆オープニング記念プラン半露天風呂付き客室 1泊2食 1階客室; 価格帯:20,001～21,000円(大人１名あたり/税込); 部屋:4; 風呂:3; 料理(朝食):5; 料理(夕食):5; 接客・サービス:4 | プラン 【平日限定】☆室数限定☆オープニング記念プラン半露天風呂付き客室 1泊2食 1階客室 和洋室 朝・夕",https://www.jalan.net/yad392046/kuchikomi/archive/,1,room_open_air_bath,raw/jalan/archive_page_9.html,cp932,mixed,body_positive_and_negative,high,body_sentiment_inference_needed
OTA full review,Jalan,jalan_afaf9933bb366727,ヨッシーさん,2016/9/7,4,部屋と眺めが最高でした,部屋からの眺めも、部屋の感じもすごく素敵なところでした。 彼の誕生日だったので、サプライズでケーキを用意してもらった のですが、とても素敵な演出で彼も驚いてくれてそして感動してくれました。 ただ接客がもう少しあったらよかったのかなと思いました。,"時期:2016年8月宿泊; プラン:半露天風呂付客室 1泊2食 創作会席プラン 2階客室; 価格帯:28,001～29,000円(大人１名あたり/税込); 部屋:5; 風呂:5; 料理(朝食):4; 料理(夕食):4; 接客・サービス:2 | プラン 半露天風呂付客室 1泊2食 創作会席プラン 2階客室 和洋室 朝・夕",https://www.jalan.net/yad392046/kuchikomi/archive/,1,room_open_air_bath;view,raw/jalan/archive_page_9.html,cp932,positive,body_positive,high,body_sentiment_inference_needed
OTA full review,Jalan,jalan_a0b98a1ba496badd,おひさまさん,2016/8/18,5,とても良かったです。,まず、お部屋がとても素敵でした。わたしは、一階のお部屋でしたが、ホテルの場所が高台にあるため、別府の街が一望でき、とても素敵な景色でした。お風呂もお部屋についていて、景色を見ながら入れます。 食事もとても美味しかったです。 客室が少ないので、ゆったりした感じなのも良かったです。 別府にまた来るときは、利用したいです。,"時期:2016年8月宿泊; プラン:【平日限定】☆室数限定☆オープニング記念プラン半露天風呂付き客室 1泊2食 1階客室; 価格帯:20,001～21,000円(大人１名あたり/税込); 部屋:5; 風呂:5; 料理(朝食):5; 料理(夕食):5; 接客・サービス:5 | プラン 【平日限定】☆室数限定☆オープニング記念プラン半露天風呂付き客室 1泊2食 1階客室 和洋室 朝・夕",https://www.jalan.net/yad392046/kuchikomi/archive/,1,room_open_air_bath;view,raw/jalan/archive_page_9.html,cp932,positive,body_positive,high,body_sentiment_inference_needed
OTA full review,Jalan,jalan_f1bd312f9b5c0e2c,ななみさん,2026/6/29,3,料理が美味しかった,朝、夜ご飯付きにしました。どれもとても美味しかったです！ ただ、部屋に巨大なムカデが出たことと、お風呂に虫が何匹か居たこと、、仕方ないと思いますが怖かったので少し星を減らしました。 スタッフの方々は親切で料理はとても美味しかったのでそこは大満足です！,"時期:2026年6月宿泊; プラン:【早期割30】早めの予約で10％OFF。新しい上質な和スタイルをお得に体験（2食付）; 価格帯:29,001～30,000円(大人１名あたり/税込); 部屋:2; 風呂:1; 料理(朝食):5; 料理(夕食):5; 接客・サービス:5 | プラン 【早期割30】早めの予約で10％OFF。新しい上質な和スタイルをお得に体験（2食付） 和洋室 朝・夕",https://www.jalan.net/yad392046/kuchikomi/,1,insects,raw/jalan/jalan.html,utf-8,mixed,body_positive_and_negative,high,body_sentiment_inference_needed
OTA full review,Jalan,jalan_b18204cc998455e4,ハチミツママさん,2026/6/21,5,スタッフさん達のおもてなしに感動,夫婦旅行で利用させていただきました。 予約時の到着予定時刻より早く着いたにも関わらず、宿の前にいらっしゃったスタッフさんが、雨の中車から荷物をおろす私達に傘をさして待っていて下さいました。 着いた時は雨でしたが、夕方より徐々に晴れ、夜には別府の夜景と星空が見れました。 次の日の朝も早起きして別府湾から昇る朝日を見れて、お部屋からの景色はとても良かったです。（その後雲が広がりましたが..） 夕飯の和食会席、サーブしてくれた方は外国の方でしたが、日本語がとても上手で、笑顔がステキで、温かい心遣いを感じました。 関アジのお造り付きにしたのですが、とても美味しくオススメします。（泡塩をつけて食べるのが初めてでしたが、お刺身には醤油！という概念を崩してくれました） 料理も一品一品手が混んでいて、とてもおいしかったです。 朝食も郷土料理を含め地元の特産品たくさんで大満足でした。 宿のスタッフさんも、みなさん心地よい距離感で、全く気になるところがなくゆっくり過ごさせていただきました。 唯一気になったのは、部屋のお風呂の洗い場ですね。 やや狭く、洗い流す時の泡などお風呂の中に飛んできます。 湯船は二人で足を伸ばして並んで入れる広さで、景色も見れて申し分ないのですが、そこだけ気になりました。 源泉の温度がかなり高いので、しばらく入らずお湯の温度が下がっても、源泉を足せばすぐに入れる温度になります。 何度も入浴させてもらいました。 湯上がりのペットボトルの水が脱衣所に用意されているのも嬉しかったです。 テラスなどはやや年季が入っている感じがしますが、部屋はとても綺麗で、清掃も行き届いていました。 オススメです！,"時期:2026年6月宿泊; プラン:【海の幸グレードアップ】関アジの姿造り付き／創作和会席プラン（2食付）; 価格帯:30,001円以上(大人１名あたり/税込); 部屋:5; 風呂:4; 料理(朝食):5; 料理(夕食):5; 接客・サービス:5 | プラン 【海の幸グレードアップ】関アジの姿造り付き／創作和会席プラン（2食付） 和洋室 朝・夕",https://www.jalan.net/yad392046/kuchikomi/,1,room_open_air_bath;view;small_bath_or_room,raw/jalan/jalan.html,utf-8,mixed,body_positive_and_negative,high,body_sentiment_inference_needed
OTA full review,Jalan,jalan_eb8cca1eef98f786,らんちゃんさん,2026/6/6,3,口コミみて予約したのに,ひさひざの夫婦旅行で初めて利用しました。 夫婦二人の感想は金額の割にはという感じでした。 よかった点 テラスで喫煙ができた事。 静かでゆっくり過ごすことができた。 残念だった点 部屋のお風呂の蛇口が壊れていて温度調整が大変だった。 ゴミ箱が一つだけしかなかったので、部屋の中にもほしかった。 虫がかなり多かった。 朝食のご飯がかなり硬く美味しくなかった。 夕飯は土鍋ご飯でかなりよかっただけにすごく残念でした。 夕食時のお酒の種類がもう少しあるといいと思います。 あと、夕飯の時間がチェックインした人から決まるみたいで、そうなら予約の段階でわかるようにしてもらいたかった。 19時半の夕食スタートは遅いと思います。 すこし改善するだけでもっと良くなる気がします。,"時期:2026年6月宿泊; プラン:【海の幸グレードアップ】関アジの姿造り付き／創作和会席プラン（2食付）; 価格帯:30,001円以上(大人１名あたり/税込); 部屋:3; 風呂:3; 料理(朝食):2; 料理(夕食):4; 接客・サービス:4 | プラン 【海の幸グレードアップ】関アジの姿造り付き／創作和会席プラン（2食付） 和洋室 朝・夕",https://www.jalan.net/yad392046/kuchikomi/,1,room_open_air_bath;insects,raw/jalan/jalan.html,utf-8,mixed,body_positive_and_negative,high,body_sentiment_inference_needed
OTA full review,Jalan,jalan_820cfae8118b1fbd,みっちゃんさん,2026/4/22,5,楽しい、思い出に残る夫婦旅行でした。,スタッフ全員の心のこもったおもてなしを始め、特に海抜300メートルの山中から別府市内を見下ろすロケーションでの夕朝食は圧巻でした。 ただ、この施設に向うまでの道中が大変細く、曲がりくねった道だったので、苦労した点が悔やまれました。,"時期:2026年4月宿泊; プラン:【海の幸グレードアップ】関アジの姿造り付き／創作和会席プラン（2食付）; 価格帯:30,001円以上(大人１名あたり/税込); 部屋:5; 風呂:5; 料理(朝食):5; 料理(夕食):5; 接客・サービス:5 | プラン 【海の幸グレードアップ】関アジの姿造り付き／創作和会席プラン（2食付） 和洋室 朝・夕",https://www.jalan.net/yad392046/kuchikomi/,1,access_road,raw/jalan/jalan.html,utf-8,positive,body_positive,high,body_sentiment_inference_needed
OTA full review,Jalan,jalan_41a12ebe908d7551,エイさん,2026/4/21,5,テラスからの景色が最高,今回は夫婦で利用させてもらいました。スタッフの対応が素晴らしく、貴重な竹細工が体験でき、楽しかったです。今は車に飾ってます。部屋は広くて、テラスからの景色が最高です。料理も大変美味しくて満足しています。お風呂上りに、テラスで別府の夜景を見ながらお酒を飲むのが最高です。部屋の割にテレビが小さいのが少し残念です。また利用したいホテルです。,"時期:2026年4月宿泊; プラン:【2食付】別府を愉しむ、半露天風呂付客室ステイ。夕食は創作和会席を堪能; 価格帯:30,001円以上(大人１名あたり/税込); 部屋:4; 風呂:5; 料理(朝食):5; 料理(夕食):5; 接客・サービス:5 | プラン 【2食付】別府を愉しむ、半露天風呂付客室ステイ。夕食は創作和会席を堪能 和洋室 朝・夕",https://www.jalan.net/yad392046/kuchikomi/,1,room_open_air_bath;view,raw/jalan/jalan.html,utf-8,mixed,body_positive_and_negative,high,body_sentiment_inference_needed
OTA full review,Jalan,jalan_19841ced3c6e8f98,さぁちゃんさん,2026/4/18,5,静かでゆっくりできました,ゆっくりした時間が過ごせました。 料理人の彼も 食事の出汁がとてもいいと言ってました。 また記念日などに利用したいです,"時期:2026年3月宿泊; プラン:【2食付】別府を愉しむ、半露天風呂付客室ステイ。夕食は創作和会席を堪能; 価格帯:30,001円以上(大人１名あたり/税込); 部屋:5; 風呂:4; 料理(朝食):4; 料理(夕食):4; 接客・サービス:5 | プラン 【2食付】別府を愉しむ、半露天風呂付客室ステイ。夕食は創作和会席を堪能 和洋室 朝・夕",https://www.jalan.net/yad392046/kuchikomi/,1,room_open_air_bath,raw/jalan/jalan.html,utf-8,positive,body_positive,high,body_sentiment_inference_needed
OTA full review,Jalan,jalan_89d5901a76806ad9,Nさん,2026/3/14,5,接客が素敵でした。,母を連れて利用させていただきました。 道中急斜面と道幅も狭く、本当にあっているのか不安でしたがナビ通りで迷いなく到着できました。 接客がとてもよくお部屋の雰囲気・お料理共に大変満足できました。 周りも静かなのでゆっくりできました。 また機会があれば利用したいです。,"時期:2026年3月宿泊; プラン:【早期割30】早めの予約で10％OFF。新しい上質な和スタイルをお得に体験（2食付）; 価格帯:28,001～29,000円(大人１名あたり/税込); 部屋:5; 風呂:5; 料理(朝食):5; 料理(夕食):5; 接客・サービス:5 | プラン 【早期割30】早めの予約で10％OFF。新しい上質な和スタイルをお得に体験（2食付） 和洋室 朝・夕",https://www.jalan.net/yad392046/kuchikomi/,1,small_bath_or_room;access_road,raw/jalan/jalan.html,utf-8,mixed,body_positive_and_negative,high,body_sentiment_inference_needed
OTA full review,Jalan,jalan_60dd2369a76377c9,ふくさん,2026/3/8,5,すべて良し,お部屋もお料理も温泉もおもてなしも全て満足でした。 まず、お部屋にはアナログレコードが用意されていて、大好きなアーティストのLP盤！まさか私の好み知ってる？と驚きでした、笑。これこそ期待を超えるサービス。 お料理がまた創作的でありながら、地元の素材を使っての逸品揃い、シェフさまありがとうございました。メンズのおもてなしの心を感じながらの滞在でした。,"時期:2026年2月宿泊; プラン:【2食付】別府を愉しむ、半露天風呂付客室ステイ。夕食は創作和会席を堪能; 価格帯:30,001円以上(大人１名あたり/税込); 部屋:5; 風呂:5; 料理(朝食):5; 料理(夕食):5; 接客・サービス:5 | プラン 【2食付】別府を愉しむ、半露天風呂付客室ステイ。夕食は創作和会席を堪能 和洋室 朝・夕",https://www.jalan.net/yad392046/kuchikomi/,1,room_open_air_bath,raw/jalan/jalan.html,utf-8,positive,body_positive,high,body_sentiment_inference_needed
OTA full review,Jalan,jalan_ce42e139e783360c,やーちゃんさん,2026/2/23,4,景色が良かった,高台から見下ろす街と、その向こうに広がる海を眺めながらゆったりと流れる雲を感じ、テラスでコーヒーを飲む時間帯がとても良かったです。その後の温泉と美味しい食事があって本当に寛ぐことができました。 食事処を退出する際は、私たちが見えなくなるまでお辞儀をされていて、おもてなしに胸が温まりました。 道がわかりにくく案内表示があるといいなと思いました。,"時期:2026年2月宿泊; プラン:【2食付】別府を愉しむ、半露天風呂付客室ステイ。夕食は創作和会席を堪能; 価格帯:30,001円以上(大人１名あたり/税込); 部屋:4; 風呂:4; 料理(朝食):3; 料理(夕食):3; 接客・サービス:3 | プラン 【2食付】別府を愉しむ、半露天風呂付客室ステイ。夕食は創作和会席を堪能 和洋室 朝・夕",https://www.jalan.net/yad392046/kuchikomi/,1,room_open_air_bath;view;access_road,raw/jalan/jalan.html,utf-8,mixed,body_positive_and_negative,high,body_sentiment_inference_needed
OTA full review,Jalan,jalan_b9c4195476ae0822,Maaさん,2026/2/20,5,月1旅行,今回の宿泊は大変満足いたしました！ 夕食も他の旅館では食べた事のない創作料理で 味も良くて満足でした！ お部屋も綺麗にしてるし、スタッフも感じがよく でいい旅行になりました！ また行きたいと思います！,"時期:2026年2月宿泊; プラン:【2食付】別府を愉しむ、半露天風呂付客室ステイ。夕食は創作和会席を堪能; 価格帯:30,001円以上(大人１名あたり/税込); 部屋:5; 風呂:5; 料理(朝食):5; 料理(夕食):5; 接客・サービス:5 | プラン 【2食付】別府を愉しむ、半露天風呂付客室ステイ。夕食は創作和会席を堪能 和洋室 朝・夕",https://www.jalan.net/yad392046/kuchikomi/,1,room_open_air_bath,raw/jalan/jalan.html,utf-8,positive,body_positive,high,body_sentiment_inference_needed
OTA full review,Jalan,jalan_cc8f5d54a8960fbf,AAさん,2026/2/19,4,景色が綺麗,良かった点 ・景色が綺麗。 ・温泉の泉質はさすが別府だけあって良かった。 ・プライベート感もあり、静かにゆっくりできた。 ・料理のボリュームあり、美味しかった。 良くなかった点 ・ホテルに行くまでの道が分かりづらい。 他の口コミにもあったので調べて行ったが迷った。 ・室内の浴室に外から見えなくするロールカーテンか暖簾的なものが欲しかった。周辺はある程度離れているものの明るい時は女性は気になるようです。 窓閉めて入れば途中から湯気で見えなくなります。 ・室内の設備はちょい古い（TVやドライヤー） ・2階のほうが景色が良いだろうと思い事前に2階を選んでいました。価格は1階よりやや高いですがその分景色は実際良かったです。 しかしチェックイン時にスタッフの方から「1階でのご予約ですが本日は2階が空いていますので特別に2階のお部屋をご用意しました」と言われ、再度じゃらんの予約を見てみたらやはり2階でちゃんと予約していました。一応スタッフの方にはその旨を伝えて予約画面も見せました。スタッフからは「申し訳ございません、確認しておきます」と言われそれ以降は何もなく、こちらも特に何かを求めてもなかったのでそれはそれでいいのですが、ちょっとチェックインから嫌な気分にはなりました。 部屋の割り当ても、もしかしたらサービスなので景色が良くない部屋なんじゃないかと疑ってしまったり笑 まぁ、予約確認ミスは仕方ないですが気持ちの良いものではありません。 それ以外は全体的に良かったです。 特にテラスからも別府の夜の景色を一望できたのは最高でした。行く価値はあると思います。,"時期:2026年1月宿泊; プラン:【2食付】別府を愉しむ、半露天風呂付客室ステイ。夕食は創作和会席を堪能; 価格帯:30,001円以上(大人１名あたり/税込); 部屋:4; 風呂:4; 料理(朝食):4; 料理(夕食):4; 接客・サービス:4 | プラン 【2食付】別府を愉しむ、半露天風呂付客室ステイ。夕食は創作和会席を堪能 和洋室 朝・夕",https://www.jalan.net/yad392046/kuchikomi/,1,room_open_air_bath;view;access_road,raw/jalan/jalan.html,utf-8,positive,body_positive,high,body_sentiment_inference_needed
OTA full review,Jalan,jalan_ee19a503b66105ad,いまりさん,2026/1/23,5,ごはんが美味しかったです,お部屋のお風呂は自分で温度調整もできて温度高めで入りました！大浴場は私と彼が行ったタイミングはだれもいなかったので広いお風呂を独り占めできてのんびり過ごせました。夕飯の時はスタッフの方に話しかけていただいたり、朝食の時はたまごをおすすめしていただき追加で注文しました！とてもおいしかったですo(^-^)o,"時期:2025年12月宿泊; プラン:【海の幸グレードアップ】関アジの姿造り付き／黒毛和牛創作会席プラン（2食付）; 価格帯:30,001円以上(大人１名あたり/税込); 部屋:4; 風呂:4; 料理(朝食):4; 料理(夕食):4; 接客・サービス:5 | プラン 【海の幸グレードアップ】関アジの姿造り付き／黒毛和牛創作会席プラン（2食付） 和洋室 朝・夕",https://www.jalan.net/yad392046/kuchikomi/,1,room_open_air_bath;public_bath,raw/jalan/jalan.html,utf-8,positive,body_positive,high,body_sentiment_inference_needed
OTA full review,Jalan,jalan_4607f12c478ae86a,まゆみさん,2025/8/6,5,カップルにおすすめ,お部屋からの景色がとても良く、滞在中はずっと癒されました。 部屋の広さも窮屈すぎず広すぎず、ちょうどよくて快適でした。 お風呂もとても気持ちよくて、旅の疲れをしっかり癒すことができました。 全体的にとても満足度の高い宿で、またぜひ利用したいと思います。,"時期:2025年7月宿泊; プラン:【じゃらんスペシャルウィーク】★創作和食コースプラン 1泊2食付き; 価格帯:29,001～30,000円(大人１名あたり/税込); 部屋:5; 風呂:4; 料理(朝食):5; 料理(夕食):5; 接客・サービス:5 | プラン 【じゃらんスペシャルウィーク】★創作和食コースプラン 1泊2食付き 和洋室 朝・夕",https://www.jalan.net/yad392046/kuchikomi/,1,view,raw/jalan/jalan.html,utf-8,positive,body_positive,high,body_sentiment_inference_needed
OTA full review,Jalan,jalan_0431ef6f973b69a4,meguさん,2025/7/10,5,還暦のお祝い旅行,私の還暦のお祝いで行きました。静かで部屋に温泉半露天風呂がついていて、とても食事も美味しかったので満足してます。 大浴場のお湯が熱すぎて入れなかったです。 お布団は、固く腰が痛かったです。 ベッドのマットレスくらいは置いて欲しかったです。,"時期:2025年7月宿泊; プラン:【じゃらんスペシャルウィーク】★創作和食コースプラン 1泊2食付き; 価格帯:30,001円以上(大人１名あたり/税込); 部屋:5; 風呂:5; 料理(朝食):5; 料理(夕食):5; 接客・サービス:4 | プラン 【じゃらんスペシャルウィーク】★創作和食コースプラン 1泊2食付き 和洋室 朝・夕",https://www.jalan.net/yad392046/kuchikomi/,1,room_open_air_bath;public_bath;temperature_hot,raw/jalan/jalan.html,utf-8,mixed,body_positive_and_negative,high,body_sentiment_inference_needed
OTA full review,Booking.com,booking_928a03aad95e1474,Su-yin,"July 5, 2026",10,“ Perfect getaway ”,"Service standards, small treats, half board dining- both breakfast and dinner were better than expected, alcohol pricing was reasonable. | Could have more options in the shop to purchase local produce unique to artisans in Beppu and surrounding area.",,https://www.booking.com/reviews/jp/hotel/terrace-midoubaru.html,0,small_bath_or_room,raw/booking/booking.html,utf-8,neutral,neutral_or_lodging_context,medium,body_sentiment_inference_needed
OTA full review,Booking.com,booking_f4e1e1e28778f903,Alex,"June 5, 2026",8.0,"“ Brilliant view, perfect private onsen ”","The view from the room, the private onsen and the design and architecture of the whole complex was exactly as sold by the pictures. The staff was friendly and helpful and even if remote the location was easy to reach by car (with enough parking spaces available near the hotel). | There were small details that did not align with the price and image that the place wants to give (rusty rail bar on the balcony, wooden door from the shower that did not close all the time, infiltrations on the external walls, etc.). But nothing that affected the stay or our enjoyment.",,https://www.booking.com/reviews/jp/hotel/terrace-midoubaru.html,1,room_open_air_bath;view;small_bath_or_room,raw/booking/booking.html,utf-8,positive,body_positive,high,body_sentiment_inference_needed
OTA full review,Booking.com,booking_3ba6aec0a7a8bc41,Natthanun,"April 17, 2026",10,“ Wonderful stay and great food!! Loved every meal! ”,"The food was top-notch, we've stayed at varioud Ryokans across Japan but the food here was just WOW. Highly recommend for a nice treat for a family/couple trip. And they have in-room onsen which can adjust the water temperature, exceed our expectations! | The hotel doesn't have a big common area like any other huge ryokans, but compensating for a great view of Beppu, I think it's worth it and the room is really spacious in itself so you might not need a big common area.",,https://www.booking.com/reviews/jp/hotel/terrace-midoubaru.html,1,room_open_air_bath;view,raw/booking/booking.html,utf-8,positive,body_positive,high,body_sentiment_inference_needed
OTA full review,Booking.com,booking_d3cd3309c8de6e0b,Joyce,"March 21, 2026",10,“ A great find in Beppu ”,The private onsen was really nice to have at the end of the day while relaxing in the room. The room was very spacious and overlooks the bay. Breakfast was great and the staff were friendly and helpful.,,https://www.booking.com/reviews/jp/hotel/terrace-midoubaru.html,1,room_open_air_bath,raw/booking/booking.html,utf-8,positive,body_positive,high,body_sentiment_inference_needed
OTA full review,Booking.com,booking_e14834fc9ff378e2,Hau,"March 6, 2026",10,“ Excellent resort and would love to return ”,Quiet location up the hill. Private onsen in the room is very nice. Food is excellent and service is impeccable. Easily accessible by taxi. | NA.,,https://www.booking.com/reviews/jp/hotel/terrace-midoubaru.html,1,room_open_air_bath;access_road,raw/booking/booking.html,utf-8,positive,body_positive,high,body_sentiment_inference_needed
OTA full review,Booking.com,booking_fba664f9bc660c70,Palzom,"February 17, 2026",8.0,Very Good,Very pretty. Love the aesthetic and the breakfast provided. | The wall was indeed thin. We were told to be careful with sounds because the soundproof isn’t that good. Though we were careful enough but others didn’t; me and my partner were woke by the steps from above. It was hard to ignore.,,https://www.booking.com/reviews/jp/hotel/terrace-midoubaru.html,0,,raw/booking/booking.html,utf-8,positive,body_positive,high,body_sentiment_inference_needed
OTA full review,Booking.com,booking_e0d011975e606e79,Patsy,"February 4, 2026",8.0,“ Beautiful overall ”,"The location is beautiful - super love. I like the quaint and serenity of the place. The food is amazing - I hope to go back even just for the food. Special shoutout to Ryota Miwa, Tetta Akama & Ryoichi Kourogi. | This is probably asking for extra - but would had been an excellent point if the onsen was prepared instead of me having to try and figure it out. In the end I didn't use it - the one in my room.",,https://www.booking.com/reviews/jp/hotel/terrace-midoubaru.html,1,,raw/booking/booking.html,utf-8,positive,body_positive,high,body_sentiment_inference_needed
OTA full review,Booking.com,booking_5dc201c1011b89da,Ksenia,"January 17, 2026",10,Exceptional,Everything was great.,,https://www.booking.com/reviews/jp/hotel/terrace-midoubaru.html,0,,raw/booking/booking.html,utf-8,positive,body_positive,high,body_sentiment_inference_needed
OTA full review,Booking.com,booking_c8fc04db572efc29,Lauren,"January 14, 2026",9.0,“ Beautiful hotel set up in the hills overlooking Beppu ”,"Loved our stay here, the room was very big even by non Japan standards with gorgeous view overlooking Beppu from our balcony. The vanity area was large and made getting ready in the mornings a pleasure. The hotel itself is beautiful, i would say that the lobby/reception area has potential to be cosy and inviting, but it really isnt. Staff were friendly and helpful. Onsite parking and would need a car if you are going to stay here. | The only issue we found was the footsteps from the room above us were quite loud late at night.",,https://www.booking.com/reviews/jp/hotel/terrace-midoubaru.html,0,view,raw/booking/booking.html,utf-8,neutral,neutral_or_lodging_context,medium,body_sentiment_inference_needed
OTA full review,Booking.com,booking_fde2d1fb7f24c602,Gregory,"January 11, 2026",8.0,"“ Lovely views, comfortable stay, great food. ”","We enjoyed the mini-onset in our bedroom and it was something we could look forward to at the end of a day's outing. We had breakfast catered for, and it was very good. View from the room overlooking Beppu was also quite amazing. | It was a bit remote but it was not really an issue since we had a car.",,https://www.booking.com/reviews/jp/hotel/terrace-midoubaru.html,0,view,raw/booking/booking.html,utf-8,positive,body_positive,high,body_sentiment_inference_needed
OTA full review,Booking.com,booking_0a3ac842b7f6a2bd,March,"December 3, 2025",9.0,Wonderful,The female staff who received us is particularly nice and helpful. So are the waiters at the restaurant. | Ambience of the restaurant is slightly less than Japanese style.,,https://www.booking.com/reviews/jp/hotel/terrace-midoubaru.html,0,,raw/booking/booking.html,utf-8,positive,body_positive,high,body_sentiment_inference_needed
OTA full review,Booking.com,booking_369c547ac9bbbbf9,Da,"November 13, 2025",9.0,Wonderful,"The view from our room was good with our private onsen prepared for us during our 2 nights of stay. The breakfast was yummy and while havimg the breakfast you can tell that the chef has placed a lot of effort and heart to curate the breakfast. Highly recommend for anyone who is planning to book this resort to opt in for the breakfast. The staff are great and we feel extremely welcome. | As we drive, the road to the resort is challenging as it is narrow and curvy.. Have to drive with cautious.",,https://www.booking.com/reviews/jp/hotel/terrace-midoubaru.html,1,room_open_air_bath;view;small_bath_or_room;access_road,raw/booking/booking.html,utf-8,positive,body_positive,high,body_sentiment_inference_needed
OTA full review,Booking.com,booking_023d6882c9e9da8e,Grace,"November 13, 2025",10,Exceptional,"Great view, great service!!",,https://www.booking.com/reviews/jp/hotel/terrace-midoubaru.html,0,view,raw/booking/booking.html,utf-8,positive,body_positive,high,body_sentiment_inference_needed
OTA full review,Booking.com,booking_e40c3eb6feac6118,Theresa,"October 31, 2025",10,“ Picture perfect setting with wonderful amenities and chef was 5 star. ”,"Our stay exceeded our expections and was the highlight of our family two week trip. Food was amazing and gourmet magazine worthy, rooms were large, comfortable, and had every amenity we could want. The location on the hill in a quiet neighborhood was wonderful...we felt like we were in our own private retreat but were an easy taxi or bus ride down to the city. We truly loved our stay here and are recommending it to family and friends to put on their ""bucket lists"". | Everything was perfect..loved everything.",,https://www.booking.com/reviews/jp/hotel/terrace-midoubaru.html,0,access_road,raw/booking/booking.html,utf-8,positive,body_positive,high,body_sentiment_inference_needed
OTA full review,Booking.com,booking_bbaf6b1cd7b1928c,Andrew,"October 22, 2025",9.0,Wonderful,"Large room, staff , excellent , onsen and beds were awesome | Needs maintenance, weeds everywhere",,https://www.booking.com/reviews/jp/hotel/terrace-midoubaru.html,1,,raw/booking/booking.html,utf-8,positive,body_positive,high,body_sentiment_inference_needed
OTA full review,Booking.com,booking_7d436276c25075d8,Emmanuelle,"October 20, 2025",10,Exceptional,The private onsen with the view was very nice. The rooms are big and very comfortable,,https://www.booking.com/reviews/jp/hotel/terrace-midoubaru.html,1,room_open_air_bath;view,raw/booking/booking.html,utf-8,positive,body_positive,high,body_sentiment_inference_needed
OTA full review,Booking.com,booking_a75ecfb35a46a629,Theresa,"October 9, 2025",10,“ The best onsen experience of our 3 week family trip! ”,"The facilities and the staff were beyond expectations. Maria, the assistant manager was amazing…kind, compassionate, efficient and a genuinely nice person. She and the staff made our stay a once-in-a lifetime experience. We were traveling as a group of mostly elderly family members and the staff was most helpful with those who needed assistance with luggage. | Nothing. It was perfect. The in room hot springs bath bath was wonderful",,https://www.booking.com/reviews/jp/hotel/terrace-midoubaru.html,1,,raw/booking/booking.html,utf-8,positive,body_positive,high,body_sentiment_inference_needed
OTA full review,Booking.com,booking_edcac73a3d261af6,Kwang,"September 28, 2025",10,Exceptional,"Lovely place to stay in Beppu. Enjoyed everything about it. Don't skip the breakfast and dinner, highly recommend.",,https://www.booking.com/reviews/jp/hotel/terrace-midoubaru.html,0,,raw/booking/booking.html,utf-8,neutral,neutral_or_lodging_context,medium,body_sentiment_inference_needed
OTA full review,Booking.com,booking_2b32fb1aaaf6809e,Christy,"September 27, 2025",10,“ We made a trip to Beppu just to stay at your hotel for our second time! ”,"Friendly staffs, amazing food, gorgeous room and the private onsen! | We loved everything.",,https://www.booking.com/reviews/jp/hotel/terrace-midoubaru.html,1,room_open_air_bath,raw/booking/booking.html,utf-8,positive,body_positive,high,body_sentiment_inference_needed
OTA full review,Booking.com,booking_3e0770777b910f53,Aiko,"September 23, 2025",9.0,Wonderful,In room onsen was fabulous and everywhere is clean and tidy. Everyone is nice and friendly. The breakfast was nicely prepared even though they didn’t know what time we would come. | It was a bit difficult to adjust the temperature of shower (not onsen).,,https://www.booking.com/reviews/jp/hotel/terrace-midoubaru.html,1,,raw/booking/booking.html,utf-8,positive,body_positive,high,body_sentiment_inference_needed
OTA full review,Booking.com,booking_fe59c2413f37958e,Anecia,"September 2, 2025",10,“ Great relaxing way to spend my birthday! Will be returning soon! ”,"The property had everything we needed but was still close enough to a convenience store, restaurants and other attractions. | Nothing, I loved my stay!",,https://www.booking.com/reviews/jp/hotel/terrace-midoubaru.html,0,,raw/booking/booking.html,utf-8,positive,body_positive,high,body_sentiment_inference_needed
OTA full review,Booking.com,booking_f451c72a7cab94d8,Carmel,"August 11, 2025",8.0,"“ The staff were extremely professional and friend , and our stay was perfect, giving us a wonderful break away from the b ”",The view was heavenly from the suite - the view of the entire Beppu Bay. And so special to have one’s own Onsen bath. | It was a little far from the city centre but that’s its charm and we made use of the taxis and buses which were very easy to navigate.,,https://www.booking.com/reviews/jp/hotel/terrace-midoubaru.html,1,view;access_road,raw/booking/booking.html,utf-8,positive,body_positive,high,body_sentiment_inference_needed
OTA full review,Booking.com,booking_e52aed5a2bed1fee,Nuwat,"April 12, 2025",10,Exceptional,"New nice modern hotel, private onsen in room is exceptional.",,https://www.booking.com/reviews/jp/hotel/terrace-midoubaru.html,1,room_open_air_bath,raw/booking/booking.html,utf-8,positive,body_positive,high,body_sentiment_inference_needed
OTA full review,Booking.com,booking_664e97e631ceef2f,Haubert,"January 13, 2025",8.0,Very Good,Great relaxing hotel with private onsen Staff is kind and helpful,,https://www.booking.com/reviews/jp/hotel/terrace-midoubaru.html,1,room_open_air_bath,raw/booking/booking.html,utf-8,positive,body_positive,high,body_sentiment_inference_needed
Google Maps native visible review via Aside snapshot,Google Maps,google_7358726e871d280e,x86kernel,2026-02 approx,5,Google-native Korean review,친절한 응대가 강하게 언급됨. 온천 욕장 본문 키워드는 snapshot 가시 영역에서 확인되지 않음.,Aside Browser Google Maps review tab snapshot; supplier Trip.com/Tripadvisor cards excluded,https://www.google.com/maps/search/?api=1&query=SEKIYA%20RESORT%20%E3%83%86%E3%83%A9%E3%82%B9%E5%BE%A1%E5%A0%82%E5%8E%9F,0,,Aside Google Maps snapshot 2026-07-08,snapshot,neutral,neutral_or_lodging_context,medium,body_sentiment_inference_needed
Google Maps native visible review via Aside snapshot,Google Maps,google_9f7979c2c96d7755,박정혁,2026-03 approx,5,Google-native Korean review,"부모님 동반 가족여행, 객실 전망과 직원 응대 만족. 온천 욕장 본문 키워드는 snapshot 가시 영역에서 확인되지 않음.",Aside Browser Google Maps review tab snapshot; supplier Trip.com/Tripadvisor cards excluded,https://www.google.com/maps/search/?api=1&query=SEKIYA%20RESORT%20%E3%83%86%E3%83%A9%E3%82%B9%E5%BE%A1%E5%A0%82%E5%8E%9F,0,view,Aside Google Maps snapshot 2026-07-08,snapshot,positive,body_positive,high,body_sentiment_inference_needed
Google Maps native visible review via Aside snapshot,Google Maps,google_d0a70678500c8f17,로리로링,2026-02 approx,5,Google-native Korean review,실내가 넓고 개인탕이 좋았다는 신호. 통창으로 춥고 방음이 약하다는 주의 신호.,Aside Browser Google Maps review tab snapshot; supplier Trip.com/Tripadvisor cards excluded,https://www.google.com/maps/search/?api=1&query=SEKIYA%20RESORT%20%E3%83%86%E3%83%A9%E3%82%B9%E5%BE%A1%E5%A0%82%E5%8E%9F,1,room_open_air_bath;temperature_cold,Aside Google Maps snapshot 2026-07-08,snapshot,mixed,body_positive_and_negative,high,body_sentiment_inference_needed
Google Maps native visible review via Aside snapshot,Google Maps,google_c07ef67b0f415405,Heeyeon Kang,2025 approx,1,Google-native Korean review,객실 청결과 친절은 인정하지만 식사 내용에 강한 불만. 욕장 직접 신호는 snapshot 가시 영역에서 확인되지 않음.,Aside Browser Google Maps review tab snapshot; supplier Trip.com/Tripadvisor cards excluded,https://www.google.com/maps/search/?api=1&query=SEKIYA%20RESORT%20%E3%83%86%E3%83%A9%E3%82%B9%E5%BE%A1%E5%A0%82%E5%8E%9F,0,,Aside Google Maps snapshot 2026-07-08,snapshot,neutral,neutral_or_lodging_context,medium,body_sentiment_inference_needed
Google Maps native visible review via Aside snapshot,Google Maps,google_59b7484e440294cc,Eunchong Lee,2025-11 approx,5,Google-native Korean review,"숙소, 서비스, 개인탕, 무료 유카타를 함께 긍정 평가. 프라이빗 숙소로 추천.",Aside Browser Google Maps review tab snapshot; supplier Trip.com/Tripadvisor cards excluded,https://www.google.com/maps/search/?api=1&query=SEKIYA%20RESORT%20%E3%83%86%E3%83%A9%E3%82%B9%E5%BE%A1%E5%A0%82%E5%8E%9F,1,room_open_air_bath,Aside Google Maps snapshot 2026-07-08,snapshot,positive,body_positive,high,body_sentiment_inference_needed
Google Maps native visible review via Aside snapshot,Google Maps,google_ab599331a3542806,Kim Coner,2020 approx,4,Google-native Korean review,벳푸만 전망과 객실 내 온천 경험은 긍정. 진입로가 좁고 욕조가 조금 작다는 주의 신호.,Aside Browser Google Maps review tab snapshot; supplier Trip.com/Tripadvisor cards excluded,https://www.google.com/maps/search/?api=1&query=SEKIYA%20RESORT%20%E3%83%86%E3%83%A9%E3%82%B9%E5%BE%A1%E5%A0%82%E5%8E%9F,1,room_open_air_bath;view;access_road;small_bath_or_room,Aside Google Maps snapshot 2026-07-08,snapshot,mixed,body_negative_with_context,high,body_sentiment_inference_needed
Google Maps native visible review via Aside snapshot,Google Maps,google_ac9c8ac25276a6fc,Seohyun JI,2020 approx,5,Google-native Korean review,"방 구조와 청결, 실내에서 온천을 즐길 수 있다는 장점을 긍정 평가.",Aside Browser Google Maps review tab snapshot; supplier Trip.com/Tripadvisor cards excluded,https://www.google.com/maps/search/?api=1&query=SEKIYA%20RESORT%20%E3%83%86%E3%83%A9%E3%82%B9%E5%BE%A1%E5%A0%82%E5%8E%9F,1,room_open_air_bath,Aside Google Maps snapshot 2026-07-08,snapshot,positive,rating_positive_signal,medium,body_sentiment_inference_needed
