direct_read_sequence,platform,source_url,page_label,review_id,language,review_date,stay_date,rating,bath_rating,room_rating,title,room_or_plan,body_char_count,onsen_related,bath_area_tags,signal_tags,issue_tags,original_keywords_short,short_paraphrase,signal_direction,direction_backfill_rule,direction_backfill_confidence,direction_backfill_candidate_type
1,Jalan,https://www.jalan.net/yad322946/kuchikomi/,latest_1,Jalan_15398906,ja,2026/7/2,2026年6月宿泊,3,3,3,大雨の温泉,和室 【夕食17：30お約束】ワンランク上の贅沢/想～和敬静寂～きたの茶園×瀬頭酒造×利休コラボ懐石個室食,340,yes,room_bath;public_bath;facility_wide,room_bath_hot_spring;public_bath_hot_spring;water_texture,,温泉,객실 내탕/내풍呂 맥락 언급; 대욕장/공용탕/사우나 맥락 언급; 우레시노 물성/미인탕/원천 신호 언급,positive,positive_signal_no_caution,medium,issue_caution_calibration_needed
2,Jalan,https://www.jalan.net/yad322946/kuchikomi/,latest_1,Jalan_15396854,ja,2026/6/30,2026年6月宿泊,2,3,1,とにかく　残念,和室 【夕食17：30お約束】はじめての方におすすめ！温泉湯豆腐＆佐賀牛+若楠豚のしゃぶしゃぶプラン,474,yes,open_air_public_bath;public_bath;facility_wide,public_bath_hot_spring;water_texture,temperature,温泉;露天;露天風呂,공용 노천탕/浮世風呂 경험 언급; 대욕장/공용탕/사우나 맥락 언급; 우레시노 물성/미인탕/원천 신호 언급; 주의 신호: temperature,mixed,body_negative_with_context,high,issue_caution_calibration_needed
3,Jalan,https://www.jalan.net/yad322946/kuchikomi/,latest_1,Jalan_15395813,ja,2026/6/30,2026年6月宿泊,5,5,4,美味しくて、きれい,ツイン 【贅を極める】貴方はどっち？しゃぶしゃぶor焼肉から選べる極上佐賀牛＆若楠豚堪能プラン,61,yes,facility_wide,water_texture,,温泉;すべすべ,우레시노 물성/미인탕/원천 신호 언급,positive,body_positive,high,issue_caution_calibration_needed
4,Jalan,https://www.jalan.net/yad322946/kuchikomi/,latest_1,Jalan_15395666,ja,2026/6/30,2026年5月宿泊,3,3,3,広い敷地がすごかった。,ツイン 【選べるペアリング付】レストラン個室食/うれしの茶or日本酒をチョイス～ワンランク上の贅沢懐石プラン,99,yes,unclear,booking_confusion,,古い;広い,온천 언급 없는 숙박 경험 리뷰.,mixed,conditional_signal_tag,medium,issue_caution_calibration_needed
5,Jalan,https://www.jalan.net/yad322946/kuchikomi/,latest_1,Jalan_15394543,ja,2026/6/29,2026年6月宿泊,3,2,3,夕食は大満足,和室 【夕食17：30お約束】ワンランク上の贅沢/想～和敬静寂～きたの茶園×瀬頭酒造×利休コラボ懐石個室食,52,yes,public_bath,public_bath_hot_spring;booking_confusion,operation_recheck,,대욕장/공용탕/사우나 맥락 언급; 주의 신호: operation_recheck,mixed,caution_or_issue_tag,high,issue_caution_calibration_needed
6,Jalan,https://www.jalan.net/yad322946/kuchikomi/,latest_1,Jalan_15392463,ja,2026/6/28,2026年6月宿泊,5,5,5,お部屋がよかった！,和洋室 【じゃらんスペシャルウィーク】夕食17：30限定ワンランク上の贅沢/北野茶園×瀬頭酒造×利休コラボ懐石,89,yes,room_open_air_bath;open_air_public_bath;public_bath,room_bath_hot_spring;public_bath_hot_spring,,露天;露天風呂;露天風呂付,객실 노천탕 맥락 언급; 공용 노천탕/浮世風呂 경험 언급; 대욕장/공용탕/사우나 맥락 언급,positive,body_positive,high,issue_caution_calibration_needed
7,Jalan,https://www.jalan.net/yad322946/kuchikomi/,latest_1,Jalan_15389910,ja,2026/6/27,2026年6月宿泊,4,4,4,スパが最高です！,ツイン 【アロマの香りに包まれて】魅惑のオリエンタルスパで珠玉の癒し体験プラン,438,yes,open_air_public_bath;public_bath,public_bath_hot_spring;booking_confusion,operation_recheck,露天;露天風呂;大浴場,공용 노천탕/浮世風呂 경험 언급; 대욕장/공용탕/사우나 맥락 언급; 주의 신호: operation_recheck,mixed,caution_or_issue_tag,high,issue_caution_calibration_needed
8,Jalan,https://www.jalan.net/yad322946/kuchikomi/,latest_1,Jalan_15388923,ja,2026/6/27,2026年6月宿泊,5,4,5,料理が最高！！,和室 【じゃらんスペシャルウィーク】夕食17：30限定ワンランク上の贅沢/温泉湯豆腐＆佐賀牛若楠豚しゃぶしゃぶ,111,yes,facility_wide,water_texture,aging_or_access,温泉,우레시노 물성/미인탕/원천 신호 언급; 주의 신호: aging_or_access,mixed,caution_or_issue_tag,high,issue_caution_calibration_needed
9,Jalan,https://www.jalan.net/yad322946/kuchikomi/,latest_1,Jalan_15385814,ja,2026/6/24,2026年6月宿泊,4,4,4,源泉かけ流しのお湯が良かった,和室 【夕食17：30お約束】ワンランク上の贅沢/人気No.1！温泉湯豆腐と特選佐賀牛・若楠豚しゃぶしゃぶプラン,117,yes,public_bath;facility_wide,public_bath_hot_spring;water_texture,,温泉;源泉;かけ流し,대욕장/공용탕/사우나 맥락 언급; 우레시노 물성/미인탕/원천 신호 언급,positive,body_positive,high,issue_caution_calibration_needed
10,Jalan,https://www.jalan.net/yad322946/kuchikomi/,latest_1,Jalan_15383865,ja,2026/6/23,2026年6月宿泊,3,2,2,嬉野　老舗旅館に期待し過ぎ？だったかも,ツイン 【夕食17：30お約束】ワンランク上の贅沢/人気No.1！温泉湯豆腐と特選佐賀牛・若楠豚しゃぶしゃぶプラン,391,yes,room_bath;open_air_public_bath;public_bath;facility_wide,room_bath_hot_spring;public_bath_hot_spring;water_texture,insects,温泉;露天;露天風呂;大浴場;虫,객실 내탕/내풍呂 맥락 언급; 공용 노천탕/浮世風呂 경험 언급; 대욕장/공용탕/사우나 맥락 언급; 우레시노 물성/미인탕/원천 신호 언급; 주의 신호: insects,negative,low_rating_negative_body,high,issue_caution_calibration_needed
11,Jalan,https://www.jalan.net/yad322946/kuchikomi/,latest_1,Jalan_15380782,ja,2026/6/22,2026年6月宿泊,3,2,2,水道管工事,和室 【じゃらんのお得な10日間】夕食19：30限定ワンランク上の贅沢/きたの茶園×瀬頭酒造×利休コラボ懐石,388,yes,unclear,booking_confusion,operation_recheck;cleanliness,匂い,"주의 신호: operation_recheck,cleanliness",negative,low_rating_negative_body,high,issue_caution_calibration_needed
12,Jalan,https://www.jalan.net/yad322946/kuchikomi/,latest_1,Jalan_15376918,ja,2026/6/20,2026年5月宿泊,3,3,3,夕食時の仲居さんが残念でした,和室 【じゃらんのお得な10日間】夕食17：30限定ワンランク上の贅沢/北野茶園×瀬頭酒造×利休コラボ懐石個室食,228,no,unclear,,,,온천 언급 없는 숙박 경험 리뷰.,mixed,body_negative_with_context,high,issue_caution_calibration_needed
13,Jalan,https://www.jalan.net/yad322946/kuchikomi/,latest_1,Jalan_15374172,ja,2026/6/18,2026年6月宿泊,5,4,5,温泉、料理、サービス,和室 【じゃらんスペシャルウィーク】夕食17：30限定/ワンランク上の贅沢きたの茶園×瀬頭酒造×利休コラボ懐石,328,yes,open_air_public_bath;public_bath;facility_wide,public_bath_hot_spring;water_texture;crowding;booking_confusion,aging_or_access;cleanliness;crowding,温泉;露天;露天風呂;美肌;トロトロ;清掃,"공용 노천탕/浮世風呂 경험 언급; 대욕장/공용탕/사우나 맥락 언급; 우레시노 물성/미인탕/원천 신호 언급; 주의 신호: aging_or_access,cleanliness,crowding",mixed,caution_or_issue_tag,high,issue_caution_calibration_needed
14,Jalan,https://www.jalan.net/yad322946/kuchikomi/,latest_1,Jalan_15372774,ja,2026/6/18,2026年6月宿泊,5,5,5,部屋の檜風呂がよか,ツイン 【1泊朝食付】和洋ビュッフェでモーニング！グループやお子様連れのファミリーにおすすめ！,78,yes,room_bath;public_bath,room_bath_hot_spring;public_bath_hot_spring,,檜風呂,객실 내탕/내풍呂 맥락 언급; 대욕장/공용탕/사우나 맥락 언급,positive,rating_positive_signal,medium,issue_caution_calibration_needed
15,Jalan,https://www.jalan.net/yad322946/kuchikomi/,latest_1,Jalan_15372597,ja,2026/6/18,2026年6月宿泊,4,5,5,今回は,ツイン 【夕食19：30お約束】はじめての方におすすめ！温泉湯豆腐＆佐賀牛/若楠豚で佐賀満喫しゃぶしゃぶプラン,295,yes,facility_wide,water_texture,,温泉,우레시노 물성/미인탕/원천 신호 언급,positive,rating_positive_signal,medium,issue_caution_calibration_needed
16,Jalan,https://www.jalan.net/yad322946/kuchikomi/,latest_1,Jalan_15370180,ja,2026/6/16,2026年6月宿泊,4,5,3,従業員さんの対応とお風呂が良かった,和室 【夕食17：30お約束】ワンランク上の贅沢/想～和敬静寂～きたの茶園×瀬頭酒造×利休コラボ懐石個室食,79,no,unclear,,,,온천 언급 없는 숙박 경험 리뷰.,positive,body_positive,high,issue_caution_calibration_needed
17,Jalan,https://www.jalan.net/yad322946/kuchikomi/,latest_1,Jalan_15367247,ja,2026/6/15,2026年5月宿泊,3,2,3,時期が悪かった,和室 【夕食17：30お約束】ワンランク上の贅沢/想～和敬静寂～きたの茶園×瀬頭酒造×利休コラボ懐石個室食,106,yes,public_bath,public_bath_hot_spring;booking_confusion,operation_recheck,大浴場,대욕장/공용탕/사우나 맥락 언급; 주의 신호: operation_recheck,negative,low_rating_negative_body,high,issue_caution_calibration_needed
18,Jalan,https://www.jalan.net/yad322946/kuchikomi/,latest_1,Jalan_15358127,ja,2026/6/9,2026年5月宿泊,3,2,2,いつも本屋さんだけ利用してて今回初めて宿泊した,和室 【5月厳選】和洋ビュッフェでモーニング！グループやファミリーにおすすめ！1泊朝食付プラン,230,yes,room_open_air_bath;room_bath;open_air_public_bath;public_bath,room_bath_hot_spring;public_bath_hot_spring;water_texture;booking_confusion,operation_recheck,露天;露天風呂;大浴場,객실 노천탕 맥락 언급; 객실 내탕/내풍呂 맥락 언급; 공용 노천탕/浮世風呂 경험 언급; 대욕장/공용탕/사우나 맥락 언급; 우레시노 물성/미인탕/원천 신호 언급; 주의 신호: operation_recheck,mixed,caution_or_issue_tag,high,issue_caution_calibration_needed
19,Jalan,https://www.jalan.net/yad322946/kuchikomi/,latest_1,Jalan_15354291,ja,2026/6/8,2026年5月宿泊,5,5,5,とても素敵なところでした,和室 【じゃらんのお得な10日間】1泊朝食付和洋ビュッフェでモーニング！お子様連れのファミリーにおすすめ！,138,yes,open_air_public_bath;public_bath,public_bath_hot_spring,,露天;露天風呂;広い,공용 노천탕/浮世風呂 경험 언급; 대욕장/공용탕/사우나 맥락 언급,positive,rating_positive_signal,medium,issue_caution_calibration_needed
20,Jalan,https://www.jalan.net/yad322946/kuchikomi/,latest_1,Jalan_15352366,ja,2026/6/8,2026年6月宿泊,4,5,3,温泉がよかった,和室 【夕食17：30お約束】迷ったらこちら！旬の嬉野・佐賀を味わうこだわり懐石/レストラン個室食,56,yes,public_bath;facility_wide,public_bath_hot_spring;water_texture;booking_confusion,aging_or_access,温泉;トロトロ,대욕장/공용탕/사우나 맥락 언급; 우레시노 물성/미인탕/원천 신호 언급; 주의 신호: aging_or_access,mixed,caution_or_issue_tag,high,issue_caution_calibration_needed
21,Jalan,https://www.jalan.net/yad322946/kuchikomi/,latest_1,Jalan_15351582,ja,2026/6/7,2026年6月宿泊,4,3,5,展望風呂付き客室最高！,ツイン 【じゃらんのお得な10日間】夕食17：30お約束/ワンランク上の贅沢～温泉湯豆腐と佐賀牛若楠豚しゃぶしゃぶ,217,yes,public_bath;facility_wide,public_bath_hot_spring;water_texture;booking_confusion,aging_or_access,温泉;大浴場;とろとろ,대욕장/공용탕/사우나 맥락 언급; 우레시노 물성/미인탕/원천 신호 언급; 주의 신호: aging_or_access,mixed,caution_or_issue_tag,high,issue_caution_calibration_needed
22,Jalan,https://www.jalan.net/yad322946/kuchikomi/,latest_1,Jalan_15350736,ja,2026/6/7,2026年6月宿泊,4,3,3,新車記念旅行,和室 【夕食17：30お約束】ワンランク上の贅沢/想～和敬静寂～きたの茶園×瀬頭酒造×利休コラボ懐石個室食,217,yes,public_bath;facility_wide,public_bath_hot_spring;water_texture;booking_confusion,aging_or_access,温泉,대욕장/공용탕/사우나 맥락 언급; 우레시노 물성/미인탕/원천 신호 언급; 주의 신호: aging_or_access,mixed,caution_or_issue_tag,high,issue_caution_calibration_needed
23,Jalan,https://www.jalan.net/yad322946/kuchikomi/,latest_1,Jalan_15349575,ja,2026/6/7,2026年5月宿泊,3,3,3,誕生日に利休コラボ懐石,和室 【夕食17：30お約束】ワンランク上の贅沢/想～和敬静寂～きたの茶園×瀬頭酒造×利休コラボ懐石個室食,206,yes,public_bath,public_bath_hot_spring;booking_confusion,operation_recheck;aging_or_access,大浴場,"대욕장/공용탕/사우나 맥락 언급; 주의 신호: operation_recheck,aging_or_access",mixed,caution_or_issue_tag,high,issue_caution_calibration_needed
24,Jalan,https://www.jalan.net/yad322946/kuchikomi/,latest_1,Jalan_15348390,ja,2026/6/6,2026年6月宿泊,4,3,3,なんと無く,和室 【夕食17：30お約束】ワンランク上の贅沢/想～和敬静寂～きたの茶園×瀬頭酒造×利休コラボ懐石個室食,61,no,unclear,,,,온천 언급 없는 숙박 경험 리뷰.,neutral,neutral_or_lodging_context,medium,issue_caution_calibration_needed
25,Jalan,https://www.jalan.net/yad322946/kuchikomi/,latest_1,Jalan_15347170,ja,2026/6/6,2026年6月宿泊,5,3,5,やっと泊まれました,和室 【夕食17：30お約束】ワンランク上の贅沢/想～和敬静寂～きたの茶園×瀬頭酒造×利休コラボ懐石個室食,442,yes,unclear,booking_confusion,cleanliness,古い;匂い,주의 신호: cleanliness,mixed,caution_or_issue_tag,high,issue_caution_calibration_needed
26,Jalan,https://www.jalan.net/yad322946/kuchikomi/,latest_1,Jalan_15347104,ja,2026/6/6,2026年6月宿泊,5,4,4,夫婦で嬉野温泉 楽しめました！,和室 【夕食17：30お約束】ワンランク上の贅沢/想～和敬静寂～きたの茶園×瀬頭酒造×利休コラボ懐石個室食,175,yes,public_bath;facility_wide,public_bath_hot_spring;water_texture,,温泉,대욕장/공용탕/사우나 맥락 언급; 우레시노 물성/미인탕/원천 신호 언급,positive,body_positive,high,issue_caution_calibration_needed
27,Jalan,https://www.jalan.net/yad322946/kuchikomi/,latest_1,Jalan_15344174,ja,2026/6/4,2026年6月宿泊,4,4,4,部屋と、食事,和室 【夕食17：30お約束】ワンランク上の贅沢/想～和敬静寂～きたの茶園×瀬頭酒造×利休コラボ懐石個室食,64,no,unclear,,,,온천 언급 없는 숙박 경험 리뷰.,neutral,neutral_or_lodging_context,medium,issue_caution_calibration_needed
28,Jalan,https://www.jalan.net/yad322946/kuchikomi/,latest_1,Jalan_15340933,ja,2026/6/2,2026年6月宿泊,3,3,3,癒しの温泉,和室 【朝夕お部屋食】水明荘/当館最高級のおもてなし数奇屋造りの別邸で過ごす至福のひととき特別懐石プラン,134,yes,facility_wide,water_texture,,温泉,우레시노 물성/미인탕/원천 신호 언급,positive,positive_signal_no_caution,medium,issue_caution_calibration_needed
29,Jalan,https://www.jalan.net/yad322946/kuchikomi/,latest_1,Jalan_15340753,ja,2026/6/2,2026年6月宿泊,5,5,5,全てが最高！,和室 【夕食17：30お約束】ワンランク上の贅沢/想～和敬静寂～きたの茶園×瀬頭酒造×利休コラボ懐石個室食,100,no,unclear,,,,온천 언급 없는 숙박 경험 리뷰.,positive,body_positive,high,issue_caution_calibration_needed
30,Jalan,https://www.jalan.net/yad322946/kuchikomi/,latest_1,Jalan_15340434,ja,2026/6/2,2026年6月宿泊,2,1,2,久しぶりの娘と旅行,ツイン 【夕食17：30お約束】ワンランク上の贅沢/想～和敬静寂～きたの茶園×瀬頭酒造×利休コラボ懐石個室食,138,yes,public_bath,public_bath_hot_spring,aging_or_access;cleanliness,匂い,"대욕장/공용탕/사우나 맥락 언급; 주의 신호: aging_or_access,cleanliness",mixed,caution_or_issue_tag,high,issue_caution_calibration_needed
31,Jalan,https://www.jalan.net/yad322946/kuchikomi/2.HTML,latest_2,Jalan_15340368,ja,2026/6/2,2026年6月宿泊,4,5,5,部屋にある露天風呂最高,和室 【1泊朝食付】和洋ビュッフェでモーニング！グループやお子様連れのファミリーにおすすめ！,412,yes,room_open_air_bath;open_air_public_bath;public_bath,room_bath_hot_spring;public_bath_hot_spring,aging_or_access,露天;露天風呂,객실 노천탕 맥락 언급; 공용 노천탕/浮世風呂 경험 언급; 대욕장/공용탕/사우나 맥락 언급; 주의 신호: aging_or_access,mixed,caution_or_issue_tag,high,issue_caution_calibration_needed
32,Jalan,https://www.jalan.net/yad322946/kuchikomi/2.HTML,latest_2,Jalan_15339773,ja,2026/6/2,2026年5月宿泊,5,5,4,館内施設が楽しい,和室 【夕食17：30お約束】ワンランク上の贅沢/想～和敬静寂～きたの茶園×瀬頭酒造×利休コラボ懐石個室食,90,no,unclear,,,,온천 언급 없는 숙박 경험 리뷰.,positive,body_positive,high,issue_caution_calibration_needed
33,Jalan,https://www.jalan.net/yad322946/kuchikomi/2.HTML,latest_2,Jalan_15336046,ja,2026/5/31,2026年5月宿泊,4,5,5,子供も喜ぶ宿,和室 【1泊朝食付】和洋ビュッフェでモーニング！グループやお子様連れのファミリーにおすすめ！,177,no,unclear,,,,온천 언급 없는 숙박 경험 리뷰.,neutral,neutral_or_lodging_context,medium,issue_caution_calibration_needed
34,Jalan,https://www.jalan.net/yad322946/kuchikomi/2.HTML,latest_2,Jalan_15331577,ja,2026/5/30,2026年5月宿泊,1,1,1,全てが台無しに…,和室 【夕食19：30お約束】はじめての方におすすめ！温泉湯豆腐＆佐賀牛/若楠豚で佐賀満喫しゃぶしゃぶプラン,186,yes,private_bath;public_bath;facility_wide,public_bath_hot_spring;water_texture;private_bath_experience;booking_confusion,operation_recheck,温泉,대욕장/공용탕/사우나 맥락 언급; 대절탕/貸切風呂 맥락 언급; 우레시노 물성/미인탕/원천 신호 언급; 주의 신호: operation_recheck,mixed,caution_or_issue_tag,high,issue_caution_calibration_needed
35,Jalan,https://www.jalan.net/yad322946/kuchikomi/2.HTML,latest_2,Jalan_15330449,ja,2026/5/29,2026年5月宿泊,3,2,2,大浴場,ツイン 【夕食17：30お約束】ワンランク上の贅沢/人気No.1！温泉湯豆腐と特選佐賀牛・若楠豚しゃぶしゃぶプラン,124,yes,public_bath;facility_wide,public_bath_hot_spring;water_texture;booking_confusion,operation_recheck,温泉;大浴場,대욕장/공용탕/사우나 맥락 언급; 우레시노 물성/미인탕/원천 신호 언급; 주의 신호: operation_recheck,mixed,caution_or_issue_tag,high,issue_caution_calibration_needed
36,Jalan,https://www.jalan.net/yad322946/kuchikomi/2.HTML,latest_2,Jalan_15330077,ja,2026/5/29,2026年5月宿泊,3,4,3,温泉は良かったです。,ツイン 【夕食19：30お約束】ワンランク上の贅沢/想～和敬静寂～きたの茶園×瀬頭酒造×利休コラボ懐石個室食,110,yes,facility_wide,water_texture,,温泉,우레시노 물성/미인탕/원천 신호 언급,positive,body_positive,high,issue_caution_calibration_needed
37,Jalan,https://www.jalan.net/yad322946/kuchikomi/2.HTML,latest_2,Jalan_15326767,ja,2026/5/27,2026年5月宿泊,5,5,4,楽しかった,ツイン 【夕食17：30お約束】ワンランク上の贅沢/人気No.1！温泉湯豆腐と特選佐賀牛・若楠豚しゃぶしゃぶプラン,229,yes,facility_wide,water_texture;booking_confusion,operation_recheck,温泉,우레시노 물성/미인탕/원천 신호 언급; 주의 신호: operation_recheck,mixed,caution_or_issue_tag,high,issue_caution_calibration_needed
38,Jalan,https://www.jalan.net/yad322946/kuchikomi/2.HTML,latest_2,Jalan_15326696,ja,2026/5/27,2026年5月宿泊,4,4,3,御飯とお湯,和室 【じゃらんスペシャルウィーク】夕食17：30限定ワンランク上の贅沢/温泉湯豆腐と佐賀牛若楠豚しゃぶしゃぶ,60,yes,public_bath;facility_wide,public_bath_hot_spring;water_texture;booking_confusion,operation_recheck,温泉;とろとろ,대욕장/공용탕/사우나 맥락 언급; 우레시노 물성/미인탕/원천 신호 언급; 주의 신호: operation_recheck,mixed,caution_or_issue_tag,high,issue_caution_calibration_needed
39,Jalan,https://www.jalan.net/yad322946/kuchikomi/2.HTML,latest_2,Jalan_15325816,ja,2026/5/26,2026年5月宿泊,5,4,5,結婚記念日に嬉野へ,ツイン 【夕食19：30お約束】ワンランク上の贅沢/想～和敬静寂～きたの茶園×瀬頭酒造×利休コラボ懐石個室食,358,yes,facility_wide,water_texture,,温泉;古い,우레시노 물성/미인탕/원천 신호 언급,positive,rating_positive_signal,medium,issue_caution_calibration_needed
40,Jalan,https://www.jalan.net/yad322946/kuchikomi/2.HTML,latest_2,Jalan_15325693,ja,2026/5/26,2026年5月宿泊,4,5,5,お風呂に満足,和室 【じゃらんスペシャルウィーク】夕食19：30限定ワンランク上の贅沢/温泉湯豆腐＆佐賀牛若楠豚しゃぶしゃぶ,524,yes,room_open_air_bath;room_bath;open_air_public_bath;public_bath;facility_wide,room_bath_hot_spring;public_bath_hot_spring;water_texture;crowding;booking_confusion,operation_recheck,温泉;露天;露天風呂,객실 노천탕 맥락 언급; 객실 내탕/내풍呂 맥락 언급; 공용 노천탕/浮世風呂 경험 언급; 대욕장/공용탕/사우나 맥락 언급; 우레시노 물성/미인탕/원천 신호 언급; 주의 신호: operation_recheck,mixed,caution_or_issue_tag,high,issue_caution_calibration_needed
41,Jalan,https://www.jalan.net/yad322946/kuchikomi/2.HTML,latest_2,Jalan_15325111,ja,2026/5/26,2026年5月宿泊,4,4,3,夕食の会席料理は美味しかったです。,和室 【夕食17：30お約束】ワンランク上の贅沢/想～和敬静寂～きたの茶園×瀬頭酒造×利休コラボ懐石個室食,128,yes,facility_wide,water_texture,temperature,温泉,우레시노 물성/미인탕/원천 신호 언급; 주의 신호: temperature,mixed,caution_or_issue_tag,high,issue_caution_calibration_needed
42,Jalan,https://www.jalan.net/yad322946/kuchikomi/2.HTML,latest_2,Jalan_15324716,ja,2026/5/26,2026年5月宿泊,4,2,4,お料理、グッド,和室 【じゃらんスペシャルウィーク】夕食19：30限定ワンランク上の贅沢/北野茶園×瀬頭酒造×利休コラボ懐石,170,yes,open_air_public_bath;public_bath,public_bath_hot_spring;booking_confusion,operation_recheck,露天;露天風呂,공용 노천탕/浮世風呂 경험 언급; 대욕장/공용탕/사우나 맥락 언급; 주의 신호: operation_recheck,mixed,caution_or_issue_tag,high,issue_caution_calibration_needed
43,Jalan,https://www.jalan.net/yad322946/kuchikomi/2.HTML,latest_2,Jalan_15322287,ja,2026/5/25,2026年5月宿泊,3,2,1,お茶が美味しい,和室 【5月厳選】夕食17：30お約束/ワンランク上の贅沢/和敬静寂～きたの茶園×瀬頭酒造×利休コラボ懐石個室食,151,yes,public_bath,public_bath_hot_spring;booking_confusion,operation_recheck,大浴場;古い,대욕장/공용탕/사우나 맥락 언급; 주의 신호: operation_recheck,mixed,caution_or_issue_tag,high,issue_caution_calibration_needed
44,Jalan,https://www.jalan.net/yad322946/kuchikomi/2.HTML,latest_2,Jalan_15319482,ja,2026/5/24,2026年5月宿泊,5,5,5,良いお湯・料理でした。,和室 【選べるペアリング付】レストラン個室食/うれしの茶or日本酒をチョイス～ワンランク上の贅沢懐石プラン,281,yes,room_bath;open_air_public_bath;public_bath,room_bath_hot_spring;public_bath_hot_spring;water_texture,,露天;露天風呂;大浴場,객실 내탕/내풍呂 맥락 언급; 공용 노천탕/浮世風呂 경험 언급; 대욕장/공용탕/사우나 맥락 언급; 우레시노 물성/미인탕/원천 신호 언급,positive,rating_positive_signal,medium,issue_caution_calibration_needed
45,Jalan,https://www.jalan.net/yad322946/kuchikomi/2.HTML,latest_2,Jalan_15319125,ja,2026/5/24,2026年5月宿泊,3,2,3,期待外れ,和室 【贅を極める】貴方はどっち？しゃぶしゃぶor焼肉から選べる極上佐賀牛＆若楠豚堪能プラン,304,yes,open_air_public_bath;public_bath;facility_wide,public_bath_hot_spring;water_texture,temperature,露天;露天風呂,공용 노천탕/浮世風呂 경험 언급; 대욕장/공용탕/사우나 맥락 언급; 우레시노 물성/미인탕/원천 신호 언급; 주의 신호: temperature,negative,low_rating_negative_body,high,issue_caution_calibration_needed
46,Jalan,https://www.jalan.net/yad322946/kuchikomi/2.HTML,latest_2,Jalan_15319027,ja,2026/5/24,2026年5月宿泊,3,3,4,毎回温泉ドライブル,ツイン 【アロマの香りに包まれて】魅惑のオリエンタルスパで珠玉の癒し体験プラン,240,yes,open_air_public_bath;public_bath;facility_wide,public_bath_hot_spring;water_texture,,温泉;露天;露天風呂;大浴場,공용 노천탕/浮世風呂 경험 언급; 대욕장/공용탕/사우나 맥락 언급; 우레시노 물성/미인탕/원천 신호 언급,positive,positive_signal_no_caution,medium,issue_caution_calibration_needed
47,Jalan,https://www.jalan.net/yad322946/kuchikomi/2.HTML,latest_2,Jalan_15315313,ja,2026/5/22,2026年5月宿泊,4,4,4,老舗旅館,ツイン 【1泊朝食付】和洋ビュッフェでモーニング！グループやお子様連れのファミリーにおすすめ！,301,yes,open_air_public_bath;public_bath;facility_wide,public_bath_hot_spring;water_texture;booking_confusion,operation_recheck,温泉;露天;露天風呂;大浴場;すべすべ,공용 노천탕/浮世風呂 경험 언급; 대욕장/공용탕/사우나 맥락 언급; 우레시노 물성/미인탕/원천 신호 언급; 주의 신호: operation_recheck,mixed,caution_or_issue_tag,high,issue_caution_calibration_needed
48,Jalan,https://www.jalan.net/yad322946/kuchikomi/2.HTML,latest_2,Jalan_15313497,ja,2026/5/21,2026年5月宿泊,5,5,4,非日常を味わえるホテル,和室 【夕食19：30お約束】迷ったらこちら！旬の嬉野・佐賀を味わうこだわり懐石/レストラン個室食,419,yes,facility_wide,water_texture;booking_confusion,aging_or_access,温泉,우레시노 물성/미인탕/원천 신호 언급; 주의 신호: aging_or_access,mixed,caution_or_issue_tag,high,issue_caution_calibration_needed
49,Jalan,https://www.jalan.net/yad322946/kuchikomi/2.HTML,latest_2,Jalan_15311641,ja,2026/5/20,2026年5月宿泊,5,5,5,良い思い出,ツイン 【夕食17：30お約束】ワンランク上の贅沢/想～和敬静寂～きたの茶園×瀬頭酒造×利休コラボ懐石個室食,89,yes,public_bath,public_bath_hot_spring,,,대욕장/공용탕/사우나 맥락 언급,positive,rating_positive_signal,medium,issue_caution_calibration_needed
50,Jalan,https://www.jalan.net/yad322946/kuchikomi/2.HTML,latest_2,Jalan_15307513,ja,2026/5/18,2026年5月宿泊,4,4,3,珍道中,和室 【じゃらんスペシャルウィーク】夕食17：30限定ワンランク上の贅沢/北野茶園×瀬頭酒造×利休コラボ懐石,60,yes,facility_wide,water_texture,,温泉,우레시노 물성/미인탕/원천 신호 언급,positive,rating_positive_signal,medium,issue_caution_calibration_needed
51,Jalan,https://www.jalan.net/yad322946/kuchikomi/2.HTML,latest_2,Jalan_15304964,ja,2026/5/17,2026年5月宿泊,4,3,3,若い観光客向きかな,和室 【夕食17：30お約束】迷ったらこちら！旬の嬉野・佐賀を味わうこだわり懐石/レストラン個室食,463,yes,public_bath,public_bath_hot_spring;crowding;booking_confusion,operation_recheck;aging_or_access;temperature;cleanliness;crowding,大浴場;混雑,"대욕장/공용탕/사우나 맥락 언급; 주의 신호: operation_recheck,aging_or_access,temperature",mixed,caution_or_issue_tag,high,issue_caution_calibration_needed
52,Jalan,https://www.jalan.net/yad322946/kuchikomi/2.HTML,latest_2,Jalan_15304951,ja,2026/5/17,2026年5月宿泊,5,5,5,とても良かった！,和室 【1泊朝食付】和洋ビュッフェでモーニング！グループやお子様連れのファミリーにおすすめ！,500,yes,public_bath;facility_wide,public_bath_hot_spring;water_texture;crowding;booking_confusion,operation_recheck;aging_or_access;cleanliness;crowding,混雑;臭い,"대욕장/공용탕/사우나 맥락 언급; 우레시노 물성/미인탕/원천 신호 언급; 주의 신호: operation_recheck,aging_or_access,cleanliness",mixed,body_positive_and_negative,high,issue_caution_calibration_needed
53,Jalan,https://www.jalan.net/yad322946/kuchikomi/2.HTML,latest_2,Jalan_15287447,ja,2026/5/10,2026年4月宿泊,3,2,3,全体的に普通。,和室 【じゃらんスペシャルウィーク】夕食17：30限定ワンランク上の贅沢/きたの茶園×瀬頭酒造×利休コラボ懐石,193,yes,public_bath,public_bath_hot_spring,,古い,대욕장/공용탕/사우나 맥락 언급,positive,positive_signal_no_caution,medium,issue_caution_calibration_needed
54,Jalan,https://www.jalan.net/yad322946/kuchikomi/2.HTML,latest_2,Jalan_15280844,ja,2026/5/8,2026年4月宿泊,4,4,5,桜満開の中で、のんびりと過ごす宿,ツイン 【夕食19：30お約束】ワンランク上の贅沢/想～和敬静寂～きたの茶園×瀬頭酒造×利休コラボ懐石個室食,70,no,unclear,,,,온천 언급 없는 숙박 경험 리뷰.,positive,body_positive,high,issue_caution_calibration_needed
55,Jalan,https://www.jalan.net/yad322946/kuchikomi/2.HTML,latest_2,Jalan_15279316,ja,2026/5/7,2026年5月宿泊,3,3,3,ゆっくりくつろぎました。,和室 【じゃらんのお得な10日間】夕食19：30限定ワンランク上の贅沢/北野茶園×瀬頭酒造×利休コラボ懐石個室食,77,yes,open_air_public_bath;public_bath,public_bath_hot_spring,temperature,露天;露天風呂,공용 노천탕/浮世風呂 경험 언급; 대욕장/공용탕/사우나 맥락 언급; 주의 신호: temperature,mixed,caution_or_issue_tag,high,issue_caution_calibration_needed
56,Jalan,https://www.jalan.net/yad322946/kuchikomi/2.HTML,latest_2,Jalan_15277699,ja,2026/5/7,2026年4月宿泊,5,5,5,２年続けて水明荘二回目の利用で、満足　満足！！,和室 【朝夕お部屋食】水明荘/当館最高級のおもてなし数奇屋造りの別邸で過ごす至福のひととき特別懐石プラン,505,yes,room_open_air_bath;open_air_public_bath;public_bath;facility_wide,room_bath_hot_spring;public_bath_hot_spring;water_texture;crowding;booking_confusion,operation_recheck;crowding,温泉;露天;露天風呂;露天風呂付;源泉;サウナ,"객실 노천탕 맥락 언급; 공용 노천탕/浮世風呂 경험 언급; 대욕장/공용탕/사우나 맥락 언급; 우레시노 물성/미인탕/원천 신호 언급; 주의 신호: operation_recheck,crowding",mixed,caution_or_issue_tag,high,issue_caution_calibration_needed
57,Jalan,https://www.jalan.net/yad322946/kuchikomi/2.HTML,latest_2,Jalan_15273786,ja,2026/5/6,2026年4月宿泊,5,5,5,老舗で新しい、寛ぎの宿！,和室 【夕食17：30お約束】はじめての方におすすめ！温泉湯豆腐＆佐賀牛+若楠豚のしゃぶしゃぶプラン,350,yes,room_open_air_bath;open_air_public_bath;public_bath;facility_wide,room_bath_hot_spring;public_bath_hot_spring;water_texture;booking_confusion,operation_recheck,温泉;露天;露天風呂,객실 노천탕 맥락 언급; 공용 노천탕/浮世風呂 경험 언급; 대욕장/공용탕/사우나 맥락 언급; 우레시노 물성/미인탕/원천 신호 언급; 주의 신호: operation_recheck,mixed,caution_or_issue_tag,high,issue_caution_calibration_needed
58,Jalan,https://www.jalan.net/yad322946/kuchikomi/2.HTML,latest_2,Jalan_15269476,ja,2026/5/5,2026年5月宿泊,5,4,4,素晴らしいしか思えない,和室 【朝夕お部屋食】水明荘/当館最高級のおもてなし数奇屋造りの別邸で過ごす至福のひととき特別懐石プラン,76,no,unclear,,,,온천 언급 없는 숙박 경험 리뷰.,positive,body_positive,high,issue_caution_calibration_needed
59,Jalan,https://www.jalan.net/yad322946/kuchikomi/2.HTML,latest_2,Jalan_15267647,ja,2026/5/4,2026年4月宿泊,4,3,4,大人向けゆったり旅に,ツイン 【じゃらんスペシャルウィーク】夕食19：30限定ワンランク上の贅沢/北野茶園×瀬頭酒造×利休コラボ懐石,179,yes,facility_wide,water_texture,,温泉,우레시노 물성/미인탕/원천 신호 언급,positive,positive_signal_no_caution,medium,issue_caution_calibration_needed
60,Jalan,https://www.jalan.net/yad322946/kuchikomi/2.HTML,latest_2,Jalan_15263198,ja,2026/5/3,2026年5月宿泊,5,5,5,ひとときの贅沢,和室 【じゃらんスペシャルウィーク】夕食17：30限定ワンランク上の贅沢/きたの茶園×瀬頭酒造×利休コラボ懐石,467,yes,room_bath;open_air_public_bath;public_bath,room_bath_hot_spring;public_bath_hot_spring,,露天;露天風呂;大浴場,객실 내탕/내풍呂 맥락 언급; 공용 노천탕/浮世風呂 경험 언급; 대욕장/공용탕/사우나 맥락 언급,positive,body_positive,high,issue_caution_calibration_needed
61,Jalan,https://www.jalan.net/yad322946/kuchikomi/3.HTML,latest_3,Jalan_15259985,ja,2026/5/1,2026年4月宿泊,4,5,2,夕食と風呂を楽しみました。,和室 【じゃらんスペシャルウィーク】夕食17：30限定ワンランク上の贅沢/きたの茶園×瀬頭酒造×利休コラボ懐石,584,yes,public_bath;facility_wide,public_bath_hot_spring;water_texture,,温泉;すべすべ,대욕장/공용탕/사우나 맥락 언급; 우레시노 물성/미인탕/원천 신호 언급,positive,body_positive,high,issue_caution_calibration_needed
62,Jalan,https://www.jalan.net/yad322946/kuchikomi/3.HTML,latest_3,Jalan_15256272,ja,2026/4/30,2026年3月宿泊,4,5,4,姉妹旅行におすすめ,和室 【じゃらんのお得な10日間】夕食19：30お約束/ワンランク上の贅沢～温泉湯豆腐と佐賀牛若楠豚しゃぶしゃぶ,152,yes,open_air_public_bath;public_bath;facility_wide,public_bath_hot_spring;water_texture;booking_confusion,operation_recheck,温泉;露天;内湯,공용 노천탕/浮世風呂 경험 언급; 대욕장/공용탕/사우나 맥락 언급; 우레시노 물성/미인탕/원천 신호 언급; 주의 신호: operation_recheck,mixed,caution_or_issue_tag,high,issue_caution_calibration_needed
63,Jalan,https://www.jalan.net/yad322946/kuchikomi/3.HTML,latest_3,Jalan_15255080,ja,2026/4/29,2026年4月宿泊,5,5,4,お風呂が広くてびっくりしました。,ツイン 【夕食19：30お約束】ワンランク上の贅沢/想～和敬静寂～きたの茶園×瀬頭酒造×利休コラボ懐石個室食,71,yes,public_bath;facility_wide,public_bath_hot_spring;water_texture,,温泉;サウナ;広い,대욕장/공용탕/사우나 맥락 언급; 우레시노 물성/미인탕/원천 신호 언급,positive,rating_positive_signal,medium,issue_caution_calibration_needed
64,Jalan,https://www.jalan.net/yad322946/kuchikomi/3.HTML,latest_3,Jalan_15252124,ja,2026/4/28,2026年2月宿泊,3,2,4,若い人におすすめ,ツイン 【じゃらんのお得な10日間】夕食19：30お約束/ワンランク上の贅沢～温泉湯豆腐と佐賀牛若楠豚しゃぶしゃぶ,88,yes,public_bath;facility_wide,public_bath_hot_spring;water_texture,,温泉,대욕장/공용탕/사우나 맥락 언급; 우레시노 물성/미인탕/원천 신호 언급,positive,positive_signal_no_caution,medium,issue_caution_calibration_needed
65,Jalan,https://www.jalan.net/yad322946/kuchikomi/3.HTML,latest_3,Jalan_15251989,ja,2026/4/28,2026年4月宿泊,5,5,5,部屋の露天風呂に大満足,和室 【じゃらんスペシャルウィーク】夕食17：30限定ワンランク上の贅沢/北野茶園×瀬頭酒造×利休コラボ懐石,108,yes,room_open_air_bath;room_bath;open_air_public_bath;public_bath;facility_wide,room_bath_hot_spring;public_bath_hot_spring;water_texture,temperature,温泉;露天;露天風呂;露天風呂付;源泉;源泉掛け流し,객실 노천탕 맥락 언급; 객실 내탕/내풍呂 맥락 언급; 공용 노천탕/浮世風呂 경험 언급; 대욕장/공용탕/사우나 맥락 언급; 우레시노 물성/미인탕/원천 신호 언급; 주의 신호: temperature,mixed,caution_or_issue_tag,high,issue_caution_calibration_needed
66,Jalan,https://www.jalan.net/yad322946/kuchikomi/3.HTML,latest_3,Jalan_15247932,ja,2026/4/26,2026年4月宿泊,3,1,4,泊まりたかったお宿,和室 【じゃらんスペシャルウィーク】和洋ビュッフェ付グループやファミリーにおすすめ！1泊朝食プラン,208,yes,room_bath;public_bath;facility_wide,room_bath_hot_spring;public_bath_hot_spring;water_texture,,温泉,객실 내탕/내풍呂 맥락 언급; 대욕장/공용탕/사우나 맥락 언급; 우레시노 물성/미인탕/원천 신호 언급,positive,positive_signal_no_caution,medium,issue_caution_calibration_needed
67,Jalan,https://www.jalan.net/yad322946/kuchikomi/3.HTML,latest_3,Jalan_15247119,ja,2026/4/26,2026年4月宿泊,2,3,1,ちょっと……,和室 【じゃらんのお得な10日間】夕食17：30限定/ワンランク上の贅沢/温泉湯豆腐と佐賀牛＆若楠豚しゃぶしゃぶ,82,yes,facility_wide,water_texture,,温泉,우레시노 물성/미인탕/원천 신호 언급,positive,positive_signal_no_caution,medium,issue_caution_calibration_needed
68,Jalan,https://www.jalan.net/yad322946/kuchikomi/3.HTML,latest_3,Jalan_15245715,ja,2026/4/26,2026年3月宿泊,2,1,1,食後のお茶は有料,和室 【じゃらんのお得な10日間】【夕食19：30お約束】温泉湯豆腐と特選佐賀牛・若楠豚しゃぶしゃぶプラン,226,yes,public_bath;facility_wide,public_bath_hot_spring;water_texture;booking_confusion,aging_or_access,温泉;大浴場,대욕장/공용탕/사우나 맥락 언급; 우레시노 물성/미인탕/원천 신호 언급; 주의 신호: aging_or_access,mixed,caution_or_issue_tag,high,issue_caution_calibration_needed
69,Jalan,https://www.jalan.net/yad322946/kuchikomi/3.HTML,latest_3,Jalan_15243484,ja,2026/4/24,2026年4月宿泊,5,4,4,整う宿,和室 【夕食19：30お約束】ワンランク上の贅沢/想～和敬静寂～きたの茶園×瀬頭酒造×利休コラボ懐石個室食,275,yes,public_bath;facility_wide,public_bath_hot_spring;water_texture;booking_confusion,operation_recheck,温泉,대욕장/공용탕/사우나 맥락 언급; 우레시노 물성/미인탕/원천 신호 언급; 주의 신호: operation_recheck,mixed,caution_or_issue_tag,high,issue_caution_calibration_needed
70,Jalan,https://www.jalan.net/yad322946/kuchikomi/3.HTML,latest_3,Jalan_15242052,ja,2026/4/24,2026年4月宿泊,2,3,2,食事は美味しかった,和室 【贅を極める】貴方はどっち？しゃぶしゃぶor焼肉から選べる極上佐賀牛＆若楠豚堪能プラン,428,yes,open_air_public_bath;public_bath,public_bath_hot_spring,cleanliness,露天;臭い;匂い,공용 노천탕/浮世風呂 경험 언급; 대욕장/공용탕/사우나 맥락 언급; 주의 신호: cleanliness,mixed,body_negative_with_context,high,issue_caution_calibration_needed
71,Jalan,https://www.jalan.net/yad322946/kuchikomi/3.HTML,latest_3,Jalan_15238507,ja,2026/4/22,2026年4月宿泊,2,2,2,迷路…,和室 【じゃらんのお得な10日間】和洋ビュッフェでモーニング！お子様連れのファミリーにおすすめ1泊朝食付,266,yes,room_open_air_bath;room_bath;private_bath;open_air_public_bath;public_bath,room_bath_hot_spring;public_bath_hot_spring;water_texture;private_bath_experience;booking_confusion,aging_or_access,露天;露天風呂;客室露天;露天風呂付;貸切,객실 노천탕 맥락 언급; 객실 내탕/내풍呂 맥락 언급; 공용 노천탕/浮世風呂 경험 언급; 대욕장/공용탕/사우나 맥락 언급; 대절탕/貸切風呂 맥락 언급; 우레시노 물성/미인탕/원천 신호 언급; 주의 신호: aging_or_access,mixed,caution_or_issue_tag,high,issue_caution_calibration_needed
72,Jalan,https://www.jalan.net/yad322946/kuchikomi/3.HTML,latest_3,Jalan_15231040,ja,2026/4/18,2026年2月宿泊,4,4,3,子連れにおすすめ,和室 【じゃらんスペシャルウィーク】夕食17：30限定ワンランク上の贅沢/温泉湯豆腐＆佐賀牛若楠豚しゃぶしゃぶ,76,yes,public_bath;facility_wide,public_bath_hot_spring;water_texture,,温泉,대욕장/공용탕/사우나 맥락 언급; 우레시노 물성/미인탕/원천 신호 언급,positive,rating_positive_signal,medium,issue_caution_calibration_needed
73,Jalan,https://www.jalan.net/yad322946/kuchikomi/3.HTML,latest_3,Jalan_15230895,ja,2026/4/17,2026年3月宿泊,4,4,4,部屋風呂最高,ツイン 【じゃらんのお得な10日間】夕食17：30お約束/ワンランク上の贅沢～温泉湯豆腐と佐賀牛若楠豚しゃぶしゃぶ,53,yes,room_bath;public_bath;facility_wide,room_bath_hot_spring;public_bath_hot_spring;water_texture,,温泉;部屋風呂;源泉;とろとろ,객실 내탕/내풍呂 맥락 언급; 대욕장/공용탕/사우나 맥락 언급; 우레시노 물성/미인탕/원천 신호 언급,positive,body_positive,high,issue_caution_calibration_needed
74,Jalan,https://www.jalan.net/yad322946/kuchikomi/3.HTML,latest_3,Jalan_15229150,ja,2026/4/16,2026年3月宿泊,3,2,2,ロビーが素晴らしい,ツイン 【じゃらんスペシャルウィーク】夕食19：30限定ワンランク上の贅沢/きたの茶園×瀬頭酒造×利休コラボ懐石,326,yes,public_bath,public_bath_hot_spring,aging_or_access,,대욕장/공용탕/사우나 맥락 언급; 주의 신호: aging_or_access,mixed,caution_or_issue_tag,high,issue_caution_calibration_needed
75,Jalan,https://www.jalan.net/yad322946/kuchikomi/3.HTML,latest_3,Jalan_15224679,ja,2026/4/14,2026年4月宿泊,3,3,3,圧巻の建物,ツイン 【1泊朝食付】和洋ビュッフェでモーニング！グループやお子様連れのファミリーにおすすめ！,477,yes,open_air_public_bath;public_bath;facility_wide,public_bath_hot_spring;water_texture,cleanliness,温泉;露天;露天風呂;大浴場;美肌;掃除;広い,공용 노천탕/浮世風呂 경험 언급; 대욕장/공용탕/사우나 맥락 언급; 우레시노 물성/미인탕/원천 신호 언급; 주의 신호: cleanliness,mixed,body_negative_with_context,high,issue_caution_calibration_needed
76,Jalan,https://www.jalan.net/yad322946/kuchikomi/3.HTML,latest_3,Jalan_15223484,ja,2026/4/13,2026年3月宿泊,5,4,4,夫婦旅にオススメ,和室 【アロマの香りに包まれて】魅惑のオリエンタルスパで珠玉の癒し体験プラン,75,no,unclear,,,,온천 언급 없는 숙박 경험 리뷰.,neutral,neutral_or_lodging_context,medium,issue_caution_calibration_needed
77,Jalan,https://www.jalan.net/yad322946/kuchikomi/3.HTML,latest_3,Jalan_15222377,ja,2026/4/13,2026年4月宿泊,4,3,4,初めて利用しました,和室 【夕食17：30お約束】迷ったらこちら！旬の嬉野・佐賀を味わうこだわり懐石/レストラン個室食,86,yes,public_bath,public_bath_hot_spring;booking_confusion,operation_recheck;aging_or_access,,"대욕장/공용탕/사우나 맥락 언급; 주의 신호: operation_recheck,aging_or_access",mixed,caution_or_issue_tag,high,issue_caution_calibration_needed
78,Jalan,https://www.jalan.net/yad322946/kuchikomi/3.HTML,latest_3,Jalan_15217811,ja,2026/4/11,2026年4月宿泊,3,4,3,部屋でのんびり,和室 【じゃらんスペシャルウィーク】夕食19：30限定ワンランク上の贅沢/温泉湯豆腐＆佐賀牛若楠豚しゃぶしゃぶ,134,yes,private_bath;public_bath;facility_wide,public_bath_hot_spring;water_texture;private_bath_experience,cleanliness,温泉;大浴場;貸切;清掃,대욕장/공용탕/사우나 맥락 언급; 대절탕/貸切風呂 맥락 언급; 우레시노 물성/미인탕/원천 신호 언급; 주의 신호: cleanliness,mixed,caution_or_issue_tag,high,issue_caution_calibration_needed
79,Jalan,https://www.jalan.net/yad322946/kuchikomi/3.HTML,latest_3,Jalan_15216652,ja,2026/4/11,2026年4月宿泊,3,2,1,以前とだいぶ変わっていた,和室 【夕食17：30お約束】迷ったらこちら！旬の嬉野・佐賀を味わうこだわり懐石/レストラン個室食,96,yes,public_bath,public_bath_hot_spring;booking_confusion,aging_or_access,,대욕장/공용탕/사우나 맥락 언급; 주의 신호: aging_or_access,mixed,caution_or_issue_tag,high,issue_caution_calibration_needed
80,Jalan,https://www.jalan.net/yad322946/kuchikomi/3.HTML,latest_3,Jalan_15211079,ja,2026/4/8,2026年4月宿泊,4,5,5,笹ノ間がおススメ,和洋室 【じゃらんのお得な10日間】【夕食19：30お約束】和敬静寂～きたの茶園×瀬頭酒造×利休コラボ懐石個室食,209,yes,room_open_air_bath;room_bath;open_air_public_bath;public_bath,room_bath_hot_spring;public_bath_hot_spring,,露天;露天風呂;大浴場;客室露天,객실 노천탕 맥락 언급; 객실 내탕/내풍呂 맥락 언급; 공용 노천탕/浮世風呂 경험 언급; 대욕장/공용탕/사우나 맥락 언급,positive,rating_positive_signal,medium,issue_caution_calibration_needed
81,Jalan,https://www.jalan.net/yad322946/kuchikomi/3.HTML,latest_3,Jalan_15209019,ja,2026/4/7,2026年4月宿泊,4,4,3,同窓会旅行で利用,和室 【じゃらんのお得な10日間】夕食19：30限定ワンランク上の贅沢/きたの茶園×瀬頭酒造×利休コラボ懐石,73,yes,unclear,booking_confusion,,古い,온천 언급 없는 숙박 경험 리뷰.,mixed,conditional_signal_tag,medium,issue_caution_calibration_needed
82,Jalan,https://www.jalan.net/yad322946/kuchikomi/3.HTML,latest_3,Jalan_15206839,ja,2026/4/6,2026年4月宿泊,4,5,4,温泉に入って一服,和室 【じゃらんのお得な10日間】夕食19：30限定/ワンランク上の贅沢/温泉湯豆腐と佐賀牛・若楠豚しゃぶしゃぶ,93,yes,public_bath;facility_wide,public_bath_hot_spring;water_texture,,温泉;サウナ,대욕장/공용탕/사우나 맥락 언급; 우레시노 물성/미인탕/원천 신호 언급,positive,rating_positive_signal,medium,issue_caution_calibration_needed
83,Jalan,https://www.jalan.net/yad322946/kuchikomi/3.HTML,latest_3,Jalan_15196824,ja,2026/4/1,2026年2月宿泊,3,3,4,夕食とても美味しく個室の雰囲気も良い,ツイン 【夕食19：30お約束】ワンランク上の贅沢/想～和敬静寂～きたの茶園×瀬頭酒造×利休コラボ懐石個室食,212,yes,public_bath;facility_wide,public_bath_hot_spring;water_texture;booking_confusion,operation_recheck;aging_or_access,温泉;大浴場,"대욕장/공용탕/사우나 맥락 언급; 우레시노 물성/미인탕/원천 신호 언급; 주의 신호: operation_recheck,aging_or_access",mixed,caution_or_issue_tag,high,issue_caution_calibration_needed
84,Jalan,https://www.jalan.net/yad322946/kuchikomi/3.HTML,latest_3,Jalan_15195369,ja,2026/3/31,2026年3月宿泊,5,5,5,温泉が気持ちよかった,和室 【じゃらんスペシャルウィーク】夕食17：30限定ワンランク上の贅沢/温泉湯豆腐＆佐賀牛若楠豚しゃぶしゃぶ,93,yes,room_open_air_bath;open_air_public_bath;public_bath;facility_wide,room_bath_hot_spring;public_bath_hot_spring;water_texture,temperature,温泉;露天;露天風呂;露天風呂付,객실 노천탕 맥락 언급; 공용 노천탕/浮世風呂 경험 언급; 대욕장/공용탕/사우나 맥락 언급; 우레시노 물성/미인탕/원천 신호 언급; 주의 신호: temperature,mixed,caution_or_issue_tag,high,issue_caution_calibration_needed
85,Jalan,https://www.jalan.net/yad322946/kuchikomi/3.HTML,latest_3,Jalan_15191449,ja,2026/3/30,2026年3月宿泊,5,5,5,最高のおもてなし,和室 【夕食17：30お約束】ワンランク上の贅沢/人気No.1！温泉湯豆腐と特選佐賀牛・若楠豚しゃぶしゃぶプラン,62,yes,open_air_public_bath;public_bath;facility_wide,public_bath_hot_spring;water_texture,,温泉;露天;露天風呂,공용 노천탕/浮世風呂 경험 언급; 대욕장/공용탕/사우나 맥락 언급; 우레시노 물성/미인탕/원천 신호 언급,positive,body_positive,high,issue_caution_calibration_needed
86,Jalan,https://www.jalan.net/yad322946/kuchikomi/3.HTML,latest_3,Jalan_15190119,ja,2026/3/29,2026年3月宿泊,5,5,5,最高でした！,和室 【じゃらんのお得な10日間】【1泊朝食付】和洋ビュッフェでモーニング！ファミリーにおすすめ1泊朝食付,186,no,unclear,,,,온천 언급 없는 숙박 경험 리뷰.,positive,body_positive,high,issue_caution_calibration_needed
87,Jalan,https://www.jalan.net/yad322946/kuchikomi/3.HTML,latest_3,Jalan_15189687,ja,2026/3/29,2026年3月宿泊,4,4,3,食事が美味しかった,和室 【じゃらんスペシャルウィーク】きたの茶園×瀬頭酒造×利休コラボ懐石レストラン個室食,142,yes,public_bath;facility_wide,public_bath_hot_spring;water_texture,,広い,대욕장/공용탕/사우나 맥락 언급; 우레시노 물성/미인탕/원천 신호 언급,positive,rating_positive_signal,medium,issue_caution_calibration_needed
88,Jalan,https://www.jalan.net/yad322946/kuchikomi/3.HTML,latest_3,Jalan_15188910,ja,2026/3/29,2026年3月宿泊,4,5,4,温泉最高でした。流石！！三大美肌の湯！！,和室 【1泊朝食付】和洋ビュッフェでモーニング！グループやお子様連れのファミリーにおすすめ！,62,yes,facility_wide,water_texture,,温泉;美肌,우레시노 물성/미인탕/원천 신호 언급,positive,body_positive,high,issue_caution_calibration_needed
89,Jalan,https://www.jalan.net/yad322946/kuchikomi/3.HTML,latest_3,Jalan_15186729,ja,2026/3/28,2026年1月宿泊,5,5,5,温泉街が近い,和室 【夕食17：30お約束】はじめての方におすすめ！温泉湯豆腐＆佐賀牛+若楠豚のしゃぶしゃぶプラン,59,yes,facility_wide,water_texture,,温泉,우레시노 물성/미인탕/원천 신호 언급,positive,rating_positive_signal,medium,issue_caution_calibration_needed
90,Jalan,https://www.jalan.net/yad322946/kuchikomi/3.HTML,latest_3,Jalan_15182831,ja,2026/3/26,2026年3月宿泊,5,5,5,子連れもおすすめ,和室 【朝夕お部屋食】水明荘/当館最高級のおもてなし数奇屋造りの別邸で過ごす至福のひととき特別懐石プラン,126,no,unclear,,,,온천 언급 없는 숙박 경험 리뷰.,neutral,neutral_or_lodging_context,medium,issue_caution_calibration_needed
91,Jalan,https://www.jalan.net/yad322946/kuchikomi/4.HTML,latest_4,Jalan_15182808,ja,2026/3/26,2026年3月宿泊,5,5,3,食事が大満足,和室 【朝夕お部屋食】水明荘/当館最高級のおもてなし数奇屋造りの別邸で過ごす至福のひととき特別懐石プラン,61,yes,public_bath,public_bath_hot_spring,,,대욕장/공용탕/사우나 맥락 언급,positive,body_positive,high,issue_caution_calibration_needed
92,Jalan,https://www.jalan.net/yad322946/kuchikomi/4.HTML,latest_4,Jalan_15182798,ja,2026/3/26,2026年3月宿泊,5,5,5,ご褒美旅行にオススメ,和室 【朝夕お部屋食】水明荘/当館最高級のおもてなし数奇屋造りの別邸で過ごす至福のひととき特別懐石プラン,121,no,unclear,,,,온천 언급 없는 숙박 경험 리뷰.,neutral,neutral_or_lodging_context,medium,issue_caution_calibration_needed
93,Jalan,https://www.jalan.net/yad322946/kuchikomi/4.HTML,latest_4,Jalan_15176531,ja,2026/3/23,2026年3月宿泊,5,5,4,会社の慰安旅行で利用,和室 【夕食19：30お約束】ワンランク上の贅沢/想～和敬静寂～きたの茶園×瀬頭酒造×利休コラボ懐石個室食,113,yes,public_bath;facility_wide,public_bath_hot_spring;water_texture;booking_confusion,operation_recheck,温泉;サウナ;日帰り,대욕장/공용탕/사우나 맥락 언급; 우레시노 물성/미인탕/원천 신호 언급; 주의 신호: operation_recheck,mixed,caution_or_issue_tag,high,issue_caution_calibration_needed
94,Jalan,https://www.jalan.net/yad322946/kuchikomi/4.HTML,latest_4,Jalan_15174572,ja,2026/3/22,2026年3月宿泊,5,5,5,素敵な時間を過ごせました,和室 【じゃらんのお得な10日間】夕食17：30お約束/ワンランク上の贅沢～きたの茶園×瀬頭酒造×利休コラボ懐石,293,yes,room_open_air_bath;open_air_public_bath;public_bath;facility_wide,room_bath_hot_spring;public_bath_hot_spring;water_texture;booking_confusion,operation_recheck,露天;露天風呂,객실 노천탕 맥락 언급; 공용 노천탕/浮世風呂 경험 언급; 대욕장/공용탕/사우나 맥락 언급; 우레시노 물성/미인탕/원천 신호 언급; 주의 신호: operation_recheck,mixed,caution_or_issue_tag,high,issue_caution_calibration_needed
95,Jalan,https://www.jalan.net/yad322946/kuchikomi/4.HTML,latest_4,Jalan_15166025,ja,2026/3/18,2026年2月宿泊,5,5,5,最高のお部屋,和室 【じゃらんのお得な10日間】和洋ビュッフェでモーニング！グループやファミリーにおすすめ！1泊朝食付,115,yes,public_bath;facility_wide,public_bath_hot_spring;water_texture;booking_confusion,operation_recheck,温泉,대욕장/공용탕/사우나 맥락 언급; 우레시노 물성/미인탕/원천 신호 언급; 주의 신호: operation_recheck,mixed,caution_or_issue_tag,high,issue_caution_calibration_needed
96,Jalan,https://www.jalan.net/yad322946/kuchikomi/4.HTML,latest_4,Jalan_15159999,ja,2026/3/16,2026年3月宿泊,4,4,4,いい湯を楽しみに,和室 【朝夕お部屋食】水明荘/当館最高級のおもてなし数奇屋造りの別邸で過ごす至福のひととき特別懐石プラン,213,yes,room_bath;public_bath,room_bath_hot_spring;public_bath_hot_spring;water_texture;booking_confusion,operation_recheck,大浴場;古い,객실 내탕/내풍呂 맥락 언급; 대욕장/공용탕/사우나 맥락 언급; 우레시노 물성/미인탕/원천 신호 언급; 주의 신호: operation_recheck,mixed,caution_or_issue_tag,high,issue_caution_calibration_needed
97,Jalan,https://www.jalan.net/yad322946/kuchikomi/4.HTML,latest_4,Jalan_15147775,ja,2026/3/10,2026年3月宿泊,3,2,3,タワー館の眺めが良かった,ツイン 【じゃらんスペシャルウィーク】夕食17：30限定ワンランク上の贅沢/温泉湯豆腐＆佐賀牛若楠豚しゃぶしゃぶ,75,yes,public_bath;facility_wide,public_bath_hot_spring;water_texture,,温泉;広い,대욕장/공용탕/사우나 맥락 언급; 우레시노 물성/미인탕/원천 신호 언급,positive,body_positive,high,issue_caution_calibration_needed
98,Jalan,https://www.jalan.net/yad322946/kuchikomi/4.HTML,latest_4,Jalan_15147014,ja,2026/3/10,2026年2月宿泊,4,5,4,子連れ旅行,和室 【1泊朝食付】和洋ビュッフェでモーニング！グループやお子様連れのファミリーにおすすめ！,141,yes,public_bath,public_bath_hot_spring,,,대욕장/공용탕/사우나 맥락 언급,positive,rating_positive_signal,medium,issue_caution_calibration_needed
99,Jalan,https://www.jalan.net/yad322946/kuchikomi/4.HTML,latest_4,Jalan_15139716,ja,2026/3/7,2026年1月宿泊,3,3,3,若者向けの宿,和室 【ワンランク上の贅沢】人気No.1！温泉湯豆腐スープで味わう特選佐賀牛＆厳選若楠豚しゃぶしゃぶプラン,88,yes,facility_wide,water_texture,aging_or_access,温泉,우레시노 물성/미인탕/원천 신호 언급; 주의 신호: aging_or_access,mixed,caution_or_issue_tag,high,issue_caution_calibration_needed
100,Jalan,https://www.jalan.net/yad322946/kuchikomi/4.HTML,latest_4,Jalan_15130162,ja,2026/3/3,2026年3月宿泊,4,5,3,温泉と料理に満足,和室 【夕食17：30お約束でお得に滞在】ワンランク上の贅沢/人気No.1温泉湯豆腐佐賀牛しゃぶしゃぶプラン,105,yes,public_bath;facility_wide,public_bath_hot_spring;water_texture,,温泉,대욕장/공용탕/사우나 맥락 언급; 우레시노 물성/미인탕/원천 신호 언급,positive,body_positive,high,issue_caution_calibration_needed
101,Jalan,https://www.jalan.net/yad322946/kuchikomi/4.HTML,latest_4,Jalan_15115055,ja,2026/2/24,2026年2月宿泊,4,4,3,料理に大満足！,和室 【じゃらんのお得な10日間】夕食19：30お約束/ワンランク上の贅沢～きたの茶園×瀬頭酒造×利休コラボ懐石,185,yes,facility_wide,water_texture,,温泉,우레시노 물성/미인탕/원천 신호 언급,positive,body_positive,high,issue_caution_calibration_needed
102,Jalan,https://www.jalan.net/yad322946/kuchikomi/4.HTML,latest_4,Jalan_15114414,ja,2026/2/24,2026年2月宿泊,4,4,4,さすが嬉野温泉,和室 【じゃらんスペシャルウィーク】和洋ビュッフェ付グループやファミリーにおすすめ！1泊朝食プラン,399,yes,open_air_public_bath;public_bath;facility_wide,public_bath_hot_spring;water_texture;booking_confusion,operation_recheck;aging_or_access,温泉;露天;露天風呂;源泉;とろとろ;すべすべ;広い,"공용 노천탕/浮世風呂 경험 언급; 대욕장/공용탕/사우나 맥락 언급; 우레시노 물성/미인탕/원천 신호 언급; 주의 신호: operation_recheck,aging_or_access",mixed,caution_or_issue_tag,high,issue_caution_calibration_needed
103,Jalan,https://www.jalan.net/yad322946/kuchikomi/4.HTML,latest_4,Jalan_15096458,ja,2026/2/16,2026年2月宿泊,5,4,5,利休の朝夕食がとても美味しいです。,和室 【じゃらんのお得な10日間】夕食19：30お約束/ワンランク上の贅沢～きたの茶園×瀬頭酒造×利休コラボ懐石,175,yes,room_bath;public_bath,room_bath_hot_spring;public_bath_hot_spring;water_texture,cleanliness,部屋風呂,객실 내탕/내풍呂 맥락 언급; 대욕장/공용탕/사우나 맥락 언급; 우레시노 물성/미인탕/원천 신호 언급; 주의 신호: cleanliness,mixed,caution_or_issue_tag,high,issue_caution_calibration_needed
104,Jalan,https://www.jalan.net/yad322946/kuchikomi/4.HTML,latest_4,Jalan_15094506,ja,2026/2/15,2026年2月宿泊,3,5,2,温泉はとてもよかったが,和室 【じゃらんのお得な10日間】和洋ビュッフェでモーニング！グループやファミリーにおすすめ！1泊朝食付,252,yes,open_air_public_bath;public_bath;facility_wide,public_bath_hot_spring;water_texture;crowding;booking_confusion,operation_recheck;cleanliness;crowding,温泉;露天;露天風呂;大浴場;混雑,"공용 노천탕/浮世風呂 경험 언급; 대욕장/공용탕/사우나 맥락 언급; 우레시노 물성/미인탕/원천 신호 언급; 주의 신호: operation_recheck,cleanliness,crowding",mixed,caution_or_issue_tag,high,issue_caution_calibration_needed
105,Jalan,https://www.jalan.net/yad322946/kuchikomi/4.HTML,latest_4,Jalan_15094472,ja,2026/2/15,2026年2月宿泊,4,5,4,お風呂と夕食が最高でした,和室 【じゃらんのお得な10日間】【夕食17：30お約束】ワンランク上の贅沢温泉湯豆腐と佐賀牛若楠豚しゃぶしゃぶ,120,yes,room_open_air_bath;room_bath;open_air_public_bath;public_bath;facility_wide,room_bath_hot_spring;public_bath_hot_spring;water_texture,,温泉;露天;美肌;すべすべ,객실 노천탕 맥락 언급; 객실 내탕/내풍呂 맥락 언급; 공용 노천탕/浮世風呂 경험 언급; 대욕장/공용탕/사우나 맥락 언급; 우레시노 물성/미인탕/원천 신호 언급,positive,body_positive,high,issue_caution_calibration_needed
106,Jalan,https://www.jalan.net/yad322946/kuchikomi/4.HTML,latest_4,Jalan_15090281,ja,2026/2/13,2026年2月宿泊,4,4,3,別料金でしたが、お風呂が良かった,和室 【地元応援！】和多屋×選べる地元商店街飲食店で嬉野の魅力満喫プラン,84,no,unclear,booking_confusion,operation_recheck,,주의 신호: operation_recheck,mixed,caution_or_issue_tag,high,issue_caution_calibration_needed
107,Jalan,https://www.jalan.net/yad322946/kuchikomi/4.HTML,latest_4,Jalan_15089733,ja,2026/2/13,2026年2月宿泊,3,3,3,料理はとても美味しかったです。,和室 【月2回限定★お得に滞在可能】きたの茶園×瀬頭酒造×利休コラボ懐石レストラン個室食,96,yes,public_bath,public_bath_hot_spring;booking_confusion,operation_recheck,,대욕장/공용탕/사우나 맥락 언급; 주의 신호: operation_recheck,mixed,caution_or_issue_tag,high,issue_caution_calibration_needed
108,Jalan,https://www.jalan.net/yad322946/kuchikomi/4.HTML,latest_4,Jalan_15087537,ja,2026/2/12,2026年2月宿泊,3,2,3,残念でした,和室 【夕食17：30お約束】ワンランク上の贅沢/蕩ける旨味に舌鼓！特選佐賀牛＆厳選若楠豚のグルメ焼肉プラン,292,yes,open_air_public_bath;public_bath;facility_wide,public_bath_hot_spring;water_texture;booking_confusion,operation_recheck,温泉;露天;露天風呂,공용 노천탕/浮世風呂 경험 언급; 대욕장/공용탕/사우나 맥락 언급; 우레시노 물성/미인탕/원천 신호 언급; 주의 신호: operation_recheck,negative,low_rating_negative_body,high,issue_caution_calibration_needed
109,Jalan,https://www.jalan.net/yad322946/kuchikomi/4.HTML,latest_4,Jalan_15084400,ja,2026/2/11,2026年2月宿泊,5,4,5,時間が足りないくらい見所があった,和洋室 【夕食19：30お約束】ワンランク上の贅沢/人気No.1！温泉湯豆腐と特選佐賀牛・若楠豚しゃぶしゃぶプラン,128,yes,facility_wide,water_texture;booking_confusion,operation_recheck;aging_or_access,温泉,"우레시노 물성/미인탕/원천 신호 언급; 주의 신호: operation_recheck,aging_or_access",mixed,caution_or_issue_tag,high,issue_caution_calibration_needed
110,Jalan,https://www.jalan.net/yad322946/kuchikomi/4.HTML,latest_4,Jalan_15083171,ja,2026/2/10,2026年2月宿泊,5,5,5,とても満足でした！,和室 【じゃらんのお得な10日間】夕食17：30お約束/ワンランク上の贅沢～きたの茶園×瀬頭酒造×利休コラボ懐石,76,yes,facility_wide,water_texture;booking_confusion,operation_recheck;aging_or_access;cleanliness,温泉,"우레시노 물성/미인탕/원천 신호 언급; 주의 신호: operation_recheck,aging_or_access,cleanliness",mixed,caution_or_issue_tag,high,issue_caution_calibration_needed
111,Jalan,https://www.jalan.net/yad322946/kuchikomi/4.HTML,latest_4,Jalan_15083042,ja,2026/2/10,2026年2月宿泊,5,5,4,温泉を満喫,和室 【夕食19：30お約束】ワンランク上の贅沢/想～和敬静寂～きたの茶園×瀬頭酒造×利休コラボ懐石個室食,250,yes,open_air_public_bath;public_bath;facility_wide,public_bath_hot_spring;water_texture,,温泉;露天;露天風呂;大浴場;広い,공용 노천탕/浮世風呂 경험 언급; 대욕장/공용탕/사우나 맥락 언급; 우레시노 물성/미인탕/원천 신호 언급,positive,body_positive,high,issue_caution_calibration_needed
112,Jalan,https://www.jalan.net/yad322946/kuchikomi/4.HTML,latest_4,Jalan_15078841,ja,2026/2/9,2026年2月宿泊,4,5,4,当日予約でも丁寧な対応でありがとう,和室 【1泊朝食付】和洋ビュッフェでモーニング！グループやお子様連れのファミリーにおすすめ！,204,yes,facility_wide,water_texture;booking_confusion,operation_recheck,温泉,우레시노 물성/미인탕/원천 신호 언급; 주의 신호: operation_recheck,mixed,caution_or_issue_tag,high,issue_caution_calibration_needed
113,Jalan,https://www.jalan.net/yad322946/kuchikomi/4.HTML,latest_4,Jalan_15072177,ja,2026/2/5,2026年2月宿泊,4,4,4,とても素晴らしい,ツイン 【じゃらんスペシャルウィーク】夕食19：30限定ワンランク上の贅沢/きたの茶園×瀬頭酒造×利休コラボ懐石,395,yes,public_bath,public_bath_hot_spring;booking_confusion,operation_recheck,古い,대욕장/공용탕/사우나 맥락 언급; 주의 신호: operation_recheck,mixed,caution_or_issue_tag,high,issue_caution_calibration_needed
114,Jalan,https://www.jalan.net/yad322946/kuchikomi/4.HTML,latest_4,Jalan_15069252,ja,2026/2/3,2026年1月宿泊,4,4,4,1人でのんびり出来る宿,ツイン 佐賀のお豆腐文化を全国へ！名店「佐嘉平川屋」昼食付1泊3食プラン,150,yes,room_bath;public_bath;facility_wide,room_bath_hot_spring;public_bath_hot_spring;water_texture,,温泉;大浴場,객실 내탕/내풍呂 맥락 언급; 대욕장/공용탕/사우나 맥락 언급; 우레시노 물성/미인탕/원천 신호 언급,positive,body_positive,high,issue_caution_calibration_needed
115,Jalan,https://www.jalan.net/yad322946/kuchikomi/4.HTML,latest_4,Jalan_15068253,ja,2026/2/3,2026年2月宿泊,4,5,4,久しぶり,和室 【夕食17：30お約束でお得に滞在】ワンランク上の贅沢/人気No.1温泉湯豆腐佐賀牛しゃぶしゃぶプラン,199,yes,public_bath;facility_wide,public_bath_hot_spring;water_texture,cleanliness,温泉,대욕장/공용탕/사우나 맥락 언급; 우레시노 물성/미인탕/원천 신호 언급; 주의 신호: cleanliness,mixed,caution_or_issue_tag,high,issue_caution_calibration_needed
116,Jalan,https://www.jalan.net/yad322946/kuchikomi/4.HTML,latest_4,Jalan_15062531,ja,2026/1/31,2025年12月宿泊,4,4,4,趣きのあるいいお宿でした。,和室 【じゃらんのお得な10日間】【夕食19：30お約束】温泉湯豆腐と特選佐賀牛・若楠豚しゃぶしゃぶプラン,75,yes,public_bath;facility_wide,public_bath_hot_spring;water_texture,,温泉;大浴場,대욕장/공용탕/사우나 맥락 언급; 우레시노 물성/미인탕/원천 신호 언급,positive,rating_positive_signal,medium,issue_caution_calibration_needed
117,Jalan,https://www.jalan.net/yad322946/kuchikomi/4.HTML,latest_4,Jalan_15061970,ja,2026/1/31,2026年1月宿泊,4,4,3,部屋のお風呂はgoo,和室 【ワンランク上の贅沢/想～和敬静寂】きたの茶園×瀬頭酒造×利休コラボ懐石レストラン個室食,176,yes,public_bath,public_bath_hot_spring;water_texture;booking_confusion,operation_recheck,,대욕장/공용탕/사우나 맥락 언급; 우레시노 물성/미인탕/원천 신호 언급; 주의 신호: operation_recheck,mixed,caution_or_issue_tag,high,issue_caution_calibration_needed
118,Jalan,https://www.jalan.net/yad322946/kuchikomi/4.HTML,latest_4,Jalan_15060583,ja,2026/1/30,2026年1月宿泊,4,4,4,温泉最高,和室 【じゃらんのお得な10日間】【夕食17：30お約束】和敬静寂～きたの茶園×瀬頭酒造×利休コラボ懐石個室食,283,yes,room_open_air_bath;open_air_public_bath;public_bath;facility_wide,room_bath_hot_spring;public_bath_hot_spring;water_texture,,温泉;露天;露天風呂;大浴場;内湯,객실 노천탕 맥락 언급; 공용 노천탕/浮世風呂 경험 언급; 대욕장/공용탕/사우나 맥락 언급; 우레시노 물성/미인탕/원천 신호 언급,positive,body_positive,high,issue_caution_calibration_needed
119,Jalan,https://www.jalan.net/yad322946/kuchikomi/4.HTML,latest_4,Jalan_15060434,ja,2026/1/30,2026年1月宿泊,4,5,5,家族旅行、全体的に満足しましたが,和室 【ワンランク上の贅沢】人気No.1！温泉湯豆腐スープで味わう特選佐賀牛＆厳選若楠豚しゃぶしゃぶプラン,489,yes,room_open_air_bath;open_air_public_bath;public_bath;facility_wide,room_bath_hot_spring;public_bath_hot_spring;water_texture;booking_confusion,operation_recheck;aging_or_access;cleanliness,温泉;露天;露天風呂;臭い,"객실 노천탕 맥락 언급; 공용 노천탕/浮世風呂 경험 언급; 대욕장/공용탕/사우나 맥락 언급; 우레시노 물성/미인탕/원천 신호 언급; 주의 신호: operation_recheck,aging_or_access,cleanliness",mixed,body_positive_and_negative,high,issue_caution_calibration_needed
120,Jalan,https://www.jalan.net/yad322946/kuchikomi/4.HTML,latest_4,Jalan_15057636,ja,2026/1/29,2026年1月宿泊,4,5,4,泉質が最高,和室 【ワンランク上の贅沢】人気No.1！温泉湯豆腐スープで味わう特選佐賀牛＆厳選若楠豚しゃぶしゃぶプラン,65,yes,facility_wide,water_texture,,温泉,우레시노 물성/미인탕/원천 신호 언급,positive,body_positive,high,issue_caution_calibration_needed
121,Jalan,https://www.jalan.net/yad322946/kuchikomi/5.HTML,latest_5,Jalan_15055516,ja,2026/1/28,2026年1月宿泊,5,5,5,のんびりゆったり癒しの宿,和室 【朝夕お部屋食】水明荘/当館最高級のおもてなし数奇屋造りの別邸で過ごす至福のひととき特別懐石プラン,385,yes,room_open_air_bath;room_bath;open_air_public_bath;public_bath;facility_wide,room_bath_hot_spring;public_bath_hot_spring;water_texture;booking_confusion,operation_recheck,温泉;露天;露天風呂;大浴場,객실 노천탕 맥락 언급; 객실 내탕/내풍呂 맥락 언급; 공용 노천탕/浮世風呂 경험 언급; 대욕장/공용탕/사우나 맥락 언급; 우레시노 물성/미인탕/원천 신호 언급; 주의 신호: operation_recheck,mixed,caution_or_issue_tag,high,issue_caution_calibration_needed
122,Jalan,https://www.jalan.net/yad322946/kuchikomi/5.HTML,latest_5,Jalan_15046780,ja,2026/1/23,2026年1月宿泊,4,5,4,お風呂最高,ツイン 【夕食19：30お約束】ワンランク上の贅沢/想～和敬静寂～きたの茶園×瀬頭酒造×利休コラボ懐石個室食,68,yes,public_bath;facility_wide,public_bath_hot_spring;water_texture,cleanliness,温泉;美肌;匂い,대욕장/공용탕/사우나 맥락 언급; 우레시노 물성/미인탕/원천 신호 언급; 주의 신호: cleanliness,mixed,caution_or_issue_tag,high,issue_caution_calibration_needed
123,Jalan,https://www.jalan.net/yad322946/kuchikomi/5.HTML,latest_5,Jalan_15042799,ja,2026/1/21,2025年12月宿泊,4,4,4,お夕食が良かった,和室 【夕食19：30お約束でお得に滞在】ワンランク上の贅沢～きたの茶園×瀬頭酒造×利休コラボ懐石,85,yes,public_bath;facility_wide,public_bath_hot_spring;water_texture,,温泉;トロトロ,대욕장/공용탕/사우나 맥락 언급; 우레시노 물성/미인탕/원천 신호 언급,positive,body_positive,high,issue_caution_calibration_needed
124,Jalan,https://www.jalan.net/yad322946/kuchikomi/5.HTML,latest_5,Jalan_15042035,ja,2026/1/20,2026年1月宿泊,2,3,3,愛煙家,和洋室 【夕食17：30お約束】ワンランク上の贅沢/想～和敬静寂～きたの茶園×瀬頭酒造×利休コラボ懐石個室食,50,yes,facility_wide,water_texture,,温泉,우레시노 물성/미인탕/원천 신호 언급,positive,positive_signal_no_caution,medium,issue_caution_calibration_needed
125,Jalan,https://www.jalan.net/yad322946/kuchikomi/5.HTML,latest_5,Jalan_15039933,ja,2026/1/19,2026年1月宿泊,4,2,3,ロビーの開放感とスタッフの笑顔、挨拶が気持ちよかった,和室 【じゃらんのお得な10日間】【1泊朝食付】和洋ビュッフェでモーニング！グループやファミリーにおすすめ！,84,yes,open_air_public_bath;public_bath,public_bath_hot_spring,,露天;露天風呂;大浴場,공용 노천탕/浮世風呂 경험 언급; 대욕장/공용탕/사우나 맥락 언급,positive,body_positive,high,issue_caution_calibration_needed
126,Jalan,https://www.jalan.net/yad322946/kuchikomi/5.HTML,latest_5,Jalan_15026324,ja,2026/1/13,2025年12月宿泊,4,4,3,老舗旅館の風格,和室 【夕食17：30お約束でお得に滞在】ワンランク上の贅沢/特選佐賀牛＆厳選若楠豚のグルメ焼肉プラン,156,no,unclear,,,,온천 언급 없는 숙박 경험 리뷰.,neutral,neutral_or_lodging_context,medium,issue_caution_calibration_needed
127,Jalan,https://www.jalan.net/yad322946/kuchikomi/5.HTML,latest_5,Jalan_15025899,ja,2026/1/13,2026年1月宿泊,5,4,3,2万坪で広い,ツイン 【じゃらんのお得な10日間】ワンランク上の贅沢/きたの茶園×瀬頭酒造×利休コラボ懐石レストラン個室食,212,yes,public_bath;facility_wide,public_bath_hot_spring;water_texture;booking_confusion,aging_or_access,温泉;広い,대욕장/공용탕/사우나 맥락 언급; 우레시노 물성/미인탕/원천 신호 언급; 주의 신호: aging_or_access,mixed,caution_or_issue_tag,high,issue_caution_calibration_needed
128,Jalan,https://www.jalan.net/yad322946/kuchikomi/5.HTML,latest_5,Jalan_15022621,ja,2026/1/12,2025年12月宿泊,4,4,4,久し振りの嬉野,和室 【夕食17：30お約束でお得に滞在】ワンランク上の贅沢～きたの茶園×瀬頭酒造×利休コラボ懐石,77,yes,facility_wide,water_texture,,温泉,우레시노 물성/미인탕/원천 신호 언급,positive,rating_positive_signal,medium,issue_caution_calibration_needed
129,Jalan,https://www.jalan.net/yad322946/kuchikomi/5.HTML,latest_5,Jalan_15014151,ja,2026/1/8,2025年11月宿泊,5,3,5,10畳に5人楽々宿泊でした,和室 【じゃらんのお得な10日間】和洋ビュッフェでモーニング！グループやファミリーにおすすめ！1泊朝食プラン,843,yes,open_air_public_bath;public_bath;facility_wide,public_bath_hot_spring;water_texture;crowding;booking_confusion,operation_recheck;temperature;crowding,温泉;露天;露天風呂;大浴場,"공용 노천탕/浮世風呂 경험 언급; 대욕장/공용탕/사우나 맥락 언급; 우레시노 물성/미인탕/원천 신호 언급; 주의 신호: operation_recheck,temperature,crowding",mixed,caution_or_issue_tag,high,issue_caution_calibration_needed
130,Jalan,https://www.jalan.net/yad322946/kuchikomi/5.HTML,latest_5,Jalan_15011984,ja,2026/1/7,2025年11月宿泊,3,3,4,温泉がきもちいい,ツイン 【ワンランク上の贅沢/想～和敬静寂】きたの茶園×瀬頭酒造×利休コラボ懐石レストラン個室食,68,yes,facility_wide,water_texture;booking_confusion,operation_recheck,温泉,우레시노 물성/미인탕/원천 신호 언급; 주의 신호: operation_recheck,mixed,caution_or_issue_tag,high,issue_caution_calibration_needed
131,Jalan,https://www.jalan.net/yad322946/kuchikomi/5.HTML,latest_5,Jalan_15003946,ja,2026/1/5,2026年1月宿泊,4,5,3,料理がおいしくて楽しい宿でした,和室 【夕食19：30お約束】ワンランク上の贅沢/人気No.1！温泉湯豆腐と特選佐賀牛・若楠豚しゃぶしゃぶプラン,69,yes,facility_wide,water_texture,cleanliness,温泉,우레시노 물성/미인탕/원천 신호 언급; 주의 신호: cleanliness,mixed,caution_or_issue_tag,high,issue_caution_calibration_needed
132,Jalan,https://www.jalan.net/yad322946/kuchikomi/5.HTML,latest_5,Jalan_15002709,ja,2026/1/4,2026年1月宿泊,4,4,3,お正月,和室 【2025-2026年末年始】夕食19：30お約束/1年の締めくくりと始まりは和多屋別荘で！利休特別懐石プラン,165,yes,room_bath;public_bath;facility_wide,room_bath_hot_spring;public_bath_hot_spring;water_texture,,温泉,객실 내탕/내풍呂 맥락 언급; 대욕장/공용탕/사우나 맥락 언급; 우레시노 물성/미인탕/원천 신호 언급,positive,rating_positive_signal,medium,issue_caution_calibration_needed
133,Jalan,https://www.jalan.net/yad322946/kuchikomi/5.HTML,latest_5,Jalan_14996985,ja,2026/1/3,2025年12月宿泊,2,1,1,エントランス設備、スタッフさんの対応、料理が最高ですが、お部屋の古さが超残念・・,ツイン 【夕食17：30お約束でお得に滞在】ワンランク上の贅沢/人気No.1温泉湯豆腐佐賀牛しゃぶしゃぶプラン,78,yes,facility_wide,water_texture,,温泉,우레시노 물성/미인탕/원천 신호 언급,mixed,body_positive_and_negative,high,issue_caution_calibration_needed
134,Jalan,https://www.jalan.net/yad322946/kuchikomi/5.HTML,latest_5,Jalan_14995652,ja,2026/1/2,2025年12月宿泊,3,2,3,遊ぶ所が欲しかった,和室 【2025-2026】年の瀬と新春を彩る極上のおもてなし～華やぎの孔雀プラン～,456,yes,public_bath,public_bath_hot_spring;water_texture;booking_confusion,operation_recheck,大浴場,대욕장/공용탕/사우나 맥락 언급; 우레시노 물성/미인탕/원천 신호 언급; 주의 신호: operation_recheck,mixed,caution_or_issue_tag,high,issue_caution_calibration_needed
135,Jalan,https://www.jalan.net/yad322946/kuchikomi/5.HTML,latest_5,Jalan_14985063,ja,2025/12/29,2025年10月宿泊,5,5,4,女友達と温泉旅行,和室 【じゃらんスペシャルウィーク】きたの茶園×瀬頭酒造×利休コラボ懐石レストラン個室食,60,yes,public_bath;facility_wide,public_bath_hot_spring;water_texture;booking_confusion,aging_or_access,温泉;広い,대욕장/공용탕/사우나 맥락 언급; 우레시노 물성/미인탕/원천 신호 언급; 주의 신호: aging_or_access,mixed,caution_or_issue_tag,high,issue_caution_calibration_needed
136,Jalan,https://www.jalan.net/yad322946/kuchikomi/5.HTML,latest_5,Jalan_14984367,ja,2025/12/29,2025年11月宿泊,5,5,5,安心の温泉旅館,和室 【朝夕お部屋食】水明荘/当館最高級のおもてなし数奇屋造りの別邸で過ごす至福のひととき特別懐石プラン,132,yes,facility_wide,water_texture;booking_confusion,operation_recheck,温泉,우레시노 물성/미인탕/원천 신호 언급; 주의 신호: operation_recheck,mixed,caution_or_issue_tag,high,issue_caution_calibration_needed
137,Jalan,https://www.jalan.net/yad322946/kuchikomi/5.HTML,latest_5,Jalan_14982208,ja,2025/12/28,2025年12月宿泊,5,5,5,部屋風呂が良かった,和室 【夕食17：30お約束でお得に滞在】ワンランク上の贅沢～きたの茶園×瀬頭酒造×利休コラボ懐石,52,yes,room_open_air_bath;room_bath;open_air_public_bath;public_bath,room_bath_hot_spring;public_bath_hot_spring,,露天;露天風呂;部屋風呂,객실 노천탕 맥락 언급; 객실 내탕/내풍呂 맥락 언급; 공용 노천탕/浮世風呂 경험 언급; 대욕장/공용탕/사우나 맥락 언급,positive,body_positive,high,issue_caution_calibration_needed
138,Jalan,https://www.jalan.net/yad322946/kuchikomi/5.HTML,latest_5,Jalan_14976047,ja,2025/12/24,2025年12月宿泊,5,5,4,食事、温泉、ライブラリースペースどれも最高でしたが、、、,和室 【夕食17：30お約束】はじめての方におすすめ！温泉湯豆腐＆佐賀牛+若楠豚のしゃぶしゃぶプラン,501,yes,room_bath;open_air_public_bath;public_bath;facility_wide,room_bath_hot_spring;public_bath_hot_spring;water_texture;crowding,,温泉;露天;露天風呂,객실 내탕/내풍呂 맥락 언급; 공용 노천탕/浮世風呂 경험 언급; 대욕장/공용탕/사우나 맥락 언급; 우레시노 물성/미인탕/원천 신호 언급,mixed,conditional_signal_tag,medium,issue_caution_calibration_needed
139,Jalan,https://www.jalan.net/yad322946/kuchikomi/5.HTML,latest_5,Jalan_14972883,ja,2025/12/23,2025年12月宿泊,5,5,5,初めての嬉野温泉！満喫しました(＾＾),和室 【じゃらんのお得な10日間】【夕食19：30お約束】和敬静寂～きたの茶園×瀬頭酒造×利休コラボ懐石個室食,305,yes,public_bath;facility_wide,public_bath_hot_spring;water_texture,,温泉;美肌,대욕장/공용탕/사우나 맥락 언급; 우레시노 물성/미인탕/원천 신호 언급,positive,body_positive,high,issue_caution_calibration_needed
140,Jalan,https://www.jalan.net/yad322946/kuchikomi/5.HTML,latest_5,Jalan_14972726,ja,2025/12/23,2025年12月宿泊,2,4,2,少し残念,和室 【夕食19：30お約束】ワンランク上の贅沢/人気No.1！温泉湯豆腐と特選佐賀牛・若楠豚しゃぶしゃぶプラン,119,yes,facility_wide,water_texture,temperature,温泉,우레시노 물성/미인탕/원천 신호 언급; 주의 신호: temperature,mixed,body_negative_with_context,high,issue_caution_calibration_needed
141,Jalan,https://www.jalan.net/yad322946/kuchikomi/5.HTML,latest_5,Jalan_14971228,ja,2025/12/22,2025年12月宿泊,3,2,2,誕生日の記念に,和室 【冬厳選】夕食19：30お約束/ワンランク上の贅沢/和敬静寂～きたの茶園×瀬頭酒造×利休コラボ懐石個室食,222,yes,room_bath;public_bath;facility_wide,room_bath_hot_spring;public_bath_hot_spring;water_texture;booking_confusion,operation_recheck;aging_or_access,温泉;部屋風呂,"객실 내탕/내풍呂 맥락 언급; 대욕장/공용탕/사우나 맥락 언급; 우레시노 물성/미인탕/원천 신호 언급; 주의 신호: operation_recheck,aging_or_access",mixed,caution_or_issue_tag,high,issue_caution_calibration_needed
142,Jalan,https://www.jalan.net/yad322946/kuchikomi/5.HTML,latest_5,Jalan_14962935,ja,2025/12/18,2025年12月宿泊,5,5,5,おもてなしとお料理が最高です。,和室 【朝夕お部屋食】水明荘/当館最高級のおもてなし数奇屋造りの別邸で過ごす至福のひととき特別懐石プラン,353,no,unclear,booking_confusion,operation_recheck,,주의 신호: operation_recheck,mixed,caution_or_issue_tag,high,issue_caution_calibration_needed
143,Jalan,https://www.jalan.net/yad322946/kuchikomi/5.HTML,latest_5,Jalan_14960939,ja,2025/12/17,2025年12月宿泊,4,5,4,玄関ブ－スが綺麗,和室 【じゃらんスペシャルウィーク】和洋ビュッフェでモーニング！1泊朝食付プラン,201,yes,public_bath;facility_wide,public_bath_hot_spring;water_texture,temperature,温泉;トロトロ,대욕장/공용탕/사우나 맥락 언급; 우레시노 물성/미인탕/원천 신호 언급; 주의 신호: temperature,mixed,caution_or_issue_tag,high,issue_caution_calibration_needed
144,Jalan,https://www.jalan.net/yad322946/kuchikomi/5.HTML,latest_5,Jalan_14959258,ja,2025/12/16,2025年12月宿泊,3,3,3,ゆったりと過ごすことができた。,和室 【夕食17：30お約束】ワンランク上の贅沢/蕩ける旨味に舌鼓！特選佐賀牛＆厳選若楠豚のグルメ焼肉プラン,129,yes,public_bath,public_bath_hot_spring;booking_confusion,operation_recheck,,대욕장/공용탕/사우나 맥락 언급; 주의 신호: operation_recheck,mixed,caution_or_issue_tag,high,issue_caution_calibration_needed
145,Jalan,https://www.jalan.net/yad322946/kuchikomi/5.HTML,latest_5,Jalan_14954121,ja,2025/12/14,2025年12月宿泊,5,4,4,久しぶりの利用,ツイン 【ワンランク上の贅沢】人気No.1！温泉湯豆腐スープで味わう特選佐賀牛＆厳選若楠豚しゃぶしゃぶプラン,132,yes,public_bath;facility_wide,public_bath_hot_spring;water_texture;booking_confusion,operation_recheck,温泉,대욕장/공용탕/사우나 맥락 언급; 우레시노 물성/미인탕/원천 신호 언급; 주의 신호: operation_recheck,mixed,caution_or_issue_tag,high,issue_caution_calibration_needed
146,Jalan,https://www.jalan.net/yad322946/kuchikomi/5.HTML,latest_5,Jalan_14951952,ja,2025/12/13,2025年12月宿泊,3,2,2,水明荘 千草に宿泊したけど…,和室 【朝夕お部屋食】水明荘/当館最高級のおもてなし数奇屋造りの別邸で過ごす至福のひととき特別懐石プラン,821,yes,open_air_public_bath;public_bath;facility_wide,public_bath_hot_spring;water_texture;weak_onsen_feeling;chlorine_smell;booking_confusion,operation_recheck;aging_or_access;temperature;cleanliness,温泉;露天;露天風呂;大浴場;源泉;源泉掛け流し;ぬるい;塩素,"공용 노천탕/浮世風呂 경험 언급; 대욕장/공용탕/사우나 맥락 언급; 우레시노 물성/미인탕/원천 신호 언급; 주의 신호: operation_recheck,aging_or_access,temperature",negative,negative_signal_tag,high,issue_caution_calibration_needed
147,Jalan,https://www.jalan.net/yad322946/kuchikomi/5.HTML,latest_5,Jalan_14951306,ja,2025/12/13,2025年12月宿泊,4,5,3,色々楽しかった,和室 【じゃらんのお得な10日間】ワンランク上の贅沢/きたの茶園×瀬頭酒造×利休コラボ懐石レストラン個室食,249,yes,public_bath,public_bath_hot_spring;water_texture;booking_confusion,operation_recheck,大浴場;古い;広い,대욕장/공용탕/사우나 맥락 언급; 우레시노 물성/미인탕/원천 신호 언급; 주의 신호: operation_recheck,mixed,caution_or_issue_tag,high,issue_caution_calibration_needed
148,Jalan,https://www.jalan.net/yad322946/kuchikomi/5.HTML,latest_5,Jalan_14944609,ja,2025/12/10,2025年12月宿泊,5,4,5,みやび館やよい,和室 【じゃらんのお得な10日間】ワンランク上の贅沢/きたの茶園×瀬頭酒造×利休コラボ懐石レストラン個室食,205,yes,room_open_air_bath;open_air_public_bath;public_bath;facility_wide,room_bath_hot_spring;public_bath_hot_spring;water_texture;weak_onsen_feeling;booking_confusion,operation_recheck;aging_or_access,温泉;露天;露天風呂;大浴場;露天風呂付,"객실 노천탕 맥락 언급; 공용 노천탕/浮世風呂 경험 언급; 대욕장/공용탕/사우나 맥락 언급; 우레시노 물성/미인탕/원천 신호 언급; 주의 신호: operation_recheck,aging_or_access",negative,negative_signal_tag,high,issue_caution_calibration_needed
149,Jalan,https://www.jalan.net/yad322946/kuchikomi/5.HTML,latest_5,Jalan_14941096,ja,2025/12/8,2025年11月宿泊,2,1,1,高級旅館,和室 【夕食17：30お約束でお得に滞在】ワンランク上の贅沢/人気No.1温泉湯豆腐佐賀牛しゃぶしゃぶプラン,132,yes,facility_wide,water_texture,,温泉,우레시노 물성/미인탕/원천 신호 언급,positive,positive_signal_no_caution,medium,issue_caution_calibration_needed
150,Jalan,https://www.jalan.net/yad322946/kuchikomi/5.HTML,latest_5,Jalan_14935926,ja,2025/12/7,2025年12月宿泊,5,4,4,想像を超えてくる空間体験,和室 【じゃらんのお得な10日間】ワンランク上の贅沢/きたの茶園×瀬頭酒造×利休コラボ懐石レストラン個室食,505,yes,room_bath;open_air_public_bath;public_bath;facility_wide,room_bath_hot_spring;public_bath_hot_spring;water_texture;booking_confusion,operation_recheck;cleanliness,温泉;露天;露天風呂;部屋風呂;掃除,"객실 내탕/내풍呂 맥락 언급; 공용 노천탕/浮世風呂 경험 언급; 대욕장/공용탕/사우나 맥락 언급; 우레시노 물성/미인탕/원천 신호 언급; 주의 신호: operation_recheck,cleanliness",mixed,body_negative_with_context,high,issue_caution_calibration_needed
151,Jalan,https://www.jalan.net/yad322946/kuchikomi/6.HTML,latest_6,Jalan_14935621,ja,2025/12/7,2025年12月宿泊,5,5,5,接客がよい,和室 【1泊朝食付】和洋ビュッフェでモーニング！グループやお子様連れのファミリーにおすすめ！,63,no,unclear,,,,온천 언급 없는 숙박 경험 리뷰.,neutral,neutral_or_lodging_context,medium,issue_caution_calibration_needed
152,Jalan,https://www.jalan.net/yad322946/kuchikomi/6.HTML,latest_6,Jalan_14931390,ja,2025/12/5,2025年12月宿泊,4,4,4,旧館の方が割安感あり,和室 【じゃらんスペシャルウィーク】和洋ビュッフェでモーニング！1泊朝食付プラン,116,yes,facility_wide,water_texture;booking_confusion,operation_recheck;temperature,温泉;古い;広い,"우레시노 물성/미인탕/원천 신호 언급; 주의 신호: operation_recheck,temperature",mixed,caution_or_issue_tag,high,issue_caution_calibration_needed
153,Jalan,https://www.jalan.net/yad322946/kuchikomi/6.HTML,latest_6,Jalan_14931198,ja,2025/12/5,2025年12月宿泊,5,5,5,五感に満足感　間違いないおもてなし,和室 【じゃらんスペシャルウィーク】和洋ビュッフェでモーニング！1泊朝食付プラン,133,yes,public_bath;facility_wide,public_bath_hot_spring;water_texture,,温泉,대욕장/공용탕/사우나 맥락 언급; 우레시노 물성/미인탕/원천 신호 언급,positive,body_positive,high,issue_caution_calibration_needed
154,Jalan,https://www.jalan.net/yad322946/kuchikomi/6.HTML,latest_6,Jalan_14928713,ja,2025/12/3,2025年10月宿泊,4,4,4,老舗なのに新しい,和室 【じゃらんスペシャルウィーク】きたの茶園×瀬頭酒造×利休コラボ懐石レストラン個室食,292,yes,public_bath,public_bath_hot_spring;booking_confusion,operation_recheck;aging_or_access,,"대욕장/공용탕/사우나 맥락 언급; 주의 신호: operation_recheck,aging_or_access",mixed,caution_or_issue_tag,high,issue_caution_calibration_needed
155,Jalan,https://www.jalan.net/yad322946/kuchikomi/6.HTML,latest_6,Jalan_14927034,ja,2025/12/3,2025年11月宿泊,3,3,2,部屋古っ、えっお菓子どこ,和室 【ワンランク上の贅沢/想～和敬静寂】きたの茶園×瀬頭酒造×利休コラボ懐石レストラン個室食,222,yes,facility_wide,water_texture,,温泉,우레시노 물성/미인탕/원천 신호 언급,positive,positive_signal_no_caution,medium,issue_caution_calibration_needed
156,Jalan,https://www.jalan.net/yad322946/kuchikomi/6.HTML,latest_6,Jalan_14924778,ja,2025/12/2,2025年11月宿泊,5,5,5,従業員さんの心遣いが良かった,和室 【朝夕お部屋食】水明荘/当館最高級のおもてなし数奇屋造りの別邸で過ごす至福のひととき特別懐石プラン,155,no,unclear,booking_confusion,operation_recheck;aging_or_access,,"주의 신호: operation_recheck,aging_or_access",mixed,caution_or_issue_tag,high,issue_caution_calibration_needed
157,Jalan,https://www.jalan.net/yad322946/kuchikomi/6.HTML,latest_6,Jalan_14921495,ja,2025/11/30,2025年11月宿泊,3,3,2,夫婦での旅行にはおすすめ,和室 【ワンランク上の贅沢】人気No.1！温泉湯豆腐スープで味わう特選佐賀牛＆厳選若楠豚しゃぶしゃぶプラン,301,yes,public_bath;facility_wide,public_bath_hot_spring;water_texture;booking_confusion,operation_recheck;cleanliness,温泉;臭い,"대욕장/공용탕/사우나 맥락 언급; 우레시노 물성/미인탕/원천 신호 언급; 주의 신호: operation_recheck,cleanliness",mixed,body_negative_with_context,high,issue_caution_calibration_needed
158,Jalan,https://www.jalan.net/yad322946/kuchikomi/6.HTML,latest_6,Jalan_14912374,ja,2025/11/26,2025年9月宿泊,5,5,5,子連れにオススメ,その他 【じゃらんアワード受賞記念プラン】きたの茶園×瀬頭酒造×利休コラボ懐石レストラン個室食,62,no,unclear,,,,온천 언급 없는 숙박 경험 리뷰.,neutral,neutral_or_lodging_context,medium,issue_caution_calibration_needed
159,Jalan,https://www.jalan.net/yad322946/kuchikomi/6.HTML,latest_6,Jalan_14906282,ja,2025/11/24,2025年11月宿泊,4,4,3,お料理がおいしかった,和室 【夕食19：30お約束でお得に滞在】ワンランク上の贅沢～きたの茶園×瀬頭酒造×利休コラボ懐石,94,yes,unclear,booking_confusion,,古い,온천 언급 없는 숙박 경험 리뷰.,mixed,conditional_signal_tag,medium,issue_caution_calibration_needed
160,Jalan,https://www.jalan.net/yad322946/kuchikomi/6.HTML,latest_6,Jalan_14906180,ja,2025/11/24,2025年11月宿泊,4,3,4,家族でゆったり過ごすのにぴったり。,ツイン 【夕食19：30お約束でお得に滞在】ワンランク上の贅沢/特選佐賀牛＆厳選若楠豚のグルメ焼肉プラン,53,yes,public_bath,public_bath_hot_spring,,,대욕장/공용탕/사우나 맥락 언급,positive,positive_signal_no_caution,medium,issue_caution_calibration_needed
161,Jalan,https://www.jalan.net/yad322946/kuchikomi/6.HTML,latest_6,Jalan_14891418,ja,2025/11/18,2025年11月宿泊,4,4,4,食事が美味しい！,和室 【夕食17：30お約束でお得に滞在】ワンランク上の贅沢/人気No.1温泉湯豆腐佐賀牛しゃぶしゃぶプラン,67,yes,facility_wide,water_texture,,温泉,우레시노 물성/미인탕/원천 신호 언급,positive,rating_positive_signal,medium,issue_caution_calibration_needed
162,Jalan,https://www.jalan.net/yad322946/kuchikomi/6.HTML,latest_6,Jalan_14891075,ja,2025/11/18,2025年11月宿泊,5,4,4,おもてなしが最高・・・,和室 【朝夕お部屋食】水明荘/当館最高級のおもてなし数奇屋造りの別邸で過ごす至福のひととき特別懐石プラン,250,yes,room_bath;public_bath,room_bath_hot_spring;public_bath_hot_spring;water_texture,temperature,大浴場,객실 내탕/내풍呂 맥락 언급; 대욕장/공용탕/사우나 맥락 언급; 우레시노 물성/미인탕/원천 신호 언급; 주의 신호: temperature,mixed,caution_or_issue_tag,high,issue_caution_calibration_needed
163,Jalan,https://www.jalan.net/yad322946/kuchikomi/6.HTML,latest_6,Jalan_14886946,ja,2025/11/16,2025年11月宿泊,4,5,4,美肌の湯最高！,和室 【じゃらんのお得な10日間】和洋ビュッフェでモーニング！グループやファミリーにおすすめ！1泊朝食プラン,144,yes,public_bath;facility_wide,public_bath_hot_spring;water_texture,,温泉;内湯;美肌;古い,대욕장/공용탕/사우나 맥락 언급; 우레시노 물성/미인탕/원천 신호 언급,positive,body_positive,high,issue_caution_calibration_needed
164,Jalan,https://www.jalan.net/yad322946/kuchikomi/6.HTML,latest_6,Jalan_14867818,ja,2025/11/9,2025年10月宿泊,4,-,4,食事がとてもおいしい,ツイン 【夕食17：30お約束でお得に滞在】ワンランク上の贅沢/人気No.1温泉湯豆腐佐賀牛しゃぶしゃぶプラン,268,yes,public_bath;facility_wide,public_bath_hot_spring;water_texture;booking_confusion,operation_recheck,温泉;大浴場,대욕장/공용탕/사우나 맥락 언급; 우레시노 물성/미인탕/원천 신호 언급; 주의 신호: operation_recheck,mixed,caution_or_issue_tag,high,issue_caution_calibration_needed
165,Jalan,https://www.jalan.net/yad322946/kuchikomi/6.HTML,latest_6,Jalan_14865390,ja,2025/11/8,2025年11月宿泊,5,5,5,温泉が最高です,和室 【じゃらんのお得な10日間】和洋ビュッフェでモーニング！グループやファミリーにおすすめ！1泊朝食プラン,128,yes,public_bath;facility_wide,public_bath_hot_spring;water_texture,,温泉;美肌,대욕장/공용탕/사우나 맥락 언급; 우레시노 물성/미인탕/원천 신호 언급,positive,body_positive,high,issue_caution_calibration_needed
166,Jalan,https://www.jalan.net/yad322946/kuchikomi/6.HTML,latest_6,Jalan_14862280,ja,2025/11/7,2025年10月宿泊,3,3,2,老舗お宿で趣きがあった。,和室 【ワンランク上の贅沢/想～和敬静寂】きたの茶園×瀬頭酒造×利休コラボ懐石レストラン個室食,288,yes,facility_wide,water_texture;booking_confusion,operation_recheck;aging_or_access,温泉,"우레시노 물성/미인탕/원천 신호 언급; 주의 신호: operation_recheck,aging_or_access",mixed,caution_or_issue_tag,high,issue_caution_calibration_needed
167,Jalan,https://www.jalan.net/yad322946/kuchikomi/6.HTML,latest_6,Jalan_14861431,ja,2025/11/6,2025年11月宿泊,4,4,4,良かった。,和室 【ワンランク上の贅沢/想～和敬静寂】きたの茶園×瀬頭酒造×利休コラボ懐石レストラン個室食,53,no,unclear,booking_confusion,aging_or_access,,주의 신호: aging_or_access,mixed,caution_or_issue_tag,high,issue_caution_calibration_needed
168,Jalan,https://www.jalan.net/yad322946/kuchikomi/6.HTML,latest_6,Jalan_14854723,ja,2025/11/3,2025年10月宿泊,5,5,2,料理、温泉、スタッフのホスピタリティ、本当に最高!,和室 【じゃらんスペシャルウィーク】きたの茶園×瀬頭酒造×利休コラボ懐石レストラン個室食,251,yes,facility_wide,water_texture,,温泉,우레시노 물성/미인탕/원천 신호 언급,positive,body_positive,high,issue_caution_calibration_needed
169,Jalan,https://www.jalan.net/yad322946/kuchikomi/6.HTML,latest_6,Jalan_14852166,ja,2025/11/3,2025年10月宿泊,5,5,5,夕食とお風呂が大変満足でした,和室 【じゃらんスペシャルウィーク】きたの茶園×瀬頭酒造×利休コラボ懐石レストラン個室食,124,yes,public_bath,public_bath_hot_spring,,,대욕장/공용탕/사우나 맥락 언급,positive,body_positive,high,issue_caution_calibration_needed
170,Jalan,https://www.jalan.net/yad322946/kuchikomi/6.HTML,latest_6,Jalan_14848702,ja,2025/11/1,2025年10月宿泊,4,4,4,夕食は素晴らしかったです,和室 【夕食19：30お約束でお得に滞在】ワンランク上の贅沢～きたの茶園×瀬頭酒造×利休コラボ懐石,112,no,unclear,,,,온천 언급 없는 숙박 경험 리뷰.,positive,body_positive,high,issue_caution_calibration_needed
171,Jalan,https://www.jalan.net/yad322946/kuchikomi/6.HTML,latest_6,Jalan_14846226,ja,2025/10/31,2025年10月宿泊,5,5,5,奮発した甲斐があった,和室 【夕食17：30お約束でお得に滞在】ワンランク上の贅沢～きたの茶園×瀬頭酒造×利休コラボ懐石,56,yes,public_bath,public_bath_hot_spring,,サウナ,대욕장/공용탕/사우나 맥락 언급,positive,rating_positive_signal,medium,issue_caution_calibration_needed
172,Jalan,https://www.jalan.net/yad322946/kuchikomi/6.HTML,latest_6,Jalan_14845366,ja,2025/10/31,2025年10月宿泊,4,4,4,昭和レトロな雰囲気で最高,和室 【1泊朝食付】和洋ビュッフェでモーニング！グループやお子様連れのファミリーにおすすめ！,54,yes,facility_wide,water_texture,,温泉,우레시노 물성/미인탕/원천 신호 언급,positive,body_positive,high,issue_caution_calibration_needed
173,Jalan,https://www.jalan.net/yad322946/kuchikomi/6.HTML,latest_6,Jalan_14845136,ja,2025/10/30,2025年10月宿泊,5,5,5,食事が良かった,和室 【夕食17：30お約束でお得に滞在】ワンランク上の贅沢/人気No.1温泉湯豆腐佐賀牛しゃぶしゃぶプラン,175,yes,facility_wide,water_texture;crowding,crowding,温泉,우레시노 물성/미인탕/원천 신호 언급; 주의 신호: crowding,mixed,caution_or_issue_tag,high,issue_caution_calibration_needed
174,Jalan,https://www.jalan.net/yad322946/kuchikomi/6.HTML,latest_6,Jalan_14842504,ja,2025/10/29,2025年10月宿泊,1,1,1,残念過ぎでした,和室 【ワンランク上の贅沢/想～和敬静寂】きたの茶園×瀬頭酒造×利休コラボ懐石レストラン個室食,370,no,unclear,booking_confusion,operation_recheck,,주의 신호: operation_recheck,negative,low_rating_negative_body,high,issue_caution_calibration_needed
175,Jalan,https://www.jalan.net/yad322946/kuchikomi/6.HTML,latest_6,Jalan_14838540,ja,2025/10/27,2025年10月宿泊,4,4,3,義両親との旅行,和室 【じゃらんのお得な10日間】ワンランク上の贅沢/きたの茶園×瀬頭酒造×利休コラボ懐石レストラン個室食,281,yes,facility_wide,water_texture,cleanliness,温泉;清掃,우레시노 물성/미인탕/원천 신호 언급; 주의 신호: cleanliness,mixed,caution_or_issue_tag,high,issue_caution_calibration_needed
176,Jalan,https://www.jalan.net/yad322946/kuchikomi/6.HTML,latest_6,Jalan_14837917,ja,2025/10/27,2025年10月宿泊,3,4,3,主人の還暦旅行,和室 【じゃらんのお得な10日間】ワンランク上の贅沢/きたの茶園×瀬頭酒造×利休コラボ懐石レストラン個室食,229,yes,facility_wide,water_texture;booking_confusion,operation_recheck,温泉,우레시노 물성/미인탕/원천 신호 언급; 주의 신호: operation_recheck,mixed,caution_or_issue_tag,high,issue_caution_calibration_needed
177,Jalan,https://www.jalan.net/yad322946/kuchikomi/6.HTML,latest_6,Jalan_14807289,ja,2025/10/14,2025年10月宿泊,5,5,4,朝食バイキング最高でした！,和室 【1泊朝食付】和洋ビュッフェでモーニング！グループやお子様連れのファミリーにおすすめ！,56,no,unclear,,,,온천 언급 없는 숙박 경험 리뷰.,positive,body_positive,high,issue_caution_calibration_needed
178,Jalan,https://www.jalan.net/yad322946/kuchikomi/6.HTML,latest_6,Jalan_14805914,ja,2025/10/14,2025年10月宿泊,5,5,5,おもてなしが最高,和室 【朝夕お部屋食】水明荘/当館最高級のおもてなし数奇屋造りの別邸で過ごす至福のひととき特別懐石プラン,334,no,unclear,booking_confusion,operation_recheck,,주의 신호: operation_recheck,mixed,caution_or_issue_tag,high,issue_caution_calibration_needed
179,Jalan,https://www.jalan.net/yad322946/kuchikomi/6.HTML,latest_6,Jalan_14797352,ja,2025/10/12,2025年9月宿泊,4,3,3,お酒とお料理で大満足,和室 【夕食17：30お約束でお得に滞在】ワンランク上の贅沢～きたの茶園×瀬頭酒造×利休コラボ懐石,261,no,unclear,,,,온천 언급 없는 숙박 경험 리뷰.,positive,body_positive,high,issue_caution_calibration_needed
180,Jalan,https://www.jalan.net/yad322946/kuchikomi/6.HTML,latest_6,Jalan_14796446,ja,2025/10/11,2025年10月宿泊,5,4,4,クオリティの高い料理に舌鼓,和室 【夕食17：30お約束でお得に滞在】ワンランク上の贅沢/人気No.1温泉湯豆腐佐賀牛しゃぶしゃぶプラン,85,yes,facility_wide,water_texture,,温泉,우레시노 물성/미인탕/원천 신호 언급,positive,rating_positive_signal,medium,issue_caution_calibration_needed
181,Jalan,https://www.jalan.net/yad322946/kuchikomi/7.HTML,latest_7,Jalan_14787446,ja,2025/10/7,2025年10月宿泊,5,5,5,料理も接客も凄く良かった。,和室 【じゃらんスペシャルウィーク】きたの茶園×瀬頭酒造×利休コラボ懐石レストラン個室食,88,yes,public_bath,public_bath_hot_spring,,,대욕장/공용탕/사우나 맥락 언급,positive,body_positive,high,issue_caution_calibration_needed
182,Jalan,https://www.jalan.net/yad322946/kuchikomi/7.HTML,latest_7,Jalan_14779277,ja,2025/10/4,2025年9月宿泊,2,5,2,HPが魅力的で,ツイン 【ワンランク上の贅沢/想～和敬静寂】きたの茶園×瀬頭酒造×利休コラボ懐石レストラン個室食,228,yes,public_bath,public_bath_hot_spring,cleanliness,大浴場;掃除,대욕장/공용탕/사우나 맥락 언급; 주의 신호: cleanliness,mixed,body_negative_with_context,high,issue_caution_calibration_needed
183,Jalan,https://www.jalan.net/yad322946/kuchikomi/7.HTML,latest_7,Jalan_14773036,ja,2025/10/1,2025年9月宿泊,4,1,5,水明荘やっぱり良いです,和室 【朝夕お部屋食】水明荘/当館最高級のおもてなし数奇屋造りの別邸で過ごす至福のひととき特別懐石プラン,306,yes,public_bath;facility_wide,public_bath_hot_spring;water_texture;booking_confusion,aging_or_access,温泉;美肌,대욕장/공용탕/사우나 맥락 언급; 우레시노 물성/미인탕/원천 신호 언급; 주의 신호: aging_or_access,mixed,caution_or_issue_tag,high,issue_caution_calibration_needed
184,Jalan,https://www.jalan.net/yad322946/kuchikomi/7.HTML,latest_7,Jalan_14772183,ja,2025/10/1,2025年9月宿泊,4,4,3,ゆっくり寛げました。,ツイン 【会～迷ったらこちら】旬の嬉野・佐賀を味わうこだわり懐石/レストラン個室食,97,yes,public_bath;facility_wide,public_bath_hot_spring;water_texture;booking_confusion,aging_or_access,トロトロ,대욕장/공용탕/사우나 맥락 언급; 우레시노 물성/미인탕/원천 신호 언급; 주의 신호: aging_or_access,mixed,caution_or_issue_tag,high,issue_caution_calibration_needed
185,Jalan,https://www.jalan.net/yad322946/kuchikomi/7.HTML,latest_7,Jalan_14772084,ja,2025/9/30,2025年9月宿泊,3,4,3,ゆっくりとした時間を過ごせる,和室 遅めの夏休み、今こそ行こう！夏の余韻ステイ「朝食は和洋ビュッフェ」1泊朝食付プラン,339,yes,room_bath;open_air_public_bath;public_bath,room_bath_hot_spring;public_bath_hot_spring;water_texture;crowding;booking_confusion,operation_recheck;aging_or_access;temperature;crowding,露天;大浴場;古い,"객실 내탕/내풍呂 맥락 언급; 공용 노천탕/浮世風呂 경험 언급; 대욕장/공용탕/사우나 맥락 언급; 우레시노 물성/미인탕/원천 신호 언급; 주의 신호: operation_recheck,aging_or_access,temperature",mixed,caution_or_issue_tag,high,issue_caution_calibration_needed
186,Jalan,https://www.jalan.net/yad322946/kuchikomi/7.HTML,latest_7,Jalan_14771325,ja,2025/9/30,2025年9月宿泊,5,5,5,心安らぐ宿,和室 【Yohaku Lab創香室】世界にひとつ★貴方だけのフレグランスバッグ創香体験付プラン,117,yes,room_bath;public_bath,room_bath_hot_spring;public_bath_hot_spring,,部屋風呂,객실 내탕/내풍呂 맥락 언급; 대욕장/공용탕/사우나 맥락 언급,positive,rating_positive_signal,medium,issue_caution_calibration_needed
187,Jalan,https://www.jalan.net/yad322946/kuchikomi/7.HTML,latest_7,Jalan_14769861,ja,2025/9/30,2025年9月宿泊,5,5,5,お気に入りのお宿になりました。,和室 【じゃらんのお得な10日間】ワンランク上の贅沢温泉湯豆腐スープで味わう佐賀牛＆若楠豚しゃぶしゃぶプラン,158,yes,facility_wide,water_texture,,温泉,우레시노 물성/미인탕/원천 신호 언급,positive,rating_positive_signal,medium,issue_caution_calibration_needed
188,Jalan,https://www.jalan.net/yad322946/kuchikomi/7.HTML,latest_7,Jalan_14769221,ja,2025/9/29,2025年9月宿泊,4,5,3,テーマパークみたい,和室 【夕食17：30お約束でお得に滞在】ワンランク上の贅沢～きたの茶園×瀬頭酒造×利休コラボ懐石,280,yes,public_bath,public_bath_hot_spring;water_texture,,大浴場,대욕장/공용탕/사우나 맥락 언급; 우레시노 물성/미인탕/원천 신호 언급,positive,rating_positive_signal,medium,issue_caution_calibration_needed
189,Jalan,https://www.jalan.net/yad322946/kuchikomi/7.HTML,latest_7,Jalan_14769044,ja,2025/9/29,2025年9月宿泊,5,5,5,また泊まりたいと思える嬉野の宿,和室 遅めの夏休み、今こそ行こう！夏の余韻ステイ「利休懐石」プラン,596,yes,open_air_public_bath;public_bath;facility_wide,public_bath_hot_spring;water_texture,,温泉;露天;露天風呂;美肌,공용 노천탕/浮世風呂 경험 언급; 대욕장/공용탕/사우나 맥락 언급; 우레시노 물성/미인탕/원천 신호 언급,positive,body_positive,high,issue_caution_calibration_needed
190,Jalan,https://www.jalan.net/yad322946/kuchikomi/7.HTML,latest_7,Jalan_14766554,ja,2025/9/28,2025年9月宿泊,5,5,5,何度来ても素敵なリゾート感,和室 【会～迷ったらこちら】旬の嬉野・佐賀を味わうこだわり懐石/レストラン個室食,173,yes,facility_wide,water_texture;booking_confusion,aging_or_access,温泉;源泉,우레시노 물성/미인탕/원천 신호 언급; 주의 신호: aging_or_access,mixed,caution_or_issue_tag,high,issue_caution_calibration_needed
191,Jalan,https://www.jalan.net/yad322946/kuchikomi/7.HTML,latest_7,Jalan_14757513,ja,2025/9/24,2025年7月宿泊,5,5,4,嬉野温泉活気あり！,和室 【じゃらんスペシャルウィーク】和洋ビュッフェでモーニング！1泊朝食付プラン,293,yes,public_bath;facility_wide,public_bath_hot_spring;water_texture;booking_confusion,aging_or_access,温泉;広い,대욕장/공용탕/사우나 맥락 언급; 우레시노 물성/미인탕/원천 신호 언급; 주의 신호: aging_or_access,mixed,caution_or_issue_tag,high,issue_caution_calibration_needed
192,Jalan,https://www.jalan.net/yad322946/kuchikomi/7.HTML,latest_7,Jalan_14753945,ja,2025/9/23,2025年9月宿泊,4,5,3,泉質が最高　施設が充実！,和室 【1泊朝食付】和洋ビュッフェでモーニング！グループやお子様連れのファミリーにおすすめ！,75,yes,facility_wide,water_texture,,,우레시노 물성/미인탕/원천 신호 언급,positive,body_positive,high,issue_caution_calibration_needed
193,Jalan,https://www.jalan.net/yad322946/kuchikomi/7.HTML,latest_7,Jalan_14747290,ja,2025/9/21,2025年9月宿泊,4,4,3,いい旅行が出来ました,和室 遅めの夏休み、今こそ行こう！夏の余韻ステイ「温泉湯豆腐と牛豚しゃぶしゃぶ」プラン,55,yes,facility_wide,water_texture,,温泉,우레시노 물성/미인탕/원천 신호 언급,positive,rating_positive_signal,medium,issue_caution_calibration_needed
194,Jalan,https://www.jalan.net/yad322946/kuchikomi/7.HTML,latest_7,Jalan_14745829,ja,2025/9/20,2025年9月宿泊,5,5,5,タワー棟野天風呂付き部屋最高,ツイン 【1泊朝食付】和洋ビュッフェでモーニング！グループやお子様連れのファミリーにおすすめ！,190,yes,public_bath;facility_wide,public_bath_hot_spring;water_texture,,温泉;古い,대욕장/공용탕/사우나 맥락 언급; 우레시노 물성/미인탕/원천 신호 언급,positive,body_positive,high,issue_caution_calibration_needed
195,Jalan,https://www.jalan.net/yad322946/kuchikomi/7.HTML,latest_7,Jalan_14740826,ja,2025/9/18,2025年9月宿泊,4,5,4,おもてなし最高,和室 遅めの夏休み、今こそ行こう！夏の余韻ステイ「利休懐石」プラン,155,yes,public_bath;facility_wide,public_bath_hot_spring;water_texture,,温泉;トロトロ,대욕장/공용탕/사우나 맥락 언급; 우레시노 물성/미인탕/원천 신호 언급,positive,body_positive,high,issue_caution_calibration_needed
196,Jalan,https://www.jalan.net/yad322946/kuchikomi/7.HTML,latest_7,Jalan_14739958,ja,2025/9/18,2025年8月宿泊,4,5,4,広い大浴場、美味しかった夕食の日本料理,和室 【じゃらんのお得な10日間】ワンランク上の贅沢/きたの茶園×瀬頭酒造×利休コラボ懐石レストラン個室食,114,yes,public_bath;facility_wide,public_bath_hot_spring;water_texture,,温泉;大浴場;広い,대욕장/공용탕/사우나 맥락 언급; 우레시노 물성/미인탕/원천 신호 언급,positive,rating_positive_signal,medium,issue_caution_calibration_needed
197,Jalan,https://www.jalan.net/yad322946/kuchikomi/7.HTML,latest_7,Jalan_14739211,ja,2025/9/17,2025年9月宿泊,4,5,3,夕食が良かった！,和室 【じゃらんアワード受賞記念プラン】きたの茶園×瀬頭酒造×利休コラボ懐石レストラン個室食,107,yes,open_air_public_bath;public_bath,public_bath_hot_spring;booking_confusion,operation_recheck,露天;露天風呂;浮世風呂,공용 노천탕/浮世風呂 경험 언급; 대욕장/공용탕/사우나 맥락 언급; 주의 신호: operation_recheck,mixed,caution_or_issue_tag,high,issue_caution_calibration_needed
198,Jalan,https://www.jalan.net/yad322946/kuchikomi/7.HTML,latest_7,Jalan_14739053,ja,2025/9/17,2025年9月宿泊,3,3,3,なにか気になる点が多い,和室 遅めの夏休み、今こそ行こう！夏の余韻ステイ「温泉湯豆腐と牛豚しゃぶしゃぶ」プラン,374,yes,open_air_public_bath;public_bath;facility_wide,public_bath_hot_spring;water_texture;booking_confusion,operation_recheck;aging_or_access;cleanliness,温泉;露天;大浴場;清掃,"공용 노천탕/浮世風呂 경험 언급; 대욕장/공용탕/사우나 맥락 언급; 우레시노 물성/미인탕/원천 신호 언급; 주의 신호: operation_recheck,aging_or_access,cleanliness",mixed,caution_or_issue_tag,high,issue_caution_calibration_needed
199,Jalan,https://www.jalan.net/yad322946/kuchikomi/7.HTML,latest_7,Jalan_14737878,ja,2025/9/17,2025年9月宿泊,4,5,3,お風呂がよかった。,和室 【じゃらんスペシャルウィーク】和洋ビュッフェでモーニング！1泊朝食付プラン,61,yes,public_bath,public_bath_hot_spring;water_texture,,,대욕장/공용탕/사우나 맥락 언급; 우레시노 물성/미인탕/원천 신호 언급,positive,body_positive,high,issue_caution_calibration_needed
200,Jalan,https://www.jalan.net/yad322946/kuchikomi/7.HTML,latest_7,Jalan_14737083,ja,2025/9/17,2025年9月宿泊,3,3,1,部屋が古すぎる,和室 【ワンランク上の贅沢/想～和敬静寂】きたの茶園×瀬頭酒造×利休コラボ懐石レストラン個室食,152,yes,room_bath;public_bath,room_bath_hot_spring;public_bath_hot_spring,temperature,古い,객실 내탕/내풍呂 맥락 언급; 대욕장/공용탕/사우나 맥락 언급; 주의 신호: temperature,mixed,body_negative_with_context,high,issue_caution_calibration_needed
201,Jalan,https://www.jalan.net/yad322946/kuchikomi/7.HTML,latest_7,Jalan_14727013,ja,2025/9/13,2025年8月宿泊,4,4,4,癒し,和室 【じゃらんのお得な10日間】ワンランク上の贅沢/きたの茶園×瀬頭酒造×利休コラボ懐石レストラン個室食,50,yes,open_air_public_bath;public_bath;facility_wide,public_bath_hot_spring;water_texture,,温泉;露天;露天風呂,공용 노천탕/浮世風呂 경험 언급; 대욕장/공용탕/사우나 맥락 언급; 우레시노 물성/미인탕/원천 신호 언급,positive,rating_positive_signal,medium,issue_caution_calibration_needed
202,Jalan,https://www.jalan.net/yad322946/kuchikomi/7.HTML,latest_7,Jalan_14726232,ja,2025/9/13,2025年9月宿泊,4,4,3,広すぎる,和室 遅めの夏休み、今こそ行こう！夏の余韻ステイ「利休懐石」プラン,68,yes,public_bath,public_bath_hot_spring;booking_confusion,aging_or_access,大浴場,대욕장/공용탕/사우나 맥락 언급; 주의 신호: aging_or_access,mixed,caution_or_issue_tag,high,issue_caution_calibration_needed
203,Jalan,https://www.jalan.net/yad322946/kuchikomi/7.HTML,latest_7,Jalan_14725479,ja,2025/9/13,2025年9月宿泊,5,5,5,美人の湯を満喫、佐賀県の人の良さを感じました。,和室 【はじめての方におすすめ】温泉湯豆腐＆佐賀牛+若楠豚で佐賀満喫しゃぶしゃぶプラン,844,yes,room_open_air_bath;room_bath;open_air_public_bath;public_bath;facility_wide,room_bath_hot_spring;public_bath_hot_spring;water_texture,aging_or_access,温泉;露天;露天風呂;大浴場;露天風呂付,객실 노천탕 맥락 언급; 객실 내탕/내풍呂 맥락 언급; 공용 노천탕/浮世風呂 경험 언급; 대욕장/공용탕/사우나 맥락 언급; 우레시노 물성/미인탕/원천 신호 언급; 주의 신호: aging_or_access,mixed,caution_or_issue_tag,high,issue_caution_calibration_needed
204,Jalan,https://www.jalan.net/yad322946/kuchikomi/7.HTML,latest_7,Jalan_14717683,ja,2025/9/9,2025年9月宿泊,2,1,4,夫婦間でのコミニュケーションと癒し,和室 【離れ/水明荘】当館最高級のおもてなし数奇屋造りの別邸で過ごす至福のひととき＜お部屋食＞プラン,57,yes,open_air_public_bath;public_bath,public_bath_hot_spring;booking_confusion,operation_recheck,露天;露天風呂,공용 노천탕/浮世風呂 경험 언급; 대욕장/공용탕/사우나 맥락 언급; 주의 신호: operation_recheck,mixed,caution_or_issue_tag,high,issue_caution_calibration_needed
205,Jalan,https://www.jalan.net/yad322946/kuchikomi/7.HTML,latest_7,Jalan_14716592,ja,2025/9/8,2025年8月宿泊,4,4,4,子連れにおすすめ,和室 【夕食17：30お約束でお得に滞在】ワンランク上の贅沢/特選佐賀牛＆厳選若楠豚のグルメ焼肉プラン,55,yes,public_bath;facility_wide,public_bath_hot_spring;water_texture,,トロトロ,대욕장/공용탕/사우나 맥락 언급; 우레시노 물성/미인탕/원천 신호 언급,positive,body_positive,high,issue_caution_calibration_needed
206,Jalan,https://www.jalan.net/yad322946/kuchikomi/7.HTML,latest_7,Jalan_14709116,ja,2025/9/6,2025年9月宿泊,4,4,3,ゆっくり出来ました。,和室 【会～迷ったらこちら】旬の嬉野・佐賀を味わうこだわり懐石/レストラン個室食,54,yes,public_bath,public_bath_hot_spring;water_texture;booking_confusion,aging_or_access,水風呂,대욕장/공용탕/사우나 맥락 언급; 우레시노 물성/미인탕/원천 신호 언급; 주의 신호: aging_or_access,mixed,caution_or_issue_tag,high,issue_caution_calibration_needed
207,Jalan,https://www.jalan.net/yad322946/kuchikomi/7.HTML,latest_7,Jalan_14701579,ja,2025/9/2,2025年9月宿泊,4,5,3,料理は最高,和室 【ワンランク上の贅沢/想～和敬静寂】きたの茶園×瀬頭酒造×利休コラボ懐石レストラン個室食,89,no,unclear,,cleanliness,,주의 신호: cleanliness,mixed,caution_or_issue_tag,high,issue_caution_calibration_needed
208,Jalan,https://www.jalan.net/yad322946/kuchikomi/7.HTML,latest_7,Jalan_14701193,ja,2025/9/2,2025年9月宿泊,5,5,5,yatingさんのクチコミ,ツイン 【夕食17：30お約束でお得に滞在】ワンランク上の贅沢/特選佐賀牛＆厳選若楠豚のグルメ焼肉プラン,185,no,unclear,,,,온천 언급 없는 숙박 경험 리뷰.,neutral,neutral_or_lodging_context,medium,issue_caution_calibration_needed
209,Jalan,https://www.jalan.net/yad322946/kuchikomi/7.HTML,latest_7,Jalan_14699166,ja,2025/9/1,2025年8月宿泊,2,1,3,お風呂楽しみにしていたのに、、,和室 【1泊朝食付】和洋ビュッフェでモーニング！グループやお子様連れのファミリーにおすすめ！,229,yes,public_bath;facility_wide,public_bath_hot_spring;water_texture;booking_confusion,operation_recheck;cleanliness,温泉;大浴場;掃除,"대욕장/공용탕/사우나 맥락 언급; 우레시노 물성/미인탕/원천 신호 언급; 주의 신호: operation_recheck,cleanliness",mixed,body_positive_and_negative,high,issue_caution_calibration_needed
210,Jalan,https://www.jalan.net/yad322946/kuchikomi/7.HTML,latest_7,Jalan_14698013,ja,2025/9/1,2025年8月宿泊,4,5,2,とてもユックリできました。,和室 【じゃらん限定ファミリー】きたの茶園×瀬頭酒造×利休コラボ懐石レストラン個室食,358,yes,room_bath;public_bath;facility_wide,room_bath_hot_spring;public_bath_hot_spring;water_texture,cleanliness,温泉;トロトロ;掃除,객실 내탕/내풍呂 맥락 언급; 대욕장/공용탕/사우나 맥락 언급; 우레시노 물성/미인탕/원천 신호 언급; 주의 신호: cleanliness,mixed,body_positive_and_negative,high,issue_caution_calibration_needed
211,Jalan,https://www.jalan.net/yad322946/kuchikomi/8.HTML,latest_8,Jalan_14694975,ja,2025/8/31,2025年8月宿泊,5,5,5,予想をはるかに超える良い旅行になりました,和室 【お部屋食×お値打ち】湯殿心晶メンテナンス期間限定◆数奇屋造りの別邸で愉しむ特別懐石プラン,464,yes,room_bath;public_bath,room_bath_hot_spring;public_bath_hot_spring;water_texture;booking_confusion,operation_recheck,湯殿;心晶,객실 내탕/내풍呂 맥락 언급; 대욕장/공용탕/사우나 맥락 언급; 우레시노 물성/미인탕/원천 신호 언급; 주의 신호: operation_recheck,mixed,caution_or_issue_tag,high,issue_caution_calibration_needed
212,Jalan,https://www.jalan.net/yad322946/kuchikomi/8.HTML,latest_8,Jalan_14693245,ja,2025/8/30,2025年8月宿泊,3,1,3,お茶が堪能できます,和室 【じゃらんのお得な10日間】ワンランク上の贅沢/きたの茶園×瀬頭酒造×利休コラボ懐石レストラン個室食,276,yes,public_bath,public_bath_hot_spring,temperature,大浴場,대욕장/공용탕/사우나 맥락 언급; 주의 신호: temperature,mixed,caution_or_issue_tag,high,issue_caution_calibration_needed
213,Jalan,https://www.jalan.net/yad322946/kuchikomi/8.HTML,latest_8,Jalan_14690994,ja,2025/8/29,2025年8月宿泊,5,5,5,記念日に！！,和室 【離れ/水明荘】当館最高級のおもてなし数奇屋造りの別邸で過ごす至福のひととき＜お部屋食＞プラン,119,yes,public_bath,public_bath_hot_spring;booking_confusion,,大浴場,대욕장/공용탕/사우나 맥락 언급,mixed,conditional_signal_tag,medium,issue_caution_calibration_needed
214,Jalan,https://www.jalan.net/yad322946/kuchikomi/8.HTML,latest_8,Jalan_14688427,ja,2025/8/28,2025年8月宿泊,4,4,4,食事が最高でした,和室 【夕食17：30お約束でお得に滞在】ワンランク上の贅沢/人気No.1温泉湯豆腐佐賀牛しゃぶしゃぶプラン,151,yes,room_open_air_bath;open_air_public_bath;public_bath;facility_wide,room_bath_hot_spring;public_bath_hot_spring;water_texture,insects,温泉;露天;露天風呂;露天風呂付;虫,객실 노천탕 맥락 언급; 공용 노천탕/浮世風呂 경험 언급; 대욕장/공용탕/사우나 맥락 언급; 우레시노 물성/미인탕/원천 신호 언급; 주의 신호: insects,mixed,body_positive_and_negative,high,issue_caution_calibration_needed
215,Jalan,https://www.jalan.net/yad322946/kuchikomi/8.HTML,latest_8,Jalan_14683919,ja,2025/8/26,2025年6月宿泊,4,5,4,歴史を感じるホテル,和室 【夕食17：30お約束でお得に滞在】ワンランク上の贅沢/特選佐賀牛＆厳選若楠豚のグルメ焼肉プラン,77,no,unclear,,,,온천 언급 없는 숙박 경험 리뷰.,neutral,neutral_or_lodging_context,medium,issue_caution_calibration_needed
216,Jalan,https://www.jalan.net/yad322946/kuchikomi/8.HTML,latest_8,Jalan_14681788,ja,2025/8/25,2025年8月宿泊,4,4,2,旅館の良さを再認識,和室 【1泊朝食付】和洋ビュッフェでモーニング！グループやお子様連れのファミリーにおすすめ！,257,no,unclear,,,,온천 언급 없는 숙박 경험 리뷰.,neutral,neutral_or_lodging_context,medium,issue_caution_calibration_needed
217,Jalan,https://www.jalan.net/yad322946/kuchikomi/8.HTML,latest_8,Jalan_14677890,ja,2025/8/24,2025年8月宿泊,4,3,3,お茶とのコラボの食事が大変美味しかったです。,和室 【夕食17：30お約束でお得に滞在】ワンランク上の贅沢～きたの茶園×瀬頭酒造×利休コラボ懐石,157,no,unclear,booking_confusion,operation_recheck,,주의 신호: operation_recheck,mixed,caution_or_issue_tag,high,issue_caution_calibration_needed
218,Jalan,https://www.jalan.net/yad322946/kuchikomi/8.HTML,latest_8,Jalan_14677590,ja,2025/8/24,2025年8月宿泊,3,3,1,お部屋が。。。。,和室 【8月厳選】ワンランク上の贅沢/きたの茶園×瀬頭酒造×利休コラボ懐石レストラン個室食,159,yes,public_bath,public_bath_hot_spring,,大浴場,대욕장/공용탕/사우나 맥락 언급,positive,positive_signal_no_caution,medium,issue_caution_calibration_needed
219,Jalan,https://www.jalan.net/yad322946/kuchikomi/8.HTML,latest_8,Jalan_14671596,ja,2025/8/21,2025年8月宿泊,3,4,5,温泉最高！朝食も美味しかった！,その他 【月2回限定★お得に滞在可能】きたの茶園×瀬頭酒造×利休コラボ懐石レストラン個室食,169,yes,public_bath;facility_wide,public_bath_hot_spring;water_texture;booking_confusion,aging_or_access,温泉,대욕장/공용탕/사우나 맥락 언급; 우레시노 물성/미인탕/원천 신호 언급; 주의 신호: aging_or_access,mixed,caution_or_issue_tag,high,issue_caution_calibration_needed
220,Jalan,https://www.jalan.net/yad322946/kuchikomi/8.HTML,latest_8,Jalan_14660530,ja,2025/8/17,2025年8月宿泊,5,4,5,大浴場に行くまでの夜の演出がよかったです。,和室 【じゃらんのお得な10日間】和洋ビュッフェでモーニング！グループやファミリーにおすすめ！1泊朝食プラン,66,yes,public_bath,public_bath_hot_spring,,大浴場,대욕장/공용탕/사우나 맥락 언급,positive,body_positive,high,issue_caution_calibration_needed
221,Jalan,https://www.jalan.net/yad322946/kuchikomi/8.HTML,latest_8,Jalan_14659995,ja,2025/8/17,2025年8月宿泊,4,5,3,温泉とマッサージに癒されました,和室 【1泊朝食付】和洋ビュッフェでモーニング！グループやお子様連れのファミリーにおすすめ！,94,yes,facility_wide,water_texture,,温泉,우레시노 물성/미인탕/원천 신호 언급,positive,body_positive,high,issue_caution_calibration_needed
222,Jalan,https://www.jalan.net/yad322946/kuchikomi/8.HTML,latest_8,Jalan_14654237,ja,2025/8/16,2025年8月宿泊,3,3,3,静かなホテル,その他 【夕食19：30お約束でお得に滞在】ワンランク上の贅沢～きたの茶園×瀬頭酒造×利休コラボ懐石,285,yes,public_bath,public_bath_hot_spring;water_texture,cleanliness,,대욕장/공용탕/사우나 맥락 언급; 우레시노 물성/미인탕/원천 신호 언급; 주의 신호: cleanliness,mixed,caution_or_issue_tag,high,issue_caution_calibration_needed
223,Jalan,https://www.jalan.net/yad322946/kuchikomi/8.HTML,latest_8,Jalan_14639222,ja,2025/8/11,2025年8月宿泊,4,4,4,館内、大浴場の広さが好き,和室 【夕食17：30お約束でお得に滞在】ワンランク上の贅沢/人気No.1温泉湯豆腐佐賀牛しゃぶしゃぶプラン,107,yes,public_bath;facility_wide,public_bath_hot_spring;water_texture,,温泉;大浴場,대욕장/공용탕/사우나 맥락 언급; 우레시노 물성/미인탕/원천 신호 언급,positive,rating_positive_signal,medium,issue_caution_calibration_needed
224,Jalan,https://www.jalan.net/yad322946/kuchikomi/8.HTML,latest_8,Jalan_14634278,ja,2025/8/10,2025年8月宿泊,4,5,4,お茶スペースが充実,和室 【月2回限定★お得に滞在可能】きたの茶園×瀬頭酒造×利休コラボ懐石レストラン個室食,413,yes,public_bath;facility_wide,public_bath_hot_spring;water_texture;booking_confusion,operation_recheck,大浴場;かけ流し;サウナ,대욕장/공용탕/사우나 맥락 언급; 우레시노 물성/미인탕/원천 신호 언급; 주의 신호: operation_recheck,mixed,caution_or_issue_tag,high,issue_caution_calibration_needed
225,Jalan,https://www.jalan.net/yad322946/kuchikomi/8.HTML,latest_8,Jalan_14632426,ja,2025/8/9,2025年8月宿泊,4,3,3,夕食美味しかった。,和室 【会～迷ったらこちら】旬の嬉野・佐賀を味わうこだわり懐石/レストラン個室食,153,yes,public_bath,public_bath_hot_spring;booking_confusion,aging_or_access;cleanliness,大浴場;匂い,"대욕장/공용탕/사우나 맥락 언급; 주의 신호: aging_or_access,cleanliness",mixed,caution_or_issue_tag,high,issue_caution_calibration_needed
226,Jalan,https://www.jalan.net/yad322946/kuchikomi/8.HTML,latest_8,Jalan_14631927,ja,2025/8/9,2025年8月宿泊,5,4,5,朝食がよかった！,和室 【夕食17：30お約束でお得に滞在】ワンランク上の贅沢～きたの茶園×瀬頭酒造×利休コラボ懐石,51,no,unclear,,,,온천 언급 없는 숙박 경험 리뷰.,positive,body_positive,high,issue_caution_calibration_needed
227,Jalan,https://www.jalan.net/yad322946/kuchikomi/8.HTML,latest_8,Jalan_14630199,ja,2025/8/8,2025年8月宿泊,4,4,3,おもてなしのココロがサイコーです！,和室 【じゃらんスペシャルウィーク】和洋ビュッフェでモーニング！1泊朝食付プラン,206,no,unclear,,,,온천 언급 없는 숙박 경험 리뷰.,neutral,neutral_or_lodging_context,medium,issue_caution_calibration_needed
228,Jalan,https://www.jalan.net/yad322946/kuchikomi/8.HTML,latest_8,Jalan_14629358,ja,2025/8/8,2025年8月宿泊,5,5,4,又行きたいと思う,ツイン 【月2回限定★お得に滞在可能】きたの茶園×瀬頭酒造×利休コラボ懐石レストラン個室食,122,yes,room_open_air_bath;open_air_public_bath;public_bath;facility_wide,room_bath_hot_spring;public_bath_hot_spring;water_texture,,温泉;露天;露天風呂;大浴場,객실 노천탕 맥락 언급; 공용 노천탕/浮世風呂 경험 언급; 대욕장/공용탕/사우나 맥락 언급; 우레시노 물성/미인탕/원천 신호 언급,positive,rating_positive_signal,medium,issue_caution_calibration_needed
229,Jalan,https://www.jalan.net/yad322946/kuchikomi/8.HTML,latest_8,Jalan_14626482,ja,2025/8/6,2025年8月宿泊,4,3,2,夕食が良かったです。,和室 【じゃらんのお得な10日間】ワンランク上の贅沢/きたの茶園×瀬頭酒造×利休コラボ懐石レストラン個室食,164,yes,public_bath;facility_wide,public_bath_hot_spring;water_texture,temperature,温泉;サウナ;水風呂,대욕장/공용탕/사우나 맥락 언급; 우레시노 물성/미인탕/원천 신호 언급; 주의 신호: temperature,mixed,caution_or_issue_tag,high,issue_caution_calibration_needed
230,Jalan,https://www.jalan.net/yad322946/kuchikomi/8.HTML,latest_8,Jalan_14617867,ja,2025/8/3,2025年8月宿泊,5,5,5,大満足の宿,和室 【ワンランク上の贅沢/想～和敬静寂】きたの茶園×瀬頭酒造×利休コラボ懐石レストラン個室食,66,yes,room_open_air_bath;room_bath;open_air_public_bath;public_bath,room_bath_hot_spring;public_bath_hot_spring;water_texture,,露天;露天風呂;客室露天;露天風呂付,객실 노천탕 맥락 언급; 객실 내탕/내풍呂 맥락 언급; 공용 노천탕/浮世風呂 경험 언급; 대욕장/공용탕/사우나 맥락 언급; 우레시노 물성/미인탕/원천 신호 언급,positive,body_positive,high,issue_caution_calibration_needed
231,Jalan,https://www.jalan.net/yad322946/kuchikomi/8.HTML,latest_8,Jalan_14614021,ja,2025/8/1,2025年7月宿泊,3,4,2,部屋が暑すぎて眠れずとても残念,その他 【はじめての方におすすめ】温泉湯豆腐＆佐賀牛+若楠豚で佐賀満喫しゃぶしゃぶプラン,368,yes,open_air_public_bath;public_bath;facility_wide,public_bath_hot_spring;water_texture;booking_confusion,operation_recheck;aging_or_access;temperature;cleanliness,温泉;露天;露天風呂,"공용 노천탕/浮世風呂 경험 언급; 대욕장/공용탕/사우나 맥락 언급; 우레시노 물성/미인탕/원천 신호 언급; 주의 신호: operation_recheck,aging_or_access,temperature",mixed,body_negative_with_context,high,issue_caution_calibration_needed
232,Jalan,https://www.jalan.net/yad322946/kuchikomi/8.HTML,latest_8,Jalan_14611875,ja,2025/7/31,2025年7月宿泊,2,3,2,Chang,和室 【会～迷ったらこちら】旬の嬉野・佐賀を味わうこだわり懐石/レストラン個室食,753,no,unclear,booking_confusion,aging_or_access,,주의 신호: aging_or_access,mixed,caution_or_issue_tag,high,issue_caution_calibration_needed
233,Jalan,https://www.jalan.net/yad322946/kuchikomi/8.HTML,latest_8,Jalan_14611070,ja,2025/7/31,2025年7月宿泊,5,5,5,広い大浴場と露天風呂はいいですねー！,和室 【夕食19：30お約束でお得に滞在】ワンランク上の贅沢/特選佐賀牛＆厳選若楠豚のグルメ焼肉プラン,375,yes,room_bath;open_air_public_bath;public_bath,room_bath_hot_spring;public_bath_hot_spring,,露天;露天風呂;大浴場;広い,객실 내탕/내풍呂 맥락 언급; 공용 노천탕/浮世風呂 경험 언급; 대욕장/공용탕/사우나 맥락 언급,positive,rating_positive_signal,medium,issue_caution_calibration_needed
234,Jalan,https://www.jalan.net/yad322946/kuchikomi/8.HTML,latest_8,Jalan_14608128,ja,2025/7/30,2025年7月宿泊,5,5,5,ゆったり過ごせる上質の温泉宿,和室 【離れ/水明荘】当館最高級のおもてなし数奇屋造りの別邸で過ごす至福のひととき＜お部屋食＞プラン,79,yes,open_air_public_bath;public_bath;facility_wide,public_bath_hot_spring;water_texture,temperature,温泉;露天;露天風呂,공용 노천탕/浮世風呂 경험 언급; 대욕장/공용탕/사우나 맥락 언급; 우레시노 물성/미인탕/원천 신호 언급; 주의 신호: temperature,mixed,caution_or_issue_tag,high,issue_caution_calibration_needed
235,Jalan,https://www.jalan.net/yad322946/kuchikomi/8.HTML,latest_8,Jalan_14603450,ja,2025/7/28,2025年7月宿泊,4,5,4,ホカンスにもおすすめ,和室 【会～迷ったらこちら】旬の嬉野・佐賀を味わうこだわり懐石/レストラン個室食,276,yes,unclear,booking_confusion,operation_recheck;aging_or_access;temperature,古い,"주의 신호: operation_recheck,aging_or_access,temperature",mixed,caution_or_issue_tag,high,issue_caution_calibration_needed
236,Jalan,https://www.jalan.net/yad322946/kuchikomi/8.HTML,latest_8,Jalan_14603398,ja,2025/7/28,2025年6月宿泊,5,5,5,お部屋の露天風呂が最高、図書スペースが良かった,和室 【じゃらんのお得な10日間】和洋ビュッフェでモーニング！グループやファミリーにおすすめ！1泊朝食プラン,181,yes,room_open_air_bath;room_bath;open_air_public_bath;public_bath,room_bath_hot_spring;public_bath_hot_spring,,露天;露天風呂,객실 노천탕 맥락 언급; 객실 내탕/내풍呂 맥락 언급; 공용 노천탕/浮世風呂 경험 언급; 대욕장/공용탕/사우나 맥락 언급,positive,body_positive,high,issue_caution_calibration_needed
237,Jalan,https://www.jalan.net/yad322946/kuchikomi/8.HTML,latest_8,Jalan_14600875,ja,2025/7/27,2025年7月宿泊,5,5,3,老舗旅館の素晴らしさを実感！！,和室 【夕食17：30お約束でお得に滞在】ワンランク上の贅沢～きたの茶園×瀬頭酒造×利休コラボ懐石,152,yes,facility_wide,water_texture,,温泉;トロトロ,우레시노 물성/미인탕/원천 신호 언급,positive,body_positive,high,issue_caution_calibration_needed
238,Jalan,https://www.jalan.net/yad322946/kuchikomi/8.HTML,latest_8,Jalan_14596393,ja,2025/7/25,2025年7月宿泊,4,4,4,立派なホテル広い,ツイン 【夕食17：30お約束でお得に滞在】ワンランク上の贅沢/特選佐賀牛＆厳選若楠豚のグルメ焼肉プラン,71,yes,open_air_public_bath;public_bath,public_bath_hot_spring,,露天;露天風呂;広い,공용 노천탕/浮世風呂 경험 언급; 대욕장/공용탕/사우나 맥락 언급,positive,rating_positive_signal,medium,issue_caution_calibration_needed
239,Jalan,https://www.jalan.net/yad322946/kuchikomi/8.HTML,latest_8,Jalan_14587371,ja,2025/7/21,2025年7月宿泊,4,4,2,嬉野で1番好きな宿泊場所,和室 【夕食19：30お約束でお得に滞在】ワンランク上の贅沢/人気No.1温泉湯豆腐佐賀牛しゃぶしゃぶプラン,183,yes,room_bath;public_bath;facility_wide,room_bath_hot_spring;public_bath_hot_spring;water_texture,,温泉;部屋風呂;古い,객실 내탕/내풍呂 맥락 언급; 대욕장/공용탕/사우나 맥락 언급; 우레시노 물성/미인탕/원천 신호 언급,positive,rating_positive_signal,medium,issue_caution_calibration_needed
240,Jalan,https://www.jalan.net/yad322946/kuchikomi/8.HTML,latest_8,Jalan_14581971,ja,2025/7/19,2025年7月宿泊,4,4,4,嫁の還暦祝いで宿泊,ツイン 【会～迷ったらこちら】旬の嬉野・佐賀を味わうこだわり懐石/レストラン個室食,133,yes,room_bath;public_bath,room_bath_hot_spring;public_bath_hot_spring;water_texture;booking_confusion,aging_or_access,大浴場,객실 내탕/내풍呂 맥락 언급; 대욕장/공용탕/사우나 맥락 언급; 우레시노 물성/미인탕/원천 신호 언급; 주의 신호: aging_or_access,mixed,caution_or_issue_tag,high,issue_caution_calibration_needed
241,Jalan,https://www.jalan.net/yad322946/kuchikomi/9.HTML,latest_9,Jalan_14579167,ja,2025/7/18,2025年6月宿泊,3,3,3,嬉野温泉旅,和室 【ワンランク上の贅沢】人気No.1！温泉湯豆腐スープで味わう特選佐賀牛＆厳選若楠豚しゃぶしゃぶプラン,85,yes,facility_wide,water_texture,,温泉,우레시노 물성/미인탕/원천 신호 언급,positive,positive_signal_no_caution,medium,issue_caution_calibration_needed
242,Jalan,https://www.jalan.net/yad322946/kuchikomi/9.HTML,latest_9,Jalan_14576244,ja,2025/7/16,2025年5月宿泊,4,4,3,宿だけで過ごせる,和室 【1泊朝食付】和洋ビュッフェでモーニング！グループやお子様連れのファミリーにおすすめ！,113,yes,facility_wide,water_texture,temperature,温泉,우레시노 물성/미인탕/원천 신호 언급; 주의 신호: temperature,mixed,caution_or_issue_tag,high,issue_caution_calibration_needed
243,Jalan,https://www.jalan.net/yad322946/kuchikomi/9.HTML,latest_9,Jalan_14575303,ja,2025/7/16,2025年7月宿泊,5,5,4,三大美肌湯の嬉野温泉～和多屋別荘さん,ツイン 【会～迷ったらこちら】旬の嬉野・佐賀を味わうこだわり懐石/レストラン個室食,548,yes,public_bath;facility_wide,public_bath_hot_spring;water_texture;booking_confusion,operation_recheck;aging_or_access;temperature;cleanliness,温泉;美肌;サウナ;水風呂;清掃;匂い,"대욕장/공용탕/사우나 맥락 언급; 우레시노 물성/미인탕/원천 신호 언급; 주의 신호: operation_recheck,aging_or_access,temperature",mixed,caution_or_issue_tag,high,issue_caution_calibration_needed
244,Jalan,https://www.jalan.net/yad322946/kuchikomi/9.HTML,latest_9,Jalan_14571298,ja,2025/7/14,2025年7月宿泊,5,4,5,スタッフの皆様の笑顔が最高,和室 【じゃらんのお得な10日間】ワンランク上の贅沢/きたの茶園×瀬頭酒造×利休コラボ懐石レストラン個室食,140,no,unclear,,,,온천 언급 없는 숙박 경험 리뷰.,positive,body_positive,high,issue_caution_calibration_needed
245,Jalan,https://www.jalan.net/yad322946/kuchikomi/9.HTML,latest_9,Jalan_14571136,ja,2025/7/14,2025年7月宿泊,5,5,4,結婚記念日の旅行,和室 【夕食17：30お約束でお得に滞在】ワンランク上の贅沢～きたの茶園×瀬頭酒造×利休コラボ懐石,151,yes,facility_wide,water_texture,,温泉,우레시노 물성/미인탕/원천 신호 언급,positive,rating_positive_signal,medium,issue_caution_calibration_needed
246,Jalan,https://www.jalan.net/yad322946/kuchikomi/9.HTML,latest_9,Jalan_14564602,ja,2025/7/12,2025年7月宿泊,5,5,5,景観、温泉、食事、流石です,和室 【選べるペアリング付】レストラン個室食/うれしの茶or日本酒をチョイス～ワンランク上の贅沢懐石プラン,146,yes,room_open_air_bath;room_bath;open_air_public_bath;public_bath;facility_wide,room_bath_hot_spring;public_bath_hot_spring;water_texture,,温泉;露天;露天風呂,객실 노천탕 맥락 언급; 객실 내탕/내풍呂 맥락 언급; 공용 노천탕/浮世風呂 경험 언급; 대욕장/공용탕/사우나 맥락 언급; 우레시노 물성/미인탕/원천 신호 언급,positive,rating_positive_signal,medium,issue_caution_calibration_needed
247,Jalan,https://www.jalan.net/yad322946/kuchikomi/9.HTML,latest_9,Jalan_14562614,ja,2025/7/11,2025年7月宿泊,4,4,2,純日本風の佇まいで、料理が最高,和室 【はじめての方におすすめ】温泉湯豆腐＆佐賀牛+若楠豚で佐賀満喫しゃぶしゃぶプラン,267,yes,public_bath;facility_wide,public_bath_hot_spring;water_texture,temperature,温泉,대욕장/공용탕/사우나 맥락 언급; 우레시노 물성/미인탕/원천 신호 언급; 주의 신호: temperature,mixed,caution_or_issue_tag,high,issue_caution_calibration_needed
248,Jalan,https://www.jalan.net/yad322946/kuchikomi/9.HTML,latest_9,Jalan_14559024,ja,2025/7/9,2025年7月宿泊,4,4,4,大浴場が広い,和室 【夕食17：30お約束でお得に滞在】ワンランク上の贅沢/人気No.1温泉湯豆腐佐賀牛しゃぶしゃぶプラン,75,yes,facility_wide,water_texture,,温泉;大浴場;広い,우레시노 물성/미인탕/원천 신호 언급,positive,rating_positive_signal,medium,issue_caution_calibration_needed
249,Jalan,https://www.jalan.net/yad322946/kuchikomi/9.HTML,latest_9,Jalan_14551150,ja,2025/7/5,2025年6月宿泊,4,3,4,嬉野茶お茶尽くし,和室 【夕食17：30お約束でお得に滞在】ワンランク上の贅沢～きたの茶園×瀬頭酒造×利休コラボ懐石,708,yes,facility_wide,water_texture;booking_confusion,operation_recheck;aging_or_access,温泉,"우레시노 물성/미인탕/원천 신호 언급; 주의 신호: operation_recheck,aging_or_access",mixed,caution_or_issue_tag,high,issue_caution_calibration_needed
250,Rakuten,https://travel.rakuten.co.jp/HOTEL/40527/review.html,api_offset_0,Rakuten_33123478012563,ja,2026-07-02,2026-06-14,4,4,5,檜風呂付きの部屋で三世代の温泉を満喫,みやび館檜内風呂/露天風呂付和室8〜10畳(禁煙) 【夕食17：30お約束】ワンランク上の贅沢〜きたの茶園×瀬頭酒造×利休コラボ懐石個室食,207,yes,room_open_air_bath;room_bath;open_air_public_bath;public_bath;facility_wide,room_bath_hot_spring;public_bath_hot_spring;water_texture,,温泉;露天;露天風呂;露天風呂付;檜風呂,객실 노천탕 맥락 언급; 객실 내탕/내풍呂 맥락 언급; 공용 노천탕/浮世風呂 경험 언급; 대욕장/공용탕/사우나 맥락 언급; 우레시노 물성/미인탕/원천 신호 언급,positive,body_positive,high,issue_caution_calibration_needed
251,Rakuten,https://travel.rakuten.co.jp/HOTEL/40527/review.html,api_offset_0,Rakuten_33123478011824,ja,2026-07-02,2026-06-28,4,4,4,食事は美味しく清掃も行き届いて快適,【タワー棟】喫煙和室10畳 【夕食17：30お約束】迷ったらこちら！旬の嬉野・佐賀を味わうこだわり懐石/レストラン個室食,86,yes,unclear,booking_confusion,aging_or_access;cleanliness,清掃,"주의 신호: aging_or_access,cleanliness",mixed,caution_or_issue_tag,high,issue_caution_calibration_needed
252,Rakuten,https://travel.rakuten.co.jp/HOTEL/40527/review.html,api_offset_0,Rakuten_33123478011534,ja,2026-07-02,2026-06-30,2,1,1,,タワー館最上階「和モダン」檜内風呂付43平米(禁煙) 【素泊まり】自由に滞在を愉しめる！きままに和多屋ステイプラン,64,yes,room_bath,room_bath_hot_spring,temperature,,객실 내탕/내풍呂 맥락 언급; 주의 신호: temperature,mixed,caution_or_issue_tag,high,issue_caution_calibration_needed
253,Rakuten,https://travel.rakuten.co.jp/HOTEL/40527/review.html,api_offset_0,Rakuten_33123478006740,ja,2026-07-01,2026-06-28,5,5,2,部屋が古くトイレの臭いが気になった,【タワー棟】禁煙和室10畳 【夕食19：30お約束】ワンランク上の贅沢〜きたの茶園×瀬頭酒造×利休コラボ懐石個室食,123,yes,facility_wide,water_texture;booking_confusion,operation_recheck;cleanliness,温泉;源泉;源泉掛け流し;臭い;匂い,"우레시노 물성/미인탕/원천 신호 언급; 주의 신호: operation_recheck,cleanliness",mixed,body_positive_and_negative,high,issue_caution_calibration_needed
254,Rakuten,https://travel.rakuten.co.jp/HOTEL/40527/review.html,api_offset_0,Rakuten_33123477999636,ja,2026-06-30,2026-06-28,3,3,3,大浴場への経路が遠く高齢者には辛い距離感,タワー館最上階「和モダンツイン」温泉内風呂付87平米(禁煙) 【夕食17：30お約束】初めての方におすすめ！温泉湯豆腐＆佐賀牛/若楠豚で佐賀満喫しゃぶしゃぶプラン,50,yes,room_bath;public_bath;facility_wide,room_bath_hot_spring;public_bath_hot_spring;water_texture,aging_or_access,温泉;大浴場,객실 내탕/내풍呂 맥락 언급; 대욕장/공용탕/사우나 맥락 언급; 우레시노 물성/미인탕/원천 신호 언급; 주의 신호: aging_or_access,mixed,caution_or_issue_tag,high,issue_caution_calibration_needed
255,Rakuten,https://travel.rakuten.co.jp/HOTEL/40527/review.html,api_offset_0,Rakuten_33123477992761,ja,2026-06-30,2026-06-29,5,5,5,露天風呂がとても良かった,みやび館「やよい」檜内風呂/露天風呂付和室6畳(禁煙) 【1泊朝食付】和洋ビュッフェでモーニング！グループやお子様連れのファミリーにおすすめ！,0,yes,room_open_air_bath;room_bath,room_bath_hot_spring,,露天;露天風呂;露天風呂付,객실 노천탕 맥락 언급; 객실 내탕/내풍呂 맥락 언급,positive,body_positive,high,issue_caution_calibration_needed
256,Rakuten,https://travel.rakuten.co.jp/HOTEL/40527/review.html,api_offset_0,Rakuten_33123477980370,ja,2026-06-28,2026-06-26,1,1,1,シャワーの温度が低すぎる,【タワー棟】喫煙和室10畳 【夕食17：30お約束】初めての方におすすめ！温泉湯豆腐＆佐賀牛/若楠豚で佐賀満喫しゃぶしゃぶプラン,260,yes,room_bath;public_bath;facility_wide,room_bath_hot_spring;public_bath_hot_spring;water_texture,temperature,温泉;大浴場,객실 내탕/내풍呂 맥락 언급; 대욕장/공용탕/사우나 맥락 언급; 우레시노 물성/미인탕/원천 신호 언급; 주의 신호: temperature,mixed,caution_or_issue_tag,high,issue_caution_calibration_needed
257,Rakuten,https://travel.rakuten.co.jp/HOTEL/40527/review.html,api_offset_0,Rakuten_33123477979205,ja,2026-06-28,2026-06-27,4,4,4,老舗の行き届いたサービスでゆったり過ごせる,【タワー棟】喫煙和室10畳 【5％OFF】【楽天スーパーSALE】和洋ビュッフェでモーニング！ファミリーにおすすめ1泊朝食プラン,122,no,unclear,,,,온천 언급 없는 숙박 경험 리뷰.,neutral,neutral_or_lodging_context,medium,issue_caution_calibration_needed
258,Rakuten,https://travel.rakuten.co.jp/HOTEL/40527/review.html,api_offset_0,Rakuten_33123477973914,ja,2026-06-28,2026-06-27,5,5,4,利休懐石最高！,【タワー棟】禁煙和室10畳 【夕食17：30お約束】ワンランク上の贅沢〜きたの茶園×瀬頭酒造×利休コラボ懐石個室食,64,yes,public_bath,public_bath_hot_spring;booking_confusion,operation_recheck,心晶;サウナ,대욕장/공용탕/사우나 맥락 언급; 주의 신호: operation_recheck,mixed,caution_or_issue_tag,high,issue_caution_calibration_needed
259,Rakuten,https://travel.rakuten.co.jp/HOTEL/40527/review.html,api_offset_0,Rakuten_33123477973046,ja,2026-06-28,2026-06-27,5,5,4,,タワー館最上階「1128」展望温泉内風呂付43平米(禁煙) 【夕食17：30お約束】ワンランク上の贅沢〜きたの茶園×瀬頭酒造×利休コラボ懐石個室食,0,yes,room_bath;facility_wide,room_bath_hot_spring;water_texture,,温泉,객실 내탕/내풍呂 맥락 언급; 우레시노 물성/미인탕/원천 신호 언급,positive,rating_positive_signal,medium,issue_caution_calibration_needed
260,Rakuten,https://travel.rakuten.co.jp/HOTEL/40527/review.html,api_offset_0,Rakuten_33123477960104,ja,2026-06-26,2026-06-18,5,5,5,和モダン部屋と朝食満喫,タワー館最上階「和モダン」檜内風呂付43平米(禁煙) 【5％OFF】【楽天スーパーSALE】和洋ビュッフェでモーニング！ファミリーにおすすめ1泊朝食プラン,324,yes,room_bath;public_bath,room_bath_hot_spring;public_bath_hot_spring;water_texture,cleanliness,,객실 내탕/내풍呂 맥락 언급; 대욕장/공용탕/사우나 맥락 언급; 우레시노 물성/미인탕/원천 신호 언급; 주의 신호: cleanliness,mixed,caution_or_issue_tag,high,issue_caution_calibration_needed
261,Rakuten,https://travel.rakuten.co.jp/HOTEL/40527/review.html,api_offset_0,Rakuten_33123477949860,ja,2026-06-25,2026-06-23,5,4,4,清潔で広い部屋と嬉野川の眺め、朝食も充実,【タワー棟】喫煙和室10畳 【夕食17：30お約束】初めての方におすすめ！温泉湯豆腐＆佐賀牛/若楠豚で佐賀満喫しゃぶしゃぶプラン,168,yes,facility_wide,water_texture,,温泉;広い,우레시노 물성/미인탕/원천 신호 언급,positive,rating_positive_signal,medium,issue_caution_calibration_needed
262,Rakuten,https://travel.rakuten.co.jp/HOTEL/40527/review.html,api_offset_0,Rakuten_33123477945958,ja,2026-06-24,2026-06-21,5,4,5,広々とした敷地と心温まるおもてなし,【タワー棟最上階】バリアフリー対応洋室ツイン（喫煙） 【夕食17：30お約束】迷ったらこちら！旬の嬉野・佐賀を味わうこだわり懐石/レストラン個室食,467,yes,public_bath;facility_wide,public_bath_hot_spring;water_texture;booking_confusion,aging_or_access;cleanliness,トロトロ;清掃,"대욕장/공용탕/사우나 맥락 언급; 우레시노 물성/미인탕/원천 신호 언급; 주의 신호: aging_or_access,cleanliness",mixed,caution_or_issue_tag,high,issue_caution_calibration_needed
263,Rakuten,https://travel.rakuten.co.jp/HOTEL/40527/review.html,api_offset_0,Rakuten_33123477945568,ja,2026-06-24,2026-06-11,5,5,5,眺めは残念、畳の香りと朝食は最高,温泉郷「雲仙」檜内風呂付和室12畳+寝室12畳(禁煙) 【1泊朝食付】和洋ビュッフェでモーニング！グループやお子様連れのファミリーにおすすめ！,350,yes,room_bath;public_bath;facility_wide,room_bath_hot_spring;public_bath_hot_spring;water_texture,,温泉,객실 내탕/내풍呂 맥락 언급; 대욕장/공용탕/사우나 맥락 언급; 우레시노 물성/미인탕/원천 신호 언급,mixed,body_positive_and_negative,high,issue_caution_calibration_needed
264,Rakuten,https://travel.rakuten.co.jp/HOTEL/40527/review.html,api_offset_0,Rakuten_33123477915485,ja,2026-06-21,2026-06-19,5,5,5,優しい雰囲気と充実設備、また来たい宿,花鳥苑「桃」檜内風呂/岩露天風呂付和室10畳（禁煙) 【選べるペアリング付】レストラン個室食/うれしの茶or日本酒をチョイス〜ワンランク上の贅沢懐石プラン,61,yes,room_open_air_bath;room_bath,room_bath_hot_spring,,露天;露天風呂;露天風呂付,객실 노천탕 맥락 언급; 객실 내탕/내풍呂 맥락 언급,positive,rating_positive_signal,medium,issue_caution_calibration_needed
265,Rakuten,https://travel.rakuten.co.jp/HOTEL/40527/review.html,api_offset_0,Rakuten_33123477907463,ja,2026-06-20,2026-06-05,2,5,4,清潔な部屋と良い温泉、しかし工事と接客に残念,花鳥苑「笹」檜内風呂/岩露天風呂付和洋室8畳+洋室（禁煙) 【1泊朝食付】和洋ビュッフェでモーニング！グループやお子様連れのファミリーにおすすめ！,207,yes,room_open_air_bath;room_bath;facility_wide,room_bath_hot_spring;water_texture;booking_confusion,operation_recheck,温泉;露天;露天風呂;露天風呂付,객실 노천탕 맥락 언급; 객실 내탕/내풍呂 맥락 언급; 우레시노 물성/미인탕/원천 신호 언급; 주의 신호: operation_recheck,mixed,body_negative_with_context,high,issue_caution_calibration_needed
266,Rakuten,https://travel.rakuten.co.jp/HOTEL/40527/review.html,api_offset_0,Rakuten_33123477889635,ja,2026-06-18,2026-06-14,4,4,5,赤ちゃんとの初旅行、貸切風呂と食事に大満足,みやび館檜内風呂/露天風呂付和室8〜10畳(禁煙) 【夕食19：30お約束】迷ったらこちら！旬の嬉野・佐賀を味わうこだわり懐石/レストラン個室食,777,yes,room_open_air_bath;room_bath;private_bath;open_air_public_bath;public_bath;facility_wide,room_bath_hot_spring;public_bath_hot_spring;water_texture;private_bath_experience;crowding;booking_confusion,operation_recheck;aging_or_access;crowding,温泉;露天;露天風呂;大浴場;露天風呂付;貸切;貸切風呂;とろとろ,"객실 노천탕 맥락 언급; 객실 내탕/내풍呂 맥락 언급; 공용 노천탕/浮世風呂 경험 언급; 대욕장/공용탕/사우나 맥락 언급; 대절탕/貸切風呂 맥락 언급; 우레시노 물성/미인탕/원천 신호 언급; 주의 신호: operation_recheck,aging_or_access,crowding",mixed,caution_or_issue_tag,high,issue_caution_calibration_needed
267,Rakuten,https://travel.rakuten.co.jp/HOTEL/40527/review.html,api_offset_0,Rakuten_33123477884046,ja,2026-06-17,2026-05-17,4,4,4,老舗宿の美味しい食事とトロトロの湯,【タワー棟】禁煙和室10畳 【夕食17：30お約束】迷ったらこちら！旬の嬉野・佐賀を味わうこだわり懐石/レストラン個室食,138,yes,public_bath;facility_wide,public_bath_hot_spring;water_texture;booking_confusion,aging_or_access,トロトロ,대욕장/공용탕/사우나 맥락 언급; 우레시노 물성/미인탕/원천 신호 언급; 주의 신호: aging_or_access,mixed,caution_or_issue_tag,high,issue_caution_calibration_needed
268,Rakuten,https://travel.rakuten.co.jp/HOTEL/40527/review.html,api_offset_0,Rakuten_33123477873519,ja,2026-06-16,2026-06-11,4,4,4,静かな雰囲気とおもてなし最高、九州の旅を満喫,タワー館11階「和室ツイン」青森ヒバ内風呂付43平米(禁煙) 【夕食19：30お約束】迷ったらこちら！旬の嬉野・佐賀を味わうこだわり懐石/レストラン個室食,60,yes,room_bath,room_bath_hot_spring;booking_confusion,aging_or_access,,객실 내탕/내풍呂 맥락 언급; 주의 신호: aging_or_access,mixed,caution_or_issue_tag,high,issue_caution_calibration_needed
269,Rakuten,https://travel.rakuten.co.jp/HOTEL/40527/review.html,api_offset_0,Rakuten_33123477859675,ja,2026-06-14,2026-06-12,5,4,5,,タワー館最上階「和モダン」檜内風呂付43平米(禁煙) 【夕食19：30お約束】ワンランク上の贅沢/嬉野名物温泉湯豆腐と佐賀牛若楠豚しゃぶしゃぶプラン,0,yes,room_bath;facility_wide,room_bath_hot_spring;water_texture,,温泉,객실 내탕/내풍呂 맥락 언급; 우레시노 물성/미인탕/원천 신호 언급,positive,rating_positive_signal,medium,issue_caution_calibration_needed
270,Rakuten,https://travel.rakuten.co.jp/HOTEL/40527/review.html,api_offset_20,Rakuten_33123477851616,ja,2026-06-13,2026-06-11,4,4,3,急遽決まった旅でも嬉野で満喫！,【タワー棟】禁煙和室10畳 【5％OFF】【楽天スーパーSALE】和洋ビュッフェでモーニング！ファミリーにおすすめ1泊朝食プラン,209,no,unclear,booking_confusion,operation_recheck,,주의 신호: operation_recheck,mixed,caution_or_issue_tag,high,issue_caution_calibration_needed
271,Rakuten,https://travel.rakuten.co.jp/HOTEL/40527/review.html,api_offset_20,Rakuten_33123477827694,ja,2026-06-10,2026-05-17,5,5,4,安心安定の宿、日曜日の店探しは苦労,【温泉郷】純和風和室(禁煙) 【1泊朝食付】和洋ビュッフェでモーニング！グループやお子様連れのファミリーにおすすめ！,43,yes,facility_wide,water_texture,,温泉,우레시노 물성/미인탕/원천 신호 언급,positive,rating_positive_signal,medium,issue_caution_calibration_needed
272,Rakuten,https://travel.rakuten.co.jp/HOTEL/40527/review.html,api_offset_20,Rakuten_33123477816981,ja,2026-06-08,2026-06-05,3,3,3,お風呂の湯が気持ちよかった,【タワー棟】喫煙和室10畳 【夕食19：30お約束】初めての方におすすめ！温泉湯豆腐＆佐賀牛/若楠豚で佐賀満喫しゃぶしゃぶプラン,52,yes,open_air_public_bath;public_bath;facility_wide,public_bath_hot_spring;water_texture,,温泉;露天;露天風呂,공용 노천탕/浮世風呂 경험 언급; 대욕장/공용탕/사우나 맥락 언급; 우레시노 물성/미인탕/원천 신호 언급,positive,body_positive,high,issue_caution_calibration_needed
273,Rakuten,https://travel.rakuten.co.jp/HOTEL/40527/review.html,api_offset_20,Rakuten_33123477799498,ja,2026-06-06,2026-06-04,4,4,4,最上階の眺めと檜風呂、嬉野茶堪能,タワー館最上階「和モダン」檜内風呂付43平米(禁煙) 【夕食17：30お約束】迷ったらこちら！旬の嬉野・佐賀を味わうこだわり懐石/レストラン個室食,144,yes,room_bath;public_bath;facility_wide,room_bath_hot_spring;public_bath_hot_spring;water_texture;booking_confusion,operation_recheck;aging_or_access,温泉;大浴場;檜風呂,"객실 내탕/내풍呂 맥락 언급; 대욕장/공용탕/사우나 맥락 언급; 우레시노 물성/미인탕/원천 신호 언급; 주의 신호: operation_recheck,aging_or_access",mixed,caution_or_issue_tag,high,issue_caution_calibration_needed
274,Rakuten,https://travel.rakuten.co.jp/HOTEL/40527/review.html,api_offset_20,Rakuten_33123477797888,ja,2026-06-06,2026-05-24,4,4,4,広々清潔な部屋と嬉野ならではの温泉豆腐,【タワー棟】禁煙和室10畳 【夕食17：30お約束】初めての方におすすめ！温泉湯豆腐＆佐賀牛/若楠豚で佐賀満喫しゃぶしゃぶプラン,196,yes,room_open_air_bath;room_bath;open_air_public_bath;public_bath;facility_wide,room_bath_hot_spring;public_bath_hot_spring;water_texture,,温泉;露天;露天風呂;大浴場,객실 노천탕 맥락 언급; 객실 내탕/내풍呂 맥락 언급; 공용 노천탕/浮世風呂 경험 언급; 대욕장/공용탕/사우나 맥락 언급; 우레시노 물성/미인탕/원천 신호 언급,positive,rating_positive_signal,medium,issue_caution_calibration_needed
275,Rakuten,https://travel.rakuten.co.jp/HOTEL/40527/review.html,api_offset_20,Rakuten_33123477791579,ja,2026-06-05,2026-06-01,3,2,2,充実した空間,【温泉郷】純和風和室(禁煙) 【夕食17：30お約束】ワンランク上の贅沢/嬉野名物温泉湯豆腐と佐賀牛若楠豚しゃぶしゃぶプラン,286,yes,facility_wide,water_texture;booking_confusion,operation_recheck,温泉,우레시노 물성/미인탕/원천 신호 언급; 주의 신호: operation_recheck,mixed,caution_or_issue_tag,high,issue_caution_calibration_needed
276,Rakuten,https://travel.rakuten.co.jp/HOTEL/40527/review.html,api_offset_20,Rakuten_33123477790962,ja,2026-06-05,2026-06-01,4,5,4,お部屋食事温泉は満足、ベッド角とポン酢残念,タワー館11階「和室ツイン」青森ヒバ内風呂付43平米(禁煙) 【贅を極める】貴方はどっち？しゃぶしゃぶor焼肉から選べる極上佐賀牛＆若楠豚堪能プラン,214,yes,room_bath;public_bath;facility_wide,room_bath_hot_spring;public_bath_hot_spring;water_texture,,温泉,객실 내탕/내풍呂 맥락 언급; 대욕장/공용탕/사우나 맥락 언급; 우레시노 물성/미인탕/원천 신호 언급,mixed,body_positive_and_negative,high,issue_caution_calibration_needed
277,Rakuten,https://travel.rakuten.co.jp/HOTEL/40527/review.html,api_offset_20,Rakuten_33123477769412,ja,2026-06-02,2026-05-31,4,5,5,部屋の露天風呂は最高、朝食と駐車場は残念,【タワー棟】青森ヒバ使用・内風呂付き客室(禁煙)  【夕食19：30お約束】ワンランク上の贅沢〜きたの茶園×瀬頭酒造×利休コラボ懐石個室食,126,yes,room_open_air_bath;room_bath;open_air_public_bath;public_bath,room_bath_hot_spring;public_bath_hot_spring;booking_confusion,operation_recheck;aging_or_access,露天;露天風呂,"객실 노천탕 맥락 언급; 객실 내탕/내풍呂 맥락 언급; 공용 노천탕/浮世風呂 경험 언급; 대욕장/공용탕/사우나 맥락 언급; 주의 신호: operation_recheck,aging_or_access",mixed,body_positive_and_negative,high,issue_caution_calibration_needed
278,Rakuten,https://travel.rakuten.co.jp/HOTEL/40527/review.html,api_offset_20,Rakuten_33123477714387,ja,2026-05-26,2026-05-25,4,3,4,満足しました,タワー館最上階「1127」展望温泉内風呂付43平米(禁煙) 【夕食19：30お約束】迷ったらこちら！旬の嬉野・佐賀を味わうこだわり懐石/レストラン個室食,129,yes,room_bath;public_bath;facility_wide,room_bath_hot_spring;public_bath_hot_spring;water_texture;booking_confusion,aging_or_access;temperature,温泉;大浴場;熱い;古い,"객실 내탕/내풍呂 맥락 언급; 대욕장/공용탕/사우나 맥락 언급; 우레시노 물성/미인탕/원천 신호 언급; 주의 신호: aging_or_access,temperature",mixed,caution_or_issue_tag,high,issue_caution_calibration_needed
279,Rakuten,https://travel.rakuten.co.jp/HOTEL/40527/review.html,api_offset_20,Rakuten_33123477713169,ja,2026-05-26,2026-05-17,4,3,3,スタッフさんの対応はよかった,タワー館最上階「1128」展望温泉内風呂付43平米(禁煙) 【夕食17：30お約束】迷ったらこちら！旬の嬉野・佐賀を味わうこだわり懐石/レストラン個室食,219,yes,room_bath;public_bath;facility_wide,room_bath_hot_spring;public_bath_hot_spring;water_texture;booking_confusion,aging_or_access;insects;cleanliness,温泉;虫;広い,"객실 내탕/내풍呂 맥락 언급; 대욕장/공용탕/사우나 맥락 언급; 우레시노 물성/미인탕/원천 신호 언급; 주의 신호: aging_or_access,insects,cleanliness",mixed,body_positive_and_negative,high,issue_caution_calibration_needed
280,Rakuten,https://travel.rakuten.co.jp/HOTEL/40527/review.html,api_offset_20,Rakuten_33123477711921,ja,2026-05-26,2026-05-25,2,2,2,大浴場への遠さが残念、泉質は満足,【タワー棟】喫煙和室10畳 【夕食17：30お約束】迷ったらこちら！旬の嬉野・佐賀を味わうこだわり懐石/レストラン個室食,260,yes,public_bath;facility_wide,public_bath_hot_spring;water_texture;booking_confusion,operation_recheck;aging_or_access,温泉;大浴場,"대욕장/공용탕/사우나 맥락 언급; 우레시노 물성/미인탕/원천 신호 언급; 주의 신호: operation_recheck,aging_or_access",mixed,body_positive_and_negative,high,issue_caution_calibration_needed
281,Rakuten,https://travel.rakuten.co.jp/HOTEL/40527/review.html,api_offset_20,Rakuten_33123477705422,ja,2026-05-25,2026-05-23,4,4,3,ザッ 和多屋別荘！,【タワー棟】喫煙和室10畳 【夕食19：30お約束】ワンランク上の贅沢〜きたの茶園×瀬頭酒造×利休コラボ懐石個室食,338,yes,public_bath;facility_wide,public_bath_hot_spring;water_texture;crowding,cleanliness;crowding,温泉;匂い,"대욕장/공용탕/사우나 맥락 언급; 우레시노 물성/미인탕/원천 신호 언급; 주의 신호: cleanliness,crowding",mixed,caution_or_issue_tag,high,issue_caution_calibration_needed
282,Rakuten,https://travel.rakuten.co.jp/HOTEL/40527/review.html,api_offset_20,Rakuten_33123477697013,ja,2026-05-24,2026-05-21,4,4,2,外観内装の劣化は残念、夕食は個室で良かった,【タワー棟】喫煙和室10畳 【春SALE】想〜和敬静寂/きたの茶園×瀬頭酒造×利休コラボ懐石レストラン個室食プラン,81,no,unclear,,,,온천 언급 없는 숙박 경험 리뷰.,mixed,body_positive_and_negative,high,issue_caution_calibration_needed
283,Rakuten,https://travel.rakuten.co.jp/HOTEL/40527/review.html,api_offset_20,Rakuten_33123477682743,ja,2026-05-22,2026-05-16,4,4,4,泉質が良く肌荒れも改善された,【タワー棟】禁煙和室10畳 【LUXDAYSセール】1泊朝食付/和洋ビュッフェでモーニング！グループやファミリーにおすすめ！,35,yes,room_bath;open_air_public_bath;public_bath;facility_wide,room_bath_hot_spring;public_bath_hot_spring;water_texture,,露天;露天風呂,객실 내탕/내풍呂 맥락 언급; 공용 노천탕/浮世風呂 경험 언급; 대욕장/공용탕/사우나 맥락 언급; 우레시노 물성/미인탕/원천 신호 언급,positive,body_positive,high,issue_caution_calibration_needed
284,Rakuten,https://travel.rakuten.co.jp/HOTEL/40527/review.html,api_offset_20,Rakuten_33123477675400,ja,2026-05-21,2026-05-15,5,5,4,老舗宿で親孝行、新旧魅力満載の宿,温泉郷「塩原」檜内風呂付和室12畳(禁煙) 【夕食19：30お約束】迷ったらこちら！旬の嬉野・佐賀を味わうこだわり懐石/レストラン個室食,477,yes,room_bath;public_bath;facility_wide,room_bath_hot_spring;public_bath_hot_spring;water_texture;booking_confusion,operation_recheck;aging_or_access,温泉,"객실 내탕/내풍呂 맥락 언급; 대욕장/공용탕/사우나 맥락 언급; 우레시노 물성/미인탕/원천 신호 언급; 주의 신호: operation_recheck,aging_or_access",mixed,caution_or_issue_tag,high,issue_caution_calibration_needed
285,Rakuten,https://travel.rakuten.co.jp/HOTEL/40527/review.html,api_offset_20,Rakuten_33123477672531,ja,2026-05-21,2026-05-17,5,5,5,3度目の滞在も有意義でした,【温泉郷】純和風和室(禁煙) 【夕食17：30お約束】ワンランク上の贅沢〜きたの茶園×瀬頭酒造×利休コラボ懐石個室食,335,yes,facility_wide,water_texture,,温泉,우레시노 물성/미인탕/원천 신호 언급,positive,rating_positive_signal,medium,issue_caution_calibration_needed
286,Rakuten,https://travel.rakuten.co.jp/HOTEL/40527/review.html,api_offset_20,Rakuten_33123477665079,ja,2026-05-20,2026-05-14,5,5,4,スタッフ親切、食事と温泉最高で優雅な時間,【タワー棟】喫煙和室10畳 【夕食19：30お約束】初めての方におすすめ！温泉湯豆腐＆佐賀牛/若楠豚で佐賀満喫しゃぶしゃぶプラン,138,yes,facility_wide,water_texture;booking_confusion,operation_recheck,温泉,우레시노 물성/미인탕/원천 신호 언급; 주의 신호: operation_recheck,mixed,caution_or_issue_tag,high,issue_caution_calibration_needed
287,Rakuten,https://travel.rakuten.co.jp/HOTEL/40527/review.html,api_offset_20,Rakuten_33123477665033,ja,2026-05-20,2026-05-14,5,5,4,スタッフ親切、ホテル素敵、温泉と食事最高,【タワー棟】喫煙和室10畳 【夕食19：30お約束】初めての方におすすめ！温泉湯豆腐＆佐賀牛/若楠豚で佐賀満喫しゃぶしゃぶプラン,177,yes,facility_wide,water_texture;booking_confusion,operation_recheck,温泉,우레시노 물성/미인탕/원천 신호 언급; 주의 신호: operation_recheck,mixed,caution_or_issue_tag,high,issue_caution_calibration_needed
288,Rakuten,https://travel.rakuten.co.jp/HOTEL/40527/review.html,api_offset_20,Rakuten_33123477650395,ja,2026-05-18,2026-05-15,3,3,3,個室食でゆっくり、大浴場への距離は少し気になる,【タワー棟】喫煙和室10畳 【夕食17：30お約束】迷ったらこちら！旬の嬉野・佐賀を味わうこだわり懐石/レストラン個室食,76,yes,public_bath,public_bath_hot_spring;booking_confusion,aging_or_access,大浴場;広い,대욕장/공용탕/사우나 맥락 언급; 주의 신호: aging_or_access,mixed,caution_or_issue_tag,high,issue_caution_calibration_needed
289,Rakuten,https://travel.rakuten.co.jp/HOTEL/40527/review.html,api_offset_20,Rakuten_33123477636469,ja,2026-05-16,2026-05-14,4,4,3,部屋風呂は濁るも温泉？一晩流しで透明に,【タワー棟】青森ヒバ使用・内風呂付き客室(禁煙)  【選べるペアリング付】レストラン個室食/うれしの茶or日本酒をチョイス〜ワンランク上の贅沢懐石プラン,136,yes,room_bath;public_bath;facility_wide,room_bath_hot_spring;public_bath_hot_spring;water_texture,,温泉;部屋風呂,객실 내탕/내풍呂 맥락 언급; 대욕장/공용탕/사우나 맥락 언급; 우레시노 물성/미인탕/원천 신호 언급,positive,rating_positive_signal,medium,issue_caution_calibration_needed
290,Rakuten,https://travel.rakuten.co.jp/HOTEL/40527/review.html,api_offset_40,Rakuten_33123477602748,ja,2026-05-11,2026-05-06,2,1,2,大浴場ぬるくシャワー圧弱、朝食残念,温泉郷「塩原」檜内風呂付和室12畳(禁煙) 【夕食19：30お約束】ワンランク上の贅沢〜きたの茶園×瀬頭酒造×利休コラボ懐石個室食,82,yes,room_bath;public_bath;facility_wide,room_bath_hot_spring;public_bath_hot_spring;water_texture,temperature,温泉;大浴場;ぬるい,객실 내탕/내풍呂 맥락 언급; 대욕장/공용탕/사우나 맥락 언급; 우레시노 물성/미인탕/원천 신호 언급; 주의 신호: temperature,negative,low_rating_negative_body,high,issue_caution_calibration_needed
291,Rakuten,https://travel.rakuten.co.jp/HOTEL/40527/review.html,api_offset_40,Rakuten_33123477591773,ja,2026-05-10,2026-05-08,4,4,4,料理はうまい,【タワー棟】禁煙和室10畳 【春SALE】想〜和敬静寂/きたの茶園×瀬頭酒造×利休コラボ懐石レストラン個室食プラン,41,yes,public_bath,public_bath_hot_spring,,大浴場;古い,대욕장/공용탕/사우나 맥락 언급,positive,rating_positive_signal,medium,issue_caution_calibration_needed
292,Rakuten,https://travel.rakuten.co.jp/HOTEL/40527/review.html,api_offset_40,Rakuten_33123477562167,ja,2026-05-07,2026-04-28,3,5,2,お料理と温泉は最高、設備は古いが満足,【タワー棟】喫煙和室10畳 【夕食17：30お約束】ワンランク上の贅沢/嬉野名物温泉湯豆腐と佐賀牛若楠豚しゃぶしゃぶプラン,199,yes,public_bath;facility_wide,public_bath_hot_spring;water_texture,,温泉;サウナ;古い,대욕장/공용탕/사우나 맥락 언급; 우레시노 물성/미인탕/원천 신호 언급,positive,body_positive,high,issue_caution_calibration_needed
293,Rakuten,https://travel.rakuten.co.jp/HOTEL/40527/review.html,api_offset_40,Rakuten_33123477544285,ja,2026-05-05,2026-04-17,5,5,5,温かいおもてなしと美味しい料理でまったり旅,【タワー棟】喫煙和室10畳 【夕食17：30お約束】迷ったらこちら！旬の嬉野・佐賀を味わうこだわり懐石/レストラン個室食,89,yes,public_bath,public_bath_hot_spring;water_texture;booking_confusion,aging_or_access,,대욕장/공용탕/사우나 맥락 언급; 우레시노 물성/미인탕/원천 신호 언급; 주의 신호: aging_or_access,mixed,caution_or_issue_tag,high,issue_caution_calibration_needed
294,Rakuten,https://travel.rakuten.co.jp/HOTEL/40527/review.html,api_offset_40,Rakuten_33123477538456,ja,2026-05-04,2026-05-02,4,3,3,スタッフ丁寧、温泉残念、敷地広すぎ,【タワー棟】喫煙和室10畳 【GW限定】夕食19：30お約束/人気No.1温泉湯豆腐と特選佐賀牛＆若楠豚しゃぶしゃぶプラン,163,yes,public_bath;facility_wide,public_bath_hot_spring;water_texture;booking_confusion,aging_or_access,温泉,대욕장/공용탕/사우나 맥락 언급; 우레시노 물성/미인탕/원천 신호 언급; 주의 신호: aging_or_access,mixed,body_negative_with_context,high,issue_caution_calibration_needed
295,Rakuten,https://travel.rakuten.co.jp/HOTEL/40527/review.html,api_offset_40,Rakuten_33123477508397,ja,2026-05-01,2026-04-28,2,1,2,温泉宿なのにシャワーが出ないのは致命的,【タワー棟】禁煙和室10畳 【1泊朝食付】和洋ビュッフェでモーニング！グループやお子様連れのファミリーにおすすめ！,253,yes,public_bath;facility_wide,public_bath_hot_spring;water_texture,,温泉,대욕장/공용탕/사우나 맥락 언급; 우레시노 물성/미인탕/원천 신호 언급,positive,positive_signal_no_caution,medium,issue_caution_calibration_needed
296,Rakuten,https://travel.rakuten.co.jp/HOTEL/40527/review.html,api_offset_40,Rakuten_33123477494187,ja,2026-04-29,2026-04-28,5,5,5,近くて満足の滞在,【タワー棟】禁煙和室10畳 【夕食17：30お約束】ワンランク上の贅沢〜きたの茶園×瀬頭酒造×利休コラボ懐石個室食,83,yes,public_bath,public_bath_hot_spring,,,대욕장/공용탕/사우나 맥락 언급,positive,body_positive,high,issue_caution_calibration_needed
297,Rakuten,https://travel.rakuten.co.jp/HOTEL/40527/review.html,api_offset_40,Rakuten_33123477466931,ja,2026-04-25,2026-04-06,5,5,5,期待を遥かに超える満足度でした,【タワー棟】喫煙和室10畳 【5％OFF】【楽天スーパーSALE】和洋ビュッフェでモーニング！ファミリーにおすすめ1泊朝食プラン,16,no,unclear,,,,온천 언급 없는 숙박 경험 리뷰.,positive,body_positive,high,issue_caution_calibration_needed
298,Rakuten,https://travel.rakuten.co.jp/HOTEL/40527/review.html,api_offset_40,Rakuten_33123477426446,ja,2026-04-20,2026-04-16,5,5,5,露天風呂付客室と美味しい嬉野茶、絶品佐賀牛,花鳥苑「笹」檜内風呂/岩露天風呂付和洋室8畳+洋室（禁煙) 【夕食19：30お約束】ワンランク上の贅沢〜きたの茶園×瀬頭酒造×利休コラボ懐石個室食,211,yes,room_open_air_bath;room_bath;open_air_public_bath;public_bath,room_bath_hot_spring;public_bath_hot_spring,,露天;露天風呂;露天風呂付,객실 노천탕 맥락 언급; 객실 내탕/내풍呂 맥락 언급; 공용 노천탕/浮世風呂 경험 언급; 대욕장/공용탕/사우나 맥락 언급,positive,rating_positive_signal,medium,issue_caution_calibration_needed
299,Rakuten,https://travel.rakuten.co.jp/HOTEL/40527/review.html,api_offset_40,Rakuten_33123477422556,ja,2026-04-19,2026-04-17,4,3,4,利休の料理と中庭が見える部屋に大満足,タワー館最上階「和モダン」檜内風呂付43平米(禁煙) 【夕食17：30お約束】ワンランク上の贅沢〜きたの茶園×瀬頭酒造×利休コラボ懐石個室食,114,yes,room_bath,room_bath_hot_spring;booking_confusion,operation_recheck,,객실 내탕/내풍呂 맥락 언급; 주의 신호: operation_recheck,mixed,caution_or_issue_tag,high,issue_caution_calibration_needed
300,Rakuten,https://travel.rakuten.co.jp/HOTEL/40527/review.html,api_offset_40,Rakuten_33123477419950,ja,2026-04-19,2026-04-15,5,5,5,落ち着いた雰囲気でリラックスできました,【タワー棟】禁煙和室10畳 【夕食19：30お約束】迷ったらこちら！旬の嬉野・佐賀を味わうこだわり懐石/レストラン個室食,38,no,unclear,booking_confusion,aging_or_access,,주의 신호: aging_or_access,mixed,caution_or_issue_tag,high,issue_caution_calibration_needed
301,Rakuten,https://travel.rakuten.co.jp/HOTEL/40527/review.html,api_offset_40,Rakuten_33123477389529,ja,2026-04-15,2026-04-14,5,5,5,,【タワー棟最上階】バリアフリー対応洋室ツイン（喫煙） 【LUXDAYSセール】1泊朝食付/和洋ビュッフェでモーニング！グループやファミリーにおすすめ！,0,no,unclear,,,,온천 언급 없는 숙박 경험 리뷰.,neutral,neutral_or_lodging_context,medium,issue_caution_calibration_needed
302,Rakuten,https://travel.rakuten.co.jp/HOTEL/40527/review.html,api_offset_40,Rakuten_33123477376764,ja,2026-04-13,2026-03-26,3,3,2,広すぎる敷地と古い部屋に驚き,【タワー棟】喫煙和室10畳 【春SALE】想〜和敬静寂/きたの茶園×瀬頭酒造×利休コラボ懐石レストラン個室食プラン,235,yes,public_bath;facility_wide,public_bath_hot_spring;water_texture;booking_confusion,aging_or_access,温泉;古い,대욕장/공용탕/사우나 맥락 언급; 우레시노 물성/미인탕/원천 신호 언급; 주의 신호: aging_or_access,mixed,caution_or_issue_tag,high,issue_caution_calibration_needed
303,Rakuten,https://travel.rakuten.co.jp/HOTEL/40527/review.html,api_offset_40,Rakuten_33123477350009,ja,2026-04-10,2026-04-06,5,5,5,設備とお湯が素晴らしい、文句なし,【タワー棟最上階】バリアフリー対応洋室ツイン（喫煙） 【5％OFF】【楽天スーパーSALE】和洋ビュッフェでモーニング！ファミリーにおすすめ1泊朝食プラン,23,yes,public_bath,public_bath_hot_spring;water_texture,,,대욕장/공용탕/사우나 맥락 언급; 우레시노 물성/미인탕/원천 신호 언급,positive,body_positive,high,issue_caution_calibration_needed
304,Rakuten,https://travel.rakuten.co.jp/HOTEL/40527/review.html,api_offset_40,Rakuten_33123477339582,ja,2026-04-08,2026-04-04,4,4,4,お値段以上、温泉と食事も最高のお宿,【タワー棟】喫煙和室10畳 【夕食19：30お約束】ワンランク上の贅沢〜きたの茶園×瀬頭酒造×利休コラボ懐石個室食,86,yes,facility_wide,water_texture,,温泉,우레시노 물성/미인탕/원천 신호 언급,positive,body_positive,high,issue_caution_calibration_needed
305,Rakuten,https://travel.rakuten.co.jp/HOTEL/40527/review.html,api_offset_40,Rakuten_33123477330220,ja,2026-04-07,2026-04-02,3,3,3,温泉と食事は美味しかったが階段がきつい,タワー館最上階「1127」展望温泉内風呂付43平米(禁煙) 【夕食19：30お約束】迷ったらこちら！旬の嬉野・佐賀を味わうこだわり懐石/レストラン個室食,52,yes,room_bath;public_bath;facility_wide,room_bath_hot_spring;public_bath_hot_spring;water_texture;booking_confusion,aging_or_access,温泉,객실 내탕/내풍呂 맥락 언급; 대욕장/공용탕/사우나 맥락 언급; 우레시노 물성/미인탕/원천 신호 언급; 주의 신호: aging_or_access,mixed,caution_or_issue_tag,high,issue_caution_calibration_needed
306,Rakuten,https://travel.rakuten.co.jp/HOTEL/40527/review.html,api_offset_40,Rakuten_33123477318644,ja,2026-04-05,2026-03-31,4,4,4,,【タワー棟】喫煙和室10畳 【5％OFF】【楽天スーパーSALE】夕食19：30お約束/温泉湯豆腐と佐賀牛若楠豚しゃぶしゃぶ,156,yes,public_bath;facility_wide,public_bath_hot_spring;water_texture,,温泉;広い,대욕장/공용탕/사우나 맥락 언급; 우레시노 물성/미인탕/원천 신호 언급,positive,rating_positive_signal,medium,issue_caution_calibration_needed
307,Rakuten,https://travel.rakuten.co.jp/HOTEL/40527/review.html,api_offset_40,Rakuten_33123477316632,ja,2026-04-05,2026-04-03,5,4,5,素敵な部屋と心遣いで嬉野を満喫,タワー館11階「和室ツイン」青森ヒバ内風呂付43平米(禁煙) 【夕食17：30お約束】初めての方におすすめ！温泉湯豆腐＆佐賀牛/若楠豚で佐賀満喫しゃぶしゃぶプラン,168,yes,room_bath;facility_wide,room_bath_hot_spring;water_texture,,温泉,객실 내탕/내풍呂 맥락 언급; 우레시노 물성/미인탕/원천 신호 언급,positive,body_positive,high,issue_caution_calibration_needed
308,Rakuten,https://travel.rakuten.co.jp/HOTEL/40527/review.html,api_offset_40,Rakuten_33123477313317,ja,2026-04-05,2026-04-03,3,4,2,上の階の音が響き眠れず残念,【温泉郷】純和風和室(禁煙) 【夕食17：30お約束】ワンランク上の贅沢〜きたの茶園×瀬頭酒造×利休コラボ懐石個室食,73,yes,facility_wide,water_texture,,温泉,우레시노 물성/미인탕/원천 신호 언급,mixed,body_negative_with_context,high,issue_caution_calibration_needed
309,Rakuten,https://travel.rakuten.co.jp/HOTEL/40527/review.html,api_offset_40,Rakuten_33123477307814,ja,2026-04-04,2026-03-30,4,4,3,春割でお得に宿泊、食事も美味しく満足,【タワー棟】禁煙和室10畳 【春SALE】温泉湯豆腐スープで味わう特選佐賀牛＆若楠豚しゃぶしゃぶプラン,307,yes,public_bath;facility_wide,public_bath_hot_spring;water_texture,,温泉;大浴場,대욕장/공용탕/사우나 맥락 언급; 우레시노 물성/미인탕/원천 신호 언급,positive,body_positive,high,issue_caution_calibration_needed
310,Google native,Aside Browser Google Hotels review tab: https://www.google.com/travel/search?q=Wataya%20Besso%20Ureshino%20reviews,aside_google_hotels_review_tab,Google_native_1,ko,2026-03 approx,,5,,3,,,visible_in_aside_snapshot,yes,public_bath;facility_wide,public_bath_hot_spring;booking_confusion,aging_or_access,욕장;사람 많지 않음;오래됨,건물 노후감은 불편했지만 욕장 혼잡이 낮아 이용하기 좋았다는 한국어 리뷰.,mixed,body_positive_and_negative,high,issue_caution_calibration_needed
311,Google native,Aside Browser Google Hotels review tab: https://www.google.com/travel/search?q=Wataya%20Besso%20Ureshino%20reviews,aside_google_hotels_review_tab,Google_native_2,ko,2026-05 approx,,3,,,,화조원/모모노칸 맥락,visible_in_aside_snapshot,yes,room_bath;facility_wide,room_bath_hot_spring;water_texture,aging_or_access,원천;카케나가시;천질;프라이버시,객실 계열 원천/가케나가시 물성은 긍정이나 맞은편 시선 우려를 함께 언급.,mixed,caution_or_issue_tag,high,issue_caution_calibration_needed
312,Google native,Aside Browser Google Hotels review tab: https://www.google.com/travel/search?q=Wataya%20Besso%20Ureshino%20reviews,aside_google_hotels_review_tab,Google_native_3,ko,2026-03 approx,,5,,,,,visible_in_aside_snapshot,no,unclear,,,카페;시설;전시,"카페와 전시, 시설 중심 리뷰. visible 본문에서 온천 직접 신호는 부족.",neutral,neutral_or_lodging_context,medium,issue_caution_calibration_needed
313,Google native,Aside Browser Google Hotels review tab: https://www.google.com/travel/search?q=Wataya%20Besso%20Ureshino%20reviews,aside_google_hotels_review_tab,Google_native_4,ko,2026-03 approx,,4,,,,,visible_in_aside_snapshot,yes,facility_wide,water_texture,,온천물;부드럽다,온천물이 매우 부드럽다는 물성 신호를 짧게 긍정 평가.,positive,positive_signal_no_caution,medium,issue_caution_calibration_needed
314,Google native,Aside Browser Google Hotels review tab: https://www.google.com/travel/search?q=Wataya%20Besso%20Ureshino%20reviews,aside_google_hotels_review_tab,Google_native_5,ko,2026-04 approx,,4,,4,,,visible_in_aside_snapshot,yes,public_bath;open_air_public_bath;facility_wide,public_bath_hot_spring;water_texture;crowding,crowding,온천;사람 많지 않음;노천탕;실내탕,"온천은 한산하고 물이 좋으며, 남자 노천탕은 실내탕과 붙어 있으나 크지는 않다고 구분.",mixed,caution_or_issue_tag,high,issue_caution_calibration_needed
315,Google native,Aside Browser Google Hotels review tab: https://www.google.com/travel/search?q=Wataya%20Besso%20Ureshino%20reviews,aside_google_hotels_review_tab,Google_native_6,ko,2026-03 approx,,1,,,,,visible_in_aside_snapshot,yes,public_bath;open_air_public_bath,public_bath_hot_spring;booking_confusion,operation_recheck;aging_or_access,노천탕;공사중;실내탕;여자 욕탕;남자 욕탕,방문 시기 욕장 공사로 노천탕/공중탕 이용 제한이 있었다는 강한 부정 신호.,mixed,caution_or_issue_tag,high,issue_caution_calibration_needed
316,Naver Blog,https://blog.naver.com/pih870318/224091157699,aside_naver_blog_direct_body,Naver_blog_1,ko,2025-11-28,past stay context,,,,후쿠오카 근교 온천 마을 일본 사가 우레시노 와타야벳소 호텔 숙소 추천 후기,기본 다다미룸,direct_body_read_in_aside,yes,public_bath;open_air_public_bath;private_bath;facility_wide,public_bath_hot_spring;private_bath_experience;water_texture;booking_confusion,operation_recheck,대욕장;노천탕;전세탕;당일치기 온천;우레시노 물,"숙박 중 대욕장 3회 이용, 노천탕 존재, 전세탕 추가 가능, 당일입욕 시간/요금 정보를 본문에서 구분.",mixed,caution_or_issue_tag,high,issue_caution_calibration_needed
