sample_no,source,source_subtype,review_id,review_date,stay_date,author,profile,rating,bath_score,language,is_onsen_related,bath_area_tags,matched_keywords,room_or_plan,title,body,source_url,signal_direction,direction_backfill_rule,direction_backfill_confidence,direction_backfill_candidate_type
1,Jalan,jalan_current,15391325,2026/6/28,,,,,3,ja,True,room_bath,内湯;湯;工事,,その名のとおり割烹旅館という感じです。,夕食はお刺身と和牛が美味しかったです。そこそこ豪華でボリュームもありました。朝食は地獄蒸しを模してか、せいろ蒸しまで出てきてお腹がいっぱいになりました。 ただ、お部屋は内湯を含めてそろそろリニューアルが必要なのではと思います。隣の敷地で工事をしていたので防犯面も気になりました。,https://www.jalan.net/yad324134/kuchikomi/,mixed,body_negative_with_context,high,body_sentiment_inference_needed
2,Jalan,jalan_current,15367984,2026/6/15,,,,,1,ja,True,facility_wide,風呂;湯;予約,,評価を参考に宿泊したのですが…,予約時間ぴったりに 駐車場に着きました、お出迎えもなく荷物を持って フロントへ、誰もいなく、探したり声かけたりして やっと係の方が出てこられましたが、 ご挨拶もたしてなく、部屋までの案内の時も 荷物持ちましょうかの一言も無しでびっくりでした、 夕飯は部屋食なので ゆっくりできました、お刺身などは美味しかったのですが ウニが外国産で匂いと味がきつかったです 内風呂と外風呂の間に2ケ所ガラス戸があるのですが ほかの方も書かれてましたが、 ガラスが湯垢で真っ白で 不衛生でした、 朝食も部屋食なのでゆっくり頂けましたが 参考例の朝食写真とは程遠く ご飯のおかずになるようなものがなく お漬物や卵などもなく 朝食は美味しくなくがっかりでした,https://www.jalan.net/yad324134/kuchikomi/,mixed,body_positive_and_negative,high,body_sentiment_inference_needed
3,Jalan,jalan_current,15327100,2026/5/27,,,,,5,ja,True,room_bath,風呂;源泉;掛け流;予約,,部屋食と部屋風呂が最高！,部屋での、源泉掛け流し風呂が気持ち良かったです。部屋食が魅力で予約しましたが、落ち着いて食べられたのはとても良かったです。,https://www.jalan.net/yad324134/kuchikomi/,positive,body_positive,high,body_sentiment_inference_needed
4,Jalan,jalan_current,15304117,2026/5/17,,,,,3,ja,True,room_bath,温泉;風呂;熱;水;予約,,料理が残念,今回、口コミと宿の料理、部屋、風呂など写真で拝見してお世話になりました。部屋については畳が沈んでいる為か敷居に足を何度かぶつけました。料理を運んでくる係の方もつまずいていました。料理は当初予約を決めた時には高評価でしたが、予定日が近くなった頃に確認してみると、低い評価が続いていたので心配になりましたが、やはり私も同じ結果となりました。特に旅館の朝食と言えばご飯が進んでお代わりしたくなりますが、今回出されたおかずではご飯が進みませんでした。ハイクラスと言われる宿の朝食とはとても信じられない物でした。部屋のお風呂はかなり熱く、かなり水を入れないと入れませんでした。 総評としては、宿の1番の楽しみは料理、温泉なのでせめて料理だけでも満足したかったです。,https://www.jalan.net/yad324134/kuchikomi/,mixed,body_positive_and_negative,high,body_sentiment_inference_needed
5,Jalan,jalan_current,15230120,2026/4/17,,,,,4,ja,True,private_bath,風呂;貸切,,料理がやや不満,店構え、お部屋、お風呂【貸切風呂、部屋の風呂】、サービスとも、とてもよかった。ただし、お料理にはがっかりした。夕食の全体的食材、一部お料理の味付け【蛤のお吸いもの等】 残念この上ない。今後の改善に期待したい！,https://www.jalan.net/yad324134/kuchikomi/,mixed,body_positive_and_negative,high,body_sentiment_inference_needed
6,Jalan,jalan_current,15229723,2026/4/17,,,,,2,ja,True,room_bath;family_bath,風呂;湯;水;蚊,,ご飯は美味しいけど、、、,今回初めての利用でした。 口コミを事前にみていたので何となく想像はついてましたが、お部屋や水回りに経年を感じました。 特に部屋風呂のシャワーホルダー部分の木材が朽ちており今にもはずれそうでした、、、。 また、部屋周りに緑が多かったこともあるためか蚊や羽がついた大きい蟻が部屋の畳に何匹もいたりと0歳児を連れての宿泊だったので刺されないか不安でした(>_<) しかし、食事はとても美味しくお腹いっぱいになり赤ちゃん連れにも優しい対応をしていただき感謝しています！ 家族湯はとても清潔感があり素敵でした！！,https://www.jalan.net/yad324134/kuchikomi/,negative,low_rating_negative_body,high,body_sentiment_inference_needed
7,Jalan,jalan_current,15204220,2026/4/5,,,,,4,ja,True,facility_wide,温泉;風呂;露天,,大満足でした。,御料理、スタッフの方々の丁寧な接客に大満足のお宿でした。 設備等はやや古さを感じる部分もありましたが、滞在中は露天風呂や部屋から見える景色など、温泉で体を癒すとともに、心も癒されました。 木々の季節毎の変化も楽しみに、また違う季節に 伺いたいです。,https://www.jalan.net/yad324134/kuchikomi/,positive,body_positive,high,body_sentiment_inference_needed
8,Jalan,jalan_current,15185520,2026/3/28,,,,,4,ja,True,family_bath,温泉;風呂;湯;源泉;熱;家族風呂;予約,,さすが割烹旅館♪,チェックインより早めの到着にも関わらず、笑顔で案内していただき助かりました。提供されたお茶菓子も他処より高級感がありとても美味しかったです。 ただ、お部屋の内部をもう少し詳しく案内してもらえたら良かったかな。肝心の内風呂について、場所や特徴などの説明はなく、体験して知るかたちでした。部屋は間仕切りが多く、探検気分で場所を確認、楽しみましたが、温泉の意外な熱さには驚きました。湯もみしてできるだけ源泉を楽しみましたが、子どもなど警戒せずに入ると少し怖いかな、と…。 あと、もう少しお風呂場に清潔感が感じられると良いですね。使用中のタオル掛けなども少し多めにあると助かります。（欲を言えば、ドライヤーもランクアップを） お料理はさすがでした！一品一品が独創的で、味も見た目も、香りも食感も全てが素晴らしかったです。それぞれが適温で提供されるため、どれも最高の状態でいただけます。季節に合わせ桜をふんだんに盛り込んだお料理は、春本番を迎えた喜びをみんなで共有している気分にさせてくれました。大分和牛のしゃぶしゃぶも大変おいしかったです！ 全体的に量もちょうど良く、最後までワクワクしながらいただきました。ごちそうさまでした！！ 最後に、家族風呂の利用法については、「空いていたら入れる」ではなく、予約制にするなど、もう少し効率的で公平なガイドを検討する余地があると思います。 お世話になり、ありがとうございました！！,https://www.jalan.net/yad324134/kuchikomi/,positive,body_positive,high,body_sentiment_inference_needed
9,Jalan,jalan_current,15181428,2026/3/25,,,,,5,ja,True,facility_wide,温泉;風呂;浴;掃除,,評価通りのお勧め旅館,今回は急な旅行にも関わらず料理、接客、演出全てにおいて感動を覚える程の旅館でした。 お部屋、建物は少し時代を感じますが、それが風情とも感じる事の出来る雰囲気でもあり、お風呂も温泉ならではの雰囲気が感じられる程でした。 掃除は行き届いていますし、バスタオル、フェイスタオルは使いたい放題で入浴毎に新しい物を使用できる配慮でとても嬉しいサービスでした。 価格もリーズナブルでしたし、料理は味付け、量、品数において大満足でした。 接客においてもお出迎えから案内、滞在の説明、特に送迎時には大雨の中、その後の観光にお気遣いをいただきタオルまで準備、提供のサービスまでしていただき本当に感謝、感動しました。 滞在中の飲み物にも冷たい、温かいなど個々に配慮までしてもらえる対応で申し分ない宿でした。 大分別府に利用の際には是非再利用したいと良き旅でした。,https://www.jalan.net/yad324134/kuchikomi/,mixed,body_positive_and_negative,high,body_sentiment_inference_needed
10,Jalan,jalan_current,15155979,2026/3/14,,,,,3,ja,True,facility_wide,風呂;汚;狭,,とにかく料理が最高でした。,思ったよりも狭い部屋でした。 お風呂も殺風景でもう少し工夫が欲しいなと思いました。 窓が汚れているのも気になりました。 が、兎にも角にも、料理が最高。 全て美味しく頂きました、ありがとうございました。,https://www.jalan.net/yad324134/kuchikomi/,mixed,body_positive_and_negative,high,body_sentiment_inference_needed
11,Jalan,jalan_current,15149395,2026/3/11,,,,,3,ja,True,room_bath,風呂;露天;内湯;湯;肌;熱;水;熱すぎ,,牛しゃぶ美味でした,各お部屋が独立していたので、ほかのお客さんとは1度も会うことがなく、とても静かでのんびりできました。期待していた部屋風呂なのですが、、、まず内湯の天井から水滴がぽたぽた落ちてきます。避けたくても、ちょうど湯船に落ちるので、必ず体のどこかに当たります。そして、その水滴に当たると、何回かに1度、肌が黒くなります。天井に生えている苔でしょうか。瞼や頭に何度か垂れたので、少し嫌でした。内湯はやめて、隣の露天風呂に移動。こちらは、落ち葉などが入らないように網の蓋がされていて、ありがたかったのですが、私たち夫婦にはとにかく熱すぎて、、、。湯かき棒も用意してもらっていたので、しばらく混ぜていたのですが、それでも耐えられず。他の宿に泊まった時は、「熱すぎる場合はこうして下さい」という説明があったのですが、こちらのお宿は特に説明がなかったので、ただただ私たちには熱すぎただけなのかもです。内湯の水滴と苔については、少し拭いて欲しいと宿の方にお伝えしましたが、対応できないので避けながら入ってくださいとの事でした。 食事は夕食朝食ともにお部屋で頂きました。夕食のお刺身、一種類少ないなぁと思ったら、乗せ忘れとの事。こちらは直ぐに対応してくれました。新鮮なお魚でとても美味しかったです。特に、和牛のしゃぶしゃぶが絶品で、甘みがあり、くどさも無く、とても美味しかったです。名物のとり天も追加し、辛子とポン酢で頂きましたが、こちらもとても美味しかったです。 朝食もどれも美味しかったです。 お布団も腰が痛くならず、寝心地が良かったです。 お風呂だけが少しあれでしたが、それ以外はとてもいいお宿でした。ありがとうございました。,https://www.jalan.net/yad324134/kuchikomi/,mixed,body_positive_and_negative,high,body_sentiment_inference_needed
12,Jalan,jalan_current,15128209,2026/3/2,,,,,4,ja,True,facility_wide,温泉,,ゆっくりできました。,この日は雨で駐車場まで傘を持って出迎えていただき助かりました。 脚の悪い高齢の母との旅行だったのですべて部屋で過ごせる宿にしました。部屋も温泉もゆっくりできました。ただ口コミで評判が良かった食事は私的には少し残念でした。,https://www.jalan.net/yad324134/kuchikomi/,mixed,body_positive_and_negative,high,body_sentiment_inference_needed
13,Jalan,jalan_current,15122056,2026/2/27,,,,,5,ja,True,room_open_air_bath;private_bath,風呂;露天;貸切,,お料理、接客が素晴らしい,叔母達と女3人で宿泊しました。 場所は看板が出てなかったので迷いましたが、出迎えのスタッフさんが感じよく疲れも取れました。 部屋は食事をする部屋もある広々な和洋室でした。 フロントの隣なのでザワザワするかと心配していました が、静かに過ごせました。 露天風呂付きの部屋ではなかったですが、貸切できる露天風呂が広くてゆっくりできたので、私はこちらのお部屋で良かったと思いました。 宿泊を考えてる方は、この部屋がお勧めです。 夕食は目にも美しく味付けも良く、さすが割烹旅館だと叔母達も絶賛してました。 朝食も美味しかったです。 一つだけ叶うなら柔らかい低めの枕があればいいなぁと思いました。 全てにおいて素晴らしかったのでまた利用したいと思います。お世話になりました。,https://www.jalan.net/yad324134/kuchikomi/,positive,body_positive,high,body_sentiment_inference_needed
14,Jalan,jalan_current,15082011,2026/2/10,,,,,4,ja,True,room_bath;family_bath,風呂;露天;内湯;湯;家族風呂,,ぶらっと地獄巡りに最適,一見わかりづらい宿ではあったが、どこか風情を感じる宿です。和の個室を入ると中は広々，清潔感もありおもてなしのお茶と菓子が出される。何と言っても内湯に露天風呂（湯の温度は自身で調整） 若干、内湯の方がツルっと感があったのは‥気のせいでしょうか。 素泊まりだったので車で7、8分、別府タワーの近隣の繁華街で夕食と夜景を楽しんだ後，宿に戻り屋外にある家族風呂で1日の疲れを癒す。家族風呂と言っても10人くらいは悠々と入れる広さがあり、星空を見上げながら‥なんとも至福のひと時であった。ちなみに家族風呂には、バスタオル&タオルが置かれており手ぶらで行けるのが嬉しい。,https://www.jalan.net/yad324134/kuchikomi/,positive,body_positive,high,body_sentiment_inference_needed
15,Jalan,jalan_current,15075523,2026/2/7,,,,,5,ja,True,facility_wide,温泉,,今年も良い記念日となりました！,昨年に引き続き大変良い記念日となりました。前回と一部変更になった部分があり、宿泊をどうしようかと迷ってましたが、予定通り宿泊させていただきました。ですが、温泉、食事は変わらず満足させていただき、そしてそれ以上にスタッフの方々のおもてなしは最高で、主人ともやっぱりここにして良かったね！と話しながら宿を後にしました。またこちらのわがままにも関わらず、臨機応変にご対応いただき、ありがとうございました。今年も良い記念日となりました。 今回は予定があり、チェックインが遅く、翌朝は早いチェックアウトとなりましたが、来年は宿での時間を長く過ごせるよう予定を立てたいと思います。 今回ご対応いただいたスタッフの方々と、また来年お会いできますように…,https://www.jalan.net/yad324134/kuchikomi/,positive,body_positive,high,body_sentiment_inference_needed
16,Jalan,jalan_current,15069399,2026/2/4,,,,,5,ja,True,facility_wide,風呂;湯;熱;熱い,,料理はもちろんスタッフのおもてなしも最高でした,高齢の母親とお世話になりました。料理は出汁が美味しく和牛のしゃぶしゃぶはとろけそうな柔らかさでした。仲居さんの親切で丁寧な心温まる接客は大満足でした。部屋の内風呂も熱いぐらいでしたがいい湯でした。次回は飛行機の時間を気にしないようなスケジュールを組みたいと思います。,https://www.jalan.net/yad324134/kuchikomi/,positive,body_positive,high,body_sentiment_inference_needed
17,Jalan,jalan_current,14973383,2025/12/23,,,,,5,ja,True,facility_wide,温泉,,のんびり温泉,静寂に包まれゆっくり出来たのでよかったです 。 ここに決めたのはある意味わたし達夫婦にちょうどよかったからかな、 食や慌ただしさも無くぴったりのプランでした。,https://www.jalan.net/yad324134/kuchikomi/,positive,body_positive,high,body_sentiment_inference_needed
18,Jalan,jalan_current,14966626,2025/12/20,,,,,3,ja,True,facility_wide,温泉;風呂;湯;熱;ぬる;熱い,,大変結構でした。,夫婦二人で利用させて頂きました。感じ入った事は沢山ありますが、その１つに出された料理の質とボリューム（特に夕食は食べきれぬほどの量）が挙げられます。盛られた器にも気を使われていました。さすが「割烹旅館」と名乗っているだけのものはありました。仲居さんの旅館愛・別府愛溢れる接客も良く、自然と溢れる笑顔は印象的でした。 1つだけ残念だったのは「内風呂」の湯音の最初がぬるかったこと。熱い温泉が出る栓が湯舟の奥にあり、それをひねって対処できましたが、湯音が程よい温度になるまでに時間を要しました。それを含めても満足できた旅館でした。,https://www.jalan.net/yad324134/kuchikomi/,mixed,body_positive_and_negative,high,body_sentiment_inference_needed
19,Jalan,jalan_current,14958545,2025/12/16,,,,,5,ja,True,family_bath,温泉;風呂;露天;家族風呂,,新婚旅行にオススメ,ゆったりのんびりしたい方におすすめのお宿です！ 新婚旅行で、初めての九州旅行に行きました。雰囲気が素敵で料理が美味しそうでこちらの宿を選びました。 お部屋は一個一個戸建てになっておりお食事も部屋で食べられるので、夫婦でゆったりした時間を過ごせました。部屋の中に温泉、露天風呂がついていてとっても豪華でした。また、家族風呂は空いてれば何度でも入れるとのことで、夜と朝で2回入りました。家族風呂は広々としおりとってものんびりできてよかったです。スタッフの方の気遣いも素晴らしく、コンセントが少なく少し不便だなーと思っていたらこちらから何も言わずとも延長コード必要か聞いてくださり、旅行の話をした時もるるぶを貸してくださいました。また、新婚旅行であることも言っていませんでしたが、指輪が綺麗で新婚旅行か聞かれ、ドリンクの最初の一杯もサービスで料金を引いていただきました。 お料理も絶品で、どれも美味しかったです！また機会があればぜひ行きたいと思います！ ありがとうございました。,https://www.jalan.net/yad324134/kuchikomi/,mixed,body_positive_and_negative,high,body_sentiment_inference_needed
20,Jalan,jalan_current,14951977,2025/12/13,,,,,5,ja,True,facility_wide,温泉,,70才代 夫婦で宿泊,今回一泊で宿泊させていただき 早めに到着したにもかかわらず 快くお部屋に案内して頂きありがとうございました とてもありがたかったです 鉄輪バス停から5分位のところで安心しました お部屋は明るく綺麗で長めのソファーがありそれが心地よく気に入りました お部屋から出ずとも朝夕お食事ができすべて美味しく頂きました特におおいた和牛大分県産の白米美味しかったですお部屋の温泉に浸かり癒されました とても親切な対応して頂きありがとうございました,https://www.jalan.net/yad324134/kuchikomi/,positive,body_positive,high,body_sentiment_inference_needed
21,Jalan,jalan_current,14945388,2025/12/10,,,,,5,ja,True,private_bath,温泉;風呂;露天;湯;浴;貸切;汚;掃除;予約,,感動的なホスピタリティと最高の温泉・料理。感謝を込めておすすめします。,家族の誕生日祝いと自分の快気祝いを兼ねて、宿泊の数日前に急遽予約しました。結果として、この宿を選んで大正解でした。心から感謝しています。 お風呂（お部屋の内風呂、貸切露天風呂）、お食事、お部屋、設備、すべてにおいて大満足でした。 特に感動したのは温泉の質です。腰痛がひどい父が、入浴後に「痛みが和らいだ」と大変喜び、いつもは温泉でも1日1回しか入らないのに、滞在中は何度も湯浴みを楽しんでいました。その効果に驚いています。 建物は老舗旅館ですが、お掃除が隅々まで行き届いており、汚れや匂いなど気になる点は全くありませんでした。清潔感があり、快適に過ごせます。 食事も格別です。今回は2泊しましたが、1日目と2日目で朝食も夕食もほぼ内容が重複することがなく、どれも非常に美味しくいただきました。予想していなかったような素晴らしいメニューもあり、料理長のおもてなしの心を感じました。 旅行初日は電車の遅延（鉄道会社に非はありませんが）で疲れと不安を感じていましたが、宿に到着した際のスタッフの方々の温かく優しい出迎えに、心が解き放たれました。滞在中も、恐縮するほど細やかなお気づかいをいただき、忘れられない思い出となりました。 正直なところ、これ以上人気が出たら予約が取りにくくなるのでは、という不安もありますが、それ以上にこの素晴らしい宿の魅力を共有し、感謝の気持ちを伝えたく、口コミを書き込みさせていただきます。 本当にありがとうございました。また必ず宿泊したいです。,https://www.jalan.net/yad324134/kuchikomi/,mixed,body_positive_and_negative,high,body_sentiment_inference_needed
22,Jalan,jalan_current,14922562,2025/12/1,,,,,5,ja,True,facility_wide,風呂;予約,,パーフェクト,家族旅行で初めて利用しました。 部屋数が少ないので早めに予約しました。 雰囲気や部屋、料理、お風呂、接客など 大変満足で最高でした。,https://www.jalan.net/yad324134/kuchikomi/,positive,body_positive,high,body_sentiment_inference_needed
23,Jalan,jalan_current,14920226,2025/11/30,,,,,5,ja,True,facility_wide,温泉,,リピーターです。,4度目の訪問。 こちら、お部屋もお食事も温泉も従業員さんも満点です！夫婦で大好きなお宿。夫の左利きをキチンと覚えていてくれて食事時に左利き向きにお膳を整えてくれます。そこまでの気遣いが出来るお宿はそうそうありません。 今回も大満足な滞在となりました。 来年も、勿論訪問する予定ですが、今のままの営業スタイルで続けて欲しいと切に願うばかり。あの居心地の良さを失わないで頂きまたいです。,https://www.jalan.net/yad324134/kuchikomi/,positive,body_positive,high,body_sentiment_inference_needed
24,Jalan,jalan_current,14919266,2025/11/30,,,,,2,ja,True,family_bath,温泉;風呂;湯;浴;家族風呂;臭;改装;狭,,樹齢200年の楠木に感慨深くなりました。,天女のような気配り満点の仲居さん。朝も夕も食べきれない量でした。生野菜NGなので煮物にチェンジありがとうございました。料理、お茶コーヒーとも美味しいと母が感謝していました。 辛口口コミで申し訳ありません。 医療からサービス業経験からの意見です。 母は腹膜透析をしており主治医の許可で浴槽に入れることになりました。今まで旅行三昧してきてますが高齢てすし次があるかはわかりません。 チェックインお部屋で宿帳記入する時透析液をかける所が気になってたら、男性スタッフの方が指を小刻みに動かしてイライラ又はくせでしょうか焦って記入しました。何かのさいとで１２時まで可能とかみたので延長聞くと、明日は忙しいので無理です。とキッパリ！宿泊までの確認の電話はとても優しくて丁寧で安心してたのですが 荷物を取りに後から行きました。車からキャリーバッグを先に降ろして他の荷物を出そうとしたら車が入ってきてカップルが降りられカップルがキャリーバッグ１個をポンと置いたらお決まりのように男性スタッフはそれを持って案内されてました常連さん？私はキャリーバッグと透析機器類で両肩両手ふさがり手動ドア前で荷物を一旦置いてから入る。私が先に置いてたキャリーバッグを通りすぎての行為、少し残念。お部屋はカウンター横から入室最初にシングルドアがあり休憩室を改装されたのか変に戸棚とかドアがあり、ソファーの座り心地悪いし動線邪魔している。一番嫌な思いは急須の先ひび割れ中網なし、縁起悪いのでひび割れは家でも使いません。加湿器のフロート交換なしで青色が白くあせており加湿器使うと部屋が臭くなるリマした生臭い臭いです。フィルターまでは見てません。なんとなくタバコ臭。お風呂は狭くて木が古く狭いしかけ流しというより湯量少なくてチョロチョロで残念。トイレマット薄っぺらでズレてしまう。トイレのタオルもヨレてて洗濯しての使い回しは抵抗ありました。 朝食は地元の新鮮生卵か温泉ゆで卵を期待していました。帰りの道中で家族風呂日帰りに入って帰宅、時々認知の母は帰りに入った風呂が良かった、お宿については料理が多かったねー美味しかったと言っております。母の満足をありがとうございました。,https://www.jalan.net/yad324134/kuchikomi/,mixed,body_positive_and_negative,high,body_sentiment_inference_needed
25,Jalan,jalan_current,14911920,2025/11/26,,,,,5,ja,True,room_open_air_bath,温泉;風呂;露天;水;浴;予約,,最高の1日でした。,まずは、本当に楽しく居心地の良い1日をご提供してくださいまして誠に有難う御座います。 九州初上陸という事で、有名な別府温泉街の旅館で探していたところ当ホテルをお見かけしました。 当初は、客室露天のお部屋が空いていればと思っていた為に内風呂のお部屋のみ空いていたという事で、他の旅館と比較してしばらく悩んでいましたが、食事の内容と接客満足度の高さから予約させていただきました。 当日は土地勘もなかった為、車のナビを使ってお伺いしましたが道に迷ってしまい少し遅れる旨連絡したところ、大変丁寧かつ分かりやすく道案内をしていただきありがとうございます。 また、紹介文である通り食事の内容と浴場の雰囲気ともに心地よく、満足のいく内容で部屋選びに悩む必要がなかったなと思ったのと滞在できて良かったな感じました。 最後になりますが、到着から翌日の朝帰りまで細かな気遣いを感じさせてくれた仲居さんには本当に感謝してもしきれません。 夕食時のお酒の話から近隣のオススメスポット等、教えていただきましてありがとうございました。 お勧めしてくださいました男池湧水群もとても素敵な場所で楽しめました、本当にありがとうございます。 九州初めての旅で当旅館に滞在できて本当に良かったと思います。 また来年も九州旅をしたいと考えているので、その際は利用させていただきたいと考えています。 ご対応頂いたスタッフの方々、本当にありがとうございました。,https://www.jalan.net/yad324134/kuchikomi/,positive,body_positive,high,body_sentiment_inference_needed
26,Jalan,jalan_current,14900336,2025/11/22,,,,,5,ja,True,facility_wide,温泉;風呂;湯;お湯,,部屋にある温泉が最高！,最初入ったときはフロント横の小さなドアを開けて通されたので不安でした。というのも他の部屋はどこも入り口が立派でしたから。でも中に入ると広く、ベッドルーム、リビングにはソファーが2台あり、食事する部屋も室内の廊下を隔てて別にあり和室にテーブルと椅子がありました。内風呂は広く清潔でいつまでも入っていたい温度となめらかな温泉でした。今回、別府、鉄輪、明礬、湯布院と5泊の旅で最高級の旅館にも泊まりましたが、お湯はここがいちばんだったかもしれません。お料理も量が少ないコースを選びましたが、クオリティが高く大変満足でした。宿のみなさんも温かいおもてなしでくつろげました。ずっと残って頂きたい良い旅館です。,https://www.jalan.net/yad324134/kuchikomi/,positive,body_positive,high,body_sentiment_inference_needed
27,Jalan,jalan_current,14851179,2025/11/2,,,,,5,ja,True,facility_wide,風呂,,おもてなし最高,きめ細かいおもてなしが最高でした。料理もおいしく、贅沢なひとときを過ごすことができました。特にお風呂はおすすめです。,https://www.jalan.net/yad324134/kuchikomi/,positive,body_positive,high,body_sentiment_inference_needed
28,Jalan,jalan_current,14844463,2025/10/30,,,,,3,ja,False,,,,料理が最高,朝食 夕食共に質 量共に最高に美味しかったです。 仲居さんの接客も素晴らしく想い出に残る旅行になりました。,https://www.jalan.net/yad324134/kuchikomi/,positive,body_positive,high,body_sentiment_inference_needed
29,Jalan,jalan_current,14838842,2025/10/28,,,,,5,ja,False,,,,家族でゆっくり過ごすことができました。,初めての宿泊だったのですが、とても丁寧な接客と素敵な空間に家族全員癒されました！ 特にお料理がとても美味しく、見た目もとても綺麗で、手の込んだ素敵なお料理に感動しました。 スタッフの方々が皆さん、とても親切で素敵な笑顔だったのも印象的で、また機会があれば宿泊したいなと思いました！,https://www.jalan.net/yad324134/kuchikomi/,positive,body_positive,high,body_sentiment_inference_needed
30,Jalan,jalan_current,14829853,2025/10/24,,,,,5,ja,True,facility_wide,温泉,,割烹旅館ならではの満足感,今回娘と2人で行ったのですが、料理・温泉・部屋・サービスどれを取っても大変満足感が高い宿でした。温泉旅館は大好きで、かなりの宿に泊まっています。だから結構厳しい目でチェックしますが、一点を除いて不満はありませんでした。特に良かったのが食事です。仲居さんの大変気持ちの良い接客を受けながら、大変美味しい創作料理を、部屋食でゆっくり頂くのは最高でした。亡くなった両親の遺影を持って行ったのですが、遺影にお茶をお供えして頂いて感謝しております。ありがとうございました。またぜひ宿泊させて頂きたいと思います。そんなにいい宿だからこそ、尚更残念に思った事を敢えて1つだけ言います。それは宿にチェックインする際、ちょっと待たされた事です。チェックインが始まる時間帯に混み合う事は当然お分かりになっているはずです。私達が到着した時も、直前にお客様が着いた直後でした。しかしご案内係の方はお一人しかおらず、前のお客様の受付、部屋のご案内等で10分程待たされました。人手が足りない等の事情はおありかと思いますが、チェックイン後は他に数人の従業員の方をお見かけしましたので、ちょっと残念に感じました。 しかし他は何の不満もなく前述の通り大変満足致しました。ありがとうございました。 次回宿泊出来る日を楽しみにしております。,https://www.jalan.net/yad324134/kuchikomi/,mixed,body_positive_and_negative,high,body_sentiment_inference_needed
31,Jalan,jalan_archive,14549640,2025/7/5,,,,,3,ja,False,,,,接客が良かった,観光案内等、親切でした。 また女将さんやスタッフの皆様の心遣いが素敵でした とても心地よく過ごせました。 また宿泊したいです 有り難うございました。,https://www.jalan.net/yad324134/kuchikomi/archive/,positive,body_positive,high,body_sentiment_inference_needed
32,Jalan,jalan_archive,14522439,2025/6/22,,,,,5,ja,True,room_bath;family_bath,風呂;露天;湯;お湯;家族風呂;虫;古い;掃除;予約,,お湯、お料理、おもてなしが最高でした。,父の日プレゼントで、高齢の父と宿泊させていただきました。 割烹旅館というだけあって、お料理が最高でした。 予約後に、メールでのやり取りや電話での確認があり、安心して出発できました。(スタッフさん、ありがとうございました。) 当日、チェックイン後に美味しいお茶と和菓子のサービスがありましたが、父の日仕様の和菓子が可愛く、美味しかったです。 旅館の建物は古いけれど、掃除が行き届いていました。 露天風呂に、虫や落ち葉が入らない様に、網戸を置いて下さっていましたし、高齢の父用に、洗い場には介護チェア(？)を置いてくださっていたので助かりました。 食事は朝夕とも部屋食でしたが、担当のスタッフさんから素晴らしいおもてなしを受け、良い旅の思い出ができました。 家族風呂が無料で利用でき、お部屋のお風呂だけでなく、広いお風呂も堪能できました。 またお世話になりたいです。 ありがとうございました。,https://www.jalan.net/yad324134/kuchikomi/archive/,mixed,body_positive_and_negative,high,body_sentiment_inference_needed
33,Jalan,jalan_archive,14517539,2025/6/19,,,,,5,ja,False,,,,1泊2日の別府旅行,お部屋も料理も満足ですが スタッフの皆さんの心のこもった対応に 大変癒されました 有り難うございました。,https://www.jalan.net/yad324134/kuchikomi/archive/,positive,body_positive,high,body_sentiment_inference_needed
34,Jalan,jalan_archive,14511349,2025/6/15,,,,,4,ja,False,,,,おもてなしがとても良かった,結婚記念日に夫婦で利用させてもらいました。 旅館の方は皆さん親切丁寧な接客をされていました。 料理も美味しく、朝食のご飯のお供も品数も多く味も美味しく夫婦でご飯のおかわりをしたほどです。また利用したいと思います。,https://www.jalan.net/yad324134/kuchikomi/archive/,positive,body_positive,high,body_sentiment_inference_needed
35,Jalan,jalan_archive,14511330,2025/6/15,,,,,5,ja,True,facility_wide,温泉,,全て最高でした！,彼女の誕生日旅行のお宿、プロポーズの場所として利用させていただきました！誕生日ケーキや花束の準備などサプライズにもご協力いただき最高の思い出となりました！スタッフの方のおもてなしにとても癒されました！お食事、温泉ともに最高で看板犬の豆柴くんもとても可愛いかったです！また大分旅行に行く際は利用させてもらいたいです。,https://www.jalan.net/yad324134/kuchikomi/archive/,positive,body_positive,high,body_sentiment_inference_needed
36,Jalan,jalan_archive,14500067,2025/6/10,,,,,5,ja,True,facility_wide,温泉;湯,,お気に入りの宿です。,リピーターです！すべてが最高に心地よい宿です。雰囲気も建物も、とても気に入ってます。食事も部屋食で、タイミングよく出して下さるので、見て楽しみ、お味も最高です。又、温泉も貸し切り湯、部屋の湯、どちらもとても気持ち良いです。お部屋も毎回変えて下さって、とても楽しんでいます。スタッフの皆様の心配りが最高のお宿です！,https://www.jalan.net/yad324134/kuchikomi/archive/,positive,body_positive,high,body_sentiment_inference_needed
37,Jalan,jalan_archive,14471841,2025/5/28,,,,,5,ja,True,facility_wide,風呂;露天,,おもてなし始め全てが快適,チェックイン時刻が予定より大幅に遅くなりましたが、温かく出迎えて下さり、始めの宿の案内から大変気持ち良く接して頂きました。夕食・朝食のおもてなしも、部屋や内風呂・露天風呂その他各所に細やかな心遣いが感じられ、翌朝の散歩や地獄巡りについて有難いアドバイスまで頂き、家内を大いに満足しておりました。,https://www.jalan.net/yad324134/kuchikomi/archive/,positive,body_positive,high,body_sentiment_inference_needed
38,Jalan,jalan_archive,14453808,2025/5/20,,,,,4,ja,True,facility_wide,温泉;風呂,,家族でゆっくり過ごすのにおすすめ,父の米寿のお祝いで家族旅行することになり、はじめて利用しました。木々に囲まれて隠れ宿のようでとても良い雰囲気です。うち風呂も温泉でゆっくり入れました。外のお風呂も風が気持ち良くてタオルやアメニティ、ウォーターサーバーもあって快適に過ごせました。ご飯も贅沢で美味しく、父も喜んでくれて大満足の家族旅行になりました。宿の方々も色々と心配りをして頂いてありがとうございました。,https://www.jalan.net/yad324134/kuchikomi/archive/,positive,body_positive,high,body_sentiment_inference_needed
39,Jalan,jalan_archive,14436821,2025/5/12,,,,,5,ja,True,facility_wide,風呂,,静かにゆっくりできる宿,ニ度目の宿泊となります。朝食、夕食、お風呂と大満足でした。接客も丁寧で素晴らしく、また来たいと思わせてくれる宿です。ありがとうございました。,https://www.jalan.net/yad324134/kuchikomi/archive/,positive,body_positive,high,body_sentiment_inference_needed
40,Jalan,jalan_archive,14421417,2025/5/6,,,,,5,ja,True,facility_wide,温泉;風呂;露天,,お料理も温泉も、スタッフのみなさんの笑顔も最高です!!,久しぶりの家族旅行。ゆっくりのんびり過ごしたかったので、お部屋食、露天風呂つきのかんな和さんを選び大正解。落ち着いた雰囲気のなか、自然のままに、素のままに、、家族みんなが癒されました。 朝晩の食事はどの品も美味しく、美しく。そして温泉も最高。スタッフのみなさんのさりげなく暖かな気配り、そして明るく素敵な笑顔のおもてなし。 全てに大満足のお宿でした。ぜひ、また訪れたいお宿です。最高の1日をありがとうございました。,https://www.jalan.net/yad324134/kuchikomi/archive/,positive,body_positive,high,body_sentiment_inference_needed
41,Jalan,jalan_archive,14382446,2025/4/21,,,,,4,ja,True,facility_wide,風呂,,おもてなしの心を感じお料理も美味しいお宿,お部屋は広々として、アロマではなく飲用のお茶の香りで迎えられ心地よかったです。 お風呂は内風呂もありますが、貸し切り風呂は広々としてとても気持ちよく入れました。 お料理の品数はとても多くどれも美味しく満足度も高いものでした。 スタッフの方の接客も丁寧でとてもリラックスしゆっくり過ごす事が出来て良いお宿でした。,https://www.jalan.net/yad324134/kuchikomi/archive/,positive,body_positive,high,body_sentiment_inference_needed
42,Jalan,jalan_archive,14356253,2025/4/9,,,,,5,ja,True,facility_wide,温泉,,全てが最高,女子旅で利用しました。 料理も温泉もお部屋も接客もほんとに素晴らしいものでした。 また是非利用したい宿です。,https://www.jalan.net/yad324134/kuchikomi/archive/,positive,body_positive,high,body_sentiment_inference_needed
43,Jalan,jalan_archive,14353131,2025/4/8,,,,,5,ja,True,private_bath,温泉;風呂;貸切,,ゆっくりと過ごせました,お部屋は年季が入っていますが、お庭の木々も手入れされて和を満喫できました。部屋の温泉風呂もありますが、空いていればいつでも入れる貸切風呂は広く、昼間は満開の桜が、夜は月夜がきれいに見えて、どの時間帯も満足できました。タオルも常備されていて、きれいな調度品でした。お部屋食もタイムング良い按配に配膳されて美味しくいただきました。看板犬出勤にも立ちあえてラッキーでした。ありがとうございました。,https://www.jalan.net/yad324134/kuchikomi/archive/,positive,body_positive,high,body_sentiment_inference_needed
44,Jalan,jalan_archive,14342819,2025/4/3,,,,,5,ja,True,facility_wide,温泉;風呂;露天;湯;お湯;熱,,お風呂最高,温泉のお湯がとてもよかった。部屋露天に何度も入りました。貸し切り風呂もとても広くて雰囲気もよくて最高でした。温度が熱めなのでかなりかき混ぜないと入れないですが^_^ お料理の味が少し残念でした。 夕食の前菜に甘い味のものが3品くらいあり甘いのは1品でいいのではと思いました。 お部屋は綺麗です。 接客もとてもよかったです。,https://www.jalan.net/yad324134/kuchikomi/archive/,mixed,body_positive_and_negative,high,body_sentiment_inference_needed
45,Jalan,jalan_archive,14337139,2025/3/31,,,,,5,ja,True,facility_wide,風呂;浴,,最高のおもてなし,旦那さんの誕生日旅行に奮発して、3歳の子連れで宿泊しました。 宿のみなさんで誕生日のお祝いをしてくださり、サービスともに大変感動しました。 また子どもに浴衣、アメニティ、オムツ用のゴミ箱、お風呂で使用するアンパンマンの椅子や桶までご用意して下さいました。 お茶菓子の苺大福に、晩御飯朝食ともにすごく美味しくてお腹いっぱいになりました。部屋も綺麗で、お布団はふかふかでよく眠れました。 この度は大変お世話になりました。最高のおもてなしをありがとうございました。本当におすすめの宿です！,https://www.jalan.net/yad324134/kuchikomi/archive/,positive,body_positive,high,body_sentiment_inference_needed
46,Jalan,jalan_archive,14314993,2025/3/22,,,,,4,ja,True,facility_wide,風呂,,家族旅行におすすめです,三世代で家族旅行でした。 5歳と2歳の子連れで騒がしくしたらどうしようかと思ってたんですが、スタッフの方も子供を名前で呼んでくださり、話しかけてくださり穏やかな時間を過ごさせて頂きました。食事もお部屋でゆっくり食べることができました。お風呂も清掃がきちんとされており、とてもきれいでした。また別府に行くことがあれば、宿泊したいなぁと思います。,https://www.jalan.net/yad324134/kuchikomi/archive/,mixed,body_positive_and_negative,high,body_sentiment_inference_needed
47,Jalan,jalan_archive,14313428,2025/3/21,,,,,5,ja,True,facility_wide,温泉;予約,,また、ぜひリピートしたいと思います,１１年ぶりに高齢の母とお世話になりました。前回は父も一緒に３人でお世話になり、お料理、おもてなし、温泉など感動して、こちらにはまた一緒に行こうねと話していました。残念ながら父は７年前に亡くなり母と２人で今回はお世話になりました。少し失礼かなとは思いながら父の写真も一緒に食事のお部屋などに持ち込ませていただきましたが、担当の方には本当に色々とお気遣いいただいて母も大変喜んでおりました。もちろん、お料理も温泉も素晴らしく、高齢の母も快適に過ごせるようなご配慮も予約時からご提案いただき感謝しています。旅館の皆様、特にお料理の配膳などご担当していただいた方には感謝感謝です。母もまた行きたいから頑張って健康で長生きしなくちゃって言ってくれました。本当にお世話になりました、またお伺いします、よろしくお願いします。ありがとうございました。,https://www.jalan.net/yad324134/kuchikomi/archive/,mixed,body_positive_and_negative,high,body_sentiment_inference_needed
48,Jalan,jalan_archive,14304188,2025/3/17,,,,,5,ja,True,room_bath,風呂;露天;内湯;湯;熱;水;浴;熱すぎ;古い;予約,,想像以上でした！,３ヶ月前からの予約でした。1週間前の予約確認電話から丁寧に対応して頂きました。当日まで部屋割は分からず行ってからのお楽しみという感じでワクワクしました！当日も丁寧に接客して頂きました。看板犬の豆柴がとっても可愛くて癒されました。お部屋や建物は写真で感じた古い感じよりも、実際訪れてみると古風なお洒落な感じで大満足でした！内湯も露天風呂も最高でした！露天風呂は熱すぎてお水をかなり入れないと浸かれる具合にはならずそれも楽しかったです！アメニティも準備が良くて助かりました！お部屋１つで完結する、入浴、食事、就寝、広さも十分でした！夜中コンビニへ外出の際、誰もおらずフロントもコールがでらずでしたが特に問題なく外出し、帰宅。 スタッフさん方も愛想良く素敵な対応有難う御座いました！大満足な１日、心も身体も癒され、休めました！,https://www.jalan.net/yad324134/kuchikomi/archive/,mixed,body_positive_and_negative,high,body_sentiment_inference_needed
49,Jalan,jalan_archive,14302923,2025/3/16,,,,,5,ja,True,private_bath,温泉;貸切,,お気に入りの宿です！,高齢の父と行ったので、今回は食事少なめにしましたが、美味しいのはもちろん、十分満足な量の食事でした。貸切の温泉では満月に近い月とたくさんの星を見ることもでき、ゆったりと滞在を楽しめました。静かに落ち着いた時間が過ごせるのがとても心地よいです。またぜひ伺いますね！,https://www.jalan.net/yad324134/kuchikomi/archive/,positive,body_positive,high,body_sentiment_inference_needed
50,Jalan,jalan_archive,14291858,2025/3/11,,,,,5,ja,False,,,,静かなひと時,接客も心地よい感じであり、朝晩部屋食なので宿に滞在中他の利用客に会うことも無く静かなひと時が楽しめました。 ご飯も質は勿論満足でしたが、丁度良い量で良かったです。 また別府に行く際は利用させて頂きたいと思います。,https://www.jalan.net/yad324134/kuchikomi/archive/,positive,body_positive,high,body_sentiment_inference_needed
51,Jalan,jalan_archive,14291730,2025/3/11,,,,,5,ja,False,,,,また泊まりたい宿,結婚記念日と30年勤続リフレッシュを合わせての旅行でお世話になりました。心をほぐす和みの宿であることに深々と感謝。本当に心地の良い和みをありがとう！,https://www.jalan.net/yad324134/kuchikomi/archive/,positive,body_positive,high,body_sentiment_inference_needed
52,Jalan,jalan_archive,14278940,2025/3/6,,,,,4,ja,True,facility_wide,湯;お湯,,子連れでも過ごしやすい,スタッフさんがすごく気遣ってくれて子連れでも過ごしやすかった。ただ、シャワーからお湯が出るまでに時間がかかった。,https://www.jalan.net/yad324134/kuchikomi/archive/,neutral,neutral_or_lodging_context,medium,body_sentiment_inference_needed
53,Jalan,jalan_archive,14274815,2025/3/4,,,,,5,ja,True,facility_wide,温泉;水;古い,,接客がすごく良かった食事も,温泉が良かったのはもちろん、食事の提供の間隔など完璧すぎて不満がありませんでした大満足でした。 建物が古いこともありシャワーヘッドを掛けるところがグラグラしていました。シャワーは温水になるまで時間がかかりますが勢いは強かったので良かったです,https://www.jalan.net/yad324134/kuchikomi/archive/,mixed,body_positive_and_negative,high,body_sentiment_inference_needed
54,Jalan,jalan_archive,14274566,2025/3/4,,,,,5,ja,True,room_bath,風呂;露天;湯;源泉;お湯,,いいお湯でした,相方の還暦祝いで利用させていただきました。 夕食に伊勢海老の追加をお願いし、豪華な刺盛りにテンション上がりました。 お味噌汁はその伊勢海老のお味噌汁が提供されました。 私はお味噌汁が大好きなので期待大で一口。んっ？出汁とり忘れ？という何ともお粗末なお味でガッカリ。 他のお料理は美味しかったのでどうしちゃったんだろうと思う程でした。 その事で夕食の評価は4とさせていただきました。 お部屋のお風呂、貸し切り露天風呂も源泉かけ流しでとてもいいお湯でした。 何度も入りました。貸し切り露天風呂にもタオルが常備されているので、手ぶらで行けるのも良かったです。 お部屋はとても広くて、部屋食のお部屋とも別になっていたので、完全プライベート空間は守られ快適でした。,https://www.jalan.net/yad324134/kuchikomi/archive/,positive,body_positive,high,body_sentiment_inference_needed
55,Jalan,jalan_archive,14272226,2025/3/3,,,,,5,ja,True,room_bath;family_bath,温泉;風呂;露天;内湯;湯;家族風呂,,温泉でほっこり！夕食、朝食と質量ともに大満足！,部屋ある内湯と露天風呂のほかに、家族風呂として大人数でも入れる露天風呂がある。６部屋だけの宿なのでストレスなく利用でき温泉というテーマは大満足！食事は手の込んだ品と鮮度にうまいものを食したいというテーマも質量ともに大満足！加えて後ろからそっとサポートくださるような行き届いた接客がこの宿の一押しポイントと感じました。 宿泊客のたしなみも問われる宿かな(笑),https://www.jalan.net/yad324134/kuchikomi/archive/,positive,body_positive,high,body_sentiment_inference_needed
56,Jalan,jalan_archive,14257864,2025/2/25,,,,,4,ja,True,facility_wide,湯;お湯;寒,,快気祝い,全体としては、4から4.5ポイント、希望としては、夕食のお肉をもう一枚、夜用に番茶があったら良かったです。残念な点は、部屋が寒かった、お湯が出るのに時間がかかった所です。,https://www.jalan.net/yad324134/kuchikomi/archive/,mixed,body_positive_and_negative,high,body_sentiment_inference_needed
57,Jalan,jalan_archive,14256243,2025/2/24,,,,,5,ja,False,,,,おもてなしがとても丁寧,入ってすぐ旅館の説明やお部屋の説明を一緒に回りながら丁寧に説明していただけました。 看板犬のゆめくんもちゃんと挨拶してくれて可愛かった！ 仲居さんもとてもフレンドリーで楽しく料理を堪能させて頂きました。,https://www.jalan.net/yad324134/kuchikomi/archive/,positive,body_positive,high,body_sentiment_inference_needed
58,Jalan,jalan_archive,14246163,2025/2/20,,,,,5,ja,True,facility_wide,温泉;風呂;熱;熱すぎ,,全て良かったです,お部屋、お食事、設備、従業員の皆さま全てに満足しています。アメニティが充実していた事もありがたいです。温泉は熱すぎず丁度良い温度で、いつもより長くお風呂を楽しむことができました。本当に感謝しています。,https://www.jalan.net/yad324134/kuchikomi/archive/,mixed,body_positive_and_negative,high,body_sentiment_inference_needed
59,Jalan,jalan_archive,14245993,2025/2/20,,,,,4,ja,True,facility_wide,温泉;風呂;露天,,冬の温泉旅行,昔訪れた別府温泉に夫婦で行ってきました。別府駅から車で10分くらいの場所にある宿は、昔ながらの和室に露天風呂があり落ち着いた感じでした。宿の方も親切で朝夕とも食事は部屋でいただきました。 温泉も良く、料理も美味しくとてもゆっくり過ごせて、良い思い出になりました。,https://www.jalan.net/yad324134/kuchikomi/archive/,positive,body_positive,high,body_sentiment_inference_needed
60,Jalan,jalan_archive,14238953,2025/2/17,,,,,5,ja,True,facility_wide,温泉;風呂,,落ち着いて、料理も美味しく頂きました。お風呂がお勧め,とても気もちの良い接客で、ゆっくり過ごせました。お風呂がお部屋についているので、気持ちよく、何回も気兼ねなく入ることができました。 年齢が７０歳以上なので移動もなく、温泉を満喫しました。また行きたいと思います。,https://www.jalan.net/yad324134/kuchikomi/archive/,positive,body_positive,high,body_sentiment_inference_needed
61,Jalan,jalan_archive,14224602,2025/2/11,,,,,5,ja,True,room_bath;family_bath,風呂;湯;熱;家族風呂;熱い;脱衣,,何もかもが最高です,スタッフの皆さんの笑顔が素敵で、対応もとても優しくて安心して宿泊できます。お部屋は広々としていて清潔感がありとても綺麗です。お部屋のお風呂は少し熱いですが、何度も入りたくなるいい湯でした！家族風呂は広々としていて脱衣所がとても綺麗で利用しやすいです！ 夕食は内容がとても贅沢でお酒も美味しく最高、、朝食も大満足です。大分県ご飯美味しい、、移住したい、(笑) そして、なにより看板犬のゆめくんが可愛いくて本当に癒しでした！またお伺いします！ありがとうございました！,https://www.jalan.net/yad324134/kuchikomi/archive/,positive,body_positive,high,body_sentiment_inference_needed
62,Jalan,jalan_archive,14215887,2025/2/8,,,,,5,ja,True,facility_wide,温泉,,素敵な記念日旅行になりました！,25周年の記念旅行でおじゃましました。雪予報でしたので近場での温泉旅行となりましたが、以前から気になってたお宿でしたので楽しみにしてました。期待以上のおもてなしと温泉、食事でとても良い時間を過ごせました。観光しない分、早めのチェックインで何度も温泉を楽しめました！こちらのわがままにもスマートに受けていただきありがとうございました。チェックアウトも11時とゆっくりでのんびりできました。心残りはゆめくんとゆっくり遊べなかったことです… 食事担当の方はもちろん、お部屋案内や途中途中で配膳していただいた方もとても感じ良く、またお会いしたい方ばかりでした。 本当にお世話になりました！,https://www.jalan.net/yad324134/kuchikomi/archive/,positive,body_positive,high,body_sentiment_inference_needed
63,Jalan,jalan_archive,14201894,2025/2/2,,,,,5,ja,True,room_open_air_bath,風呂;露天,,おもてなしが良い,正月に露天風呂付きの部屋を利用しました。 夕食は部屋ですが絶妙なタイミングで運んでいただけて凄いと感動しました。ご飯の量は私が少食なので、いつもは夫にも手伝ってもらってますが、今回は無理だったようで多めだと思います。 部屋自体は古さはあるものの清掃もされてて快適に過ごせました。別府に訪れた際はまた泊まりたいです。,https://www.jalan.net/yad324134/kuchikomi/archive/,positive,body_positive,high,body_sentiment_inference_needed
64,Jalan,jalan_archive,14190288,2025/1/27,,,,,5,ja,True,facility_wide,風呂;源泉;掛け流,,美味しいご飯と源泉掛け流しのお風呂浸かり放題！,妊娠中の新婚旅行で利用しました。事前に食べられないもの等をお伝えしていたので、生物等の料理は別のものに変更して頂けました。変更した内容も詳しく伝えてくださり、安心して食事をすることができました！ お風呂付きのお部屋なので好きな時間に3回も入ることができ、すごくリフレッシュできました！ 宿泊中のお気遣いも皆さん素晴らしく、とても良い旅行になりました！,https://www.jalan.net/yad324134/kuchikomi/archive/,positive,body_positive,high,body_sentiment_inference_needed
65,Jalan,jalan_archive,14189501,2025/1/27,,,,,4,ja,True,facility_wide,温泉;風呂;湯;水;古い,,別府の高級温泉宿,部屋に温泉が付いてる宿を探して宿泊しました。今回は記念旅行でもあったので少し奮発しました。部屋は2人で十分過ぎる広さでした。DVDを利用しましたが古い為かあまり調子が良くなかったです。風呂の洗い場の排水がイマイチで洗い場に溜まりがちでした。湯船はあまり大きくありません。風呂の引き戸が玄関の引き戸のような不思議な戸でした。ベッドは寝心地がよくゆっくり休めました。洗面所、トイレ清潔でアメニティは高級です。食事は２食共部屋でいただけたのが良かったです。 部屋に案内してくれた女性、若くて可愛らしく、とても感じが良かったです。お世話になりました。,https://www.jalan.net/yad324134/kuchikomi/archive/,positive,body_positive,high,body_sentiment_inference_needed
66,Jalan,jalan_archive,14177176,2025/1/20,,,,,5,ja,True,room_bath;family_bath,風呂;露天;内湯;湯;水;家族風呂;予約,,仲居さんのおもてなしが最高でした,いつもは湯布院､久住、阿蘇方面へ宿を取るのですが１月の予約なので雪の心配があったので別府にして、口コミ評価の高かった「かんな和」さんにお世話になりました。 個室の内湯、家族風呂の露天気持ち良かったです。 食事は朝夕部屋食で、ベテランの仲居さんの丁寧な説明と適切な配食でおいしく料理を堪能できました。出発時も重いバッグを車まで運んで頂き有り難うございました。 気になったこと：便器の水垢、洗面の排水を改善して頂けますか。,https://www.jalan.net/yad324134/kuchikomi/archive/,positive,body_positive,high,body_sentiment_inference_needed
67,Jalan,jalan_archive,14163671,2025/1/13,,,,,5,ja,True,room_bath,温泉;風呂;湯;お湯,,温泉がよかった,年末に泊まらせていただきました。 接客も感じ良く、看板犬のゆめくんともお写真が撮れて、感激でした。 施設は古く、トイレの壁紙は新しくした方がいいかな。と感じました。 お部屋のお風呂は最高で。ちょうど良い温度。何度も入りたい気持ちのいいお湯でした。 お部屋のお食事の担当方は若くて綺麗な方ですが、お話もお上手で、人手不足の時代に、あんな素敵な方がいらっしゃるのは、安泰ですね。ありがとうございました。,https://www.jalan.net/yad324134/kuchikomi/archive/,positive,body_positive,high,body_sentiment_inference_needed
68,Jalan,jalan_archive,14162914,2025/1/12,,,,,5,ja,True,facility_wide,風呂,,大満足です,とても落ち着く最高のお宿です。お部屋もお風呂もお料理も大満足です。ローラアシュレイのアメニティがうれしかったです。 ありがとうございました。,https://www.jalan.net/yad324134/kuchikomi/archive/,positive,body_positive,high,body_sentiment_inference_needed
69,Jalan,jalan_archive,14162374,2025/1/12,,,,,4,ja,False,,,,料理が美味い！,料理がとにかく美味かった！部屋食なので子供連れには最適！料理が何回かに分けて持ってくるタイプだったのが自分としては少し残念でした。全ての料理が机に一気に並べられてる方が贅沢感を味わえると思います！,https://www.jalan.net/yad324134/kuchikomi/archive/,mixed,body_positive_and_negative,high,body_sentiment_inference_needed
70,Jalan,jalan_archive,14154630,2025/1/7,,,,,5,ja,True,room_bath,温泉;風呂;露天,,癒されました。心も体も。,娘夫婦と4人で温泉で癒されました。 割烹旅館というだけあって、料理は目でも楽しめ、味も最高でした。 娘が妊娠初期であり、生ものが食べれないことを伝えると、違う料理に気持ちよく変更してくださり、ステーキも娘の分だけウェルダンで、細かい心配りに感動しました。 朝食は、昼食が食べれないくらいの量でした（笑） 仲居さんから、お正月なのでお料理も特別だし、量も多いと聞いて納得。 貸し切り露天風呂は、とても広く温度もちょうど良かったです。ザボンが浮いてて、柑橘のいい香りがしてました。 部屋風呂はこじんまりとしており、自分の世界に入って、ただただのんびり出来ました。 仲居さんの笑顔、心配りがとても癒され、お腹も心もお腹一杯になりました。 次は、息子夫婦と行きたいです。,https://www.jalan.net/yad324134/kuchikomi/archive/,positive,body_positive,high,body_sentiment_inference_needed
71,Jalan,jalan_archive,14152273,2025/1/6,,,,,5,ja,True,facility_wide,風呂,,小さな子供連れにオススメ,部屋が広くお部屋にお風呂も付いているので小さな子供が居てもゆっくりできました。先にお布団も敷いてくれていたので子供がお昼寝も出来て助かりました。看板犬にも会えて良かったです。また利用したいと思います。,https://www.jalan.net/yad324134/kuchikomi/archive/,positive,body_positive,high,body_sentiment_inference_needed
72,Jalan,jalan_archive,14135194,2024/12/27,,,,,4,ja,True,facility_wide,温泉;風呂;露天;虫,,すべてにおいて高得点,2泊3日で別府旅行を計画しており、2日目に地獄めぐりを予定していたのでこちらの宿に宿泊しました。 部屋、温泉、料理、接客について高評価としましたが、料理と接客については感動レベルでした。 料理については、朝夕ともに何を食べても美味しかったです。ただ、ボリュームがあるので女性は食べきれない可能性があります。 接客についても暖かさを感じ、感動しました。 評価を落とすポイントとしては、 環境によるものか、虫が多かったです。 特に露天風呂に転がっていたので発見してからは入れませんでした。 その他は大変満足のいく内容でしたので、また機会があったら行きたいです。,https://www.jalan.net/yad324134/kuchikomi/archive/,mixed,body_positive_and_negative,high,body_sentiment_inference_needed
73,Jalan,jalan_archive,14120187,2024/12/15,,,,,5,ja,True,room_open_air_bath;family_bath,温泉;風呂;露天;肌;家族風呂;貸切;掃除,,とても素晴らしいお宿でした。,新婚旅行で二泊三日で利用させていただきました。 妻の希望で、露天風呂付きの部屋がある旅館にしましたが、お陰様でとても満足のいく旅行になりました。 到着時からとても綺麗な従業員の方に出会い、妻とともに「九州の人ってホント美人だね」なんて会話で盛り上がりました。 部屋も写真で見た通りの風情ある素晴らしい部屋で、掃除も行き届いておりました。余談ですが妻は洗面所に雪肌精がおいてある事にとても喜んでいました笑 従業員の方それぞれから近所のオススメスイーツ店や温泉等も教えていただいたり、旅行が楽しくなる情報も教えていただき有り難かったです。 ご飯の時間について無理を言ってしまったのですが、丁寧にご対応いただき本当に助かりました。 ご飯自体、朝も夜もとてもとても美味しく、また充分なボリュームがあり、夫婦共々お腹ぱんぱんにしていただきました笑 私個人としては貸切家族風呂にとても感動しました。 兵庫から来て利用させていただいたので、次に利用出来るのは先になりそうですが、また是非お世話になりたいと思った、素晴らしい宿です。 本当にありがとうございました。,https://www.jalan.net/yad324134/kuchikomi/archive/,mixed,body_positive_and_negative,high,body_sentiment_inference_needed
74,Jalan,jalan_archive,14118079,2024/12/14,,,,,5,ja,True,room_bath;family_bath,風呂;湯;家族風呂,,部屋風呂がとても素敵,恋人との旅行で利用させていただきました。 玄関にはお茶のお香が焚かれており、最初からすごく癒されたのが印象的です。 お部屋にお風呂がついているので、ゆっくりのんびり過ごせるのがとてもよかったです。 家族風呂も利用しましたが、広々していて湯加減も丁度よく最高でした。 食事も最初から最後まで美味しく、恋人と楽しい時間を過ごせました。 看板犬のゆめくんも出勤しておりラッキーでした。 最高のおもてなしを受けられる宿です。また是非泊まりたいです。,https://www.jalan.net/yad324134/kuchikomi/archive/,positive,body_positive,high,body_sentiment_inference_needed
75,Jalan,jalan_archive,14117399,2024/12/13,,,,,5,ja,True,facility_wide,温泉;肌;泉質,,お気に入り宿の仲間入り！,とても素敵な宿に巡り合えました！ 一品ごとに丁寧に作られた美味しい食事、肌触りの良い泉質の温泉、細やかに気配りされた部屋。そして何よりも、絶妙に心地よい距離感のスタッフの皆さんとの楽しい会話。どれをとっても素晴らしく、至福の時間を過ごすことができました。宿に着いて程なく「これからも定期的に来たい」と思った宿です。またぜひ伺います。,https://www.jalan.net/yad324134/kuchikomi/archive/,positive,body_positive,high,body_sentiment_inference_needed
76,Jalan,jalan_archive,14108424,2024/12/9,,,,,5,ja,True,room_bath;private_bath,風呂;露天;源泉;掛け流;貸切,,お気に入りのお宿です,高齢の両親を連れての宿泊です。 お部屋に入ると先ずお茶の香りに癒され清潔で気持ち良く過ごせます。 夕食は見た目も素晴らしく味も美味しく大満足です。 朝食も朝からとても豪華です。 お部屋のお風呂は贅沢な源泉掛け流しで適温でいつでも入れるのが最高でした。 また、お宿に１つある貸切露天風呂は広くて気持ち良い！空いていたら何度でも入れます。 フロントからお部屋、お部屋から貸切露天風呂、朝夕ともにお部屋食と、すべてが少ない移動距離で動けるので高齢の両親でも安心です。 スタッフの皆様もとても親切で優しいです。 いつも幸せな気分で家に帰ります。 この度も大変お世話になりました。 またお伺いします。,https://www.jalan.net/yad324134/kuchikomi/archive/,positive,body_positive,high,body_sentiment_inference_needed
77,Jalan,jalan_archive,14104773,2024/12/6,,,,,4,ja,True,facility_wide,温泉,,温かいおもてなしです。,今回結婚記念日旅行でお世話になりました。 毎年この時期に各地に旅行をしており初めての別府温泉。 料理が美味しく部屋食でゆっくりと頂くことができました。 仲居さんが丁寧に説明してくださり 絶妙なタイミングで運んで頂き何かにつけて 気配りの凄い皆さんだと思いました。 お勧めしたい旅館です。 素晴らしい一日をありがとうございました。,https://www.jalan.net/yad324134/kuchikomi/archive/,positive,body_positive,high,body_sentiment_inference_needed
78,Jalan,jalan_archive,14104046,2024/12/6,,,,,5,ja,True,facility_wide,風呂;露天,,お気に入りのお宿です。,リピーターです。今回のお部屋も広くてゆっくりできてとても満足です。広い露天風呂も貸し切りで何度も楽しみました！お部屋の風呂もとても落ち着くいいお風呂でした。温度管理もすぐに対応してくださって、ありがたかったです。食事も綺麗で、美味しくて、お酒もすすみました！お肉がちょうどいいタイミングで頂けたので、とても美味しかったです！よく、お肉メインなのに最後に出てくると、お腹いっぱいで、味わえない事もあるのですが、ここは本当に心配りが最高です。スタッフの皆さんいつもとても良くしていただきありがとうございました！お部屋の趣がそれぞれ違いますので、次は又、違ったお部屋に泊まりたいと思っています！よろしくお願いしますね。,https://www.jalan.net/yad324134/kuchikomi/archive/,positive,body_positive,high,body_sentiment_inference_needed
79,Jalan,jalan_archive,14096506,2024/12/1,,,,,5,ja,True,facility_wide,温泉,,リピーターです。,こちらのお宿が大好きで東京から毎年お邪魔しています。温泉も最高だし、お料理も最高です。ホスピタリティーも最高で満点のお宿です。本当にオススメしたいです。,https://www.jalan.net/yad324134/kuchikomi/archive/,positive,body_positive,high,body_sentiment_inference_needed
80,Jalan,jalan_archive,14093299,2024/11/29,,,,,5,ja,True,facility_wide,温泉;掛け流,,料理が美味しい,久しぶりの別府温泉ゆっくり出来ました。 大きなクスの木がお迎えしてびっくり！ 昔の設備を大事にされ、それを生かしつづけることに 感銘しました。 温泉は掛け流しでいつでも利用出来申し分ありません。 さすが別府温泉ですね！ 又、お料理も大変美味しくいただきました。 特に関鯖の舟盛りはびっくり！ スタッフの方も気持ちよく心遣いいただき有り難うございました。 また機会があれば利用したいと思います。,https://www.jalan.net/yad324134/kuchikomi/archive/,positive,body_positive,high,body_sentiment_inference_needed
81,Jalan,jalan_archive,14073591,2024/11/17,,,,,5,ja,True,family_bath,温泉;風呂;家族風呂,,温泉が最高でした,今まで別府市内の温泉にあちこち泊まっていますが、一番よかったです。お部屋の温泉も温度がちょうどよく長く入って疲れを取ることができました。 家族風呂も広くて気持ちよかったです。 食事も部屋食なので、移動もなくゆっくり楽しめました。 リビングとは別にテーブル席の食事をするお部屋がありよかったです。シニアにおすすめの少な目の食事プランにしたのですが、 お腹一杯になりました。 お料理はすごく 繊細ですべて美味しかったです。仲居さんがひとつひとつ丁寧に説明して下さったり色々お話をして頂き楽しく過ごせました。 また記念日に是非泊まりに行きたいです。ありがとうございました。,https://www.jalan.net/yad324134/kuchikomi/archive/,positive,body_positive,high,body_sentiment_inference_needed
82,Jalan,jalan_archive,14065268,2024/11/12,,,,,5,ja,True,family_bath,温泉;風呂;家族風呂;貸切;予約,,こだわり抜かれた食事がオススメ！,リフレッシュ旅行で利用しました。 美味しい食事とお部屋でお風呂にも入れることに魅力を感じて予約しました。 実際に夕食は様々な新鮮な海鮮やお肉、季節の味覚を頂け、創作料理などもお腹いっぱいいただくことができました。食への高いこだわりを感じました。 タオルもたくさん用意していただいて、部屋の温泉も気にせず何回も入れましたし、大きな貸切の家族風呂も楽しませていただきました。 お部屋はフロントの目の前で、チェックイン前は物音があるのではないかと気になりましたが、実際は気になりませんでした。お部屋もとても清潔で、お茶のいい匂いもあってとても落ち着くことができました。 今回は通常のしゃぶしゃぶプランの利用でしたが、また蒸ししゃぶプランも利用してみたいと思いました！,https://www.jalan.net/yad324134/kuchikomi/archive/,positive,body_positive,high,body_sentiment_inference_needed
83,Jalan,jalan_archive,14040432,2024/10/30,,,,,5,ja,True,facility_wide,温泉,,旅館の雰囲気が最高でした！,初のかんな和 別邸旅館でした。両親との家族旅行で利用させてもらいました。仲居さん全員の気配りが良く、夕食の料理が食べきれないほどたくさんありましたが、ご飯を夜食用におにぎりにしてもらえるなど、対応して下さりました。温泉も日頃の疲れが取れて、雰囲気も良く、両親ともども気に入っている様子でした。今後、また泊まりたいなぁと思える旅館だったのでまた利用したいと思います。,https://www.jalan.net/yad324134/kuchikomi/archive/,positive,body_positive,high,body_sentiment_inference_needed
84,Jalan,jalan_archive,14035718,2024/10/27,,,,,5,ja,True,facility_wide,温泉,,気配りが行き届いており、子連れでの旅行でも安心して過ごせました,今回は夫婦と4歳、1歳児の4人で宿泊させていただきました。子連れとなると他の宿泊者のことが気になり、気疲れすることが多いのですが、ここのかんな和別宅では気疲れすることなく過ごせました。一番良かったのは夕飯と朝食が全てお部屋で対応してくれるところです。時間も追われることなくゆっくりと食事を頂けたので、家族みんな満足しました。1歳児の子には茶碗蒸しと味噌汁とごはんもサービスで頂けたので嬉しかったです。お部屋も広く、快適に過ごせました。温泉もお部屋に着いているので、小さいな子供がいても安心です。無料Wi-Fiも完備されており、ネットゲームをしても通信が切れることもありませんでした。チェックアウトも11時まで可能でしたので、ゆっくり荷支度ができました。,https://www.jalan.net/yad324134/kuchikomi/archive/,positive,body_positive,high,body_sentiment_inference_needed
85,Jalan,jalan_archive,14034106,2024/10/26,,,,,5,ja,True,family_bath,温泉;風呂;家族風呂;予約,,赤ちゃん連れでもゆっくり癒されました,少し遅めの夏休みで利用しました。2歳、1歳の赤ちゃんがいるので中々旅行が難しいのですが、部屋食＋部屋温泉とのことで予約させてもらいました。 予約の段階から色々と気配りしていただき、着いてからのもてなしも大満足でした。 赤ちゃん2人へもアメニティ、お風呂の備品、食事のサービスなどとても行き届いていて嬉しかったです。 割烹旅館というだけあって夕食も懐石のような形で色々な食材を使った料理がたくさん出てきて、夫婦共々大満足でした。 朝食もおかずが沢山あって炊き立ての白ごはんを美味しく食べることができました。 お風呂も部屋の温泉だけでなく、家族風呂もあり温泉好きな自分たちにはとても良かったです。 従業員の女性の方もまだ若いのに接客がとても丁寧で終始素敵な笑顔で非常に心地よい時間を過ごすことができました！ また利用させていただきたいと思います！,https://www.jalan.net/yad324134/kuchikomi/archive/,positive,body_positive,high,body_sentiment_inference_needed
86,Jalan,jalan_archive,14015654,2024/10/15,,,,,5,ja,True,facility_wide,温泉;泉質;予約,,最高の料理と落ち着いた佇まいに癒されました。,数ある別府温泉の旅館の中から、季節の懐石料理とこじんまりとした佇まいを期待して予約しました。結果的には期待を上回る料理の内容と広い部屋、温泉の泉質、何よりスタッフの皆様のおもてなしが最高でした。 結婚４２周年の九州旅行の最後に最高の思い出ができました。,https://www.jalan.net/yad324134/kuchikomi/archive/,positive,body_positive,high,body_sentiment_inference_needed
87,Jalan,jalan_archive,14002656,2024/10/9,,,,,5,ja,True,room_bath,風呂;露天;内湯;湯,,高齢者に優しい,高齢者を連れての家族旅行でしたが、いろいろとご配慮いただき、安心して楽しく過ごすことができました。 料理もとっても美味しく、料理の説明も素晴らしく、思わずおかわりをさせていただきました。 部屋の内湯と露天風呂もとっても気持ちがよかったです。 ぜひ、また利用したいと思っています。 ありがとうございました。,https://www.jalan.net/yad324134/kuchikomi/archive/,positive,body_positive,high,body_sentiment_inference_needed
88,Jalan,jalan_archive,14000720,2024/10/8,,,,,4,ja,True,room_bath;family_bath,風呂;内湯;湯;お湯;熱;浴;家族風呂,,のんびりできます。,仲居さんの接客に大満足です。 添えられる言葉に温かみや安心感を感じました。 内湯は熱めですが足湯、半身浴、全身と慣らすと大丈夫です。 家族風呂は贅沢な広さで開放感大です。 別府の湯気が立ち上る街並みや別府湾の眺望はありませんがお湯を楽しむ方にはオススメ。,https://www.jalan.net/yad324134/kuchikomi/archive/,positive,body_positive,high,body_sentiment_inference_needed
89,Jalan,jalan_archive,13997965,2024/10/6,,,,,5,ja,True,family_bath,温泉;風呂;家族風呂,,のんびり温泉旅行,お風呂も料理も、大変満足しました。家族風呂は広くてゆっくりできました。部屋の担当者が、丁寧に対応してくださいました。お世話になりました。,https://www.jalan.net/yad324134/kuchikomi/archive/,positive,body_positive,high,body_sentiment_inference_needed
90,Jalan,jalan_archive,13997458,2024/10/6,,,,,4,ja,True,room_bath;private_bath,温泉;風呂;露天;内湯;湯;お湯;熱;貸切;予約,,本当にまた行きたい宿に出会えました!,主人と母のお友達と5名で宿泊しました。大きな通り沿いで観光するには便利な立地でしたので、車の音等うるさいのでは!?と思いましたが、旅館の中はとても静かでびっくりしました。部屋も広く清潔感があり、気持ち良く過ごせました。私と主人は、部屋に着くやいなや大露天風呂に直行！予約無く鍵が掛かって無かったら何時でも入れるのは嬉しいですね。二人であの広いお風呂を貸切で利用出来る贅沢感は最高でした。最初お湯が少し熱かったですが、慣れてきたら気持ち良かったです。翌日の朝イチも大露天風呂を利用してたり、部屋の内湯と露天風呂も4、5回は入ったりと温泉を大満喫させていただきました。 食事は朝夕どちらもとても美味しかったです。特に夕食の牛のしゃぶしゃぶは最高に美味しかった！です。少食で何時も食べれない母が残さず食べていたので、それまたびっくりしました。次回訪れる際は、追加してでも食べようと皆で話したぐらいでした。また、私が歯の調子が悪く、食べづらい事を伝えたら、直ぐにナイフを持ってきて下さったりと、とても感心しました。ありがとうございました。朝食の時には、歯のお加減はいかがですか?と心配していただき嬉しかったです。スタッフの方々も丁寧にいつも笑顔で対応していだたいて、気持ち良く過ごせました。主人はチワワのワンちゃんとふれあえた事が今でも嬉しいようで、今でもニコニコしながら思い出しています。帰りの車の中で、また絶対来ようね！と全員一致。とても良いお宿に巡り会えて良い旅になりました。,https://www.jalan.net/yad324134/kuchikomi/archive/,positive,body_positive,high,body_sentiment_inference_needed
91,Jalan,jalan_archive,13995758,2024/10/5,,,,,5,ja,True,family_bath,温泉;風呂;家族風呂,,気遣い最高,父の米寿祝旅行のためアニバーサリープランで宿泊利用しました。人数が追加になったり父の足腰が弱いことを電話で伝えたら丁寧に対応していただき、安心して出発することができました。部屋はベッドのある部屋で、食事も部屋でいただくため、移動もなくゆっくり過ごせました。お風呂には父用にと椅子も準備してくださいました。他の方に迷惑をかけるから、父は温泉にはなかなかいけませんが、今回家族風呂に入ることができとても喜んでいます。お料理もおもてなしも最高でした。旅館の皆さんのさりげない心づかいや準備など、とても感謝しています。お世話になりありがとうございました。かんな和別邸に決めてよかったです。,https://www.jalan.net/yad324134/kuchikomi/archive/,positive,body_positive,high,body_sentiment_inference_needed
92,Jalan,jalan_archive,13974691,2024/9/22,,,,,5,ja,True,room_bath;family_bath,温泉;風呂;家族風呂;予約;狭,,お風呂、食事と高クオリティ！,お部屋に温泉がつきながら、施設内の家族風呂が予約なしで使い放題！ 特に家族風呂はとても綺麗で使い勝手も抜群でした。 お部屋のお風呂も小さめですが内風呂、外風呂の2つつきです。 また、食事もお部屋食でとても高クオリティ！ 非常におすすめです！ 唯一の注意点は駐車場の入口がかなり狭め、大型車での来訪は要注意です。,https://www.jalan.net/yad324134/kuchikomi/archive/,mixed,body_negative_with_context,high,body_sentiment_inference_needed
93,Jalan,jalan_archive,13970915,2024/9/20,,,,,5,ja,True,private_bath,温泉;風呂;貸切,,赤ちゃん連れでも安心,結婚記念日に利用させていただきました。3ヶ月の赤ちゃんがいるので、座敷で部屋食はとてもありがたかったです。温泉は部屋にもありますし、別で貸切風呂もあったので温泉を十分堪能できました。とても気持ちよかったです。また利用させていただきたいと思います。,https://www.jalan.net/yad324134/kuchikomi/archive/,positive,body_positive,high,body_sentiment_inference_needed
94,Jalan,jalan_archive,13967564,2024/9/18,,,,,5,ja,False,,,,ごほうび,ゆめくんに会い、お部屋のおふろにゆっくりつかり 最高のごはん 夢のような滞在でした。 ありがとうございました。 また、自分へのご褒美旅 できるように がんばろーとおもいます。 しあわせでしたー。,https://www.jalan.net/yad324134/kuchikomi/archive/,positive,body_positive,high,body_sentiment_inference_needed
95,Jalan,jalan_archive,13965471,2024/9/17,,,,,5,ja,True,facility_wide,温泉;風呂,,最初から最後までおもてなしの心を感じた宿,新婚旅行で利用させてもらいました！ 宿に着いてから、終始スタッフの方々のおもてなしを感じました！！！ 部屋も清潔感があり、広くお風呂もあって、全て部屋で完結出来るのが凄く良いところだと思いました！！ 夕食は２人の好きなお肉をメインにしたコースで割烹旅館の名の通り、和食もお出汁がきいてて美味しくて、お皿にもこだわりが見えて、目でも楽しませてくれるそんな会席料理でした！！！ 食後は妻へお祝いケーキのサプライズが出来たことも嬉しかった思い出です！！！ スタッフの方の手配に感謝です！！！ 部屋に温泉が付いていることで、旅の疲れも取ることが出来ました！！！ 朝食も品数が多く、久しぶりに健康的なご飯が食べれた気がします！！笑 やっぱり、和食は美味しいです！！！ チェックアウトの際も、最後までお見送りをして下さり、ありがとうございました！！！ ２人とも旅館が好きなので、また来たいと思わせてくれる、そんな宿でした！！！,https://www.jalan.net/yad324134/kuchikomi/archive/,positive,body_positive,high,body_sentiment_inference_needed
96,Jalan,jalan_archive,13963884,2024/9/16,,,,,5,ja,True,facility_wide,風呂;露天,,最高の時間が過ごせる旅館,スタッフの皆さんに素晴らしいおもてなしをして頂きました。 朝夕部屋食を選び、凄く美味しくてお腹いっぱいにして貰いました。 客室は、内露天風呂がある部屋を選び、この残暑の中でも露天風呂が涼しくとても気持ち良く、何度も入らさせて頂きました。 是非、来年も行きたいと思います。 スタッフの皆さんありがとうございました。,https://www.jalan.net/yad324134/kuchikomi/archive/,positive,body_positive,high,body_sentiment_inference_needed
97,Jalan,jalan_archive,13954467,2024/9/11,,,,,5,ja,True,room_bath;family_bath,風呂;湯,,老若男女問わずおすすめです,お料理は朝夕とも大変美味しく、量もたっぷりで大満足でした。 お風呂も部屋風呂はもちろん、家族湯も広々で気分最高です。 スタッフの方も皆さん明るく気持ちよく接してくださったのがほんとに嬉しかったです。 それと、不定期社員のユメくん（看板犬）にも会えて癒されました。 是非またお邪魔したいです。,https://www.jalan.net/yad324134/kuchikomi/archive/,positive,body_positive,high,body_sentiment_inference_needed
98,Jalan,jalan_archive,13947769,2024/9/8,,,,,5,ja,True,private_bath;public_bath,風呂;露天;浴;貸切;予約,,また泊まりたいと思う旅館でした！,部屋食、客室内露天風呂がある旅館を探しており予約させていただきました。 大浴場もありましたが、内鍵がかけられるので貸切で利用できる点もとても良かったです。 また夜は星空を見ながら入れるので本当に最高でした。 料理は少なめのコースを選びましたが少食の私には大変満足でした。 スタッフの方も皆さん丁寧で申し分ない楽しい時間を過ごさせていただきました。 看板犬の夢くんにも会えて癒されました！ 次回は家族と来たいと思います。ありがとうございました！,https://www.jalan.net/yad324134/kuchikomi/archive/,positive,body_positive,high,body_sentiment_inference_needed
99,Jalan,jalan_archive,13940818,2024/9/3,,,,,5,ja,True,facility_wide,温泉;風呂;露天;浴,,食事最高,夕食、朝食ともに部屋食でゆっくりと食しました。内容、味が素晴らしく、食が細い妻も完食しました。 部屋の露天風呂が良くて、いつも1、2回しか温泉に入らない妻が4回も入浴していて大変満足でした。,https://www.jalan.net/yad324134/kuchikomi/archive/,positive,body_positive,high,body_sentiment_inference_needed
100,Jalan,jalan_archive,13938663,2024/9/2,,,,,5,ja,True,facility_wide,温泉,,まったりしたい方オススメ,今回家族で行かせていただきました。 まずロビーからお部屋まですごく雰囲気がよく父が庭師を しているのですがいしがきのつきかたがいいと大絶賛でした。 誰もが旅行で1番楽しみにしているお料理ですが、ボリューム まんてんで大満足でした。母がお肉がたべれなかったのですが アレルギー対応をしていただき満足そうでした。 またスタッフさんも優しく楽しいお食事になりました。 温泉もお部屋にあったあめ家族みんな数回はいってゆっくり させていただきました。,https://www.jalan.net/yad324134/kuchikomi/archive/,positive,body_positive,high,body_sentiment_inference_needed
101,Jalan,jalan_archive,13932666,2024/8/29,,,,,5,ja,False,,,,最高のお宿だと思います。,前回に引き続き利用させていただきました。お部屋担当の方も同じ方で我々のことを覚えていてくださいました。非常に心地良い時間を過ごすことができ、感謝しています。またお正月にもお邪魔しますので、よろしくお願いします。,https://www.jalan.net/yad324134/kuchikomi/archive/,positive,body_positive,high,body_sentiment_inference_needed
102,Jalan,jalan_archive,13922918,2024/8/24,,,,,5,ja,True,facility_wide,温泉,,ステキな宿,看板わんちゃんに会えなくて残念でした。 お部屋の温泉とお料理とてもいいです、お料理は少な目を選択しましたが、それでも量は十分過ぎる位でした。またいつか来たいです。,https://www.jalan.net/yad324134/kuchikomi/archive/,mixed,body_negative_with_context,high,body_sentiment_inference_needed
103,Jalan,jalan_archive,13912254,2024/8/19,,,,,5,ja,False,,,,素晴らしいの旅館です,夕食はめっちゃおいしいし、スタッフ達は優しい。 チェックアウトの後で、ワンちゃん店長私たちと一緒に写真しました。 うれしい。,https://www.jalan.net/yad324134/kuchikomi/archive/,positive,body_positive,high,body_sentiment_inference_needed
104,Jalan,jalan_archive,13885641,2024/8/7,,,,,4,ja,False,,,,いい宿ですが,うるさい犬の鳴き声で、すべてが台無し。それ以外はとても良かったので残念です。世の中、犬が苦手な人もいるのです。,https://www.jalan.net/yad324134/kuchikomi/archive/,mixed,body_positive_and_negative,high,body_sentiment_inference_needed
105,Jalan,jalan_archive,13883484,2024/8/5,,,,,4,ja,True,private_bath,温泉;風呂;露天;貸切;虫;蜘蛛,,雰囲気とご飯、おもてなしに感謝です,普段できないゆったりとした時間を過ごしたいと思い、大分市内から伺いました。 楽しみは、温泉と食事！ 到着してから、貸切の露天風呂を利用しました。虫対策もされていましたが、ハエ取り蜘蛛はちらほら、、、。虫が苦手なわけではないので、特に気になりませんでしたが、虫が苦手な人は気をつけた方が良いかと思います。 食事ですが、手が込んでいて、美味しかったです。とってもお腹いっぱいになり、食べきれないものもありました。量より質だともっといいなと感じました。 お部屋についているお風呂もとても気持ちよかったです。こんなに沢山温泉に浸かれることって早々ないので、本当に良い時間を過ごせました。 看板犬ゆめくんにも会えてよかったです◎ ありがとうございました。,https://www.jalan.net/yad324134/kuchikomi/archive/,mixed,body_positive_and_negative,high,body_sentiment_inference_needed
106,Jalan,jalan_archive,13877559,2024/8/2,,,,,5,ja,True,room_bath;room_open_air_bath,風呂;露天;内湯;湯;予約,,サービス◎ご飯も美味しくて内湯も良かったです。,家族でお世話になりました。スタッフの方達がにこにこと感じ良く柔軟で、騒がしい子供達にもとても良くご対応くださいました。お料理は食べ切れなくて勿体無いくらいでした。露天風呂付きのお部屋が予約取れなかったので次回は露天付きでお邪魔させていただきたいです。,https://www.jalan.net/yad324134/kuchikomi/archive/,mixed,body_positive_and_negative,high,body_sentiment_inference_needed
107,Jalan,jalan_archive,13870953,2024/7/29,,,,,5,ja,True,room_bath;family_bath,風呂;家族風呂;貸切,,家族旅行,１０年ぶりに又、泊まりました。以前と変わらず、最高のおもてなしでした。接待も素晴らしく皆さんがとても親切です。料理も部屋食で味付けも良く、海、山の季節の料理がでて、とても美味しく頂きました。お腹が空いていたので追加料理で唐揚げ、とり天を頼みましたが頼まなくても良いくらいの品数です。追加料理も美味しかったです。特にとり天がオススメです。私達が泊まった部屋は【もみじ】でお部屋のお風呂は最高でした。貸切家族風呂もあるとの事でしたが、お部屋のお風呂で充分満足できました。又、季節が変わって（季節により料理が変わるみたい♪）泊まりたいと思います。,https://www.jalan.net/yad324134/kuchikomi/archive/,positive,body_positive,high,body_sentiment_inference_needed
108,Jalan,jalan_archive,13863790,2024/7/24,,,,,4,ja,True,facility_wide,風呂;露天,,全てのおもてなしに感謝します。,主人の50歳のお誕生日に子供達からのプレゼントで宿泊させて 頂きました。お部屋食で、夫婦ゆったり…美味しいお料理を頂く事も出来ました。何より接客が丁寧で沢山のお心遣いを頂きました。 お風呂は大雨の為、露天風呂にゆっくり浸かれなかったのが残念でしたが、また次回の楽しみにしたいと思います。 全てが最高の旅館でした。スタッフの皆様、本当にありがとうございました。,https://www.jalan.net/yad324134/kuchikomi/archive/,mixed,body_positive_and_negative,high,body_sentiment_inference_needed
109,Jalan,jalan_archive,13851753,2024/7/16,,,,,5,ja,True,family_bath,温泉;湯,,おもてなし、温泉、料理全てが最高でした,旅館に到着し次第、スタッフの方が迎えに来ていただきました。夕食時の料理の提供していただくタイミングも毎回良く、さらに料理も美味しかったです。家族湯も無料で入れて癒されました。また伺います！,https://www.jalan.net/yad324134/kuchikomi/archive/,positive,body_positive,high,body_sentiment_inference_needed
110,Jalan,jalan_archive,13848541,2024/7/15,,,,,4,ja,True,room_bath,風呂,,部屋食、部屋風呂でゆったり。,宿に到着すると、宿の人がすぐ迎えに出てこられました。テーブル席のある一間があり、高齢の母も楽な様子で食事を頂きました。夕食は大変美味でした。朝食は味が薄く感じました。チェックアウトも11時なのでゆっくり出来ました。,https://www.jalan.net/yad324134/kuchikomi/archive/,positive,body_positive,high,body_sentiment_inference_needed
111,Jalan,jalan_archive,13848444,2024/7/15,,,,,5,ja,True,family_bath,風呂;露天;源泉;家族風呂;貸切,,源泉風呂付き客室が非常に良い,1泊2日で利用させていただきました。夕食・朝食とも量と質文句なしで最高でした。接客も丁寧で気軽に接してくださいました。 一番良かったのはやはり客室に源泉風呂がついているところです。時間や人を気にせずゆっくり何度も入ることができました。貸切の露天家族風呂も別にあるとのことでしたが、次回に利用しようかなと思います。 生憎の雨でしたが、問題なく休めました。,https://www.jalan.net/yad324134/kuchikomi/archive/,positive,body_positive,high,body_sentiment_inference_needed
112,Jalan,jalan_archive,13829333,2024/7/6,,,,,5,ja,True,facility_wide,風呂,,最高に幸せな旅行でした。,風呂もお食事も完璧です。 特にあじとエビは食べないと！ 本当に美味し~いです。 誕生日の歌まで歌ってくれまして 忘れない幸せな思い出をつくってくれまして本当にありがとうございました! 親切で色々気にしてくれまして感動。 別府に行ったらまた泊まりに行きたいです！ 本当に幸せでした。,https://www.jalan.net/yad324134/kuchikomi/archive/,positive,body_positive,high,body_sentiment_inference_needed
113,Jalan,jalan_archive,13828813,2024/7/5,,,,,4,ja,True,room_bath;private_bath,風呂;露天;貸切,,貸切風呂で気分爽快,この度は高齢の母との旅行で利用させてもらいました。 歩くのに少し難があることを事前にお伝えしておいて、入り口から近いお部屋と、お部屋のお風呂には補助椅子をご用意頂き安心して利用出来ました。行き届いたサービスと入る時に露天風呂を独占出来る個室風呂翔素晴らしいです。 駐車場から入り口までの通路に手すりなどの支えがあればより安心出来ると思いました。夕食は地のものいっぱいで美味しかったですが少し量が多めに感じました。,https://www.jalan.net/yad324134/kuchikomi/archive/,positive,body_positive,high,body_sentiment_inference_needed
114,Jalan,jalan_archive,13813889,2024/6/27,,,,,5,ja,True,room_open_air_bath,風呂;露天,,お風呂、料理と大変満足でした。,夫婦旅行だったのですが、露天風呂付き客室は人の目を気にすることなくいつでも入れるのが最大の魅力。最高でした。また、お食事の方も食べきれないくらいの量で満腹感は得られ、とても美味しかったです。中でも食前酒のかぼす蜂蜜酒は、料理長のお手製だとかでとても美味しくおすすめです。 また行きたいなと思いました。,https://www.jalan.net/yad324134/kuchikomi/archive/,positive,body_positive,high,body_sentiment_inference_needed
115,Jalan,jalan_archive,13803338,2024/6/22,,,,,2,ja,False,,,,おもてなしが素晴らしい,割烹旅館の名の通り夕食・朝食共に美味しく頂きました。お部屋係の方の感じがとても良く、話しの苦手な私達を気持ち良く接客頂いた。また観光の見所の紹介もあり行くことができ満足です。竹細工伝統産業会館に感動（妻はそうでも？）香りの博物館良かったです。妻の方が興味深く、お土産も買いました。,https://www.jalan.net/yad324134/kuchikomi/archive/,positive,body_positive,high,body_sentiment_inference_needed
116,Jalan,jalan_archive,13795499,2024/6/18,,,,,5,ja,True,room_bath,温泉;風呂;露天;内湯;湯;掛け流,,まるごとおもてなしのお宿,今年の春に就職した次女が、趣きのある素敵なお宿をみつけて招待してくれました。部屋には掛け流しの露天と内湯がありいい時にゆったり温泉が楽しめます。大きめの貸し切り風呂にも自由に入れて心身共に癒されました。料理は味はもちろんのこと、ひと品ごとに手の込んだ目にも美味しい品が並び、料理長の心遣いの蛸のあらいが涼しげで嬉しくいただきました。 おもてなしをまるごと感じる宿で過ごせて、本当によい思い出がつくれました。,https://www.jalan.net/yad324134/kuchikomi/archive/,positive,body_positive,high,body_sentiment_inference_needed
117,Jalan,jalan_archive,13795461,2024/6/18,,,,,3,ja,True,facility_wide,風呂;露天,,ゆっくり過ごす事ができる旅館です！,家族旅行でお世話になりました。 接客も丁寧でお心遣いもすごく良かったです！90になる祖母は、足が悪く露天風呂も近く部屋食でとても喜んでいました。 お風呂は良かったのですが、景色が見えないのが残念でした。 朝食、夕食とも美味しかったです！ 子連れになるとYouTubeとか繋がってなく見れないので、暇に感じると思います。,https://www.jalan.net/yad324134/kuchikomi/archive/,mixed,body_positive_and_negative,high,body_sentiment_inference_needed
118,Jalan,jalan_archive,13793313,2024/6/17,,,,,5,ja,True,facility_wide,風呂,,全部最高でした！,接客、お食事、お風呂、全部最高でした！ 素敵な休日を過ごすことが出来てすごく満足です！ また行きたいと思います。,https://www.jalan.net/yad324134/kuchikomi/archive/,positive,body_positive,high,body_sentiment_inference_needed
119,Jalan,jalan_archive,13792625,2024/6/16,,,,,5,ja,True,room_bath,温泉;風呂;露天,,温泉も料理も接客も最高のお宿です,今回、２度目の宿泊です。初めて泊まった時とても良いお宿だったのでリピートしました。今回はワンちゃんにも会えてよかったです。今回泊まったお部屋も広くて心地よかったです。もう少し外の景色が見えるともっとよかったです・・・前回同様お料理も凄く美味しくてお酒もすすみました。部屋のお風呂はこじんまりとして落ち着きましたし、広い露天風呂も貸し切りで何度も入れて満足しました！スタッフの皆さんとても気さくで心地よい休日を過ごすことが出来ました！次は又、違った趣のお部屋に泊まってみたいと思っています。これからもよろしくお願いしますね！,https://www.jalan.net/yad324134/kuchikomi/archive/,positive,body_positive,high,body_sentiment_inference_needed
120,Jalan,jalan_archive,13785174,2024/6/11,,,,,4,ja,True,facility_wide,風呂;源泉;掛け流,,落ち着いた雰囲気でくつろげます,初めて利用させて頂きました。 別府インターから近くアクセス便利でした。 旅館も非常におしゃれで落ち着いた雰囲気があり、家族旅行には最高の旅館でした。 お風呂も源泉掛け流しでくつろげました。 また利用したいと思います。,https://www.jalan.net/yad324134/kuchikomi/archive/,positive,body_positive,high,body_sentiment_inference_needed
121,Jalan,jalan_archive,13773531,2024/6/5,,,,,4,ja,True,room_bath;private_bath,温泉;風呂;湯;お湯;貸切,,料理が最高,主人の退職祝と、古希祝を兼ねての旅行で、部屋に温泉がついてるプランを探していました。主人の在職中は仕事の都合で連休が取れず、今回の旅行は10年ぶりになります。ネットで随分検索し決めたものの、これまで期待外れの宿が多い中で、かんなわさんは、期待通りのお宿でした。貸切風呂、お部屋のお風呂ともぬめりのあるお湯でとても気に入りました。 一番感動したのは、お料理です。量が少ないかと思っていましたが、朝食も、夕食も十分すぎる量で味もとても美味しかったです。 それと、お部屋係の方も、お若いのに気配りが凄いと感動しました。 老舗旅館ということで所々に古さを感じる箇所もありますが、それも気にならないほど温泉、お料理、接客に大満足でした。 充実した時間を過ごせてとても幸せでした、ありがとうございました。,https://www.jalan.net/yad324134/kuchikomi/archive/,mixed,body_positive_and_negative,high,body_sentiment_inference_needed
122,Jalan,jalan_archive,13772899,2024/6/4,,,,,5,ja,True,facility_wide,温泉,,一流の老舗旅館！,小学校低学年の娘を連れての家族旅行。 チェックイン時に娘の名前を聞いてくれて、とても優しく接して頂きました。 老舗旅館へ連れて行くのはまだ早いと感じましたが、料理に温泉にまさに一流！また行きたいとせがまれております（笑）,https://www.jalan.net/yad324134/kuchikomi/archive/,positive,body_positive,high,body_sentiment_inference_needed
123,Jalan,jalan_archive,13771166,2024/6/3,,,,,5,ja,False,,,,おもてなしがとても最高,接客がとても良く、くつろがせていただきました。 お食事もとても満足で、またのメニューが楽しみです。 純和風作りなのですがスタッフの方々のお人柄でしょうか、アットホームの雰囲気で過ごすことができました。 今度は柴イヌちゃんに会いたいです。,https://www.jalan.net/yad324134/kuchikomi/archive/,positive,body_positive,high,body_sentiment_inference_needed
124,Jalan,jalan_archive,13769516,2024/6/2,,,,,5,ja,True,facility_wide,温泉;風呂,,心からのおもてなしで楽しめました,御宿のスタッフの皆さんの笑顔でのきめ細やかなおもてなし、個室でのおいしい食事、温泉かけ流しの内風呂や貸し切り風呂でのゆったり時間で非日常を楽しませていただきました。福岡空港発着・レンタカー利用の夫婦旅、２泊３日・走行千キロのややハードな行程でしたが、御宿への滞在で元気と癒しをいただきました。ありがとうございました。,https://www.jalan.net/yad324134/kuchikomi/archive/,positive,body_positive,high,body_sentiment_inference_needed
125,Jalan,jalan_archive,13768404,2024/6/2,,,,,5,ja,True,room_bath;family_bath,風呂;露天;肌;家族風呂,,恋人とのゆったり別府旅行におすすめ！,恋人との別府旅行の際に利用しました。地獄めぐりが出来るところからかなり近かったです。今回は旅館でゆったりしようと、部屋に露天風呂がある部屋にして、たくさんお風呂に入ることが出来て大満足です。お部屋に露天風呂があったので家族風呂には行きませんでしたが、部屋のお風呂だけでも大満足できました。 夜ご飯は20代、30代の私たちが満腹になるくらいの量で、全部おいしかったです。 帰りにかわいいわんちゃんも見れて良かったです。 雪肌精シリーズが揃っていたのが嬉しかったです！,https://www.jalan.net/yad324134/kuchikomi/archive/,positive,body_positive,high,body_sentiment_inference_needed
126,Jalan,jalan_archive,13766862,2024/6/1,,,,,5,ja,True,family_bath,風呂;露天;家族風呂;脱衣;狭,,静かな部屋でゆったり,主要道路のすぐ近くですが、静かな部屋でゆったりと過ごせ大変満足しています。 かけ流しの部屋付き風呂もきれいにしてあり気持ちよく入れました。また、広い露天風呂にも入りたいと思ったら、無料家族風呂の空き状況をフロントから連絡があり、脱衣場などの整頓までしていただき、とても親切です。 食事は部屋食で料理も冷めないうちに出ましたので、とてもおいしく頂けました。 難があるとすれば、車での入口が狭く分かりにくいことぐらいかな。,https://www.jalan.net/yad324134/kuchikomi/archive/,mixed,body_positive_and_negative,high,body_sentiment_inference_needed
127,Jalan,jalan_archive,13764531,2024/5/30,,,,,5,ja,True,room_bath;family_bath,風呂;家族風呂,,ご飯が最高でした,誕生日のお祝いでアニバーサリープランを利用させていただきました。 何よりも、お部屋での夜ごはん、朝ごはんが最高でした！ 地元の食材を使用し、普段では食べられないような調理方法で満足すぎるくらいです。アニバーサリープランなので、ケーキとワインもつけていただきました。 彼もリラックスして過ごせたようで、大喜びです。 家族風呂もお部屋のお風呂も大変素晴らしかったです。 そしてお宿の皆様も、ひと言ひと言が丁寧でとても過ごしやすかったです。 またぜひ伺いたいです。,https://www.jalan.net/yad324134/kuchikomi/archive/,positive,body_positive,high,body_sentiment_inference_needed
128,Jalan,jalan_archive,13755532,2024/5/25,,,,,5,ja,True,family_bath,温泉;風呂;露天;湯;家族風呂,,温泉と料理が最高,部屋の温泉は勿論、家族風呂も露天仕様で湯加減も最高でした。 料理はどれも今までに食べたことないくらい美味しく、アレルギーではない苦手な食材も対応していただき、大満足でした。 接客も終始丁寧でした。 唯一部屋壁が薄いのか和室だから仕方ないのか、他の部屋かフロントの物音や話し声が聞こえてくる時もあるのだけ少し気になりました。 その一点を除いては全てにおいて大満足です。,https://www.jalan.net/yad324134/kuchikomi/archive/,positive,body_positive,high,body_sentiment_inference_needed
129,Jalan,jalan_archive,13747628,2024/5/20,,,,,4,ja,True,family_bath,風呂;家族風呂,,初家族旅行,生後3ヶ月の赤ちゃんを連れての、初家族旅行で利用させていただきました。 大人用のアメニティは勿論の事、ベビーベッド、ベビーバス、赤ちゃん用のアメニティまで十分過ぎるほど準備していただき、快適に過ごすことができました。 また、赤ちゃんの時間に合わせてお布団、料理の準備をしていただきました！ 内風呂と外風呂がついていましたが、老舗旅館なだけ味のあるお風呂でした♪ 子供が大きくなったら大きい家族風呂の方も堪能したいです！ 食事も、夕飯、朝食共に贅沢なお料理をお腹いっぱいいただきました。お刺身もお肉もお魚も絶品。 たまーにしか出来ない贅沢な旅行のおもてなし、ありがとうございました^_^,https://www.jalan.net/yad324134/kuchikomi/archive/,positive,body_positive,high,body_sentiment_inference_needed
130,Jalan,jalan_archive,13745953,2024/5/19,,,,,4,ja,True,facility_wide,風呂;露天,,また泊まりたい,夕食、朝食共に本当に満足のいく内容で美味しかったです。 露天風呂も気持ちよく、先客がいれば空いてる時間を連絡していただき助かりました。従業員の方も親切に対応してもらい、子どもたちも楽しむことが出来たみたいです。,https://www.jalan.net/yad324134/kuchikomi/archive/,positive,body_positive,high,body_sentiment_inference_needed
131,Jalan,jalan_archive,13744971,2024/5/19,,,,,4,ja,True,private_bath,風呂;貸切,,朝夕とも食事が美味しい,家族旅行で利用させて頂きました。 お部屋も綺麗で、内風呂も気持ちよく入れました。高齢の母親にシャワーチェアーを準備して頂いてましたので助かりました。 食事も朝夕とも評判通り、大変美味しかったです。お腹いっぱいになりました。 貸切風呂も気持ち良かったです また是非、利用したいお宿です,https://www.jalan.net/yad324134/kuchikomi/archive/,positive,body_positive,high,body_sentiment_inference_needed
132,Jalan,jalan_archive,13744470,2024/5/18,,,,,4,ja,True,family_bath,風呂;露天;湯;お湯;家族風呂,,ゆっくりできる宿！,高齢の父と娘三人で宿泊しました。父への気遣いや好き嫌いの多い姉の食事にすべて別メニューで対応していただき、ありがとうございました。美味しかったです。 食事処が別の部屋でゆっくり食事ができることがよかったです。お風呂のマイナス1は和洋室のお部屋だけ内風呂が露天でなかったので、家族風呂の露天を期待していたのですが、お湯はよかったのですが、景色だけがちょっと残念だったかな。決して、内容が悪かったわけではありません。 帰りの際も道路まで出て、誘導していただき、大変お世話になりました。,https://www.jalan.net/yad324134/kuchikomi/archive/,mixed,body_positive_and_negative,high,body_sentiment_inference_needed
133,Jalan,jalan_archive,13724137,2024/5/8,,,,,4,ja,True,family_bath,風呂;湯,,4世代でみんな大満足の宿！,今回は初の祖母、両親、私たち夫婦、4歳と10ヶ月の娘2人の7人での旅行でした。 祖母や両親はなかなか旅行の機会がなかったのでとにかく自分のペースでのんびりと出来る宿を希望しておりドキドキでしたが、結果はとにかくみんな大満足でした！ まず4世代で行くので部屋食出来て、部屋にお風呂があったら、、、！と探していましたがなかなか見つからず諦めかけていました。 しかしかんな和さんは私たちの条件にぴったり！！ 10畳2間あるので部屋でみんなでのんびり食事も出来て、お風呂も部屋と家族湯を併用してみんなゆっくりと入ることができました！ 従業員の皆さんもとても親切で丁寧、しかし気さくに話してくださるのでこちらも素のままで過ごす事ができた気がします。 何よりもサービスがすごい！「自分たちは着替えだけ持ってくれば良かった」と夫と話したほどなんでも揃っており子供達の物も心配要らず！ 離乳食の温めはもちろん哺乳瓶の洗浄までしてくださったことには本当に感動でした！ お食事はとにかく美味しい！美味しかったので最後まで全部味わいたかったですが、スタンダードプランの量でも女性には苦しいくらい大満足の量でした笑 とにかく書き出すと止まらないくらい素敵なところばかりのかんな和さん。 看板犬のゆめくんにも会えて家族みんな最後まで大満足の1泊でした。 また旅行で大分へ行けたら是非ともまた利用させていただきたいです。,https://www.jalan.net/yad324134/kuchikomi/archive/,positive,body_positive,high,body_sentiment_inference_needed
134,Jalan,jalan_archive,13718841,2024/5/6,,,,,5,ja,True,facility_wide,温泉;臭,,近頃無くなりかけた人と人との接客大変いいと思います,別府の温泉に私が勝手に求めていた接待、仲居さんとのお話や 無機質なホテルの対応じゃない人臭さ、温泉地はこうでなくちゃ的雰囲気本当に心地よく感じました。毎年行けるわけではありませんがこの温泉旅館の良さこれからも残していただければ来年もまたお伺いしたいと思います。楽しい思い出ありがとうございました。,https://www.jalan.net/yad324134/kuchikomi/archive/,mixed,body_positive_and_negative,high,body_sentiment_inference_needed
135,Jalan,jalan_archive,13717607,2024/5/6,,,,,5,ja,True,facility_wide,温泉,,温泉が最高！,家族4人の宿泊でした。 旅館の接客サービス、お料理、温泉とても素晴らしく大変満足しました！ とくに接客に関しては旅館の方々全員の親切丁寧な対応とても感謝しています。,https://www.jalan.net/yad324134/kuchikomi/archive/,positive,body_positive,high,body_sentiment_inference_needed
136,Jalan,jalan_archive,13706532,2024/5/3,,,,,4,ja,False,,,,料理が最高！,家族旅行で宿泊させていただきました。 スタッフさんの接客も良く何よりご飯がとても美味しかったです！ また、利用させていただたいです。,https://www.jalan.net/yad324134/kuchikomi/archive/,positive,body_positive,high,body_sentiment_inference_needed
137,Jalan,jalan_archive,13696202,2024/4/29,,,,,5,ja,True,facility_wide,温泉,,大変素晴らしい宿でした。,彼女との初の大分旅行、すごく楽しい思い出になりました。 部屋も広く、温泉も部屋についていて何度も入らせてもらいました。 料理も一つ一つが美味しく、満足した旅行となりました、また行きたいです、ありがとうございました。,https://www.jalan.net/yad324134/kuchikomi/archive/,positive,body_positive,high,body_sentiment_inference_needed
138,Jalan,jalan_archive,13691765,2024/4/27,,,,,5,ja,False,,,,別府で一番素敵なお宿,別府の旅館たくさん利用しましたが、一番素敵なお宿！ お料理は見た目もお味も素晴らしい！ 接客もとても良かったです。 季節ごとにお料理の内容も変わるとの事なので 次回もまた必ず利用させていただきます。,https://www.jalan.net/yad324134/kuchikomi/archive/,positive,body_positive,high,body_sentiment_inference_needed
139,Jalan,jalan_archive,13684865,2024/4/24,,,,,5,ja,True,private_bath,温泉;風呂;貸切,,家族旅行に！,70代の両親との初めての別府旅行で利用させて頂きました。 部屋についている温泉も最高で両親は貸切風呂と合わせて何度も入っていました。 朝食、夕食ともにとてもおいしく満足でした。 スタッフの方の接客もとても良かったです。 両親はとても気に入った様子で良い思い出となりました。 ６つの客室しかないので他の宿泊者とあうこともなくとてもゆっくりできました。 ありがとうございました！,https://www.jalan.net/yad324134/kuchikomi/archive/,positive,body_positive,high,body_sentiment_inference_needed
140,Jalan,jalan_archive,13670925,2024/4/15,,,,,5,ja,True,facility_wide,温泉;風呂;源泉;水;浴,,温泉も食事も大満足！,毎年、母と叔母に会いに『かんな和 別邸』さんをご利用させて頂いていますが、食事は少なめでも十分な量で、全て美味しいです。 温泉も源泉かけ流しなのに、水で薄めることなく混ぜるだけで丁度良い温度で、ゆっくり浸かることができました。 また、浴衣もタオルやバスタオルも2枚ずつあり、温泉に3回は入っています。 貸し切り風呂も空いた時を教えて下さり、スムーズに入ることができました。ありがとうございます。 来年も行けることを楽しみにしています。,https://www.jalan.net/yad324134/kuchikomi/archive/,positive,body_positive,high,body_sentiment_inference_needed
141,Jalan,jalan_archive,13664763,2024/4/11,,,,,5,ja,True,facility_wide,露天,,赤ちゃん連れにおすすめの旅館,露天付き客室に生後7ヶ月の子供を連れて今回は宿泊しました。接客の面では子供を名前で呼んでくれるなど、とても気持ちの良い接客でした。また、ベビー布団やベビーバスなどの準備などもしていただき、赤ちゃん連れでも安心して宿泊できる旅館で大満足でした。,https://www.jalan.net/yad324134/kuchikomi/archive/,positive,body_positive,high,body_sentiment_inference_needed
142,Jalan,jalan_archive,13653661,2024/4/6,,,,,5,ja,True,room_bath;family_bath,風呂;露天;内湯;湯;家族風呂,,恋人との旅行におすすめ,お部屋もとても広く、お部屋についてる内湯も露天風呂も最高でした。 部屋風呂と家族風呂合わせて4回もお風呂に入っちゃいました。 ご飯もとても美味しく、サービスもよかったです。 また近くに地獄めぐりのスポットなどもたくさんあり満喫できました。,https://www.jalan.net/yad324134/kuchikomi/archive/,positive,body_positive,high,body_sentiment_inference_needed
143,Jalan,jalan_archive,13641512,2024/3/30,,,,,5,ja,True,room_bath;family_bath,温泉;風呂;家族風呂,,お部屋食と温泉がおすすめ！,母の古稀祝いで、母・私・娘の3世代で利用いたしました。 お部屋は広々としていてゆったり寛げました。 部屋風呂も家族風呂もどちらも良かったです。 お食事も大変美味しくボリュームもあり、大満足です。 とても記念になりました。ありがとうございました！,https://www.jalan.net/yad324134/kuchikomi/archive/,positive,body_positive,high,body_sentiment_inference_needed
144,Jalan,jalan_archive,13632647,2024/3/24,,,,,5,ja,True,private_bath,温泉;風呂;浴;貸切,,くつろげました,大通りから少し入っただけですが、静寂な世界が広がっており、ゆったりとくつろぐことができました。 貸切風呂は空いていれば自由に入ることができ、部屋にも温泉がついているので、いつでも入浴でき、何度も温泉を楽しみました。 食事は素材へのこだわりがうかがえ、特にしゃぶしゃぶの和牛のクオリティが高かったのが記憶に残っています。接客も好感が持てました。,https://www.jalan.net/yad324134/kuchikomi/archive/,positive,body_positive,high,body_sentiment_inference_needed
145,Jalan,jalan_archive,13596394,2024/3/3,,,,,4,ja,True,room_bath;family_bath,風呂;露天;家族風呂,,3度目にして、なお感じるおもてなしと気づき,毎年2月頃に子連れでお世話になり、今年で３度目となりました。朝夜構わず、好きなタイミングで入れる部屋露天風呂と合わせて、外にある家族風呂はとても広く、その広さは部屋風呂とまた違った解放感を満喫できるのでどちらも入ることをお勧めします。 今回の気づきとしは私が宿泊した部屋の内風呂と露天風呂のどちらの天井からも、ちょうど頭のところに蒸気でたまった雫が垂れてきてその冷たさにドキッとしてしまい、不快に感じました。冬場の蒸気だからなおさら垂れてきやすいのでしょうが、初めてお世話になった時も同じ部屋で同じ想いをしたことを思い出しましたので、何か対策いただけると幸いです。 料理は相変わらず割烹ゆえの出汁の美味しさに感動しました。今回伊勢海老を別注しましたが、少し茹でてあるのも美味しかったのですが、個人的には生のプリプリのままを期待していました。安くは無い別注でしたので、アレンジとして半々にできたら嬉しいですね。率直な感想とリクエストも多く恐縮ですが、子供も妻も満足度の高い旅館ですので、今後ともお世話になり続けたいゆえの一意見としてよろしくお願いいたします。,https://www.jalan.net/yad324134/kuchikomi/archive/,mixed,body_positive_and_negative,high,body_sentiment_inference_needed
146,Jalan,jalan_archive,13595865,2024/3/3,,,,,5,ja,True,facility_wide,風呂,,子供連れにオススメです,はじめて子供を連れての旅行で宿泊しました。 8ヶ月の子供を連れてでしたが、旅館の方皆さん子供の名前を覚えて話しかけてくれてとても素敵だなって思いました。 子供用のアメニティもあって、離乳食も温めてくれたり、ご飯も美味しく、お風呂も最高でまた利用したいです。 素敵な思い出になりました。ありがとうございました。,https://www.jalan.net/yad324134/kuchikomi/archive/,positive,body_positive,high,body_sentiment_inference_needed
147,Jalan,jalan_archive,13582674,2024/2/25,,,,,5,ja,True,room_open_air_bath,風呂;露天,,接客が素晴らしい,新婚旅行で宿泊しました サービスが素晴らしいのと 各お部屋に内風呂が付いているのが テンションがあがりました。 せっかく泊まるなら露天風呂付きのお部屋がおすすめです。 もう一度行きたい旅館でした,https://www.jalan.net/yad324134/kuchikomi/archive/,positive,body_positive,high,body_sentiment_inference_needed
148,Jalan,jalan_archive,13581323,2024/2/24,,,,,4,ja,False,,,,おもてなしと料理が､最高,朝食､夕食ともに､とても美味しかったです。 部屋食でしたが､接客の気遣い方も良かったです。 又､伺いたいと思いました。,https://www.jalan.net/yad324134/kuchikomi/archive/,positive,body_positive,high,body_sentiment_inference_needed
149,Jalan,jalan_archive,13577273,2024/2/21,,,,,5,ja,True,family_bath,風呂;露天;水;家族風呂,,おもてなしが最高,よかったところ ・部屋数が少なく落ち着いた雰囲気 ・部屋食できる ・食事の品数が多く、一品一品がちゃんと美味しい！(品数控えめプランでしたが十分でした) ・お部屋が広い ・お部屋に露天風呂が付いている ・家族風呂がとても広い(朝風呂が最高でした) ・なんと言ってもおもてなしが素晴らしかった →食事を持ってきてくださる際に、都度氷やお水が必要か聞いてくれる、チェックイン・アウトの際に荷物を運んでくれる、等,https://www.jalan.net/yad324134/kuchikomi/archive/,positive,body_positive,high,body_sentiment_inference_needed
150,Jalan,jalan_archive,13568287,2024/2/16,,,,,3,ja,False,,,,料理が良い,料理が大変美味しかったです。 小さなところですが梅干しがとても美味しかった。 接客もとても良かったです。,https://www.jalan.net/yad324134/kuchikomi/archive/,positive,body_positive,high,body_sentiment_inference_needed
151,Jalan,jalan_archive,13565381,2024/2/14,,,,,5,ja,True,room_bath,温泉;風呂;露天;内湯;湯;お湯;熱;ぬる,,温泉とおもてなし最高！,お湯最高でした。 内湯が少しぬるめで、露天風呂は少し熱めで夫婦ともに堪能しました。 担当の方たちの接客も丁寧で的確で大変満足しました。 歳なので体と相談しながら、体調のええときにまた行きたいと思っています。 ありがとうございました。,https://www.jalan.net/yad324134/kuchikomi/archive/,positive,body_positive,high,body_sentiment_inference_needed
152,Jalan,jalan_archive,13558665,2024/2/12,,,,,5,ja,False,,,,退職のお祝いに,友人の退職のお祝いに女性四人で宿泊しました。「60歳以上の方にお勧め」というプランで、60歳丁度のまだまだ食べ盛りの私達にはどうかなと思っていたのですが、食材、味ともに上品で、品数も多く、大満足でした。 寝室(居室)とは別に食事のお部屋があり、ゆっくり食事をすることができました。「お祝いに」とドリンクをサービスしていただき、友人も喜んでいました。次は家族と宿泊したいと思います。,https://www.jalan.net/yad324134/kuchikomi/archive/,positive,body_positive,high,body_sentiment_inference_needed
153,Jalan,jalan_archive,13558075,2024/2/11,,,,,4,ja,True,room_open_air_bath,温泉;風呂;露天;脱衣,,気になっていた旅館,夫婦で2泊しました。 温泉が大好きなのでお部屋に露天風呂付きで最高でした。 ただ残念だったのが朝早く露天風呂に入ろうとしたらお外の電気がついていなく、真っ暗で入るのが怖かったです。仲居さんに伝えたのですが2日目の朝もついていませんでした。２４時間いつでも入れるようにお外の電気はつけっぱなしでお願いしたいです。それと脱衣所の床がギィーギィーいっているのと、畳の一部分が黒いのが気になりました。直して欲しいです。 お料理は大変美味しく部屋食でゆっくりいただきました。 ありがとうございました。,https://www.jalan.net/yad324134/kuchikomi/archive/,mixed,body_positive_and_negative,high,body_sentiment_inference_needed
154,Jalan,jalan_archive,13553793,2024/2/8,,,,,5,ja,True,family_bath,温泉;風呂;露天;湯;脱衣,,夕ご飯、接客全て素敵な旅館,今回は2歳半の子供を連れての旅行でした。朝夕共に部屋食、お部屋に温泉が付いていたお陰で、子連れ旅行でも本当にゆっくり出来ました。お部屋には子供用のイスやお風呂セットが用意されており心遣いが有難かったです。割烹旅館というだけあって、食事も一つ一つ丁寧で本当に美味しかったです。部屋に露天風呂も付いていたので子連れでもゆっくり入る事ができました。家族湯も利用させてもらいましたが、脱衣所も湯船もとっても綺麗で広くて本当に気持ち良かったです。仲居さんがとっっても優しく丁寧で、息子にも何度も話しかけてくださり本当に心温まる旅になりました。大分に旅行する時はまたぜひ利用させて頂きたい旅館でした。,https://www.jalan.net/yad324134/kuchikomi/archive/,positive,body_positive,high,body_sentiment_inference_needed
155,Jalan,jalan_archive,13538552,2024/1/29,,,,,5,ja,True,family_bath,風呂;湯;古い,,癒されました,先日は大変お世話になりました。 お部屋の造りは古いと感じましたがとても清潔にしており和室のお布団もベッドで寝ているような感覚でした。 朝食時間も快よく変更して頂きお腹いっぱいで出発する事ができありがとうございました。 部屋はお風呂付きでしたので家族湯を利用する事は無かったのですが機会があれば家族湯も利用したいです。 スタッフの皆様も最後まで心遣いを頂き１泊のみでしたが素敵な時間を過ごさせて頂きました。 また利用させて頂きます。 ありがとうございました。,https://www.jalan.net/yad324134/kuchikomi/archive/,positive,body_positive,high,body_sentiment_inference_needed
156,Jalan,jalan_archive,13528457,2024/1/22,,,,,5,ja,True,room_bath,風呂;露天;内湯;湯;熱,,生後6ヶ月の子どもとの初めての旅行,生後6ヶ月の子どもと妻の３人で宿泊しました。 初めて子どもを連れての旅行だったので、不安はたくさんありました。 宿に着くと直ぐにお部屋に案内されました。 部屋には子ども用の布団が既に引かれており、とてもありがたかったです。 その他子ども用の椅子やボディーソープなどなどご用意いただいており有難かったです。 スタッフの方も子どもに話しかけていただけて、妻と子どもみんな満足です。 ご飯もお刺身、お肉どちらも美味しく、お風呂も内湯は熱め、露天風呂は丁度良い温度で何回もお風呂に入りました。 また機会があれば是非泊まりたいです。,https://www.jalan.net/yad324134/kuchikomi/archive/,positive,body_positive,high,body_sentiment_inference_needed
157,Jalan,jalan_archive,13478008,2023/12/25,,,,,5,ja,True,facility_wide,温泉;風呂,,全てに満足できた素敵なお宿。,毎月、２～３回温泉旅行を楽しんでいますが、本当に雰囲気も接客も、もちろんお料理も一品、一品丁寧に作られたお料理が、タイミングよくお部屋に運ばれてきて、ゆっくり味わって頂くことが出来ました。お酒もすすみました！お風呂も貸し切りでゆっくり入れて満足しました！！空いていればいつでも入れて良かったです。温度も丁度よくて最高でした！玄関の夫婦のケヤキ凄く良かったです。頂いたイチゴ大福がとても美味しかったので、お店を教えてもらい、帰りにお土産に色んなお饅頭を買うことが出来ました！又、是非行きたいお宿です。,https://www.jalan.net/yad324134/kuchikomi/archive/,positive,body_positive,high,body_sentiment_inference_needed
158,Jalan,jalan_archive,13469130,2023/12/18,,,,,4,ja,True,room_bath,温泉;風呂;露天;内湯;湯;熱;水;熱すぎ,,ゆっくり過ごせました,入籍して初めての旅行でした。駐車場に着いたらフロントの方がお迎えしてくださいました。 料理もとても美味しくて、旅館のスタッフの方々と色んな話が出来て嬉しかったです。 温泉は内湯は熱すぎて、入れなかったけど、 露天風呂はちょうど良い水温で良かったです。 備え付けのアメニティも良いもので満足でした。 看板犬に会えなかったのは残念でしたが、良いスタッフの方々に恵まれて良い思い出になりました。ここを選んでよかったです。,https://www.jalan.net/yad324134/kuchikomi/archive/,mixed,body_positive_and_negative,high,body_sentiment_inference_needed
159,Jalan,jalan_archive,13462860,2023/12/14,,,,,5,ja,False,,掃除;予約,,ゆっくりできました。,去年、宿泊させて頂きましたが、のんびり過ごせましたので、なか、なか、予約が取れませんでしたが、今年も宿泊できました。お料理は、大変おいしいです。 ただ、今回は、24時間対応という事でしたが、夜中1時過ぎでしたか、氷が欲しくて、幾度も内線しましたが、全く反応なく。 もう１つは、お掃除が今一つでしたねえ。,https://www.jalan.net/yad324134/kuchikomi/archive/,mixed,body_positive_and_negative,high,body_sentiment_inference_needed
160,Jalan,jalan_archive,13452720,2023/12/10,,,,,3,ja,True,family_bath,風呂;露天;湯;浴;家族風呂,,ご飯がとっても美味しかったです。,朝食も夕食も、これでもかという量で美味しいご飯が運ばれてきました。全て残さず食べたのですが、夕飯の後は3時間ほど動けなくなりました(笑) 部屋に付いているお風呂に問題がありました。お風呂場の扉をしっかり閉めないと洗面所に湯が漏れ出ますと言われ、守ったのですが、2人で入浴した際に結構漏れ出てしまいました。後片付けが大変だったので、それだけが残念でした。1人ずつの入浴でも、勢いよく入ると漏れてしまうようでした。設計ミスでしょうか？カップルが2人で入浴なんてよくあることだと思いますので、リフォームした方が良さそうでした。2度目に使った時はすごく慎重に入ったので大丈夫でしたが、神経使いながらお風呂に入るのはちょっと疲れます。自宅の風呂と違い、足が伸ばせる風呂でしたので、さぶーん！と入りたかったですね。 暴風で天候が悪く、家族風呂(露天)の方に行くことを断念したのが心残りです。 ロビーにワンちゃんが居ましたが、寝顔しか見れなくて悲しかったです(涙) 帰りの時は居ませんでした。 お見送りの際に、旅館の方が見えなくなるまで手を振ってくださったので、可愛かったです。,https://www.jalan.net/yad324134/kuchikomi/archive/,mixed,body_negative_with_context,high,body_sentiment_inference_needed
161,Jalan,jalan_archive,13444658,2023/12/5,,,,,5,ja,True,facility_wide,温泉;風呂,,料理一つひとつが丁寧で美味しい,今回、美味しい料理と温泉に浸かってゆっくりしたいと思い、始めて利用させていただきました。部屋は清潔にされており、気配り溢れる接客とゆっくりできる温泉風呂。特に夕食料理は大変美味しかったです。お陰様で本当にゆっくりでき、癒されました。 口コミは普段しませんが、感動すらあったので投稿しました。,https://www.jalan.net/yad324134/kuchikomi/archive/,positive,body_positive,high,body_sentiment_inference_needed
162,Jalan,jalan_archive,13443716,2023/12/4,,,,,5,ja,True,room_bath;family_bath,風呂;家族風呂,,全体的に大満足でした!,家族3人で伺いました（かえで泊）。家族風呂(使いやすさ、広さなど)、部屋風呂、食事（見た目も味も量も）、サービス（家族風呂が空いた時に連絡を頂きました）、全て大満足でした。こちらの都合で少し遅めのチェックイン、少し早めのチェックアウトでしたが、もっとゆっくりしたいほど、素晴らしい時間でした。またいつか伺いたいと思います。,https://www.jalan.net/yad324134/kuchikomi/archive/,positive,body_positive,high,body_sentiment_inference_needed
163,Jalan,jalan_archive,13431212,2023/11/27,,,,,5,ja,False,,,,何度も行きたくなる旅館です。,"今回は2度目の利用でしたが、1度目同様に""素敵なおもてなし""と""美味しいお料理""で両親共に大満足でした。 「かんな和別邸」は初めてリピートしている場所です。 今回は父の健康上、お料理メニューを変更していただきました。 家族全員で同じようなメニューになるよう、私たちのメニューもバランスを考えたものしていただき、心遣いに感謝しています。 幼い子供たちの我儘にも対応していただき、ありがとうございました。 とにかくご飯が美味しいので、食通な両親も大喜びでした！ そして、スタッフの方々の接客。 本当によくできた方ばかりです。 今回の担当はとても若い方でしたが、説明、言葉、会話など、 本当に立派で感心しました。 また皆さんにお会いできるのを楽しみに、来年も行きたいと思います。",https://www.jalan.net/yad324134/kuchikomi/archive/,positive,body_positive,high,body_sentiment_inference_needed
164,Jalan,jalan_archive,13430780,2023/11/27,,,,,4,ja,False,,,,子連れにはオススメ,1歳半の子供を連れての初めての家族旅行でしたが、 常に子供のことを気遣って頂き、不安なくゆっくりと過ごすことができました。 特に夕食、朝食時はサービスで子供用のご飯を提供してくださったり、こちらが持参した離乳食を温めてくださったりと子供に温かいご飯を食べさせることができてよかったです。 また部屋食であったため、周りの目を気にせず、ゆっくりと食べることができたのも高評価でした。 子連れにはオススメの旅館だと思います！ また機会があれば、宿泊したいと思います。,https://www.jalan.net/yad324134/kuchikomi/archive/,positive,body_positive,high,body_sentiment_inference_needed
165,Jalan,jalan_archive,13420358,2023/11/21,,,,,5,ja,True,facility_wide,温泉;湯;お湯,,すべてが最高！！,数日前に急な人数変更にも対応いただき、快適な時間を過ごせました。 さすが割烹旅館、お食事もとても素晴らしかったです。見た目も味も最高でした。気がつけば完食していました。 接客も、丁寧でやさしく、心地よい対応をしていただきました。 鉄輪のお湯も気持ちよかったです。何度、温泉に入ったことか（笑） ご縁がありましたら是非利用したい宿です。,https://www.jalan.net/yad324134/kuchikomi/archive/,positive,body_positive,high,body_sentiment_inference_needed
166,Jalan,jalan_archive,13398039,2023/11/10,,,,,4,ja,True,facility_wide,風呂,,子供への気遣いが満足,子供が産まれて初めての家族旅行で利用させていただきました。子供は一歳4ヶ月です。旅館についてすぐのウェルカムドリンクと茶菓子に感動しました。夕食と朝食にも無料で子供の料理(ご飯、味噌汁、茶碗蒸し、揚げ出し豆腐)を準備していただきました。まだ大人と同じ硬さのものを食べれない子供に、旅館で作っていただいた温かいご飯を食べさせられてよかったです。また、子供のお風呂道具やアメニティも用意してあり良かったです。 子供が産まれて初めての旅行で不安もありましたが、満足して泊まることができました。,https://www.jalan.net/yad324134/kuchikomi/archive/,positive,body_positive,high,body_sentiment_inference_needed
167,Jalan,jalan_archive,13378526,2023/10/31,,,,,4,ja,True,facility_wide,風呂;熱;水,,料理が最高に美味しかったです。,今回、両親の金婚式の記念に伺いました。 スタッフの皆さんの対応、料理には大変満足でした。ただ、さざんかだけなのでしょうか、トイレのタンクに水が溜まる時の音が気になったのと、部屋付きのお風呂の温度が少々熱くシャワーで温度調整しないといけなかったので、総合評価を4点にさせてもらいました。 他の部屋はそうじゃないのかもしれませんが・・・ 少し残念な点は有りましたが、両親がとても喜んでくれて、いい思い出になりました。 ありがとうございました！,https://www.jalan.net/yad324134/kuchikomi/archive/,mixed,body_positive_and_negative,high,body_sentiment_inference_needed
168,Jalan,jalan_archive,13359980,2023/10/21,,,,,4,ja,True,public_bath,風呂;湯;お湯;肌;浴;虫;蚊,,料理が最高、スタッフの皆さんが温かい,10月下旬1泊2日で宿泊しました。フロントには綺麗で豪華な生花がしてあり、泊まった部屋にも生花があり嬉しかったです。「さざんか」という部屋に泊まりました。部屋は思っていたより簡素な印象ですが、とても清潔でした。浴衣も素敵で、タオルも沢山用意されていました。部屋には内風呂と外風呂が付いています。洗面所の灯りがもう少し明るいと良かったのと、この時期非常に大きな蚊が結構沢山いてびっくりしました。コンセント式のノーマットタイプが置いてありましたが、部屋にワンプッシュしておくタイプも置いてあるとより有難いかなと思いました。この時期は自分で殺虫剤持っていくとより快適に過ごせるかと思います。 大浴場はひとつの大きなお風呂でした。蚊がいるのに少し戸惑いましたが、入っている時は来なかったので、空を見ながら解放的に涼しく入れて本当に気持ちよかったです。お湯が本当に素晴らしいので、肌がツルツル、お風呂上がり信じられない美肌感でした。また、いつもの肩こりや神経痛が嘘みたいになくなっていて、家族も同じことを言っていました。持って帰りたいミラクルなお湯でした。 夕食は部屋食で18時からでした。これが本当に一つ一つ丁寧に作られていて、本気の職人魂を感じました。親会社がお肉屋さんらしく、出てきた豊後牛のしゃぶしゃぶが口の中で溶けるようか感触で家族に大好評でした。またお刺身が非常に素晴らしく、あまりの美味しいに感動し、帰ってからもみんなお刺身の話題で盛り上がりました。料理長が非常に出汁にこだわっておられるそうで、出てくる料理ひとつひとつに本気を感じました。季節の食材を堪能しました。やはり旅には料理がいちばん大事で、今回両親に喜んでもらえたことが何より嬉しかったです。朝食も今までで1番良かったです。 フロントには時間によりますが、看板犬の豆柴犬「ゆめ」くんがいます。スタッフさんが後でお部屋に電話をくれて出勤したことを知らせて下さいました。人見知りもありかなり大人しくて元気がないですが、そこが可愛いいこともあり、沢山撫でて話しかけてきました。正反対の元気一杯の小型犬の見習いの「はる」くんもおり、その子はかなりの構ってちゃんでした。2匹とも可愛くて癒されました。何よりスタッフさんがどの方も話しかけて下さる優しい方ばかりで、あたたかい気持ちになり、ありがとうございました。,https://www.jalan.net/yad324134/kuchikomi/archive/,mixed,body_positive_and_negative,high,body_sentiment_inference_needed
169,Jalan,jalan_archive,13357941,2023/10/20,,,,,4,ja,False,,,,贅沢にピッタリ,夜のご飯はほんとに美味しかった 部屋に持ってきてくれるから 贅沢に楽しめました また行きたいです,https://www.jalan.net/yad324134/kuchikomi/archive/,positive,body_positive,high,body_sentiment_inference_needed
170,Jalan,jalan_archive,13354209,2023/10/18,,,,,5,ja,True,family_bath,温泉;風呂;露天;肌;ぬる;家族風呂;予約,,女子還暦旅,立地も地獄めぐりまて歩いて5分。「地獄蒸し工房」も歩いて行けます。「ひょうたん温泉」も歩いて行けそう。(私たちは予定の都合で行きませんでしたが)チェックアウト後でも荷物を預かってもらえます。 「けやき」のお部屋は内風呂と露天風呂が続きで二つあり、アメニティは「雪肌精」です。露天風呂のお庭も自然な木のプチ庭園で目からも癒やされます。ちょっとお風呂の温度がぬるかったかな。旅館内には広めの家族風呂もあります。ここは予約制ではないので空いていたら。お風呂の外に草履があったら入れません。 食事は朝・夕部屋まで運んでくれます。(プランだから？)量も丁度いいし、見た目も華やかです。勿論美味しい！お刺し身はとっても美味しい。そして器も美しい。welcomeお菓子は「シャインマスカット大福」でした。お部屋から一歩もでなくても過ごせます。 総合したら◎です。誰にお勧めてもよいお宿でした。,https://www.jalan.net/yad324134/kuchikomi/archive/,mixed,body_negative_with_context,high,body_sentiment_inference_needed
171,Jalan,jalan_archive,13352268,2023/10/17,,,,,4,ja,True,facility_wide,温泉;予約,,子連れ旅行で利用,2歳半の子どもを連れての利用です。お部屋に温泉付き、朝夜お部屋食なので、周りを気にせず過ごせるかなと思い予約しました。朝ごはん、夜ご飯ともにちょうどよくお腹いっぱいになる量で良かったです。他の旅館だと逆に多すぎて残してしまうこともあるので。子どものご飯は無しにしていましたが、ご飯、味噌汁、茶碗蒸しをサービスで提供してくださり、ありがたかったです。お部屋は離れになっていたので、周りを気にすることなく滞在することができました。お部屋の温泉も気持ちよかったです。1つ言うとすれば、トイレの配管？の匂いが縁側に漂ってきていたので、そこが残念でした。機会があればまた利用したいです。,https://www.jalan.net/yad324134/kuchikomi/archive/,mixed,body_positive_and_negative,high,body_sentiment_inference_needed
172,Jalan,jalan_archive,13337474,2023/10/9,,,,,5,ja,True,family_bath,風呂;露天;家族風呂,,最高でした,一歳一ヶ月の子連れ旅行でしたが、従業員の皆さんが温かく迎えて下さいました。 とにかく料理が美味しかったです！子どもにはサービスでご飯、お味噌汁、茶碗蒸しを頂くなど、サービスも素晴らしく、ありがたかったです。 家族風呂の露天風呂は広くて最高でした！ また別府旅行の時は泊まりたいです！！,https://www.jalan.net/yad324134/kuchikomi/archive/,positive,body_positive,high,body_sentiment_inference_needed
173,Jalan,jalan_archive,13330426,2023/10/7,,,,,5,ja,True,private_bath,温泉;風呂;湯;肌;泉質;貸切,,《最高》以外の言葉が見つからない！！！,初別府旅行に二泊三日さざんかのお部屋でお世話になりました。 明るく丁寧な挨拶から細部までの気配り心配り、もはや《感動もの》。かなりの数、旅行に行っておりますがここまで気持ちのいい対応をして下さる所は他に無かった！！私自身が人の細かい言葉のニュアンスや対応が気になるタイプなので大体不快な事が多かったのですが、こちらは本当に皆様完璧でした！！！ 朝食も夕食もひとつひとつのお料理が最高に美味しい！！！ひとつひとつですよ？！全体的に美味しかったです♪とかじゃなくて《ひとつひとつ》が本っっ当に美味しかった！！ 2人でぐるぐる室内をお散歩出来るほど広いお部屋や内風呂外風呂とも全てが綺麗に管理されており、空いていたらいつでも入れる貸切風呂。泉質が良いのか次の日のお肌が信じられないくらいすべすべ！ もうここはパラダイスですか？ 車無し旅の私達ですが、徒歩で蒸し湯やいでゆ坂観光、海地獄エリアの地獄めぐりも出来て心身ともにボロボロでしたがあまりの楽しさにすっかり全快。 最後の帰りの際、タクシーさんをお願いしたのですが見えなくなるまでお見送りして頂けたのも嬉しかったです。 温泉が大好きでずっと憧れていた別府旅行。下調べもたくさんしたけどやはり不安でいっぱいでしたがかんな和別邸の皆様のおかげで《人生で1番素敵な旅》になりました。 大変お世話になりありがとうございました。 次は友人や両親とも来たいと考えております！ 看板犬のシャイなゆめくん。可愛すぎました。笑,https://www.jalan.net/yad324134/kuchikomi/archive/,mixed,body_positive_and_negative,high,body_sentiment_inference_needed
174,Jalan,jalan_archive,13322137,2023/10/2,,,,,5,ja,True,facility_wide,温泉;風呂;浴,,子連れ旅行にもおすすめ,今まで子連れで色んな所に泊まりに行きましたが こちらの旅館の子供に対しての配慮がとても良かったです(^^) 子供用のお風呂グッズ、食べ物、浴衣、椅子、アメニティ 全て勢ぞろいしてました！ 朝、昼ご飯、温泉、客室、全て大大大満足でした。 必ずまた期待と思える旅館です,https://www.jalan.net/yad324134/kuchikomi/archive/,positive,body_positive,high,body_sentiment_inference_needed
175,Jalan,jalan_archive,13319935,2023/10/1,,,,,4,ja,True,room_bath;family_bath,温泉;風呂;露天;内湯;湯;蚊,,朝食が最高！,朝・夕部屋食でき、内湯温泉あり条件で家族でゆっくりしたいという事で利用させていただきました。仲居さんのおもてなしが印象に残りました。食事の夕食は、刺身始め冷凍したものを調理しているものが多く残念でした。打って変わり朝食は、手作り感満載で質・量とも今まで食べた中でも最高でした。特に青さの味噌汁御代わり自由と出汁が最高でした。最後に家族湯に行くまで、露天風呂内に藪蚊が多くて駆除を適切に行って欲しかったです。,https://www.jalan.net/yad324134/kuchikomi/archive/,mixed,body_positive_and_negative,high,body_sentiment_inference_needed
176,Jalan,jalan_archive,13309716,2023/9/25,,,,,5,ja,False,,予約,,接客すごくいい,恋人と利用しました、ご飯少なめのプランで予約してましたがなかなかおなかいっぱいになりました。すごく美味しかったです 看板犬が可愛かったです,https://www.jalan.net/yad324134/kuchikomi/archive/,neutral,neutral_or_lodging_context,medium,body_sentiment_inference_needed
177,Jalan,jalan_archive,13305649,2023/9/24,,,,,3,ja,False,,,,静かな所。,新婚旅行で利用させて頂きました。 とても静かな場所でゆっくりと過ごす事が出来ました。 食事は量が丁度良い量でした。,https://www.jalan.net/yad324134/kuchikomi/archive/,positive,body_positive,high,body_sentiment_inference_needed
178,Jalan,jalan_archive,13267145,2023/9/2,,,,,5,ja,True,room_bath;family_bath,風呂;湯;家族風呂,,お風呂と食事、接客が素晴らしかったです。再訪したいです。,夫婦2人で伺いました。 早い時間にチェックインできたため、まず家族風呂に入りました。とても広い家族風呂は無料で空いていればいつでも利用でき、いつまでも入っていれそうな湯加減でのびのび寛ぐことができました。 そして夕食、朝食ともにとても美味しく、特に夕食の潮汁と極上おおいた和牛しゃぶしゃぶには思わず感嘆の声が出てしまいました。 またご担当いただいた仲居さんの接客も快いもので、おすすめのお店を教えていただき助かりました。 お部屋は清潔感に包まれていてお部屋のお風呂も満喫、また再訪したいと思っています。 早い時間にチェックインして家族風呂を満喫されることをお薦めします。,https://www.jalan.net/yad324134/kuchikomi/archive/,positive,body_positive,high,body_sentiment_inference_needed
179,Jalan,jalan_archive,13262686,2023/8/30,,,,,5,ja,True,facility_wide,風呂,,くつろぎ,周りが静かで、部屋も落ち着いた雰囲気でお風呂や食事も堪能させてもらいました。接客してくださった方も丁寧に案内からしていただいて心から満足出来ました。,https://www.jalan.net/yad324134/kuchikomi/archive/,positive,body_positive,high,body_sentiment_inference_needed
180,Jalan,jalan_archive,13261441,2023/8/29,,,,,5,ja,True,family_bath,風呂;家族風呂,,おもてなしが最高、料理がおいしい、家族風呂が良かった,息子の記念日を兼ねて男3人で行った。料理は凄く良く特に夕食の関サバ、アジの姿造りがとても綺麗でおいしかった。 夕食時の仲居さん（20歳の方）が、とても話し方や笑顔、ふるまい等が物凄く出来た方で素晴らしかった。 とても良い旅行が出来ました、有難うございました。,https://www.jalan.net/yad324134/kuchikomi/archive/,positive,body_positive,high,body_sentiment_inference_needed
181,Jalan,jalan_archive,13256835,2023/8/27,,,,,4,ja,True,facility_wide,風呂;虫,,料理が美味しい,２度目の利用をさせていただきました。 料理がとても美味しくお風呂も気持ちよかったです。 外に風呂があるので虫とかは多少気になりますが、全然大丈夫でした。 夜も静かでゆっくり過ごせました。 スタッフの方々も優しい方ばかりでした。 本当にありがとうございました。,https://www.jalan.net/yad324134/kuchikomi/archive/,mixed,body_positive_and_negative,high,body_sentiment_inference_needed
182,Jalan,jalan_archive,13255318,2023/8/26,,,,,5,ja,True,private_bath,風呂;露天;貸切;予約,,初1人旅館,今回、いつもビジネスホテルなのですが、部屋食ができるのと風情が良さそうと思い予約させて頂きました！貸切露天風呂に着いてすぐ入り、部屋で豪華な食事と美味しいお酒！ついでに大分名物のとり天も注文しました！これもまた美味！朝の食事もご飯お代わりするような美味しい料理！大変満足でした！部屋についてるお風呂、3回も入ってしまいました！広い部屋だったのでとてもゆっくりで満足して帰りました。,https://www.jalan.net/yad324134/kuchikomi/archive/,positive,body_positive,high,body_sentiment_inference_needed
183,Jalan,jalan_archive,13247410,2023/8/22,,,,,3,ja,True,facility_wide,水;古い,,普通,古い旅館を部分的にリニューアルしてある感じです。牛蒸し焼きは美味しかったです。ご飯が、美味しさに欠けますし、少し固めです。朝夕同じかたさでしたが（特に朝は胃腸が目覚めてないので）もう少し柔らかく炊いた方がいいのかと思います。宿の中に自販はありませんので、（有料でもいいので）冷蔵庫に少々の飲料水があると助かります。,https://www.jalan.net/yad324134/kuchikomi/archive/,neutral,neutral_or_lodging_context,medium,body_sentiment_inference_needed
184,Jalan,jalan_archive,13245689,2023/8/21,,,,,4,ja,True,room_bath,風呂,,小さな子連れでも安心,娘家族と家族旅行でお世話になりました。一歳半の子供も一緒でしたが、ベットを繋げて川の字で眠れるように配慮いただいたり、部屋風呂には子供用の腰掛けなどさまざまな小物も用意してあり、とても嬉しいサービスでした。お食事も部屋食なので子供のペースに合わせていただけて、人目を気にせずゆったりとすごせました。大満足のお宿です。,https://www.jalan.net/yad324134/kuchikomi/archive/,positive,body_positive,high,body_sentiment_inference_needed
185,Jalan,jalan_archive,13240232,2023/8/18,,,,,5,ja,False,,,,最高の旅になりました。,これまで数多くの旅館、ホテルに宿泊してきましたが、自分の部屋を担当してくださった方の接客、対応が一番です。何も言うことはありません。ただ、ありがとうございます！のみです。そしてまた宿泊したいです。あいにく年末はいっぱいとのことでしたが、オンシーズンを避けて必ずまた利用させていただきます。またお会いできることを、担当していただけることを楽しみにしています。,https://www.jalan.net/yad324134/kuchikomi/archive/,positive,body_positive,high,body_sentiment_inference_needed
186,Jalan,jalan_archive,13227124,2023/8/14,,,,,5,ja,True,room_bath;family_bath;public_bath,温泉;風呂;浴;家族風呂,,大分に家族旅行,家族で別府に旅行し、宿泊しました。 宿と道路を挟んで白池地獄があり、地獄めぐりをはじめ観光をするのに便利な立地です。食事が部屋出しなので子供が小さくても他のお客さんを気にせず安心して利用できます。朝夕全ての食事が美味しく大満足でした。お風呂は部屋風呂と屋外に家族風呂の大浴場があり、鉄輪温泉を満喫できます。女将さんをはじめ、スタッフの方々が親切なのでとても居心地のよい宿でした。,https://www.jalan.net/yad324134/kuchikomi/archive/,positive,body_positive,high,body_sentiment_inference_needed
187,Jalan,jalan_archive,13187707,2023/7/21,,,,,5,ja,True,facility_wide,温泉;湯;お湯;水;浴,,くつろげるお宿,一日六組しか泊まれないお宿。部屋は静かで、さらりとした気持ちの良い温泉に何回も入りつつ、ゆっくりさせていただきました。お湯加減も、水で薄めず温度調節しやすいです！入浴する時間によって湯の温度が簡単に変えられると入りやすい。 食事は朝も夜も部屋食で、結局、出発まで一歩も部屋からでませんでした。朝は新聞まで置いてあり、夫が喜んでいました。 厳選お料理少な目のプランでしたが、前菜からメイン、デザートまで、味はもちろん、量も満足するに丁度よく、翌朝もいい感じの腹具合で目覚めました。仲居さんも気さくで、楽しい時間が過ごせました。 ありがとうございました！,https://www.jalan.net/yad324134/kuchikomi/archive/,positive,body_positive,high,body_sentiment_inference_needed
188,Jalan,jalan_archive,13186910,2023/7/21,,,,,5,ja,True,room_bath;family_bath,温泉;風呂;露天;源泉;掛け流;家族風呂,,一人には、もったいない,割烹旅館で、お一人様宿泊のプランは少ないのですが、じゃらんさん利用で宿泊する事ができました。ありがとうございました。お部屋も広く、お庭の景色も良くて、お部屋のお風呂も源泉掛け流し。家族風呂(露天風呂)も自由に入る事ができました。お食事も、もちろん申し分なし。女将さんや、スタッフの方々の心遣いにも、感動。温泉とお食事を堪能し、ゆっくり過ごす事ができ、感謝感謝です。ありがとうございました。,https://www.jalan.net/yad324134/kuchikomi/archive/,positive,body_positive,high,body_sentiment_inference_needed
189,Jalan,jalan_archive,13178630,2023/7/16,,,,,3,ja,True,facility_wide,温泉;風呂;湯;お湯;汚,,湯布院から別府へ来ました,部屋に関しては少し薄暗く感じました。照度を上げたほうが清潔感が出ると思います。 お風呂は売りなのに温度調整が動きが悪くお湯がなかなか出ませんでした、ここは補修が必要かと思います。 清掃に関しては平均的ですが、前に泊まった湯布院の宿が良すぎてお風呂場の扉のサッシのレール部分の汚れがきになってしまいました。温泉が売りである以上大切にして欲しいと思います。 料理はとても良かったです。,https://www.jalan.net/yad324134/kuchikomi/archive/,mixed,body_positive_and_negative,high,body_sentiment_inference_needed
190,Jalan,jalan_archive,13167647,2023/7/10,,,,,5,ja,True,facility_wide,風呂;露天;水;浴,,お誕生日祝いで利用しました,別府が大好きでしょっちゅう訪れていろんな宿に泊まっていますが、幹線道路から少し入ったところにある宿で、今まで気づかず今回が初めての利用となりました。今回はお誕生日祝いでの利用です。他の方の口コミ通り割烹旅館の名の通り朝夕見た目も味も抜群のお料理でした。夕食時の仲居さんの料理の説明もわかりやすく、こちらのおしゃべりにも快く対応してくださり、とても楽しいお食事となりました。チェックインからアウトまで、女将さんをはじめスタッフの方々の心のこもった接客にも大満足でした。あいにくのお天気で部屋の露天風呂が雨風で水温も低く木々や枯れ葉がたくさん入った中の入浴となりました。 別府の宿の中でまた行きたいと思える宿が一つ増えました。たくさんのお心遣いありがとうございました。,https://www.jalan.net/yad324134/kuchikomi/archive/,positive,body_positive,high,body_sentiment_inference_needed
191,Jalan,jalan_archive,13162638,2023/7/7,,,,,4,ja,True,family_bath,湯,,全て最高,別府の観光地なのに、とても静かで ゆっくりできました！部屋も、もと茶室？みたいで 和テイストが最高です！家族湯も広くて申し分なし！ 接客も最高でした！,https://www.jalan.net/yad324134/kuchikomi/archive/,positive,body_positive,high,body_sentiment_inference_needed
192,Jalan,jalan_archive,13158865,2023/7/4,,,,,4,ja,False,,,,食事が美味しかった！,食事が美味しかったです！アレルギーなど苦手な食材にも対応していただき、スタッフの方も非常に親切でした。,https://www.jalan.net/yad324134/kuchikomi/archive/,neutral,neutral_or_lodging_context,medium,body_sentiment_inference_needed
193,Jalan,jalan_archive,13152834,2023/7/1,,,,,4,ja,True,room_bath,風呂,,素敵なおもてなしの旅館です,子連れで不安でしたが、お部屋担当の方が子どもをとても可愛がってくださったり、子ども用の椅子やｱﾒﾆﾃｨ等準備してくださったりと、子連れでも安心して過ごすことができました。旅館として部屋食も美味しく部屋風呂もお勧めな点ですが、スタッフの方がとても素敵な旅館でした。色々とご配慮頂きとても嬉しかったです。本当にありがとうございました。,https://www.jalan.net/yad324134/kuchikomi/archive/,neutral,neutral_or_lodging_context,medium,body_sentiment_inference_needed
194,Jalan,jalan_archive,13152353,2023/7/1,,,,,5,ja,True,family_bath,風呂;露天;湯;浴;脱衣,,部屋が広い,「かえで」の部屋に宿泊しました。 和洋室で、それとは別に食事用の部屋もついています。テーブルでの食事なので、足が楽でゆっくりと頂くことができました。 お風呂は露天はなく、内風呂のみですが、いつも適温で何度も入りました。 お部屋自体は、かなり古さを感じましたが、清潔感はあり、とても広いです。ただ、気になったのが、部屋の窓の外には格子があり外が見えないようになっていました。どの部屋からも景色を眺められず、残念な気持ちです。 貸し切りの家族湯は、広くて快適。脱衣場も真新しくきれいで、使いやすいです。 浴衣が一人に2枚用意されていて、替えがあるのはうれしかったですが、休む時にパジャマ代わりになる作務衣のようなものがあると、さらに便利かと思います。 食事は見た目も美しく、味も格別で、とてもおいしくいただきました。 夕食時の担当仲居さんは、料理の説明もわかりやすく、別府観光のことを尋ねると、いろいろな場所を提案してくれて、とても親身になってくれました。 チェックアウト後は、大通りに出るまでの車の誘導までしていただき、ずっと手を振ってくれていました。 おいしい食事と、気持ちの良いお風呂、それにホスピタリティーあふれるお宿の皆さん、どうもありがとうございました。,https://www.jalan.net/yad324134/kuchikomi/archive/,mixed,body_positive_and_negative,high,body_sentiment_inference_needed
195,Jalan,jalan_archive,13152288,2023/7/1,,,,,5,ja,False,,,,まったりできて大満足,とても落ち着けるお部屋で家族でゆっくり過ごす事が出来ました。 お料理もとても豪華で部屋食だったので、家族と会話しながらゆっくり過ごす事が出来ました。 最初のお出迎えから、接客もとても丁寧で気持ち良かったです。 また、お伺いさせて頂きたいです。,https://www.jalan.net/yad324134/kuchikomi/archive/,positive,body_positive,high,body_sentiment_inference_needed
196,Jalan,jalan_archive,13133226,2023/6/19,,,,,4,ja,False,,,,接客サービス満点,料理も美味しく大満足でした。従業員さんの対応も素早く、とても感じが良い宿だと思います。豆柴のユメ君がちょっと疲れ気味なのが残念。,https://www.jalan.net/yad324134/kuchikomi/archive/,mixed,body_positive_and_negative,high,body_sentiment_inference_needed
197,Jalan,jalan_archive,13115641,2023/6/8,,,,,4,ja,True,room_bath,温泉;風呂;露天;内湯;湯,,のんびり気分が最高,夫婦で2023年５月に泊まりました。あいにくの雨だったので、旅館でゆっくりしました。お風呂（内湯が温泉、露天ぶろ付き）を３回も入りました。１０部屋未満の部屋しかなく、落ち着いていて、食事、おもてなしが最高でゆっくり気持ちよく過ごせました。,https://www.jalan.net/yad324134/kuchikomi/archive/,positive,body_positive,high,body_sentiment_inference_needed
198,Jalan,jalan_archive,13113980,2023/6/7,,,,,4,ja,False,,,,ゆっくり過ごしたい方におすすめ,雨が降っている中 駐車場までのお迎え感謝しています。 おかげさまで 楽しく 過ごしました。 食事も沢山の量で 又美味しく頂きました。 スタッフの方が とっても良い心遣いをして下さり 運転も軽やかに帰る事ができました。 ありがとうございました。,https://www.jalan.net/yad324134/kuchikomi/archive/,positive,body_positive,high,body_sentiment_inference_needed
199,Jalan,jalan_archive,13113094,2023/6/6,,,,,4,ja,False,,,,料理が美味しい,宿泊の部屋とは別に食事部屋があり用意されるときも気兼ねなくくつろげ用意ができるのを待つだけなのが良かったです。食事がとても美味しく又食べたいと思っています。女将さんとの会話もとても楽しかったです。,https://www.jalan.net/yad324134/kuchikomi/archive/,positive,body_positive,high,body_sentiment_inference_needed
200,Jalan,jalan_archive,13113087,2023/6/6,,,,,4,ja,False,,予約,,スタッフの方は皆親切で接客態度はとても良かった,料理は美味しく、接客も丁寧でとても良かった。ただ、予約した部屋のエアコンの故障のため部屋替えがあり、思っていたイメージとは異なっており、格子のはまった窓からは庭も見えず何となく閉塞感を感じたのが残念です。,https://www.jalan.net/yad324134/kuchikomi/archive/,mixed,body_positive_and_negative,high,body_sentiment_inference_needed
201,Jalan,jalan_archive,13108365,2023/6/3,,,,,5,ja,True,family_bath,風呂;家族風呂;予約,,お料理が特に最高でした。,とても落ち着いた雰囲気のある旅館でした。 家族風呂までの通路や、お部屋からの景色もよく、季節問わずに楽しめると思います。 家族風呂は予約制ではありませんが、フロントの方に空いているタイミングを教えて頂けたので不便は感じませんでしたし、お風呂は清潔でタオルやアメニティも備え付けがありましたので気軽に入れました。 一番のお気に入りはお料理です。大分の旬の食材を使ったこだわりのお料理がどれもとても美味しくて、朝夕共に完食しました。やはりしゃぶしゃぶのお肉が特に美味しかったです。 サービスもきめ細やかで快適に過ごせましたし、看板犬のワンちゃんもとても可愛かったです！大満足の旅でした。,https://www.jalan.net/yad324134/kuchikomi/archive/,mixed,body_positive_and_negative,high,body_sentiment_inference_needed
202,Jalan,jalan_archive,13107558,2023/6/2,,,,,5,ja,True,facility_wide,温泉;風呂;露天,,温泉も料理も素晴らしかったです！,結婚2周年の記念日の旅行だったので奮発してかんな和別邸さんに宿泊しましたが温泉もお風呂もお値段以上でした。貸し切りの露天風呂も部屋から近く空いていたら何度も入れたのでとても満喫できました。ぜひまた宿泊したいと思います。ありがとうございました！,https://www.jalan.net/yad324134/kuchikomi/archive/,positive,body_positive,high,body_sentiment_inference_needed
203,Jalan,jalan_archive,13101182,2023/5/29,,,,,2,ja,True,facility_wide,風呂;露天;熱;水;予約,,結婚記念日&誕生日記念,今年で８回目の記念日旅行でした。去年までは由布院に泊まってましたがたまには違う別府にという事でこちらに予約してみました。 部屋は想像以上に綺麗でした。ただ部屋についてる露天風呂がかなり残念でしかもとても熱くて私は入れませんでした。説明書には水で温度調整できるとありましたが口頭説明が無くわざわざフロントに聞くのも面倒で…。 食事は部屋食でゆっくりで良かったです。担当の方もすごく可愛らしく感じの良い方でした。フロントの方も良かったです。 大変お世話になりありがとうございました。,https://www.jalan.net/yad324134/kuchikomi/archive/,mixed,body_positive_and_negative,high,body_sentiment_inference_needed
204,Jalan,jalan_archive,13099942,2023/5/28,,,,,5,ja,True,facility_wide,風呂;露天,,全てが最高でした,チェックインからチェックアウトまでとても満足出来ました。 従業員の皆さんがどなたもとても優しく、近くのおすすめのお店や、地獄巡りについてお聞きしたところマップを印刷して丁寧に教えていただき、とても助かりました。 食事もどれもすごく美味しくて、特にお刺身が今まで食べたことないぐらい美味しかったです。 部屋の内風呂、露天風呂もどちらも気持ちよかったです！ 帰りは豆柴のゆめくんがお見送りしてくれて、最初から最後までとにかく最高でした。 また行きたくなるお宿でした。,https://www.jalan.net/yad324134/kuchikomi/archive/,positive,body_positive,high,body_sentiment_inference_needed
205,Jalan,jalan_archive,13099418,2023/5/28,,,,,5,ja,True,private_bath,風呂;露天;浴;貸切,,全て最高！,友達と女二人旅で利用しました。 静かな立地、清潔で広々したお部屋と、貸切露天風呂も最高でした。 部屋にタオルが２枚、浴衣も２枚用意されていて、貸切風呂にもタオルが用意されていたので何度も気持ちよくお風呂が楽しめました。 少なめの料理プランでしたが、どれも美味しくお腹いっぱいになりました。 チェックイン時間前に荷物を預けに行ったのですが、丁寧に対応していただきました。 お部屋で食事もお風呂も入れるので、他のお客さんと出会うことなく、気兼ねなく楽しめます。 全て最高でした！,https://www.jalan.net/yad324134/kuchikomi/archive/,positive,body_positive,high,body_sentiment_inference_needed
206,Jalan,jalan_archive,13098069,2023/5/27,,,,,5,ja,True,room_bath;room_open_air_bath;family_bath,温泉;風呂;露天;内湯;湯;肌;虫,,プライベート感満載,母の還暦祝いで利用しました。 一部屋一部屋離れており、本当の家のような雰囲気。客室露天風呂には内湯と露天があり、客室以外にも貸し切りの露天の家族湯もありました。 食事も大変おいしく、ボリューム満点。事前にお祝いで利用と伝えていたので、いろんな面で気遣いをしていただきました。こちらがお願いをしなくても写真撮りましょうか？などと配慮してくださったのもとても嬉しかったです。 布団もマットレスがあったのでふかふかで身体が痛くなることなく、ぐっすり眠れました。 夜に部屋に虫が入ったのですが、文句も言わず快く退治しにきてくださり、助かりました。 いつ露天風呂に入っても適温な温泉で入った後の身体や顔はツルツルスベスベ。スキンケア用品は雪肌精が置いてありました。 連泊は2泊までですが、もっと連泊したいくらい快適な空間でした。 母も大変喜んでおり、こちらの旅館を選んで本当によかったです。また大分旅行する事があればかんな和さんで宿泊したいです。 2泊3日ありがとうございました！,https://www.jalan.net/yad324134/kuchikomi/archive/,mixed,body_positive_and_negative,high,body_sentiment_inference_needed
207,Jalan,jalan_archive,13096705,2023/5/26,,,,,4,ja,True,room_bath;private_bath,風呂;内湯;湯;肌;貸切,,接客がプロ,かえで利用。旅行支援での宿泊。 母の米寿のお祝いで宿泊させてもらいました。 事前に電話応答にも丁寧に答えてもらいました。 杖でも歩けるのですが、車椅子も大丈夫でした。ましてや、貸切風呂まで母を車椅子押して頂き感激しました。 お風呂は良かったのですが、内湯も貸切風呂も手すりがあれば良かったと思います。 アメニティの付属は私は肌が弱いので、自分のを持って行ってましたが、某日本メーカーだったので使えて有りたがったです。 部屋食だったので当旅館を選びましたが、まさか別部屋でテーブル席で食事するとは思いませんでした。人生初です。ホント良かったです。 米寿のちゃんちゃんこセット用意して頂き、母が今日一テンション上がってて、写真おさめました♪ 夜料理も良かったですが、朝の食事はもちろん別部屋でその上、ホント綺麗な豪華朝ごはん御膳で幸せな気分になりました。 ぜひ、次もリピです！！,https://www.jalan.net/yad324134/kuchikomi/archive/,positive,body_positive,high,body_sentiment_inference_needed
208,Jalan,jalan_archive,13093021,2023/5/23,,,,,5,ja,True,family_bath,風呂;露天;家族風呂,,夫婦2人で思う存分寛げました,出産前に夫婦2人でゆったり過ごしたく、今回利用させていただきました。 お部屋には内風呂と露天風呂がついていましたが、どちらも清潔感があり、夜と朝の2回 ゆったりと浸かることができました。 家族風呂も利用させていただきましたが、広さにびっくり。子どもが生まれたら次は家族3人でまた一緒に伺いたいです。 お部屋に用意してくださる夕食・朝食はどちらもとても美味しく、特に朝食がボリューミーで大満足でした。 妊娠中で食べられない食材に関しても細やかな気配りが感じられ、安心して食事を楽しむことができました。 日曜日の宿泊だったこともあるかとは思いますが、他の宿泊者に会うこともほとんどなく、スタッフの方々がバタバタされている様子もなく、落ち着いた空間がとても嬉しかったです。 次は看板犬のゆめくんにも会いたいです！,https://www.jalan.net/yad324134/kuchikomi/archive/,positive,body_positive,high,body_sentiment_inference_needed
209,Jalan,jalan_archive,13089575,2023/5/21,,,,,5,ja,True,family_bath,風呂;家族風呂;予約,,大満足でした！,ずっと行きたいと思っていて、コロナの影響もありタイミングが合わずにいましたが、やっと予約が取れました。美味しい物を思いっきり食べたいという両親と、のびのび過ごしたい娘の希望にピッタリで、いざ出発！雨のため予定より早くチェックインしたいと連絡したら、快く受け入れていただいただけでなく、到着直後からのおもてなしは素晴らしかったです。小学生の娘用のかわいいアメニティもあり、感激しました。料理は見るのも楽しく、食べるのも美味しい！部屋に運ばれるタイミングも完璧で、夕食も朝食も今までで最高の満足感でした。かなりお腹いっぱいになりました。家族風呂が予約制ではないので、空いているタイミングがわからず、何度も覗かないといけないのが唯一困ったことでした。朝も家族風呂に入りたかったけど入れませんでしたが、客室のお風呂も楽しめました。他のお客様ともほぼ遭遇せず、周りを気にせず静かにのんびり過ごせました。いただいた手書きの地図に、おもてなしの心を感じました。いつかまた利用したいです。,https://www.jalan.net/yad324134/kuchikomi/archive/,positive,body_positive,high,body_sentiment_inference_needed
210,Jalan,jalan_archive,13081933,2023/5/15,,,,,5,ja,True,family_bath,温泉;風呂;家族風呂;古い,,温泉、料理、おもてなしが良い,少々早く着いたので荷物をあずけようしとした際に、近隣のMAPや傘の気遣いなどこちらかの申し出よりも前に諸々配慮をいただき、とても気分の良いおもてなしでした。 料理はどれもおいしく、量もちょうどよかったです。 お風呂は家族風呂が最高ですね。 建物はそれなりに古い建物かもしれませんが、きちんと手入れをしながら維持されているのは伝わってきました。 構造上たまに外の声が聞こえるのは若干気になりましたがトータルでは満足できました。,https://www.jalan.net/yad324134/kuchikomi/archive/,positive,body_positive,high,body_sentiment_inference_needed
211,Jalan,jalan_archive,13076454,2023/5/12,,,,,4,ja,False,,,,柴犬のユメくん可愛い,食事も、お部屋も、接客も、とても良かったです。 高級宿なのに、子連れでも利用出来るので、今度は、孫を連れて行きたいです。 ユメくん、元気でね。,https://www.jalan.net/yad324134/kuchikomi/archive/,positive,body_positive,high,body_sentiment_inference_needed
212,Jalan,jalan_archive,13074455,2023/5/11,,,,,5,ja,True,room_bath;family_bath,風呂;湯,,また泊まりたくなる宿,足を踏み入れてまず感じたのはお茶の香り。お茶っぱを燻して香りを出されていて、それが昔ながらの雰囲気が残った旅館に合っていてとても嬉しくなりました。 お風呂はお部屋のお風呂もいいのですが、家族湯が広くて豪華でお気に入りでした。 お料理は夜も朝もとても美味しく、また器も綺麗で目でも楽しめました。 私たちのお部屋を担当してくださった方も、所作や接客、話し方までとにかく美しかったです。 その他スタッフの女性も（おそらく女将さんでしょうか）すごく丁寧な心配りをしていただきありがとうございました。（看板犬のゆめくんも！） とても快適に過ごすことができ、最高の別府旅行の思い出となりました。ありがとうございました！,https://www.jalan.net/yad324134/kuchikomi/archive/,positive,body_positive,high,body_sentiment_inference_needed
213,Jalan,jalan_archive,13074352,2023/5/10,,,,,4,ja,True,facility_wide,温泉;湯,,別府温泉で緩い温泉に入ったのは初めて,温泉の温度が低く体が温まらず湯の温度を確認して客を招いて居るのでは最初に対応した男性は声が小さくはっきりしない｡ 仲居さんはお若いのに挨拶客への対応が最高だった。 別府温泉で初めて冷たい温泉を味わった｡,https://www.jalan.net/yad324134/kuchikomi/archive/,mixed,body_positive_and_negative,high,body_sentiment_inference_needed
214,Jalan,jalan_archive,13074247,2023/5/10,,,,,5,ja,True,family_bath,風呂;家族風呂;貸切,,子連れ旅行にも！,子ども2人を連れての4人で宿泊させていただきました。小学生の子のお誕生日、保育園児の子は初めての旅行でした。部屋食でお風呂も付いており、子連れとしてはとても気が楽でした。お喋りな下の子のお話にも優しく付き合ってくださり、ありがとうございました。食事は何を食べてもおいしく、大満足でした。また貸切の家族風呂があり、みんなでお風呂に入れたことも楽しかったです。 雨の中、旅館に向かいましたが玄関で看板犬の夢くんに会えたことも嬉しかったです。 丁寧で、優しい接客をありがとうございました。,https://www.jalan.net/yad324134/kuchikomi/archive/,positive,body_positive,high,body_sentiment_inference_needed
215,Jalan,jalan_archive,13070361,2023/5/8,,,,,5,ja,True,room_bath,風呂;露天;内湯;湯;掃除,,ゆっくり寛げました,お部屋に内湯と露天風呂がついていて、部屋食だったのてわのんびりとくつろげました。ご飯も美味しくて大満足でした。お風呂もお部屋も綺麗に掃除が行き届いていて、とても過ごしやすかったです。また伺いたいです。,https://www.jalan.net/yad324134/kuchikomi/archive/,mixed,body_positive_and_negative,high,body_sentiment_inference_needed
216,Jalan,jalan_archive,13065980,2023/5/7,,,,,5,ja,True,private_bath,温泉;風呂;貸切,,ゆっくり過ごせました,マタニティ旅として主人と利用させていただきました。 妊婦だったのですが料理や飲み物などに気を使っていただきとても快適に過ごさせていただきました。 また、館内は緑が多くすごく癒され、温泉も室内と貸切風呂共にゆっくりと過ごせました。 本当にいい思い出になり大満足です！ ありがとうございました！,https://www.jalan.net/yad324134/kuchikomi/archive/,positive,body_positive,high,body_sentiment_inference_needed
217,Jalan,jalan_archive,13056101,2023/5/4,,,,,5,ja,True,room_bath,風呂,,妊婦、高齢者への対応も素晴らしい,今回は、90歳を超えた祖母と叔母、妊婦の3人で利用させていただきました。 車を止めてからのお出迎えに加え、お部屋でのチェックインの手続き、スタッフの方の対応も良かったです。 お部屋の内装は、備え付けのお風呂も食事用の個室もすごく清潔感があり少し豪華なお部屋で満足しました！ 食事の際は妊婦用に、メニューを変えていただいたり等の対応をしていただき嬉しかったです。 ただ、お部屋のお風呂に手すりがついていなかったので、ついていると高齢の方は利用しやすいのかなと思います。 総合的にとてもよく、90歳を超えた祖母もとても喜んでいました。 また、利用させていただきます！,https://www.jalan.net/yad324134/kuchikomi/archive/,positive,body_positive,high,body_sentiment_inference_needed
218,Jalan,jalan_archive,13055708,2023/5/3,,,,,4,ja,True,room_bath,温泉;風呂,,子連れで、部屋食、有難いです！,5歳、3歳、1歳で騒がしい中快く対応していただき本当に有り難かったです！ 部屋食なので、子供達が騒いでもそこまで気にならず、久しぶりにゆっくり食事できました。部屋のお風呂だけ扉をきちんと閉めてても外に溢れてきてそちらだけ4の評価にさせてもらったのですが、温泉自体は最高でした！ お世話になりました^ ^,https://www.jalan.net/yad324134/kuchikomi/archive/,mixed,body_positive_and_negative,high,body_sentiment_inference_needed
219,Jalan,jalan_archive,13044483,2023/4/26,,,,,5,ja,True,facility_wide,温泉,,毎回癒されます。,昨年9月に台風で来れなかったから、早く行きたいと思っていました。気持ちいい温泉と美味しいお食事と素敵なおもてなしに、毎回癒されます。 また、母と叔母が元気なうちに、また癒されに来ます。,https://www.jalan.net/yad324134/kuchikomi/archive/,positive,body_positive,high,body_sentiment_inference_needed
220,Jalan,jalan_archive,13040016,2023/4/23,,,,,5,ja,True,facility_wide,温泉;湯,,満足の鉄輪温泉,去年に続き、4度目の利用です。 今回、初めてかえで以外のお部屋を利用させていただきました。 長いこと、和室のみのお部屋に宿泊することがなかったので、とても新鮮な気持ちになりました。 以前から、お食事に少し洋も加わればいいなぁと思っていたのですけど、 板長さんが洋も取り入れるようになったようで、すっごく良いと思いました。 今回は、連泊ではなかったので、むし湯も1度しか利用できなかったし、少し慌ただしかったので、次回はもう少しゆっくり滞在したいと思います。 今回は、嬉しすぎるご厚意を頂きました。 ありがとうございました。,https://www.jalan.net/yad324134/kuchikomi/archive/,positive,body_positive,high,body_sentiment_inference_needed
221,Jalan,jalan_archive,13039541,2023/4/23,,,,,5,ja,True,facility_wide,温泉;水,,すべての面で満足,別府の幹線道路から少し入っただけで、こんなに静かで風情のある宿があるとは、今回訪れるまで知りませんでした。水打ちをした入口から木々の緑、丁寧な案内、畳敷きの広いお部屋、温泉、申し分ありませんでした。 また、一つひとつ美しい器に盛られた美味しいお料理も堪能できました。接客していただいた担当の方は、笑顔で慎ましく、丁寧な応対でとても感心しました。 ありがとうございました。,https://www.jalan.net/yad324134/kuchikomi/archive/,positive,body_positive,high,body_sentiment_inference_needed
222,Jalan,jalan_archive,13037040,2023/4/20,,,,,5,ja,True,facility_wide,風呂;ぬる;ぬるい,,料理が最高,念願のかんな和別邸さんに宿泊出来てとても良い旅行となりました。接客、お部屋、料理、お風呂すべてにおいて満足致しました。ただひとつ気になった点は部屋のエアコンの効きが悪かったです。最低温度に設定しても生ぬるい風しか出てこなかったです。 また別府に行った際はお世話になります。 ありがとうございました。,https://www.jalan.net/yad324134/kuchikomi/archive/,mixed,body_positive_and_negative,high,body_sentiment_inference_needed
223,Jalan,jalan_archive,13036796,2023/4/20,,,,,4,ja,True,private_bath,温泉;風呂;貸切,,部屋が良かった！！,温泉風呂付き、部屋もお洒落で広く、食事用の為の部屋まで用意されていてほぼ誰とも会わずに大変寛げました。 貸切風呂も空いていたら使って良いスタンスで、お風呂は広く良かっです。 割烹旅館だけあり料理も美味しかったです。 鉄輪温泉街の近くと場所も良飼ってたです。 また利用したいと思います。,https://www.jalan.net/yad324134/kuchikomi/archive/,positive,body_positive,high,body_sentiment_inference_needed
224,Jalan,jalan_archive,13032154,2023/4/17,,,,,4,ja,True,facility_wide,温泉;風呂;露天;段差,,小さな子供連れの旅行におすすめです,2歳の子供との家族旅行で利用しました。 別府の中心部でとても良い立地です。 若干、駐車場は止めづらいです。 障子に触らないかヒヤリとする事はありましたが、和室でゆっくりとくつろぐことができました。 また、露天風呂は怖がる事の多い子供ですが、段差があるのでそこに座り、気持ちいいねぇとつかってくれました。 お料理はとても美味しく、特にお刺身の鮮度と温度が素晴らしいと感じました。量は少なめでしたが、私達夫婦には丁度良い量でした。 食べきれない量だったり、無理に食べて苦しく温泉に入るより、美味しいものをほどほどに、が1番嬉しいです。 施設の雰囲気は素敵でしたが、経年を感じる所もあります。2泊しましたが、1泊目は匂いが気になり熟睡はできませんでした。温泉付きのお部屋なので仕方がないのかなと思います。,https://www.jalan.net/yad324134/kuchikomi/archive/,positive,body_positive,high,body_sentiment_inference_needed
225,Jalan,jalan_archive,13009177,2023/4/3,,,,,5,ja,True,room_bath;family_bath,温泉;風呂;湯;掛け流;お湯;予約,,家族湯が広くておすすめ！,大好きな別府の温泉にたくさん入りたいので、部屋風呂付きの宿泊施設で探しました。部屋風呂も掛け流しで２４時間ちょうどいいお湯に入れる感じでとてもよかったです。 子どもがまだ小さいので、部屋食、部屋風呂はとてもありがたかったです。 部屋のカーペットと、部屋から見える景色が少し残念でしたが、満足です。フェリーの時刻や予約のことなどについて質問した時に、インターネットにあります。調べてください。とのことで、無関心な感じが悲しかったです。旅館であれば、すぐ側のフェリーの時刻表など置いていてもいいのではないかと思いました。 食事はとてもおいしかったです。食事を運んでくださった女性の方がとても親切でした。 ありがとうございました。,https://www.jalan.net/yad324134/kuchikomi/archive/,mixed,body_positive_and_negative,high,body_sentiment_inference_needed
226,Jalan,jalan_archive,13004568,2023/3/31,,,,,5,ja,True,room_bath;private_bath,風呂;内湯;湯;貸切,,部屋食で豊後牛、関あじが味わえる,1歳半の子ども連れで宿泊しました。 「くすのき」というフロントの目の前のお部屋に宿泊したのですが、部屋を出るたびにスタッフの方が声をかけてくださったり、看板犬のゆめくんに癒されたりと、とてもアットホームな雰囲気のお宿でした。 こじんまりとしたお宿ですが、お庭がとても綺麗に手入れされていました。 お部屋から見えるお庭も綺麗で、たまに野良猫が通るのも可愛くて癒されました。 貸切のお風呂はとても広く、ちょうど桜が見える季節で朝・夜と楽しませてもらいました。 ご飯が朝も夜も部屋食なので、小さい子ども連れにはとてもありがたかったです。子ども用にはご飯、お味噌汁、茶碗蒸し、デザート、ジュースをサービスで出していただきました。お部屋のアメニティに子ども用歯ブラシがついていたことも嬉しかったです。 夕食ではとても美味しくて豪華な地元名産の関あじと豊後牛が楽しめたので、昼食にあえてお店を探さなくても十分満足できました。 欲を言えば、朝食が可もなく不可もなくというお味だったので、もう少し美味しいとよかったな・・・と思います。あと内湯の蛇口が年季が入っていたので、もう少し清潔感が感じられると良かったかな・・・と思いました。 総合的には満足できたお宿でした。素敵な時間をありがとうございました。,https://www.jalan.net/yad324134/kuchikomi/archive/,positive,body_positive,high,body_sentiment_inference_needed
227,Jalan,jalan_archive,12988700,2023/3/22,,,,,5,ja,False,,,,さすが割烹旅館,とにかく食事が素晴らしかったです。何一つ無駄なものがなく、上品な味で見た目も美しい。とても美味しかったです。特にしゃぶしゃぶの和牛はとろけて絶品でした。 接客も、全ての方が丁寧で感じが良かったです。お部屋もきれいで言うことなしです。,https://www.jalan.net/yad324134/kuchikomi/archive/,positive,body_positive,high,body_sentiment_inference_needed
228,Jalan,jalan_archive,12986445,2023/3/21,,,,,4,ja,True,facility_wide,温泉;風呂;露天,,また訪れたい場所,母親の還暦祝いで宿泊しました。 妊婦がいたのですが食事は 別メニューの準備をしてくれたり お気遣いありがとうございました。 食材は大分の特産品を使っていて どれもすべておいしくて 家族全員大変満足しております。 お腹いっぱいになって ゆっくり温泉に浸かって とてもリフレッシュできました。 観光地が近いですが旅館は静かで 露天風呂からは星空も見えて ゆっくり過ごすことができます。 他の部屋に子どもさんがいる家族が何組か いたとのことですが一つ一つの部屋が 離れているので気になりませんでした。 お部屋やロビーに生けてある花も きれいで全体の雰囲気が落ち着いてて素敵でした。 お部屋はお茶のお香？が焚いてあって とてもいい香りで清潔感もありました。 この旅でいろいろ行きましたが 1番よかった思い出はまちがいなく旅館で 過ごした時間です。 初めて母親に親孝行ができた気がします。 この旅館をえらんで本当によかったと思います。 帰ってからも母親が「旅館よかったなぁ」と 何度も言っていました。 また是非行きたい旅館になりました。 看板犬のゆめくんもとってもかわいかったです。 ありがとうございました。,https://www.jalan.net/yad324134/kuchikomi/archive/,positive,body_positive,high,body_sentiment_inference_needed
229,Jalan,jalan_archive,12984051,2023/3/19,,,,,5,ja,True,family_bath,温泉;風呂;露天;家族風呂,,子連れにおすすめです！,2歳の息子を連れての家族3人旅行でした！部屋はとても広くて息子は走り回ってはしゃぎまくり…。普段だと周りにうるさくないかひやひやですが、隣のお部屋と離れているので安心して楽しめました。部屋の内風呂、露天風呂もとてもよかったですが、家族風呂が広くて綺麗でなおよかったです。早い者勝ちなので、タイミング次第なところがありますが、ストレスがたまるほどではありませんでした。ご飯も朝夕ともにとてもおいしかったです！こどもにサービスでご飯とお汁を頂けたのが本当に助かりました。温泉に加えて、看板犬のシャイで可愛いゆめくんとのふれあいがこどもにとっていい思い出になったようで、家に帰ったあともゆめくん、ゆめくんといっています(*^^*)お宿の方々皆さんとても親切で、あたたかい気持ちになれる素敵な宿です。また別府に行く機会があればぜひ泊まりたいです！,https://www.jalan.net/yad324134/kuchikomi/archive/,positive,body_positive,high,body_sentiment_inference_needed
230,Jalan,jalan_archive,12979383,2023/3/16,,,,,4,ja,True,family_bath,風呂;家族風呂,,すべてに満足,家族で初めての大分旅行で、かんな和別邸を選んでとても良かったです。丁寧な接客、美味しいご飯、温かいお風呂、すべてパーフェクトで大満足です。家族風呂も広くて気持ちよかったです。 子供用のバスグッズを準備してもらったり離乳食の温めなど、色々と気を使って頂いてありがとうございました。 私達が泊まった日が、たまたま看板犬のワンちゃんがお休みで会えなかったのは残念です。また別府へ旅行する機会があれば、利用したいです！,https://www.jalan.net/yad324134/kuchikomi/archive/,mixed,body_positive_and_negative,high,body_sentiment_inference_needed
231,Jalan,jalan_archive,12975240,2023/3/14,,,,,5,ja,True,facility_wide,風呂,,90歳のお祝い,祖父のお祝いで４世代で宿泊しました。高齢の祖父母に負担がないように部屋食、お風呂付きのお宿を探してこちらにしましたが、一言で言うと大変満足です！お料理は少なめの会席にしましたが食べきれないほどでどれもおいしく、また朝食の豪華さにも驚かされました。お風呂は部屋とは別に貸し切り風呂もあり、そちらも広くきれいで何度も入りたくなるほど。またスタッフさんの心遣いや対応などもよく最後まで気持ちよく滞在することができました。お祝いの日にこのお宿を選んで本当に良かったです。機会があればまた宿泊したいと思います。,https://www.jalan.net/yad324134/kuchikomi/archive/,positive,body_positive,high,body_sentiment_inference_needed
232,Jalan,jalan_archive,12962457,2023/3/6,,,,,4,ja,True,room_bath,風呂,,子連れ旅,子連れで利用しましたが、ゆっくり過ごすことが出来ました。 10ヶ月の子供にはお粥もつくってもらえ、大変嬉しかったです。部屋食、部屋風呂がついており、子連れには最高でした。貸しきり風呂も広くて気持ちよかったです。 ご飯も美味しくてデザートのプリンが美味しすぎました。 また、泊まりにいきたいです。,https://www.jalan.net/yad324134/kuchikomi/archive/,positive,body_positive,high,body_sentiment_inference_needed
233,Jalan,jalan_archive,12952227,2023/2/28,,,,,5,ja,True,room_bath,温泉;内湯;湯;予約,,子連れに優しい,一歳の男の子を連れての旅行になるので 内湯で部屋食の出来るお宿を探していたところ こちらを見つけて予約させていただきました。 食事中は長い時間じっとすることが出来ないので 周りを気にせずゆっくり食事も出来て温泉も 気持ちが良く広い部屋で息子も走り回って楽しそうに していて、こちらに宿泊出来てよかったと思いました。 子どもにもご飯、お味噌汁や茶碗蒸し、デザートまで 出していただきとてもありがたかったです。 夕食のしゃぶしゃぶのお肉は母も主人も美味しい美味しいと 言って大満足でした。,https://www.jalan.net/yad324134/kuchikomi/archive/,positive,body_positive,high,body_sentiment_inference_needed
234,Jalan,jalan_archive,12948112,2023/2/26,,,,,5,ja,True,facility_wide,温泉;風呂;露天,,貸し切り露天風呂が最高です！,一人旅で利用しました。 部屋の内風呂も温泉でしたが、貸し切りで旅行できる露天風呂が最高です！ 夕方、夜、朝、朝食後と4回も入りました。夜は星空も見えて、癒されます。 食事の量も多すぎず、厳選されたものが出てきます。しゃぶしゃぶのお肉がトロけます。揚げ物の海老天も美味しかったです。 また行きたい宿になりました。,https://www.jalan.net/yad324134/kuchikomi/archive/,positive,body_positive,high,body_sentiment_inference_needed
235,Jalan,jalan_archive,12946504,2023/2/25,,,,,5,ja,True,room_open_air_bath,温泉;風呂;露天,,客数が少ないのでオススメです。,新婚旅行で利用しました。 全6室しかないためとても静かで他のお客さんと会うことなく過ごせました。 利用した部屋はとても広く、露天風呂付きで朝夕の食事も部屋食でとても特別な時間を過ごすことができました。 温泉も食事もとても良かったです。 記念日で利用するのがオススメです。,https://www.jalan.net/yad324134/kuchikomi/archive/,positive,body_positive,high,body_sentiment_inference_needed
236,Jalan,jalan_archive,12946371,2023/2/25,,,,,5,ja,True,private_bath,風呂;露天;貸切;予約,,料理、風呂と満喫できます。,今回が2回目、一年振りの利用でしたが、割烹旅館の名にふさわしい料理は夕食はもちろん、朝食までクオリティ高いです。部屋にある露天風呂は小さい子連れの場合でも、いつでも入れるとゆう安心感があり、より一層心のゆとりを生み出してくれます。一点、提案になりますが、貸切風呂については予約制にしてみてもいいかなと思いました。今の空いてたら入れるとゆうシステムはフレキシブルで良いと思いましたが、何時から何時まで利用するかがわからない(60分目安とはいえ、利用開始がわからないので終わりも把握できない)ので、次の利用者が都度空きを確認しに行く必要があり煩わしいと思います。予約制にすることで予約の隙間時間に清掃をいただけると安心感もあります。部屋数も多くなく混雑しないことを考えると予約制にしても案外好きな時間帯を選びやすいとも思いました。ご参考にいただけると幸いです。,https://www.jalan.net/yad324134/kuchikomi/archive/,positive,body_positive,high,body_sentiment_inference_needed
237,Jalan,jalan_archive,12934761,2023/2/19,,,,,5,ja,False,,,,食事が最高,部屋食で贅沢なお食事でした 特に豊後牛が絶品でシニア夫婦でも丁度いい量です スタッフの方々が優しくて、また伺いますのでよろしくお願いいたします,https://www.jalan.net/yad324134/kuchikomi/archive/,positive,body_positive,high,body_sentiment_inference_needed
238,Jalan,jalan_archive,12927664,2023/2/14,,,,,5,ja,True,room_bath;family_bath,風呂;湯;源泉;熱;熱い,,食事が想像以上,結婚10周年の記念に利用させていただきました。 良かったこと:夕飯は部屋食でゆっくりいただきました。食材、調理とも大満足でした。料理の出るタイミングも私たちには丁度よかった。個人的には朝ご飯の方が一層満足でした。部屋のお風呂は源泉が高温なので熱いかなと思ってましたが、程良い熱さでした。結局、家族湯を含め5回入りました。接客も丁寧で安心しました。 その他:県外の方には、場所(というか入口)が少し難しいかも。HP等に横断道路の看板をもう少し説明したらどうかと思いました。 また、伺いたいと思います。看板犬のユメちゃんに会えるといいなと夫婦で楽しみにしています。 (宿からのQ 着物 4 会計 2 見送り 1),https://www.jalan.net/yad324134/kuchikomi/archive/,positive,body_positive,high,body_sentiment_inference_needed
239,Jalan,jalan_archive,12927109,2023/2/14,,,,,5,ja,True,facility_wide,風呂;露天;肌,,全て満足,子育てが終わり、20数年ぶりの夫婦2人旅行でした。 数十件の候補から最終的に料理と露天風呂、サービスの口コミや実際の写真等から、かんな和さんに決めました。 結果的には、期待以上で妻も大変喜んでおりました。 夕食はアジ、ヒラメ、大分和牛のしゃぶしゃぶ、車えびのかき餅あげどれも美味しく、ついでに昼間に食べ損なったとり天を調子に乗ってその場で別注。 口コミの量が多いというコメントを侮った結果、〆のご飯までたどり着けずに、夜食用におにぎりにしてもらう結果に。。。。 妻はカボス蜂蜜酒とゆず蜂蜜酒が特に気に入り、お土産用に購入しようとしたのですが、自家製との事で販売はされていないとの事でした。 こちらに宿泊された際は、是非、カボス蜂蜜酒やゆず蜂蜜酒、注文してみてください。 また、妻が料理をやたら絶賛していましたが、多分、食事中、楽しく仲居さんと会話させてもらった事で、さらに美味しさが増したんだと思います。 お風呂も部屋にある内風呂と露天風呂に何度も入り肌がツルツルになったと大満足。 帰宅後も、また泊まりたい！と何度も言ってくれておりましたので、私も満足です。 ありがとうございました。,https://www.jalan.net/yad324134/kuchikomi/archive/,positive,body_positive,high,body_sentiment_inference_needed
240,Jalan,jalan_archive,12925759,2023/2/13,,,,,4,ja,True,room_bath;family_bath,温泉;風呂;露天;湯;家族風呂,,和のテイスト温泉でのんびり旅,昨年秋、夫と二人で初めて別府に泊まり、改めて別府って良いなと思いました。 今回一時帰国している娘と孫を旅行に連れて行くことになり、迷わず別府に目的地を決めました。 娘たちはアメリカ在住なので、とことん日本らしい旅館が良いと思いました。それで、「じゃらん」でいろいろ探していたところ、かんな和別邸を見つけ、すぐ申し込みました。 まさに和のテイスト。部屋食や、内風呂に露天もあるとのことで、これは孫も喜ぶに違いないと思いました。 実際行ってみると、本当に日本を感じる空間でした。 私と娘は家族風呂の露天風呂に行きました。夫と孫は部屋のお風呂と部屋の露天風呂に入りました。 娘と部屋に戻ってくると、孫が湯上がりの姿でとてもはしゃいでいました。温泉がとても楽しかったようでした。 それから夕食でした。 どれも手をかけた料理でおいしくいただきました。 牛肉のしゃぶしゃぶが特においしかったです。 日本酒の種類がもっとあったら良かったと思いました。 ４歳の孫はアレルギーがあり、、食事は頼んでいませんでしたが、ご飯や味噌汁、揚げ出し豆腐、ジュースなども出していただきありがたかったです。 夫は膝が痛いので、椅子があったら良かったと言っています。 みんな温泉でのんびりできてぐっすり眠れました。 次の朝、おいしく朝食をいただいて帰りました。 大変お世話になりありがとうございました。 食事はそのまま部屋でいただくことができて、部屋に内風呂と露天風呂があり本当にのんびりできました。,https://www.jalan.net/yad324134/kuchikomi/archive/,mixed,body_positive_and_negative,high,body_sentiment_inference_needed
241,Jalan,jalan_archive,12923054,2023/2/13,,,,,4,ja,True,room_bath,温泉;風呂;露天;内湯;湯;浴,,疲れの取れる温泉にいつでも、何度でも 料理も最高,部屋に内湯と露天風呂が付いているので気軽に何度も湯浴みが堪能でき溜まった疲れが取れ身体が軽くなり、プランで選んだ量少なめ質高めの夕食と美味しい朝食で体調が回復する実感がありました。 料理を何度も運んでくれもてなしてくれた若い仲居さんがとても感じが良くとても気持ち良く過ごさせてもらいました。 別府に良い宿を見つける事が出来たのでまた違う部屋に泊まって料理と温泉を堪能したいです。,https://www.jalan.net/yad324134/kuchikomi/archive/,positive,body_positive,high,body_sentiment_inference_needed
242,Jalan,jalan_archive,12922441,2023/2/12,,,,,4,ja,False,,,,子連れに優しい,0歳の赤ちゃんを連れて宿泊させていただきました。アメニティやオムツ入れなどを準備していただき、哺乳瓶の消毒もしてもらえました。子連れにとっても優しいお宿で、楽しい旅行デビューとなりました。本当にありがとうございました。,https://www.jalan.net/yad324134/kuchikomi/archive/,positive,body_positive,high,body_sentiment_inference_needed
243,Jalan,jalan_archive,12921995,2023/2/12,,,,,5,ja,True,facility_wide,温泉,,ゆっくりできました,高齢の両親を連れての宿泊でしたが、チェックインから帰るまでご配慮いただき、ゆっくりできました。特に料理が美味しく、大分の山海の幸を満喫しました。また、部屋で食事もでき、温泉付きで膝痛の両親は助かりました。,https://www.jalan.net/yad324134/kuchikomi/archive/,mixed,body_positive_and_negative,high,body_sentiment_inference_needed
244,Jalan,jalan_archive,12921866,2023/2/12,,,,,4,ja,True,facility_wide,風呂;露天,,おもてなしが素晴らしい、満点の宿,還暦のお祝い旅行で利用させていただきました。 到着から最後のお見送り、そして宿泊中の細やかなお気遣い（還暦祝いということで、お部屋に赤いお花を生けていただいたり、サプライズケーキの準備をしていただいたり）、全てにおいておもてなしが素晴らしく気持ちよく過ごすことが出来ました。 今回乳幼児連れでの宿泊でしたが、事前にお伝えするとベビーグッズやクーヘンの準備をしていただけ、またお風呂のベビーチェアまで貸し出していただけました。お部屋も大変綺麗で広く、清掃が行き届いており、安心して子供をお部屋で遊ばせることが出来ました。ありがとうございます。 お料理はどれも美味しく、ボリュームもたっぷりで朝夕大変満足しました。おおいた和牛のしゃぶしゃぶは絶品です！ お風呂は内風呂＋露天風呂のお部屋で、内風呂はもう少し電気が明るいほうが良いかな？と思いましたが雰囲気があってとても良かったです。 両親も大変喜んでくれ、かんな和別邸さんを選んで良かったです！素敵な2日間をありがとうございました。 また家族で利用させていただきたいと思います！,https://www.jalan.net/yad324134/kuchikomi/archive/,positive,body_positive,high,body_sentiment_inference_needed
245,Jalan,jalan_archive,12919229,2023/2/11,,,,,4,ja,True,facility_wide,風呂,,おもてなし、部屋、食事、全て満足,旅館にチェックインからチェックアウトまで、とてもサービスが行き届き、満足しました！ 子供用の寝具だったり、お風呂の道具、ご飯の準備などにも気配りができており、安心して宿泊することができました！ 食事の準備をしてくれた仲居さんが特に息子の相手をしてくれたことがありがたかったです！,https://www.jalan.net/yad324134/kuchikomi/archive/,positive,body_positive,high,body_sentiment_inference_needed
246,Jalan,jalan_archive,12900388,2023/1/29,,,,,5,ja,True,facility_wide,温泉;風呂;露天;掛け流,,疲れが取れる,部屋での食事や部屋付きの掛け流しの温泉、露天風呂を楽しみながらゆっくり過ごせた。スタッフさんの気遣いや配慮があり、部屋も清潔感があって落ち着いた雰囲気を感じた。,https://www.jalan.net/yad324134/kuchikomi/archive/,positive,body_positive,high,body_sentiment_inference_needed
247,Jalan,jalan_archive,12898243,2023/1/28,,,,,4,ja,False,,,,またいきたいです,着いたときから幸せ。お料理もひとつひとつが、とても美しく美味しかったです。若い可愛い仲居さんもとても感じがよくて、ほんとにいごこちがよかたったです。 また、かならず行きま～す。,https://www.jalan.net/yad324134/kuchikomi/archive/,positive,body_positive,high,body_sentiment_inference_needed
248,Jalan,jalan_archive,12885677,2023/1/19,,,,,4,ja,True,facility_wide,湯;熱;予約,,サービスがよかった,子どもの一歳記念で利用しました。子どもの食事などは事前に予約してませんでしたが、サービスで提供していただきました。ご飯汁物、おかずと用意していただき、子どもも大満足で完食しました。 翌日の朝には、哺乳瓶と子ども用マグを洗浄と熱湯消毒までしていただき、とても助かりました！とてもゆっくりのんびりと出来、家族でいい思い出が出来ました！また利用したいと思います。,https://www.jalan.net/yad324134/kuchikomi/archive/,positive,body_positive,high,body_sentiment_inference_needed
249,Jalan,jalan_archive,12868691,2023/1/9,,,,,4,ja,True,facility_wide,温泉;風呂;熱;水,,小さい子供連れの旅行にピッタリ,3歳と6ヶ月の子供を連れての旅行でした。まだ子供も小さいので、朝夕部屋食が出来るとのことでこちらを選びました。6ヶ月の子供には食事布団不要にしてましたがベビー布団が用意されてあり、「お子様の為になにかお手伝い出来ることがあれば仰ってください」と温かいお言葉も頂き、とても嬉しい気持ちになりました。お風呂は温泉なので仕方ありませんが、少し熱く感じたので子供が入るには結構水を足さなければいけない感じでした。子供用のボディソープ、ガーゼ、ボディローション等アメニティも充実してます。可愛い巾着袋は持ち帰りOKとのことでした。 3歳の子供が、ケチャップがほしい！ストローで飲みたい！とワガママを言ったのですが、そんなワガママにも快く答えて下さり、 とても大満足の旅行でした。,https://www.jalan.net/yad324134/kuchikomi/archive/,positive,body_positive,high,body_sentiment_inference_needed
250,Jalan,jalan_archive,12861560,2023/1/7,,,,,5,ja,True,family_bath,温泉;風呂;露天;家族風呂,,最高の思い出をありがとう。,祖父と祖母を連れてこの旅館に行きました。接客が大変素晴らしく、とても気を遣って頂いて気持ちの良い気分でゆっくりできました。お部屋からの景色も風流で、静かで落ち着いた空間でした。料理は大変前から準備されていて、味付けも良くとても満足でした。別府といえば温泉なので入れ替わり制の家族風呂を利用しました。とても広い露天風呂でゆっくりできました。言葉不足で伝えきれない事が多いのが申し訳ないです。最後に一言。 最高の思い出をありがとうございました。,https://www.jalan.net/yad324134/kuchikomi/archive/,positive,body_positive,high,body_sentiment_inference_needed
251,Jalan,jalan_archive,12854253,2023/1/4,,,,,4,ja,True,room_bath;private_bath,温泉;風呂;露天;貸切;予約,,いつでも入れる温泉の特別感,初めて利用しましたが、外観も内装も上品でお部屋も広く清潔でした。 ウェルカムスイーツと美味しいお茶で一息ついて、お部屋のお風呂へ。 予約時にどの部屋かは選べませんでしたが、泊まりたかったお風呂付の部屋ですごくラッキーな気分に。温泉はサラっとした感じで気持ちよく時間制限もないので何回も入れるのがいいですね。 貸切風呂はすごく広くて、お部屋のお風呂とはまた違ったよさがありました。 夕食も朝食もボリュームがあり、どれも美味しくお腹いっぱいに。お部屋で食べられる特別感とコロナの心配も少ないので、すごくありがたかったです。運んでくれた方も親切で話やすく近場のオススメショップまで教えていただけました。 記念写真もこちらがお願いする前に撮りましょうかと声かけいただき、心遣いが本当に素晴らしい宿だなと感じました。 気になることがあるとすれば ●駐車場への入口がわかりにくく細い道なので、車で行かれる方はご注意を。 ●たまたま予約サイトをチェックしていたら空きがあり、幸運にも予約できましたが人気の宿なので数ヶ月前からの予約をオススメします。 ●お部屋の露天風呂に落ち葉を掬うためと思われる網が無造作に置いてありましたが、景観に影響するのでもう少し配慮した場所に置いてもらいたかったです。 ●内風呂から露天風呂に出るための引き戸がすごく固くて大人でも開けるのに苦労しました。力が弱い方は開けれないかもしれません。 ●全体的に清潔でしたがTVのリモコンだけ、いつ拭いたのだろう？と疑問に思うくらい埃と油？でギトギトしていて残念でした。 ●除菌シートは用意されてましたが、うがい薬はなかったので持参をオススメします。 ●食事の時にドリンクを注文して、請求書の金額とメニューの金額に差があったので確認したところ値上がりされているそうなのでご注意を。 いろいろ書きましたが全体的には大満足だったので、機会があればまた宿泊したいと思える宿でした。,https://www.jalan.net/yad324134/kuchikomi/archive/,mixed,body_positive_and_negative,high,body_sentiment_inference_needed
252,Jalan,jalan_archive,12850973,2023/1/2,,,,,4,ja,True,facility_wide,温泉;熱;熱すぎ;掃除;予約,,母の米寿祝い,"母も米寿になり、だんだんと脚も弱くなってきて、宿泊はいつもお部屋に温泉付きを探して泊まっています。かんな和さんは新しくはないですが、とても清潔に掃除が行き届いて、部屋も広くて、ゆつくりと寛げました。お料理は素材が新鮮で、お出汁の味も良く、盛り付けも綺麗だし、「本当は偏食が多い私たちですが」とても美味しく頂きました。写真撮って母のお友達に見せたら「行きたい」と。また3月に予約取りました。母の元気なうちにと思い、年に2,3回は旅行していますが、今まで利用した中でもトップクラスです。温泉は少し熱めで最初は適温だったけど、朝熱すぎるくらいでした。お部屋に鏡台が無かったのが残念てす。立ったまま化粧するのが高齢者にはきつい。「鏡の位置が何故か高すぎるとおもいました」後駐車場が分かりづらく、ナビどおりに行くと建物の裏側に行ってしまいました",https://www.jalan.net/yad324134/kuchikomi/archive/,mixed,body_negative_with_context,high,body_sentiment_inference_needed
253,Jalan,jalan_archive,12832664,2022/12/22,,,,,5,ja,True,facility_wide,温泉;風呂;露天,,温泉が気持ちよく、子連れにも安心！,初めての利用でした！到着後のお部屋でのお茶と生菓子を頂きほっこり。子ども用にも準備してあり美味しかったです。また部屋にも温泉がついてますが、無料で空いてたら何度も入れる貸し切り露天風呂もあり子どもが気に入り何度も入りに行けました！子供用にオムツ捨てや、キャラクターの洗面器類も部屋に準備してあり温泉に行くたびに喜んでました。スタッフの方も丁寧に接してくださり、もちろん食事も美味しく部屋食なので気にせずゆっくり食べれました。また大分に行く機会があれば伺いたいです。,https://www.jalan.net/yad324134/kuchikomi/archive/,positive,body_positive,high,body_sentiment_inference_needed
254,Jalan,jalan_archive,12826677,2022/12/19,,,,,5,ja,True,room_bath;family_bath,風呂;内湯;湯;家族風呂,,さすが割烹旅館だけにお料理は繊細で美味しい,夫婦二人と20代の息子でお世話になりましたが、お料理が美味しくボリュームも満足でした。内湯と家族風呂もゆっくりできました。またお世話になりたいと思います。,https://www.jalan.net/yad324134/kuchikomi/archive/,positive,body_positive,high,body_sentiment_inference_needed
255,Jalan,jalan_archive,12820429,2022/12/16,,,,,4,ja,True,facility_wide,水;予約,,静寂なひと時,大学生となった子ども達をアメリカに残し、20年ぶりの夫婦水入らずの旅となりました。今回泊まったお宿のスタッフ全員感じがよく、お料理も目で楽しませてくれるような日本でしか味わえないようなものでした。翌日観光タクシーを12時に予約してしまい、チェックアウトもそれに合わせて変更して下さり、そのご対応に大変感謝しています。思い出に残る時間をありがとうございました。,https://www.jalan.net/yad324134/kuchikomi/archive/,positive,body_positive,high,body_sentiment_inference_needed
256,Jalan,jalan_archive,12820287,2022/12/16,,,,,5,ja,False,,,,ゆっくり出来ました。,子供3人を連れて初めての大分旅行でこちらの宿を 利用させていただきました。 いつもの旅行はホテルばかりなので、子供たちも大喜び！ 部屋食なので、小さい子供がいてゆっくり 食事を楽しむ事が出来ました。 旅館の方たちもとても親切で接客もすごく丁寧で たくさん良くしていただき、お陰様で良い思い出が出来ました。 また機会があれば絶対に利用したいです。,https://www.jalan.net/yad324134/kuchikomi/archive/,positive,body_positive,high,body_sentiment_inference_needed
257,Jalan,jalan_archive,12805374,2022/12/9,,,,,5,ja,True,facility_wide,温泉;風呂;狭,,お部屋に温泉があるところが魅力的,今回家族旅行で別府に行くことになり宿泊させていただきました。お部屋に温泉がついているということで選ばさせていただきましたが、とても良かったです。内風呂温泉で狭いと思っていたのですが、想像より大きかったところや、上がガラスだったので少しですが外が見えるところが良かったです。一つだけ残念だったのは、ガラスに落ち葉がのっていて少し外の景色が見えにくかったところです。自然現象なので仕方ないとは思いますが満足です。 食事も部屋食でゆったり食べれて、味もおいしかったです。大分名産のものもあり大変良かったです。食事少なめコースでしたがお腹いっぱいになりました。 接客もとても良かったです。時間ギリギリのチェックインになりましたが、丁寧に対応していただき、ありがたかったです。帰る前に忘れ物がないかチェックしてくださったり、とても皆さん笑顔が素敵でした。別府に行く機会があれば、また泊まってみたいと思いました。 本当にありがとうございました！,https://www.jalan.net/yad324134/kuchikomi/archive/,mixed,body_positive_and_negative,high,body_sentiment_inference_needed
258,Jalan,jalan_archive,12805168,2022/12/9,,,,,5,ja,True,facility_wide,温泉;湯;お湯;臭,,ゆっくり、出来ました。,4泊5日の九州旅行で、最終日に、こちらのお宿に宿泊しましたが、とても、のんびりゆっくり出来て良かったです。 スタッフの対応は、抜群に良かったです。 お湯も、大変気持ち良かったです。 お料理も、一つ一つ丁寧なお味だなあ、と感じました。 普段、お酒を飲むと、あまり食べませんが、夕食は完食、朝食は、ほぼほぼ完食してしまいました。 普段の観光目的は、お宿の雰囲気と温泉と、お料理(見るのが好きです)で、観光は、あまりしませんので、毎日お宿を変えてますが、次回は、こちらのお宿に連泊して、別府観光をしたいなあと、考えてます。 仲居さんは、若い方が多かったですが、指導教育を徹底されてるんだなあ、と感じるくらい、大変良かったです。 別府駅付近の居酒屋さん(当日と翌日２回)、タクシーの運転手さん、道をお尋ねした方、別府の方々は、とても優しく、対応して頂きました。 有り難うございます。 お宿に一つだけ、私、喫煙ですが、出来ましたら、お部屋に、ファブリーズか、消臭剤を置いといて頂けましたら、と、思います。,https://www.jalan.net/yad324134/kuchikomi/archive/,mixed,body_positive_and_negative,high,body_sentiment_inference_needed
259,Jalan,jalan_archive,12802088,2022/12/7,,,,,5,ja,True,facility_wide,風呂,,大人の隠れ宿,コロナ禍で遠くに行けない分地元の宿やホテルで楽しんでいます。さすが割烹旅館さん、お部屋、料理、お風呂すべて大満足でしたがなかでも仲居さんの感じがとても良かったです。,https://www.jalan.net/yad324134/kuchikomi/archive/,positive,body_positive,high,body_sentiment_inference_needed
260,Jalan,jalan_archive,12799190,2022/12/6,,,,,5,ja,False,,,,子連れでも安心、素敵なお宿でした,小さい子供2人を連れての旅行、部屋は広く、とても綺麗でした。お料理もとても美味しかったです。部屋食なので、小さい子供がいてもゆっくり食べれました。食事を運んで来られる仲居さんは笑顔も接客も素敵でした。また機会があれば利用させていただきます。,https://www.jalan.net/yad324134/kuchikomi/archive/,positive,body_positive,high,body_sentiment_inference_needed
261,Jalan,jalan_archive,12788119,2022/11/29,,,,,4,ja,True,facility_wide,温泉,,また、利用したいです,料理も美味しく、従業員さん達もとても気持ちが良い接客でした。部屋も落ち着いた雰囲気でゆっくり出来ました。温泉も何度も入るのに良い温度で良かったです。,https://www.jalan.net/yad324134/kuchikomi/archive/,positive,body_positive,high,body_sentiment_inference_needed
262,Jalan,jalan_archive,12785002,2022/11/28,,,,,5,ja,True,facility_wide,温泉;湯;源泉;掛流,,温泉もお料理も大満足でした,温泉は源泉掛流し、お料理が美味しく、部屋数が少なく静かに過ごせる、この3点を重視して選びましたが、全てにおいて大満足でした。 温泉は滑らかで、何時間でも入っていられるほどの湯加減で、本当に気持ちよかったです。 3人での宿泊でしたが、洗い場、湯船が広く、3人一緒に入れる点もよかったです。 お料理は関鯵がとれず、いただけなかったのは残念でしたが、代わりに伊勢海老をご用意いただき、お心遣いに感激しました。 旬の食材を使ったお料理はどれも素材のよさを味わえ、秋の味覚を存分に楽しめました。 静かで落ち着いた空間で、何よりもスタッフのみなさんの細やかで温かな心配りによる接客で、快適に滞在することができました。 ありがとうございました。,https://www.jalan.net/yad324134/kuchikomi/archive/,mixed,body_positive_and_negative,high,body_sentiment_inference_needed
263,Jalan,jalan_archive,12782811,2022/11/27,,,,,5,ja,True,family_bath,風呂;露天;家族風呂,,とても素敵な宿でした,母と母のお友達との旅行でした。 かんな和別邸は思っていたよりも街中にあったのですが、隠れ宿のような雰囲気の素敵な風情ある宿でした。 お料理も朝夕ともに細部までこだわった見た目も美しいもので、とても美味しかったです。 内風呂ももちろんですが、家族風呂も、露天でとても気持ちよかったです。 アメニティも可愛らしい巾着袋に入ってて、みんなでじゃんけん大会で選んだことはいい思い出です。 担当してくださった方はもちろん、女将さんやその他の仲居さんにも、着いた時から帰る時まで細やかなおもてなし、お心遣いにとても癒されました。 また是非利用したいと思います。,https://www.jalan.net/yad324134/kuchikomi/archive/,positive,body_positive,high,body_sentiment_inference_needed
264,Jalan,jalan_archive,12760239,2022/11/16,,,,,5,ja,True,room_bath;family_bath,風呂;露天;ぬる;家族風呂;古い,,部屋風呂が最高,家族風呂も良かったですが、部屋の露天風呂が最高でした。少しぬるめだったので、長風呂して、しかも何度も入りました！ 施設は古い部分もありますが清潔に保たれていて、トイレなどは新しいものになっていたので、不便もなく気持ちよく過ごせました。 部屋風呂&部屋食で部屋から出ずにのんびりできるので、お籠り宿には最適です。 夕食は関鯵が取れず伊勢海老に変更になると前日にご連絡いただきました。プランにも変更になる可能性の記載はありましたが、時期がずれていたとのこと、先にその可能性が高いと分かっていたら普通のプランで良かったなぁと思います。ただ自然のものなのでしかたないですね。伊勢海老も美味しかったですが、楽しみにしていた分残念はありました。他の料理については少ししょっぱいと感じるものがいくつかありました。夕食は量が多いので、個人的にはもう少し薄味だと食べやすいと思いました。 朝ご飯は品数が多く、どれも美味しかったです。 接客はこの価格帯なら普通くらいだと思いますが、特に気になることもなく、丁寧で十分な接客でした。,https://www.jalan.net/yad324134/kuchikomi/archive/,mixed,body_positive_and_negative,high,body_sentiment_inference_needed
265,Jalan,jalan_archive,12751625,2022/11/13,,,,,5,ja,False,,,,割烹旅館と言うだけあって料理が最高でした,夫婦旅行で利用させていただきました。60歳近くになるとそんなに食べれなくなり、料理やや少なめのプランにしてはいましたが、量は最適で、それにもまして味、盛り付けのきれいさが見事で、目と口で楽しませていただきました。チェックインしてからの応対もよく、すごく快適に過ごすことができました。次回もまた利用したいと思います。,https://www.jalan.net/yad324134/kuchikomi/archive/,positive,body_positive,high,body_sentiment_inference_needed
266,Jalan,jalan_archive,12748589,2022/11/12,,,,,5,ja,True,facility_wide,風呂;露天,,静かでゆっくり出来ました,小さい子どもと小学生を連れて、家族旅行で伺いました。 各部屋が離れになっており、とても静かでゆっくり過ごす事が出来ました。 料理がとってもおいしく量もちょうど良くて、貸し切り露天風呂は広々ときれいで、ちょうど出勤していたワンちゃんもかわいかったです！ 仲居さん達は子どもたちに優しく話しかけてくださいました。 最初にいただいたお茶菓子もとてもおいしかったです！ 全体的に満足度の高い、ぜひまた来たいなと思わせてくれるお宿でした。ありがとうございました！,https://www.jalan.net/yad324134/kuchikomi/archive/,positive,body_positive,high,body_sentiment_inference_needed
267,Jalan,jalan_archive,12744531,2022/11/9,,,,,4,ja,True,facility_wide,浴,,やっぱり料理が美味しい,約2年ぶりに宿泊させていただきました。今回も夕食、朝食とも前回同様美味しく満足しました。また、別府に宿泊する際はお世話になろうと思っています。細かいことですが、何度も入浴するのでシャワーキャップと、もっと大きなバスタオル掛けがあればと思いました。,https://www.jalan.net/yad324134/kuchikomi/archive/,positive,body_positive,high,body_sentiment_inference_needed
268,Jalan,jalan_archive,12734586,2022/11/5,,,,,5,ja,False,,,,癒されました,両親の還暦祝いで利用させていただきました。お祝いのサポートやサービスもしていただいて両親も大変満足してくれました。何より旅館の方達の対応が素晴らしく癒されました。またぜひ利用したいと思いました。とても素敵な旅行になりました。,https://www.jalan.net/yad324134/kuchikomi/archive/,positive,body_positive,high,body_sentiment_inference_needed
269,Jalan,jalan_archive,12733179,2022/11/4,,,,,5,ja,True,private_bath,温泉;風呂;貸切,,子供連れでも安心,子供3人連れの5人で宿泊しました。 朝夕部屋食、温泉付き、子供用アメニティも充実していて何不満なくゆっくり過ごせました。 貸切風呂はものすごく広いですし ご飯も大満足でした。 何より案内、配膳、布団の準備などを 担当して下さった方々の おもてなしは大変良かったです。 子供達もすべてにおいて大喜びでした。 僕たち家族にとっては大満足で 機会があればまた宿泊しようと思います。 ありがとうございました。,https://www.jalan.net/yad324134/kuchikomi/archive/,mixed,body_positive_and_negative,high,body_sentiment_inference_needed
270,Jalan,jalan_archive,12728742,2022/11/2,,,,,5,ja,False,,,,接客サービス最高。,とにかく一度、宿泊してみて下さい。接客サービスの良さがわかりますから。夕食のお刺身を期待してましたが、量が少なかったことが、残念。,https://www.jalan.net/yad324134/kuchikomi/archive/,mixed,body_positive_and_negative,high,body_sentiment_inference_needed
271,Jalan,jalan_archive,12720512,2022/10/29,,,,,5,ja,True,facility_wide,温泉;風呂;露天,,癒されました,地獄温泉巡りの場所からも近く、閑静なお部屋でゆっくり過ごす事ができました。スタッフ皆さん笑顔が素敵でした。部屋食も夜、朝ともにすごく美味しかったです！可愛い豆柴ちゃんが出勤しており、癒されました。 露天風呂は静かに入れたし、ご飯も最高、アメニティなども素敵で、接客も問題なしの良い一人旅の思い出になりました！ありがとうございました！,https://www.jalan.net/yad324134/kuchikomi/archive/,positive,body_positive,high,body_sentiment_inference_needed
272,Jalan,jalan_archive,12717010,2022/10/27,,,,,4,ja,True,family_bath,風呂;家族風呂,,家族風呂がとても広い！,旅館への入り口がわかりづらく、一度通り過ぎてしまいました。 旅館内は雰囲気があってとてものんびり出来ました。従業員の方達も良い方ばかりでお世話になりました。帰りがけに近場の観光地を色々と教えていただき、楽しむことができました！ 看板犬のワンちゃんが可愛かったです。 家族風呂があり、入ってビックリ！とっても広くて驚きでした。 お布団もふかふかで長旅の疲れを癒すことができました。 ぜひまた行きたいです。,https://www.jalan.net/yad324134/kuchikomi/archive/,positive,body_positive,high,body_sentiment_inference_needed
273,Jalan,jalan_archive,12713159,2022/10/25,,,,,4,ja,False,,,,食事が最高,食事が大変美味しかったです。 また、食事の為の部屋が用意されていた為、部屋食であっても荷物の片付け等を気にする事も無く過ごせました。,https://www.jalan.net/yad324134/kuchikomi/archive/,positive,body_positive,high,body_sentiment_inference_needed
274,Jalan,jalan_archive,12694289,2022/10/15,,,,,4,ja,True,private_bath,風呂;貸切,,夕食・接遇が素晴らしい,割烹旅館だけあって料理の一つひとつがとても丁寧で美味しく頂けました。量少なめのコースでしたが、お腹いっぱいになりました。なにより従業員の皆さんが常に声掛けをして頂いたことと、その言葉使いや対応が素晴らしく気持ち良く過ごせました。また、貸切風呂は、広くてとてもゆっくりゆったりすることができました。今回は、和洋室の部屋でしたが窓からの眺めがあまりだったので、次は和室に宿泊しようと思います。ゆっくりでき美味しい料理が食べられてとても良い宿でした。,https://www.jalan.net/yad324134/kuchikomi/archive/,positive,body_positive,high,body_sentiment_inference_needed
275,Jalan,jalan_archive,12694271,2022/10/15,,,,,5,ja,True,family_bath,風呂;露天;家族風呂,,お風呂が最高！,家族旅行でした。 子供たちが最初からお風呂が最高！と大興奮。 お部屋の内風呂と露天風呂、広ーい家族風呂も本当に気持ちよかったです。 館内清潔感があって、綺麗でした。 夕食デザートですが、季節的に、秋はフルーツが良かったかなって思いました。,https://www.jalan.net/yad324134/kuchikomi/archive/,positive,body_positive,high,body_sentiment_inference_needed
276,Jalan,jalan_archive,12691966,2022/10/14,,,,,5,ja,True,facility_wide,風呂,,とってもよかった,初めて泊まりましたがお風呂、食事ともにとってもよかったです。また接客も大変素晴らしく言うことありません。,https://www.jalan.net/yad324134/kuchikomi/archive/,positive,body_positive,high,body_sentiment_inference_needed
277,Jalan,jalan_archive,12683676,2022/10/10,,,,,5,ja,True,facility_wide,風呂;露天,,子連れに優しいお宿でした,娘（2歳）の誕生日旅行で利用させていただきました。 お部屋が広く、お風呂も内風呂、露天風呂もついていて、家族でゆっくりと入ることが出来ました。 担当して下さった女性もとても感じがよく、料理もすごく美味しかったので、是非また利用させていただきたいです。,https://www.jalan.net/yad324134/kuchikomi/archive/,positive,body_positive,high,body_sentiment_inference_needed
278,Jalan,jalan_archive,12683219,2022/10/10,,,,,4,ja,True,family_bath,風呂;家族風呂,,とてもいい旅館でした,チェックインの時間より早く着いてしまったが駐車した瞬間にお出迎えがきてびっくりしました！！ 丁寧に案内され、お部屋も綺麗でご飯も美味しくお風呂もとても気持ちよかったです。 タイミングよく家族風呂にも入れて大満足でした。 また行きたいです！,https://www.jalan.net/yad324134/kuchikomi/archive/,positive,body_positive,high,body_sentiment_inference_needed
279,Jalan,jalan_archive,12668943,2022/10/3,,,,,5,ja,True,room_bath,風呂;湯,,家族に優しい隠れ家宿,子連れで伺いました。 子供が小さいとどうしても親は気疲れしてしまいがちですが、旅館の方もとても優しく接してくれ、子供も親もリラックスして楽しむことができました。 子供はまだ小さくコースの食事は難しかったのですが、お気遣いで子供が食べられる軽食を出してくださり、とてもうれしそうにしていました。 部屋のお風呂も湯加減がちょうど良く、すぐに入ることができたのでたくさん入ってしまいました。 こんなにたくさんお風呂に入ったのは初めてかもしれません。 家族全員満足の旅行になりました。,https://www.jalan.net/yad324134/kuchikomi/archive/,positive,body_positive,high,body_sentiment_inference_needed
280,Jalan,jalan_archive,12668844,2022/10/3,,,,,4,ja,True,room_bath;private_bath,風呂;湯;お湯;貸切,,快適に過ごせました,接客もよく、お料理も美味しくお腹いっぱいなりました。貸切風呂も広くてお湯も気持ちよかったです。 部屋のお風呂も最高！ また泊まりたいと思いました。,https://www.jalan.net/yad324134/kuchikomi/archive/,positive,body_positive,high,body_sentiment_inference_needed
281,Jalan,jalan_archive,12662437,2022/9/30,,,,,5,ja,True,room_bath;family_bath,風呂;内湯;湯;浴;家族風呂;掃除,,期待通りでした。,７年程前に宿泊しました。夕食料理が大変美味しかった印象があったので、再度宿泊をしました。予定を急遽１時間程早めで３時に到着してしまいましたが、快く受け入れ、準備もすでに整っていました。新設された家族風呂を楽しみましたが、部屋の露店付内湯でも充分満足でした。料理・部屋・風呂ゆっくり満喫ですね。ただ、残念だったことは、台風の影響で、関アジが堪能出来なかったこと、しかし、代わりの関サバ、これが美味、満足・満足！やっぱり料理は期待通り。今時珍しい朝夕部屋食、是非続けてもらいたいです。女房が言ってました、替えの浴衣が準備されているのもありがたいと。静かなまったりとした時間を求めるには満足な宿でした。落ち葉が気になるとの感想がありましたが、あんな大きな楠、樫木、昔田舎の庭掃除を思い出します、大木の有る庭の宿命ですね。,https://www.jalan.net/yad324134/kuchikomi/archive/,mixed,body_positive_and_negative,high,body_sentiment_inference_needed
282,Jalan,jalan_archive,12655143,2022/9/27,,,,,3,ja,True,facility_wide,風呂,,おもてなしが良かった,０歳、3歳の子連れ旅行で利用しました。 食事、お風呂とも完全に個室だったので、他の宿泊者と合わずにゆっくり過ごせました。子供に対して、スタッフの方の優しいお声掛けが有り難かったです。また、子供用のグッズやアメニティも充実していました。 気になった点は、朝ごはんが全体的に塩辛かった（特にお味噌汁）ことです。お部屋の湿気と縁側の独特な匂いが苦手でした。,https://www.jalan.net/yad324134/kuchikomi/archive/,positive,body_positive,high,body_sentiment_inference_needed
283,Jalan,jalan_archive,12654546,2022/9/26,,,,,4,ja,True,facility_wide,温泉;風呂;泉質;熱;予約,,初めての九州旅行,1歳4ヶ月の子供をつれての初九州旅行でした。 まず、出迎えてくれたスタッフの方の対応が丁寧で、子供にも優しく、安心感がありました。部屋まで荷物を運んでくださり、そのままお茶を淹れたりお茶菓子を用意してくださったりと、おもてなしが良かったです。その際に子供の名前を覚えてくださり、そのあとの夕食や翌日の朝食時など、他のスタッフの方も子供を名前で呼んでいただき、子供も喜んでいました。 夕食は大分名物の関アジのお造りのついたプランで、他にも豊後牛など地元の食材が味わえてとても美味しかったです。旅館にありがちな、固形燃料に火をつけて客が自分で焼くような料理はなく、さすが割烹旅館だなといった感じでした。追加で注文した鶏天もとても美味しかったです。子供は食事抜きで予約したのですが、夕食ではご飯、味噌汁、茶碗蒸し、朝食はご飯、味噌汁、揚げ出し豆腐がサービスでいただけて、レトルトの離乳食ばかりだった旅行でお手製のご飯が食べられて、子供も喜んでいたと思います。 食事のあとに布団を敷いていただきましたが、子供が布団にダイブしたり、仲居さんにじゃれついて邪魔しても嫌な顔1つせずに対応してくださいました。 チェックアウト時に、フロントで豆柴の夢ちゃん(とても可愛い)と触れあうことが出来ました。夢ちゃんはとてもお利口で、子供相手にも大人しくしてくれていました。 車で出発する際も、最後までお見送りしてくださったり、宿前の道路に出られるように誘導してくださったりと、最後まで丁寧な接客でした。 宿は大きい道路にとても近いですが、宿に入ると外の喧騒は一気になくなり、静かで落ち着いた空間でした。部屋が離れになっている作りからか、他の部屋の音も全く聞こえず、子供の声が迷惑をかける心配もなく過ごせ、とてもよかったです。 お風呂が少し熱めで、子供と入るのに少し苦労しましたが、やはり泉質が良いのか、しばらくポカポカと温かく、疲れも取れました。 １週間の旅行の終盤にお邪魔しましたが、接客、料理、温泉、全てに癒されて旅行疲れが無くなりました。機会があればまた是非利用したいと思います。,https://www.jalan.net/yad324134/kuchikomi/archive/,mixed,body_positive_and_negative,high,body_sentiment_inference_needed
284,Jalan,jalan_archive,12647290,2022/9/23,,,,,5,ja,False,,,,満足です,料理は期待通り、接客は期待以上で気持ちよく 次の旅先へ向かうことができました。 また伺えるよう頑張ります。 お世話になりました。,https://www.jalan.net/yad324134/kuchikomi/archive/,positive,body_positive,high,body_sentiment_inference_needed
285,Jalan,jalan_archive,12647077,2022/9/23,,,,,5,ja,True,private_bath,風呂;貸切,,おもてなしが最高,今回母の還暦祝いで両親兄弟と利用させて頂きました。豪華なお刺身盛り合わせに驚きました。関サバも新鮮でとても美味しかったです。お部屋には赤いお花が生けられており、心遣いにも感動しました。お風呂は貸切で朝晩部屋食だったため他の宿泊者と会うこともなく、コロナ禍でも安心して過ごすことができました。また機会があれば是非行きたいです。,https://www.jalan.net/yad324134/kuchikomi/archive/,positive,body_positive,high,body_sentiment_inference_needed
286,Jalan,jalan_archive,12645666,2022/9/22,,,,,5,ja,True,facility_wide,風呂,,全部に大満足。,県民割で大変お得に泊まることができました。おもてなし、料理、部屋すべて大満足。特に貸し切り風呂は想像以上に広く子供も大変喜んで何度も入らさせていただきました。食事の配膳の際も、観光地の情報など色々と教えていただき台風で予定が変わりどこに行こうかと悩んでいたので非常に助かりました！また大分に旅行の際は泊まらせていただきます。,https://www.jalan.net/yad324134/kuchikomi/archive/,positive,body_positive,high,body_sentiment_inference_needed
287,Jalan,jalan_archive,12637467,2022/9/19,,,,,1,ja,True,room_bath;family_bath,風呂;湯;ぬる;水;家族風呂;ぬるい,,全体的に満足の高い旅館でした,お部屋はとてもきれいでした。 和室もあり贅沢な気分になれます。 夕食は関アジがメインでしたが、一人前と思えないくらい量が多かったです。そのほかステーキなど色々でました。 朝食は味噌汁がとても美味しかったです。おかわり自由なのも嬉しいですね。 残念なポイントとして、部屋風呂がぬるい。36度くらい？夜は入れましたが、朝方は表面は水で、とても浸かる気分にはなれなかったです。 家族風呂が男湯女湯分かれていないので先客がいると待つことになるかな。待たせることを考えてしまってゆっくりつかれなかった。 また部屋から混雑状況が分かればなお良かったです。 接客はとても丁寧で良かったです。 特に料理を運んでくれた方は説明を丁寧にしていただき、楽しかったです。 満足度は高くまた利用したいです。 ※「宿泊施設からの設問」 質問と回答項目が合っていません,https://www.jalan.net/yad324134/kuchikomi/archive/,mixed,body_positive_and_negative,high,body_sentiment_inference_needed
288,Jalan,jalan_archive,12627446,2022/9/13,,,,,5,ja,True,facility_wide,風呂,,ご飯が美味しくおもてなしが素晴らしい,結婚記念日と誕生日で小さな子どもを連れての初めての旅行でした。子どものことを気遣った対応をしてくださったり、女性スタッフさんのおもてなしが素晴らしく、とても気持ちの良い旅行になりました！ご飯も本当にどれも美味しく、お風呂もゆっくり浸かれて癒されました。子どもが大きくなったらまた行きたいなと思います（＾_＾）,https://www.jalan.net/yad324134/kuchikomi/archive/,positive,body_positive,high,body_sentiment_inference_needed
289,Jalan,jalan_archive,12606197,2022/9/3,,,,,5,ja,True,room_bath;private_bath,温泉;風呂;貸切;脱衣;予約,,温泉も食事も満足です^ ^,部屋でゆっくり過ごしたく、 部屋食&客室風呂付のこちらのお宿を予約しました。 到着してすぐ看板犬のゆめくんに心奪われました。 わんこ好きにはたまりませんでした( ´ ▽ ` ) 食事も豪華で大変美味しく、 温泉も何度も入り期待通り お部屋でのんびり過ごすことができました！！ 貸切風呂も空いていれば入れるスタイルで、 脱衣所も広くて使いやすかったです。 スタッフの方も品良くテキパキとされていて 快適に過ごすことができました。 ありがとうございました。 またのんびりしたくなった時に伺います。,https://www.jalan.net/yad324134/kuchikomi/archive/,positive,body_positive,high,body_sentiment_inference_needed
290,Jalan,jalan_archive,12603546,2022/9/1,,,,,5,ja,True,room_bath,温泉;風呂;露天;内湯;湯,,内湯、露天風呂でゆっくりした時を過ごせる宿です。,初めて利用させいていただきました。到着後、部屋に入りましたが一軒家でその昔茶室に使われていたとお聞きしました。部屋の内湯から露天風呂続いており、温泉の温度もちょうど程よい温度に管理されておりほっこり温泉を楽しむ事ができました。夕食・朝食とも一品一品をきめ細かく作られており見て奇麗、食して美味 量も適切。飲酒量も増えました。一方スタッフの皆さんの心使いが伝わってくるおもてなしを受けまたまたほさっこり。また別府へ訪れる機会があれば寄りたい旅館でした。ただし次の2点気になる事がありもう少し検討されてはいかがでしょうか?①駐車場への入り方が分かりにくいです。駐車場へは一般道から通路経由で入りますが表示が解りにくく且つ別の駐車場が真横にある事もあり悩みやすいです。②朝食時間 もう少し早い時間の設定があれば助かります。次の予定がある場合(中長距離等の移動、次の予定時間がある等)おかげ様でいい旅・時間を過ごす事ができました。新人スタッフの方元気でおきばりください。,https://www.jalan.net/yad324134/kuchikomi/archive/,mixed,body_positive_and_negative,high,body_sentiment_inference_needed
291,Jalan,jalan_archive,12591192,2022/8/27,,,,,3,ja,True,facility_wide,温泉;風呂;露天;浴;蚊;狭,,楠木が印象的な旅館です,入口や部屋にある大きな楠木が印象的でした。楠木の葉っぱも温泉が好きだとのことです。露天風呂には人間も入るので、思いっきり体を延ばせる浴槽にして欲しかったですね。 料理はごく普通のものでした。せっかくの良い素材を生かし切れていないように感じました。もう少しだけ細やかな心遣いが見えるようにして欲しいですね。 別府の蚊は大きいですね。血をタップリと吸った奴がいたと思いきや、太っているだけでした。蚊取りが設置されていましたが、それにも負けず飛び回るのががいました。部屋付きの露天風呂の出入口は閉めておいた方が良さそうです。 旅館に接続する幹線道路からの導入路が狭いので、旅館に近づいたら十分スピードを落としてから入るようにした方が賢明です。,https://www.jalan.net/yad324134/kuchikomi/archive/,mixed,body_negative_with_context,high,body_sentiment_inference_needed
292,Jalan,jalan_archive,12586757,2022/8/24,,,,,5,ja,True,facility_wide,湯,,節目のひとときに,鉄輪の風情ある宿と湯殿は勿論のこと、さりげないおもてなしで、心地よい時間を過ごせました。真珠婚、30年目の節目にここを選んで良かった、そして、金婚とは言わず、また近いうちに訪れたいと思います。,https://www.jalan.net/yad324134/kuchikomi/archive/,positive,body_positive,high,body_sentiment_inference_needed
293,Jalan,jalan_archive,12579802,2022/8/21,,,,,5,ja,True,facility_wide,湯;掛け流;予約,,月日が経とうが最高の宿,2回目です。とは言え最初の利用から10年以上経っています。 初めての宿泊後、私自身が重度の病気にかかり、コロナ禍も重なり再度利用が叶いませんでした！それでも、最初に受けたおもてなしが忘れられず。絶対に相方と一緒に宿泊を目標に今回、行動制限解除の中… 念願叶いました。 10年経っても相変わらず素晴らしい料理と掛け流しの湯を堪能しました。若いスタッフさんと話す機会がありました！私のココまでの経過を話したところ「全力でサポート致します。」と言ってくれて本当に感動しました。前回もそうでしたが女将さんを筆頭に男性スタッフ、女性スタッフ、皆んな素晴らしい対応をしていただけます。その為もあって予約がなかなか取れないのが唯一のマイナス点か？ 最後にこの度も盆休み最後に相応しい宿でした。初めての相方も私同様に満足しております！また、頑張って予約します。月日が経とうが最高の宿！ありがとう御座いました。,https://www.jalan.net/yad324134/kuchikomi/archive/,positive,body_positive,high,body_sentiment_inference_needed
294,Jalan,jalan_archive,12579322,2022/8/21,,,,,4,ja,True,facility_wide,温泉;湯;お湯;ぬる,,全てが部屋で済ませられるステキな旅館,母、姉、甥っ子、私の4名で利用させていただきました。 お部屋は、かえでというお部屋です。 甥っ子はまだ0歳7ヶ月なので、夜泣きで周りの方に迷惑をかけてしまうのではないかと思い、事前にその旨を電話で伝えました。 電話口の女性は、部屋は防音であることや、各部屋が離れになっているので、大丈夫ですよと言ってくださいました。また、離乳食中のため、おかゆを用意することもできますと教えて頂きました。事前に電話でお話でき、丁寧に教えてもらえたので、安心して旅行に行くことができました。 旅館についてから、笑顔でお出迎えしていただき、お茶と御茶菓子も頂きました。お部屋も涼しくしてくださり、ついてすぐに涼むことができました。 今回、お部屋で少し残念だったのは、洗面スペースにあるドライヤーが時折パチパチと音を立て、光っているように感じ、安心して使うことができなかったことです。新しいものへの買い替えが必要だと感じます。 また、お部屋の温泉の温度が少しぬるすぎるような気がします。シャワーでお湯を入れながら入らないと、温泉から出て湯冷めしてしまうかもしれません。 しかしながら、何度も温泉に入ることを見越しての多めに置かれたバスタオルや、子ども用のバスグッズなど、用意して頂き、助かるものも多くありました。シャンプーやリンスも髪の毛がキシキシしたりすることもなく、使用できたのも有り難かったです。くしや、綿棒、コットン、体を洗うタオル、生理用品など、アメニティの充実具合は、とても素晴らしかったです。 また、ご飯においては、夕ご飯のお刺身は食べきれないほどたくさんで、とても美味しかったですし、朝ご飯も体に優しい和食で、大変美味しかったです。 部屋を出ると、旅館の方があたたかく声をかけてくださるのも、嬉しかったです。看板犬のワンちゃんに会えたのも癒されました。 たくさんのおもてなし、ありがとうございました。,https://www.jalan.net/yad324134/kuchikomi/archive/,mixed,body_positive_and_negative,high,body_sentiment_inference_needed
295,Jalan,jalan_archive,12575051,2022/8/19,,,,,5,ja,True,facility_wide,温泉;風呂;露天,,非日常の素敵な時間,初めての大分旅行で利用させていただきました。 お宿に着くと、静かで落ち着く空間で時間ゆっくり過ぎてすごくリラックス出来ました。旅館の人達もすごくいい人ばかりで優雅な時間を過ごせました。お料理も大分の美味しい食材がいっぱい出てきてすごく美味しかったです。お部屋に露天風呂もあり、ゆっくり温泉に入ることが出来て大満足です。また別府に行った時にはぜひ利用したいです。ありがとうございました。,https://www.jalan.net/yad324134/kuchikomi/archive/,positive,body_positive,high,body_sentiment_inference_needed
296,Jalan,jalan_archive,12574760,2022/8/19,,,,,5,ja,True,facility_wide,風呂;露天;予約,,素敵な思い出ができました,11歳と3歳の子供との宿泊。3歳はイヤイヤ期で走り回ったりと周りに迷惑かけそうだと思い内風呂、部屋食の旅館を探していました。他の方のコメントも良かったので予約しましたが、写真を見て敷居が高そうだなっと正直不安でした。車で行ったのですが、駐車場までお迎えに来てくれたり、子供にもとても丁寧に対応してくれて、お兄ちゃんもみんなすごく丁寧で親切だと感激していました。料理はどれもすごく美味しく、ボリュームもあり大満足。お風呂も内風呂と露天風呂があり、他のお客様に気兼ねなく、またお兄ちゃんがお風呂大好きで何度でもすぐに入る事ができました。初めての３人での旅行で不安でしたが、お陰でとても安心して過ごす事ができました。大満足です。帰りも車が見えなくなるまで手を振って送り出しして、その姿にまたお兄ちゃんが感激していました。また来たいと。 素敵な思い出になりました。ありがとうございました。,https://www.jalan.net/yad324134/kuchikomi/archive/,positive,body_positive,high,body_sentiment_inference_needed
297,Jalan,jalan_archive,12574378,2022/8/19,,,,,5,ja,True,family_bath,温泉;風呂;湯;肌;家族風呂,,湯がまろやかで…,母と夏休みに一泊二日でお世話になりました。仲居さんはどなたもにこやかで感じが良く、入った部屋の天井の高さにとてもゆったりした気持ちになりました。 ご飯は朝も夕も丁寧に一品一品造られている感じがして、とてもおいしかったです。 なんといっても温泉は、湯の肌触りがまろやかで家族風呂と部屋内風呂あわせて3回入りました(母は4回)。また来たいなあと思う内容でした。,https://www.jalan.net/yad324134/kuchikomi/archive/,neutral,neutral_or_lodging_context,medium,body_sentiment_inference_needed
298,Jalan,jalan_archive,12562120,2022/8/14,,,,,3,ja,True,facility_wide,風呂;蚊,,料理が素晴らしい,夕飯は本当に美味しかったです。大分牛のしゃぶしゃぶは今まで食べたしゃぶしゃぶの中でトップクラスだと思います。また、仲居さんのもてなしも素晴らしく、楽しい食事になりました。 お風呂はとても広いのですが、蚊に何箇所も刺されてしまいました。蚊取り線香などがあるとありがたかったです。,https://www.jalan.net/yad324134/kuchikomi/archive/,mixed,body_positive_and_negative,high,body_sentiment_inference_needed
299,Jalan,jalan_archive,12561663,2022/8/14,,,,,5,ja,True,facility_wide,温泉,,すべてがよかった,温泉最強 料理旨し 接客最高 気持ち良い宿です なのに低価格で大満足 リピートしちゃいたくなる落ち着いた癒しの宿,https://www.jalan.net/yad324134/kuchikomi/archive/,positive,body_positive,high,body_sentiment_inference_needed
300,Jalan,jalan_archive,12555251,2022/8/11,,,,,5,ja,False,,,,子連れにおすすめ,2歳と0歳の子供を連れての旅行だったのですが フラットなお部屋で子供達用のアメニティやクーハンなど用意してくださり凄く助かりました。 接客も皆さん子供が絡んでも優しく対応してもらえて楽しく過ごすことが出来ました！ ご飯の量も程よく機会があればまた利用したいです。,https://www.jalan.net/yad324134/kuchikomi/archive/,positive,body_positive,high,body_sentiment_inference_needed
301,Jalan,jalan_archive,12550887,2022/8/9,,,,,4,ja,True,facility_wide,風呂,,別空間にいるよう,とても満足しました。従業員の接客、清掃、料理、お風呂とても良かったです。庭の風景もちゃんと手入れされており、綺麗でした。また今度も利用したい旅館です。,https://www.jalan.net/yad324134/kuchikomi/archive/,positive,body_positive,high,body_sentiment_inference_needed
302,Jalan,jalan_archive,12543181,2022/8/6,,,,,5,ja,False,,,,リフレッシュ,ゆっくりした旅行がしたくて、ゆっくりできそうな雰囲気をと思い宿泊させていただきましたが、本当にゆっくりでき、1日数組のみなので、プライベート感もすごくあり、非常に満足しています。またお邪魔させていただきたい旅館です。,https://www.jalan.net/yad324134/kuchikomi/archive/,positive,body_positive,high,body_sentiment_inference_needed
303,Jalan,jalan_archive,12539000,2022/8/4,,,,,5,ja,True,facility_wide,温泉,,広々ゆったり温かい宿,小さい子連れでの家族旅行でした。 到着時刻が遅れたにもかかわらず、丁寧にお出迎え頂きました。 感染症対策もしっかりしており、チェックインもチェックアウトも個室での対応になっていました。 部屋は写真通りの広さと清潔感で、部屋についている温泉も3度入りまして、大満足でした。 料理も多くの品数と丁寧な説明、味も美味しかったです。子ども用の食事は少し多く、食べきれず勿体なかったですが、子どもは喜んでいました。 帰る際もお見送りしていただき、温かい雰囲気で帰ることが出来ました。 また、大分に行く際には、利用させていただきたいです。,https://www.jalan.net/yad324134/kuchikomi/archive/,positive,body_positive,high,body_sentiment_inference_needed
304,Jalan,jalan_archive,12538609,2022/8/3,,,,,4,ja,True,facility_wide,風呂;泉質;熱;浴;熱すぎ;虫,,おもてなしと気遣いが最高でした。,子どもが生まれてから初の遠方旅行で旅行しました。 部屋でのチェックイン手続き(子どもがいるため)、布団を敷く際や食事の際の子どもへの気遣い、チェックアウトまでの気配りが最高で気持ちが良かったです。 また、ベビー用品が充実(子ども用椅子、浴衣、ベビーソープやシャンプー、お風呂遊び用具、歯ブラシなど)しており、小さなお子さんがいる家庭にはとにかくおすすめです。 チェックイン、食事、チェックアウトは全て部屋にいながらで済みました。 そんな中、お風呂と清潔感が4点なのはお風呂が少し熱すぎて大変だったこと、お部屋にムカデのような虫が数匹いたからです。 ただ、別府の泉質や風情のある宿であることを考えると仕方ないことな気もします。 虫については虫除けスプレーのようなものが部屋にあります。 ただ上記難点は強いて言えば、です。 子どもが大きくなって別府に行く際はまた利用したいです。,https://www.jalan.net/yad324134/kuchikomi/archive/,mixed,body_positive_and_negative,high,body_sentiment_inference_needed
305,Jalan,jalan_archive,12535248,2022/8/2,,,,,5,ja,False,,,,落ち着く空間,今回旅行として行かせて頂きました。 料理も美味しく頂けました。 清潔感のあるお部屋になっており、スタッフ様のサービスも良かったです！ くつろげる空間になっているのでゆっくりと過ごしたい方にオススメです！,https://www.jalan.net/yad324134/kuchikomi/archive/,positive,body_positive,high,body_sentiment_inference_needed
306,Jalan,jalan_archive,12534029,2022/8/1,,,,,5,ja,False,,,,非日常を味わう,お部屋は「くすのき」、関あじ姿付きプランでした。関あじは鮮度ボリューム共に抜群！肉厚でぷりっぷり、甘みがあってとても感動しました。 天ぷら、小鍋などのお腹が膨れるお料理はなく、素材の良さを存分に活かしたメニューは最後のデザートまで美味しく頂けました。新純菜の吸酢は季節感がありとても爽やかでした。 スタッフ皆様の笑顔、接客も気持ちよかったです。 売店もなく純粋にお宿を堪能する、非日常を味わえる贅沢な時間でした。,https://www.jalan.net/yad324134/kuchikomi/archive/,positive,body_positive,high,body_sentiment_inference_needed
307,Jalan,jalan_archive,12532161,2022/7/31,,,,,2,ja,True,family_bath,風呂;浴;家族風呂,,食事と家族風呂がオススメ,従業員の方が明るくて対応がとても良かったです♪ 幼児用便座や浴衣等も完備されていて、幼児がいる家族旅行にお薦めです。,https://www.jalan.net/yad324134/kuchikomi/archive/,positive,body_positive,high,body_sentiment_inference_needed
308,Jalan,jalan_archive,12528579,2022/7/29,,,,,4,ja,True,room_bath;family_bath,風呂;家族風呂,,ご飯が美味しい！！,友達4名で利用させて貰いました。部屋の中に食事用の部屋が別にありビックリしました。夕食時、持ち込みのお酒も快く快諾して頂き、ご飯もとても美味しかったです。 部屋風呂、家族風呂もサイコーでした。 コロナ禍ですがとても快適に楽しい時間を過ごす事が出来ました。 また利用したいです。,https://www.jalan.net/yad324134/kuchikomi/archive/,positive,body_positive,high,body_sentiment_inference_needed
309,Jalan,jalan_archive,12523662,2022/7/26,,,,,5,ja,True,family_bath,風呂;家族風呂,,接客がとてもよく暖かい雰囲気でした,新婚旅行で利用させて頂きました。着くなり荷物を運んで頂き、説明もとても丁寧でした。ご飯は品数も多くて大満足でした。家族風呂も利用しましたがゆっくり入ることが出来ました！帰る際の写真のサービスも嬉しかったです！また機会があれば利用したいです。,https://www.jalan.net/yad324134/kuchikomi/archive/,positive,body_positive,high,body_sentiment_inference_needed
310,Jalan,jalan_archive,12522191,2022/7/25,,,,,4,ja,True,room_bath,風呂,,ゆっくりできました,初めてかんな和に宿泊。 口コミ通りとてもよかったです！ コロナ渦なので他のお客さんと食事、風呂が一緒になること気になる所ですが… 食事は朝夕部屋、客室風呂付きで家族でゆったりのんびりできます。 チェックインして1歩も出ず広い部屋でくつろげました。 １つだけ、宿に着いた時駐車場に誰もおらず受付に行って声を掛けたのですが誰も出て来ず暫くまちました。 チェックアウト時も受付には無人。 その時間帯は常に誰か対応出来るようにした方が良いかと思いました。 他はとてもよく接客めお風呂、食事も完璧でした。 またリピートしたい宿になりました。,https://www.jalan.net/yad324134/kuchikomi/archive/,positive,body_positive,high,body_sentiment_inference_needed
311,Jalan,jalan_archive,12515406,2022/7/21,,,,,5,ja,True,room_bath;family_bath,風呂;家族風呂,,すべてが丁寧で趣のある素敵な宿,接客に心が行き届いており、 皆さんにこやかで優しく丁寧な接客でほっこりしました。 お宿も部屋数が少ないため、他の方とはすれ違うことなく 宿の写真を撮ったり家族風呂にゆっくり入ることが出来ました。 食事もすべて美味しくお酒が進んでしまいます。 部屋風呂も楽しみ満足のいく時間を過ごすことが出来ました。 看板犬のお見送りもあり最後まで癒されます！ また、訪れたいと思う宿です。,https://www.jalan.net/yad324134/kuchikomi/archive/,positive,body_positive,high,body_sentiment_inference_needed
312,Jalan,jalan_archive,12504005,2022/7/15,,,,,4,ja,False,,古い,,とても良い旅館です,コロナでなかなか家族旅行に行けませんでしたが、この度子どもと3人の家族旅行でこちらを利用させて頂きました。 お出迎えからとても丁寧にご対応くださいました。 お部屋は古いながらもとても大切に綺麗にされている事がわかるとても良い部屋でした。 一点気になった点は、私はタバコを吸わないのですがタバコの匂いが部屋にしみついており結構匂います。お部屋でのタバコはOKのようで灰皿も準備がありました。タバコの匂いがダメな方は要注意です。 しかしながら、息子が畳の広いお部屋に大喜びで、ずっとニコニコ走り回っておりました。 朝夕食はボリュームもちょうどよくどれもとても美味しかったです。子どもにもご飯、味噌汁等ご準備くださり大変有り難かったです。特に朝食はどれも絶品でした。 ご対応してくださった方皆さんとても丁寧でフレンドリーに接してくださりまた伺いたい旅館です。,https://www.jalan.net/yad324134/kuchikomi/archive/,positive,body_positive,high,body_sentiment_inference_needed
313,Jalan,jalan_archive,12503121,2022/7/15,,,,,5,ja,True,room_bath,風呂;露天;内湯;湯,,ご飯も美味しくおもてなしもとても良かったです,初めて利用させて頂き恋人と行きました。 玄関から出迎えていただきおもてなしやお気遣い全て 完璧で夜ご飯朝ごはんもとてもおいしく大満足でした。 お風呂も内湯、露天風呂も着いておりとても気持ちよかったです！！また利用したいです！,https://www.jalan.net/yad324134/kuchikomi/archive/,positive,body_positive,high,body_sentiment_inference_needed
314,Jalan,jalan_archive,12502570,2022/7/15,,,,,5,ja,True,family_bath,温泉;風呂;家族風呂,,温泉、食事、お風呂最高,5歳の子供と3人で利用しました。まず旅館に着いてからすぐ駐車場まで来てくださりそこから最高のおもてなしのスタートでした。 チェックインの時間も早くなりましたが快く迎えてくださりました。 家族風呂が広くてお風呂嫌いの子供も何回も入りたいと言って朝早くから利用しました。 とっても気持ちいいです。 口コミでご飯もおいしいと書かれていましたが本当に美味しい！！！ 関アジと豊後牛ステーキのプランにしたんですが途中で こんなに出てくるの～？もう食べられないかもー！と旦那と話してたんですが最後の最後まで美味しくてぺろっと食べました！！！ 料理が出てくるタイミングも本当絶妙でスタッフの方も気さくに話してくださり最高の時間を過ごすことができました。 もう1度泊まりに行きたいです！！ お世話になりました！！,https://www.jalan.net/yad324134/kuchikomi/archive/,positive,body_positive,high,body_sentiment_inference_needed
315,Jalan,jalan_archive,12499938,2022/7/13,,,,,4,ja,False,,,,ご飯がとっても美味しかったです,夕、朝お部屋食で安心して、ゆっくりいただくことができました。もちろん美味しかったです。地獄めぐりの近くなので、翌日朝から観光へすぐ行く事ができました。,https://www.jalan.net/yad324134/kuchikomi/archive/,positive,body_positive,high,body_sentiment_inference_needed
316,Jalan,jalan_archive,12495797,2022/7/11,,,,,5,ja,False,,,,癒しの旅,この度は娘と孫とで1泊しました。孫も一歳になったので、お祝いにと思いかんな和さんを選びました。 チェックインが予定より早くなったのですが、心よく迎えていただいたので良かったです。 お部屋も広く、お料理もとてもおいしくいただきました。 従業員の方がとても優しく丁寧に接客をされていて、孫にも優しくしていただいて嬉しかったです。 ケーキを用意されてたのですが、孫が早くに寝てしまって翌日の朝食後にケーキをいただきました。娘も孫もとても喜んでいたので来て良かったです。婿が仕事で来れなくなったので、次は4人でまた来たいと思います。,https://www.jalan.net/yad324134/kuchikomi/archive/,positive,body_positive,high,body_sentiment_inference_needed
317,Jalan,jalan_archive,12491183,2022/7/9,,,,,4,ja,True,family_bath,風呂;湯;お湯;肌;浴;家族風呂,,癒されました,食事は美味しかった。量も多過ぎなくて良かった。バスタオル、浴衣の替えがあって、家族風呂には備え付けのタオルもあり広くて快適だった。お湯も肌がすべすべになって良かった。 鮎の内臓が取ってあって食べやすかった。 コロナ下で部屋食は他のお客さんとの接触がないので安心だったが、畳での食事は年寄りには少々きつかった。 ご飯がおひつごと出てこないので無駄がなくて良かった。いつもは残すと悪いと無理して食べたりしていたのでとてもエコで良い事だと思った。 給仕をして下さった方もとても感じのいい方で、帰る時も見えなくなるまで見送っていただきありがとうございました。 又行きたいです。,https://www.jalan.net/yad324134/kuchikomi/archive/,mixed,body_positive_and_negative,high,body_sentiment_inference_needed
318,Jalan,jalan_archive,12485921,2022/7/6,,,,,5,ja,True,facility_wide,温泉,,赤ちゃん連れにも安心な旅館,父の還暦祝いのため利用させていただきました。子どもがまだ0歳と2歳ですが、それぞれアメニティーも用意されておりとても助かりました。 お部屋食だったので、子どもがぐずっても安心！ とてもリラックスして、美味しいお食事を堪能することができました。温泉もとても気持ちよかったです。 スタッフにも良くしていただき良い旅でした。 ありがとうございました。,https://www.jalan.net/yad324134/kuchikomi/archive/,positive,body_positive,high,body_sentiment_inference_needed
319,Jalan,jalan_archive,12485915,2022/7/6,,,,,5,ja,True,facility_wide,温泉,,癒しの宿,ちょうど梅雨明けの雷雨と重なり、観光も十分に楽しめず旅館に着きました。駐車場まで傘を持って出迎えてくれ、配慮を感じる接客でした。 静かな場所で温泉に癒され、お料理も最高でした。近くには地獄めぐりの地もあり、とても好立地ですし、いただいた手書きの地図もなんだか暖かい雰囲気で良かったです。雷雨で楽しめないかなと思っていましたが、宿での時間が充実しており、ゆっくり過ごせて良い思い出となりました。,https://www.jalan.net/yad324134/kuchikomi/archive/,positive,body_positive,high,body_sentiment_inference_needed
320,Jalan,jalan_archive,12480828,2022/7/3,,,,,4,ja,False,,,,料理が美味しい,60歳以上の量少なめの料理のプランでしたが、充分な量と質で満足しました。一品一品丁寧に作られており、お米もとても美味しかったです。 お部屋も食事は別室のテーブル席で、膝を折らずに椅子に座れて年配者にはとても有難く、お陰様でゆっくり過ごすことが出来ました。 また機会があれば、利用させて頂きたいと思います。お世話になりました。,https://www.jalan.net/yad324134/kuchikomi/archive/,positive,body_positive,high,body_sentiment_inference_needed
321,Jalan,jalan_archive,12475161,2022/6/30,,,,,5,ja,True,facility_wide,温泉,,最高の思い出になりました！！！,彼氏と初めての旅行で利用させていただきました。フロントの方が、周辺のおすすめスポットを教えてくださったので充実した一日になりました。何より食事がとてもとても美味しかったです。美味しいお酒が進みました笑従業員の方も気さくに話しかけてくれて嬉しかったです。 一部屋ずつ離れてるのでプライベートな時間を過ごせたのがいいところだと思います！ 温泉もゆったり味わいました。 地獄蒸し体験や地獄巡りも徒歩ですぐ行けて観光にはもってこい！なのでおすすめです～！！ フロントのワンちゃんがお休み中だったので次利用させてもらうときに会いたいです！,https://www.jalan.net/yad324134/kuchikomi/archive/,positive,body_positive,high,body_sentiment_inference_needed
322,Jalan,jalan_archive,12473075,2022/6/29,,,,,5,ja,True,room_bath,風呂;水,,美味しい料理と部屋のお風呂でゆっくり、まったり,到着した日は大雨の中、傘を持って出迎えてくださり、ありがとうございました。茶香炉の香りに包まれたお部屋での水菓子と冷茶でひと息つきました。 小さな旅館ですが、館内やお部屋のしつらえはとても素敵で屋外の自然との調和を感じました。 部屋のお風呂も広く、何回も入り、堪能しました。お料理も洗練されており、おいしく頂戴いたしました。お料理の出され方、スピードもちょうど良く、お酒好きの私達は満足できました。 翌日は、旅館の手作りのマップを片手に数十年ぶりの地獄めぐりを楽しみました。 やっと夫婦でゆっくり旅を楽しめる時期になり、良い旅館に巡り会えたなと嬉しく思います。また、季節をかえて利用したいですね。 お世話になりました。ありがとうございます。,https://www.jalan.net/yad324134/kuchikomi/archive/,positive,body_positive,high,body_sentiment_inference_needed
323,Jalan,jalan_archive,12467169,2022/6/26,,,,,5,ja,False,,,,ゆっくり過ごせました,雨にも関わらず、傘を指してお出迎えしていただきお荷物まで持ってくださり気遣いが出来てて大変助かりました。お部屋も広く子連れにはとてもゆっくり過ごせました。お料理も夕食朝食とても美味しく満足しました。 スタッフの方も気さくで話しやすく、看板犬もいて子供も気に入ってました。 ただ一つ、厨房と近かった部屋でもあり、朝方音が聞こえて早々目が覚めてしまいました。今度は、是非違う部屋も利用したいと思います。ありがとうございました。,https://www.jalan.net/yad324134/kuchikomi/archive/,positive,body_positive,high,body_sentiment_inference_needed
324,Jalan,jalan_archive,12460314,2022/6/22,,,,,5,ja,True,private_bath,温泉;風呂;露天;貸切,,料理がおいしくて、居心地が良いところ,夕食に感動しました。大分は魚が美味しいと聞きますが、こちらのお宿はお肉も美味しかったです。割烹旅館とうたっているのも納得でした。 宿の方は皆さんとても気さくで、どなたにも気軽にお話を伺ったり、要望をお伝えしたりできて、安心して寛ぐことができました。 お部屋の温泉も良いのですが、貸切の露天風呂がとても広いので贅沢な気分を味わえておススメです。,https://www.jalan.net/yad324134/kuchikomi/archive/,positive,body_positive,high,body_sentiment_inference_needed
325,Jalan,jalan_archive,12454195,2022/6/19,,,,,4,ja,True,facility_wide,風呂;湯,,ゆっくりしたい方にはオススメの宿です,高齢の母と夫婦の３人で泊まりました。最初にここを選んだ理由は、足の悪い母にとってできるだけ歩かなくてもいい宿で、個室専用のお風呂があること、部屋で食事ができることなどです。すべて希望どおりの条件がそろった宿でした。 食事も他では味わえないような美味しいメニューが揃っていましたし、朝食も夕食も申し分ありませんでした。スタッフの方の明るい笑顔が何より心を和ませていただき、若いスタッフの方でしたが気配りの温かさが伝わってありがたく思いました。 部屋もソファがあり、畳の部屋もあり、ゆっくりできる雰囲気の部屋でした。 お風呂も丁度よい広さで清潔感もあり、アメニティもいい香りがして使い心地もいいものでした。欲を言うと、足が悪い母にとっては湯船に入るとき手すりがあるとありがたいと感じました。イスも底が若干滑りやすかったので、少し心配しました。 総合的には料理のおいしさとスタッフの方のおもてなしには大変満足しています。ありがとうございました。,https://www.jalan.net/yad324134/kuchikomi/archive/,mixed,body_positive_and_negative,high,body_sentiment_inference_needed
326,Jalan,jalan_archive,12451976,2022/6/18,,,,,4,ja,True,facility_wide,露天,,料理に満足。,結婚記念日旅行で2泊利用しました。 料理は美味しく充分満足できましたし、広い部屋でまったり過ごせました。 ただ雨天のため露天を満喫できなかった事が残念でした。,https://www.jalan.net/yad324134/kuchikomi/archive/,mixed,body_positive_and_negative,high,body_sentiment_inference_needed
327,Jalan,jalan_archive,12451247,2022/6/18,,,,,4,ja,False,,,,趣きのあるお宿,到着予定より、だいぶ早く着いてしまいましたが 快くお部屋に案内していただきありがとうございました。 茶香炉が焚いてあり心地よかったです。 今年お入りになったというお二人の担当の方々が とても一生懸命で好感がもてました 豆柴まめくんにも会えてよかったです。 お世話になりました,https://www.jalan.net/yad324134/kuchikomi/archive/,positive,body_positive,high,body_sentiment_inference_needed
328,Jalan,jalan_archive,12448093,2022/6/16,,,,,4,ja,True,facility_wide,風呂,,静かな落ち着いた雰囲気の和室での夕・朝食事が素晴らしい。,チェックインもとより仲居さんの対応がとても丁寧で温かかったです。 お風呂ものんびり奇麗でした、部屋総数６室と言う事もあり 静かで悠長な ひと時を過ごせました、又行きたいと思います。,https://www.jalan.net/yad324134/kuchikomi/archive/,positive,body_positive,high,body_sentiment_inference_needed
329,Jalan,jalan_archive,12446603,2022/6/15,,,,,5,ja,True,facility_wide,温泉;湯;お湯,,初めての大分旅行で,こちらのお宿を連泊させて頂きました。 入り口から風情がある佇まい。お部屋もレトロな感じでとても素敵でした。 従業員さん皆さんとても素晴らしくて。 鉄輪温泉のお湯も最高で。 お料理もどれを食べても美味しくて！ 本当に感動のお宿でした。 従業員皆さん、本当にお世話になりました。 また絶対行きたいお宿です。,https://www.jalan.net/yad324134/kuchikomi/archive/,positive,body_positive,high,body_sentiment_inference_needed
330,Jalan,jalan_archive,12431447,2022/6/8,,,,,4,ja,True,facility_wide,風呂;ぬる,,おもてなしが、よかった,料理もおいしくて、接客された従業員の方が、常に笑顔で、申し分のない接客でした。ただ、お風呂が少しぬるかつたかな。また、機会があれば泊まりたいです。,https://www.jalan.net/yad324134/kuchikomi/archive/,positive,body_positive,high,body_sentiment_inference_needed
331,Jalan,jalan_archive,12428575,2022/6/6,,,,,4,ja,True,facility_wide,風呂,,施設、サービスともに大変満足でした。,部屋、お風呂等の施設はとても清潔でサービスも良く非常に満足しました。 料理も美味しく頂きました。 朝食はもう少し早い時間からも開始できればより嬉しいです。,https://www.jalan.net/yad324134/kuchikomi/archive/,positive,body_positive,high,body_sentiment_inference_needed
332,Jalan,jalan_archive,12426396,2022/6/5,,,,,5,ja,True,room_bath;family_bath,風呂;浴;家族風呂;掃除,,接客・料理・居心地が素晴らしい隠れ家,子供と3人の旅行で利用致しました。部屋もアップグレードサービスをして頂いて、広い和洋室でのんびりと寛ぐことができました。せっかく大分に来たと言うことで関あじ・ステーキのプランと致しました。あじのお造り含め味・見た目・ボリュームともに素晴らしかったです。子供用の食事は選択しておりませんでしたが、ご飯・味噌汁に唐揚げ・野菜も付けて頂くなどご配慮頂けました。子供用に別注したアラカルトは選択できる種類は少ないですが、値段に見合う質・量で満足でした。朝ご飯も量があり、昼ご飯は食べずに過ごしてしまいました。 宿泊客数が少ないことも一因とは思いますが、部屋食・部屋風呂もあるため部屋から出る機会は少なく、他の人と会うこともなく、のんびりと過ごすことが出来ました。自分たちしかいないと錯覚するくらいの静かさでした。掃除のタイミング・是非についても要望に応じて頂け、至れり尽くせりでした。入り口のみならず、部屋内にもアルコール消毒も完備されており、コロナのご時世でも安心でした。 家族風呂が唯一部屋を出るタイミングでしたが、計3回利用致しましたが、誰も使われておらず、自分たちの入りたいタイミングで入浴を楽しむことが出来ました。部屋風呂は木の浴槽で、家族で3人で入ると丁度一杯になる感じでしたが、家族風呂は石造りでかなり広く開放感がありました。夜中に行くと、周辺も暗いため、星がよく見られました。丁度自分たちが入浴した際には北斗七星をきれいに頭上に見ることが出来ました。 スタッフの方の接客も優しく、子供も懐いて話し相手になって貰っておりました。入り口には女将さんが飼っている豆柴が体調が良いときにいるようで、帰り際に会うことができました。 ただ、宿泊客数が少ないことに起因していると思いますが、売店は存在せず、周辺にも地獄を除いてお土産を買うところは少ないため、お土産を旅館で購入しようと考えている場合には注意が必要です。,https://www.jalan.net/yad324134/kuchikomi/archive/,mixed,body_positive_and_negative,high,body_sentiment_inference_needed
333,Jalan,jalan_archive,12426310,2022/6/5,,,,,5,ja,True,facility_wide,温泉;浴;臭,,幼児に対する配慮も充実,子供の誕生日が近いこともありアニバーサリープランとして、利用致しました。部屋もアップグレードサービス頂いて、広い和洋室でのおかげで、寛ぐことができました。ベッドも2つをくっつけて頂いて、子供が間として3人で寝るのも十分でした。 ご飯は部屋内に隣接した小部屋で頂けるため、部屋から外に出る必要もなく、また部屋の中に食事の臭いが充満したりすることもありませんでした。ご飯も美味しく、量も丁度良く頂くことが出来ました。子供用にしゃぶしゃぶ・野菜付きの単品を追加注文しましたが、牛肉も6枚・野菜もついて充分な量でした。アニバーサリープランとして、もともとケーキについてはサプライズとしてもともとお願いをさせて頂いておりましたが、夕食後に部屋まで持ってきてくださいました。サービスのワインについてもタイミングを食事中・ケーキの時とこちらにタイミングを融通して頂けました。 温泉は無色透明で、木で出来た浴槽で雰囲気もあって良かったです。家族として入るには丁度良いサイズでした。 仲居さんにも優しくして頂き、子供が懐いてご飯の準備の最中や朝の新聞配達時など含めて子供に付き合ってくださいました。,https://www.jalan.net/yad324134/kuchikomi/archive/,mixed,body_positive_and_negative,high,body_sentiment_inference_needed
334,Jalan,jalan_archive,12425935,2022/6/5,,,,,5,ja,True,facility_wide,温泉;予約,,とにかく食事が美味しい！,静かな落ち着いた雰囲気のある宿です。 食事が美味しいので 別府温泉なら宿は迷わずかんな和別邸に予約します。 スタッフの方々も過不足のない行き届いたサービスで 感謝しています。,https://www.jalan.net/yad324134/kuchikomi/archive/,neutral,neutral_or_lodging_context,medium,body_sentiment_inference_needed
335,Jalan,jalan_archive,12424100,2022/6/4,,,,,4,ja,True,facility_wide,温泉;湯;臭,,ソーシャルディスタンス完璧な温泉、食事が楽しめる宿,樹齢200年以上の巨木を生かした建物が異空間で静か、完全なプライベート空間内だけでも快適に過ごせる宿でした。 温泉も優しい温泉で湯当たり、湯疲れする事無く身体の芯迄暖まり湯冷めしにくい良い温泉で無臭の美人の湯でした。 食事もこのプライベート空間の専用の別部屋に用意されており、他でよく有る支度、片付けを目前で行われる環境とは別格でした。 支度している気配も無く、用意が整いましたので…とご案内頂き大変スマートな印象でした。 各客室が別棟の様な環境なので、大変手間が掛かることは思いますがそこが他との差別化の一つと思います。 また別府に行った際には、またお世話になりたいと思います。,https://www.jalan.net/yad324134/kuchikomi/archive/,mixed,body_positive_and_negative,high,body_sentiment_inference_needed
336,Jalan,jalan_archive,12421809,2022/6/2,,,,,2,ja,True,facility_wide,風呂,,接客や子どもへの配慮は◎,金額の割にはお風呂が少し残念でした。しかし、旅館の方の接客がとても良かったです。ご飯は想像以上の仕上がりでした。料理をメインに宿を選ばれる方はおすすめです！あと、子どもが使う物など充実していて助かりました。お子様連れの家族もおすすめです。,https://www.jalan.net/yad324134/kuchikomi/archive/,mixed,body_positive_and_negative,high,body_sentiment_inference_needed
337,Jalan,jalan_archive,12415660,2022/5/30,,,,,4,ja,True,facility_wide,風呂;汚,,料理が最高,料理は、美味しいのはもちろん量もちょうど良く、最後まで美味しくいただけました。事前に苦手な食べ物を伝えていたところ良く考えてくださり、特にプリンが苦手な友人に、パンナコッタをフルーツに変更して提供してくれたのは、大変ありがたく感激でした。 部屋食でしたが提供のペースも良く、また説明も丁寧でゆったりと食事がでしました。 一点、お風呂の屋根が透明でしたが、汚れと枯れ枝？がたくさんあり、綺麗だったら空が良く見えただろうなと思いました。 とはいえ、曇り空だったのでそれほど気にならず、部屋から一歩も出ることなくゆっくり癒され満足です。,https://www.jalan.net/yad324134/kuchikomi/archive/,mixed,body_positive_and_negative,high,body_sentiment_inference_needed
338,Jalan,jalan_archive,12412946,2022/5/29,,,,,4,ja,True,room_bath;family_bath,風呂;家族風呂,,おもてなしが最高,チェックイン、アウトがお部屋で出来て、サービスが細やかで最高でした。 ご飯も美味しくて、苦手やアレルギー対応もしっかりしてくれて良かったです。 部屋風呂もありましたが家族風呂も広くて使いやすかったです。 部屋数は少ないので他のお客さんにも合わずプライベート感があって素晴らしかったです。,https://www.jalan.net/yad324134/kuchikomi/archive/,positive,body_positive,high,body_sentiment_inference_needed
339,Jalan,jalan_archive,12400944,2022/5/22,,,,,4,ja,False,,,,静かでのんびり出来る宿,スタッフの方々の気配りが有り、静かな環境でゆっくり出来ました。また朝夕の食事も大変満足しました。また行きたいと思います。スタッフの皆様有り難う御座いました。,https://www.jalan.net/yad324134/kuchikomi/archive/,positive,body_positive,high,body_sentiment_inference_needed
340,Jalan,jalan_archive,12398105,2022/5/20,,,,,4,ja,True,facility_wide,温泉,,夕方と温泉は良かったです,夕ご飯は美味しかったです。 デザートのパンナコッタは大き過ぎて少し飽きてしまいましたので、もう少し少量でフルーツ盛り合わせと一緒くらいでも良いかなと思いました。,https://www.jalan.net/yad324134/kuchikomi/archive/,positive,body_positive,high,body_sentiment_inference_needed
341,Jalan,jalan_archive,12398053,2022/5/20,,,,,4,ja,True,facility_wide,温泉,,子ども連れでも安心して泊まれる宿,1歳半の子どもと奥さんの3人で宿泊しました。料理、温泉等全てにおいて満足できました。その中でも、従業員さん達のサービス。特に子どもに対する配慮が素晴らしく子連れでも安心して宿泊できる旅館でした。全ての従業員さん達が子どもに笑顔で話しかけてくれ、とても楽しんでいました。是非ともまた宿泊したいと思える旅館です。ありがとうございました。,https://www.jalan.net/yad324134/kuchikomi/archive/,positive,body_positive,high,body_sentiment_inference_needed
342,Jalan,jalan_archive,12393246,2022/5/17,,,,,4,ja,True,facility_wide,風呂;露天;虫;蚊,,2度目の利用,2回目の利用でした。 ここのお宿は食事も美味しいし、お部屋の露天風呂も最高だし、スタッフのお姉様方はフレンドリーで感じも良くてすごく気に入ってリピートしました。 県民割も使ったのでお得に泊まれて満足です。 初めてわんちゃんにも会えて、なでなでさせて貰いました。 特に不満もないのですが、あえて一つお願いすると お部屋の露天風呂を利用した際に2か所蚊？に噛まれてしまったので、蚊取り線香等の虫除けの物を置いて頂けると嬉しいです。,https://www.jalan.net/yad324134/kuchikomi/archive/,mixed,body_positive_and_negative,high,body_sentiment_inference_needed
343,Jalan,jalan_archive,12392595,2022/5/17,,,,,5,ja,True,facility_wide,風呂;露天,,全てに満足できるお宿です。,3月に続き２回目の利用をさせていただきました。前回行けなかった夫がうらやましがったので、今回は二人で参りました。前回とは違う部屋にしていただき、庭の趣や露天風呂の景色もまた違ってよかったです。 お料理は朝夕ともに大満足でお酒も進みました。 スタッフの皆さんの対応もつかず離れずで程よく、心地よかったです。 片道４時間の運転は老体には堪えましたが、またうかがいたい宿です。,https://www.jalan.net/yad324134/kuchikomi/archive/,positive,body_positive,high,body_sentiment_inference_needed
344,Jalan,jalan_archive,12391570,2022/5/16,,,,,4,ja,True,room_bath,温泉;風呂;掛け流,,お肉もお魚も美味しかったです！,滞在日は満室とのことだったのですが、6部屋のこじんまりした宿なので滞在中他のゲストに会うことなくゆったり過ごせました。お部屋のお風呂は掛け流しの温泉だったので朝晩部屋風呂を利用しました。夕食は1本釣りの関アジや甘エビ、ヒラメ、マグロのお刺身盛り合わせと地元の牛ステーキが最高でした。朝食もボリュームがあり大満足でした。スタッフの方の対応もちょうど良い距離感で気持ちよく過ごせました。,https://www.jalan.net/yad324134/kuchikomi/archive/,positive,body_positive,high,body_sentiment_inference_needed
345,Jalan,jalan_archive,12385363,2022/5/12,,,,,3,ja,True,room_bath;room_open_air_bath,温泉;風呂;露天;湯;肌;浴;虫;蚊,,久しぶりの県外旅行に,子供も小さく、コロナ禍でもあったため、県外旅行は長らく控えていました。今回、部屋食、露天風呂付きということで、あまり周りを気にすることなくゆっくりしたいと思い、思い切って県外旅行へ！子供を連れての旅行で、部屋食は初めてでしたが、食事の時間を気にせず部屋でゆっくりできて、美味しいお食事を満喫することができました。いつもは大人の料理を取り分けながら一緒に食べるのですが、今回はお子様ランチも注文させて頂きました。息子は、自分の分があって大喜び♪とても豪華なお子様ランチでした。部屋のお風呂も、子どもの動きを気にせずに旦那と交代でゆっくり入ることができました。別府ということで、温泉にかなり期待し過ぎてた部分もありますが、温泉好きの我々としてはトロッと感がもう少し欲しかったなぁというのが正直な感想でした。割とサラッとしていまた。が、湯の花もたくさんついていたし、お風呂上がりの温もりが持続し、疲れが癒されました。とても静かで、周囲の音も全く聞こえず、息子が多少騒いでも他に迷惑がかからない感じもよかったです。贅沢な時間でした(^^) 一つだけ…自然に囲まれて素敵な場所なのですが、竹やぶのようにしてあるため、すごく大きな蚊が群れのようになっていて、蚊が苦手な私は鳥肌が立ってしまい、露天風呂に入れませんでした。部屋食のため、人が何度も出入りされるのですが、蚊が入って気になりました。蚊が多いことを伝えると、すぐにベイプをつけて対応して下さいました。それと、お風呂の中にムカデが入っており、何も知らない息子がゴミと間違えて掴んだので、一瞬血の気が引いてすごい声で叫んでしまいました。息子は私の声にびっくりして大泣き(笑)。テンションだだ下がりでした。後で聞いてみると、ムカデが増えてきたので薬を撒いているとのことでした。色々と対応して下さっているとは思うのですが、虫が苦手な方は夏場はすこし注意した方がいいかもしれないです。帰りには、お詫びにと言って別府の入浴剤セットを下さり、お見送りも車が見えなくなるまでずっと手を振って下さっていました。アクセスもよく、1日目にはうみたまご、2日目にはアフリカンサファリと普段できない経験をたくさんすることができ、楽しい家族旅行となりました！,https://www.jalan.net/yad324134/kuchikomi/archive/,mixed,body_positive_and_negative,high,body_sentiment_inference_needed
346,Jalan,jalan_archive,12377635,2022/5/9,,,,,4,ja,True,room_bath;family_bath,風呂;水;家族風呂;予約,,おもてなしが最高、料理もよかった！,記念日に利用させてもらいました。 コロナ禍でもあり、また小さい子供がいるので部屋食、家族風呂があるところに行きたくて予約しました。 お料理も美味しく、家族風呂も広くてゆっくりできました。 ただ、部屋風呂の排水溝の流れが悪くて、少し残念でした。 ただ、全体的に大変満足できる宿でした。 また利用しようと思います。,https://www.jalan.net/yad324134/kuchikomi/archive/,mixed,body_positive_and_negative,high,body_sentiment_inference_needed
347,Jalan,jalan_archive,12369368,2022/5/6,,,,,5,ja,True,facility_wide,風呂;肌,,接客、おもてなし最高！,この度は誕生日祝いも兼ねてました。 最初から最後までお気遣い下さり、駐車場から始まり、、帰るまでホントに気持ちよく過ごさせて頂きました。 料理もすごくおいしくてお腹いっぱいになりました。 朝食も最高！！普段食べない娘もおかわりしてました。 お風呂も何回入ったかな？？肌すべすべ！部屋も広いし 絶対行ってみてほしいです。私達もまた利用したいです。 最高の誕生日をありがとうございました。 わんちゃんもかわぃかったな。,https://www.jalan.net/yad324134/kuchikomi/archive/,positive,body_positive,high,body_sentiment_inference_needed
348,Jalan,jalan_archive,12363532,2022/5/4,,,,,4,ja,True,facility_wide,露天;熱,,貸し切り露天が熱過ぎた…,割烹旅館との触れ込みであったが、夕食は普通・・、朝食は美味しかった。夕・朝共に、お米がツヤツヤしておらず、美味しくなかった・・・,https://www.jalan.net/yad324134/kuchikomi/archive/,mixed,body_negative_with_context,high,body_sentiment_inference_needed
349,Jalan,jalan_archive,12361083,2022/5/3,,,,,4,ja,True,family_bath,温泉;風呂;露天;家族風呂,,夕食大満足,夕食の関鯵のお刺身が生きもよくボリュームたっぷりで、豊後牛も肉厚で柔らかく美味しかったです。そのほかの料理の味付けも上品で完食してお腹いっぱいになりました。 お部屋の露天風呂も大きな家族風呂もゆっくり過ごすことができました。 地獄めぐりにも近く別府の温泉宿におすすめです。,https://www.jalan.net/yad324134/kuchikomi/archive/,positive,body_positive,high,body_sentiment_inference_needed
350,Jalan,jalan_archive,12353688,2022/4/29,,,,,4,ja,True,room_bath;family_bath,風呂;露天;家族風呂;貸切,,ゆっくりと日常を忘れて過ごせるお宿,母の傘寿のお祝いに家族で行きました。 コロナ禍でもあり、部屋食、部屋風呂、家族風呂も貸切と皆さんの口コミに惹かれて。 皆さんの口コミ通り、本当にゆっくり出来て、お料理も美味しく、接客も親切丁寧で満足しました。 欲を言えば、お部屋の露天風呂に入った時、お庭や縁側がもう少し整備されていたらもっと心地よかったかな。と。夜は感じませんでしたが、明るい時間は少し気になりました。 トータルでは満足です。両親もとても喜んでくれて良かったです。 わんちゃんのお見送りも可愛いかったです。 また会いに行こうと思います。 ありがとうございました。,https://www.jalan.net/yad324134/kuchikomi/archive/,positive,body_positive,high,body_sentiment_inference_needed
351,Jalan,jalan_archive,12350755,2022/4/27,,,,,5,ja,True,room_bath;private_bath,風呂;貸切;予約,,何もかもが大満足,記念日に利用させてもらいました。 部屋食、部屋風呂がある所に行きたくて、 予約しました。 色んなサービスを提供して下さってビックリでしたし、 夕食と朝食のお料理もとっても美味しかったです。 広くて清潔な部屋や部屋風呂も貸切お風呂も おもてなし等も全てが気持ちよく大満足でした。 本当にありがとうございました。,https://www.jalan.net/yad324134/kuchikomi/archive/,positive,body_positive,high,body_sentiment_inference_needed
352,Jalan,jalan_archive,12349848,2022/4/27,,,,,5,ja,True,private_bath,温泉;風呂;湯;掛け流;浴;貸切;古い,,絶対満足できる宿です,フルムーンで伺いました． 部屋数も少なく、建物は古いけれど、とても清潔にされています。 食事は少なめのコースを選択したのですが、一つ一つ手をかけて作られている美味しい料理が温かいものは温かく、進み具合を見て運ばれてきます。食べ終えて心から満足できました。 部屋数が少ないので本当に静かです。部屋の温泉も気持ちよく何度も入りましたが、特筆したいのは空いていれば夜中以外はいつでも入れる貸切風呂。ゆったりした大きな石の浴槽で空と庭を眺めながら掛け流しの湯を楽しめます。 お部屋に置いてある歯磨き等の入った袋は布の更紗風で、お聞きしたところ持って帰っていいとのことで有難く持ち帰りました。いい思い出になります。 とにかく近くにあったら一年に一度は行きたい宿でした。単価はお高めですが、満足できました。,https://www.jalan.net/yad324134/kuchikomi/archive/,positive,body_positive,high,body_sentiment_inference_needed
353,Jalan,jalan_archive,12347123,2022/4/25,,,,,4,ja,True,facility_wide,風呂;露天,,隠れ家的旅館、お料理が良かった,それぞれ部屋があって隠れ家的でとてもリラックスできました。お料理もどれも美味しく満足です。朝食もボリュームがあり美味しく頂きました。内風呂付きのお部屋に宿泊したのですが、露天風呂もあり楽しめました。,https://www.jalan.net/yad324134/kuchikomi/archive/,positive,body_positive,high,body_sentiment_inference_needed
354,Jalan,jalan_archive,12331474,2022/4/16,,,,,3,ja,True,room_bath;family_bath,風呂;水;家族風呂,,料理サイコー,料理の関あじがとても美味しかった！家族風呂はすごく広く快適だったが室内風呂は排水口の流れが悪くて少し残念だった！ 総合的に大変満足いく旅館だった！,https://www.jalan.net/yad324134/kuchikomi/archive/,mixed,body_positive_and_negative,high,body_sentiment_inference_needed
355,Jalan,jalan_archive,12326118,2022/4/12,,,,,4,ja,True,room_bath;private_bath,温泉;風呂;露天;内湯;湯;源泉;掛け流;お湯;肌;貸切,,家族旅行,二度目の鉄輪温泉でした。今回実は違う旅館に泊まる予定でしたが…色んな旅館の口コミ等見ていたら こちらの旅館の御料理が美味しい！と皆さん書いておられて 写真等もよく見て プランの『関鯵の姿造＆極上豊後牛ステーキ』付き懐石に惹かれて 割烹旅館かんな和別邸さんに決めました！ 主人と娘はお肉が大好き、私はお魚大好き！なのでとても楽しみにして当日を迎えました。 お部屋に案内してくれた 年配の仲居さんは 夜の配膳、お布団等やってもらいました。 とても上品な方で 落ち着いた雰囲気でかつ手際が良く て見習いたいなと思いました。 夜の食事は暖かい状態で食べられる様 一品一品運ばれてきて まだ次の料理来ないかなー！と思わなくてよいくらいの絶妙な間をおいて 次の料理を運んでくださって （主人はとても食べるのが早いので…いつも 次の料理が来るのが遅い！と良くいっているので。）とてもよかったです。味の方も全てにおいてとても美味しかったです。量も本当に絶妙な量で とても手をかけてあり満点だと思いました。 １つだけ注文したをつけるとしたら 料理が美味しくて ご飯が進んでしまったのですが 『ご飯とお汁物はおかわりの際 電話で言ってください。』だったのですが。 ご飯も温かい状態で…なのでしょうが。 電話するのがちょっとだけめんどくさいな。と思いました。 温泉は流石 温泉県なおかつ源泉掛け流しだったので お湯はとても気持ちよかったです。とても体が温まり お肌はツルツルになり とても良かったです。 食事も部屋食 お風呂も部屋に温泉の内湯＆露天風呂だったので 貸切露天風呂に行く以外は部屋から出なくて良くて 他のお客さんに会うこともなく 良かったと思います。 本当に御料理美味しかった！,https://www.jalan.net/yad324134/kuchikomi/archive/,positive,body_positive,high,body_sentiment_inference_needed
356,Jalan,jalan_archive,12322977,2022/4/11,,,,,5,ja,True,facility_wide,風呂;露天,,看板犬かわいすぎる！,宿の入口にかわいい豆柴くんがお出迎えしてくれて着いた瞬間癒されました。 露天風呂がとても気持ちよかったです。 朝、夕食が部屋食というのも他の人と接することがなくてゆっくり味わえました。 朝食のお子様ランチは朝から揚げ物もあり残してしまいましたが、大人の食事はとてもおいしくいただきました。また家族で利用したいです！,https://www.jalan.net/yad324134/kuchikomi/archive/,positive,body_positive,high,body_sentiment_inference_needed
357,Jalan,jalan_archive,12319387,2022/4/9,,,,,5,ja,True,room_bath,温泉;風呂;湯;古い,,充実した旅が楽しめました,約5年ぶり、三回目の宿泊で前回と同様連泊でお世話になりました。 毎回、居心地が良くてかえでのお部屋を利用してます。 今回は旅先でランニングもしたかったので、ランニング装備も持参しました。 3日間ともお天気に恵まれ、散り桜も綺麗で、早朝のランニングで見た青空と湯煙がとっても良かったです。 移動するのがめんどくさく、お部屋のお風呂で満足してましたが、今回は大きなお風呂も利用させていただきましたし、やっぱり鉄輪温泉のむし湯は気持ちがいいです。 接客は毎回とっても満足しています。 担当していただいた皆様、ありがとうございました。 また是非連泊で利用させていただきます。 古い建物を維持していくのはコストもかかると思いますが、これからも快適にくつろげるお部屋を維持してください。 鉄輪温泉でお時間に余裕がある方は、是非「海の見える丘のアトリエ」というカフェに行ってみてください。歩いても行けますのでお勧めです。,https://www.jalan.net/yad324134/kuchikomi/archive/,positive,body_positive,high,body_sentiment_inference_needed
358,Jalan,jalan_archive,12318919,2022/4/8,,,,,5,ja,True,room_bath,温泉;露天;内湯;湯;お湯,,すべてが最高！,春休みに家族でお世話になりました。サイトの口コミ評価も高いのも、うなずける素晴らしい旅館でした。部屋でのお食事もいいタイミングでお料理が運ばれ、絶品でした。お刺身を普段好んで食べない子供たちも、関アジのお造りに大満足でした。 もともと部屋数も少ないのですが。ほぼ誰にも会わず隠れ家のようでした。部屋の温泉も内湯と露天があり、お湯が出る音のみで心が癒されました。アメニティグッズ入れの巾着が手作りで、とてもかわいくて、しかもお持ち帰りしてもいいとのことで、娘と喜んでお土産にいただきました。 おもてなしの心が隅々までいきわたっていてホントによかったです。 今度は夫婦二人で何かの記念日にお世話になりたいです。 ありがとうございました。,https://www.jalan.net/yad324134/kuchikomi/archive/,positive,body_positive,high,body_sentiment_inference_needed
359,Jalan,jalan_archive,12318887,2022/4/8,,,,,5,ja,True,private_bath,温泉;風呂;湯;貸切,,ゆうゆう三世代旅行,部屋に案内され、広さに驚きました。じゃらんに載っている部屋の写真よりも相当広く感じたので、載せ方を変えればもっとお客さんが入るだろうと思いました。 貸切の温泉はとても広く、子どもたちはプールに入るかのように楽しんでいました。部屋から貸し切り風呂に向かう中庭もとても風情がありました。また部屋に付いているお風呂では大人がゆっくり利用できましたし、子どもは寝る前に足湯を楽しんでおりました。 食事は部屋食で、準備の時は客室の別の部屋で待っていればいいので、コロナ禍でも安心できました。料理は言うまでもなく美味しかったです。仲居さんが、別府のおもしろ情報（白蛇）を教えてくださったり、なぞなぞを一緒に考えてくださって、とても嬉しかったです。 部屋は和洋室で、壁で隔てられているので、三世代の利用でもそれぞれプライベートが確保され、お互いがリラックスできました。 金輪には数多くの旅館がありますが、三世代旅行ではとてもお勧めしたい旅館だと思います。,https://www.jalan.net/yad324134/kuchikomi/archive/,positive,body_positive,high,body_sentiment_inference_needed
360,Jalan,jalan_archive,12316811,2022/4/7,,,,,5,ja,True,family_bath,風呂;家族風呂,,食事が最高！子供連れも安心。,４月に３世代５名で宿泊しました。 80代の母は足腰が弱く心配していましたが、家族風呂にも入り食事もいつも以上においしいとたくさん食べて喜んでくれました！ 2才の子供にも色々な配慮がなされ大変心地よい時間を過ごすことができました。帰りに看板わんちゃんのゆめ君にも会えて娘も大喜びでした。 ありがとうございました！,https://www.jalan.net/yad324134/kuchikomi/archive/,positive,body_positive,high,body_sentiment_inference_needed
361,Rakuten Travel,rakuten_preloaded,33123477639084,2026-05-17T04:23:59Z,2026-05-10,20110906,MALE/FORTY/SOLO,5,5,ja,True,room_bath;room_open_air_bath,温泉;風呂;露天;内湯;湯;浴;古い;段差,一泊素泊まり（直前割）〜内湯温泉＋露天風呂付〜 一泊素泊まり（直前割り）〜露天風呂付客室〜,静かで贅沢な時間を過ごせる隠れ宿,初めてお邪魔しました。小ぢんまりとした隠れ宿と言った感じで贅沢な時間を過ごせました 国道沿いながら母屋や敷地に立つ木々のおかげか大変静か。内風呂、露天と二つの浴槽。古さはあるものの清潔に保たれた部屋。各種地獄めぐりや湯布院へのアクセスし易い立地の良さ。チェックが11時でノンビリ朝風呂も可。良いとこ多数でした 気になったのは…。設計が古いせいで段差が幾つかありお年を召された方は注意。あと湯布院方面から来ると対向車線側にあり目立つ看板が無いので入り口を見つけづらいです(間違えて派出所に入りかけた汗 何気にドライヤーも高いのでしたね(ドライヤーオタク)。別府はマンモス級ホテルが多く、そういうホテルは外人客が多く騒がしいのでノンビリ静かに過ごしたい人にオススメです。今度は妻と来ます。ありがとうございました,https://travel.rakuten.co.jp/HOTEL/136033/review.html,mixed,body_positive_and_negative,high,body_sentiment_inference_needed
362,Rakuten Travel,rakuten_preloaded,33123477660680,2026-05-19T22:37:09Z,2026-05-19,虎7605,MALE/SIXTY/SOLO,5,5,ja,True,room_bath,露天;内湯;湯;源泉,メインはおおいた和牛！品数少なめ会席コース「恵の膳」 【露天付き客室】内湯も完備 源泉かけ流し 和室,料理を出す時にさりげなく「前を失礼致します」感動しました。,,https://travel.rakuten.co.jp/HOTEL/136033/review.html,neutral,neutral_or_lodging_context,medium,body_sentiment_inference_needed
363,Rakuten Travel,rakuten_preloaded,33123477950033,2026-06-25T05:12:13Z,2026-06-23,rina2419,FEMALE/THIRTY/FAMILY,3,5,ja,True,room_bath;family_bath,温泉;風呂;内湯;湯;源泉;家族風呂,【一泊朝食付き】夕食は街へ、静寂と温泉を愉しむ宿泊 【内湯温泉付き客室】源泉かけ流し 和室,フロント近くの部屋は音が気になるかも,フロントが目の前のお部屋に泊まりました。フロントが近く夜遅くまで食器を片付ける音が響き、寝付けず、テレビのある奥の部屋までお布団を持ってきて寝ました。音が気になる人は寝付けないかもしれません。 それ以外は全体的に満足しました。家族風呂最高でした♪,https://travel.rakuten.co.jp/HOTEL/136033/review.html,positive,body_positive,high,body_sentiment_inference_needed
364,Rakuten Travel,rakuten_preloaded,33123476818588,2026-02-06T07:42:49Z,2026-02-02,myuii,FEMALE/SIXTY/SOLO,5,4,ja,True,facility_wide,風呂;貸切,一番人気！自然のままに素のままに かんな和別邸スタンダード【匠の膳】TAKUMI お部屋食と貸切風呂 和室+洋室+イステーブル式の個室お部屋食,母も喜ぶお部屋食と趣ある内風呂,足が悪く耳が遠くなった母との旅行のためにこちらの旅館を選びました。 お部屋のソファが母にちょうどよく、内風呂も趣がありとてもよかったです。 夕食朝食共にお部屋食でしたが、どのお料理も手間がかかっていてとても美味しかったです。,https://travel.rakuten.co.jp/HOTEL/136033/review.html,positive,body_positive,high,body_sentiment_inference_needed
365,Rakuten Travel,rakuten_preloaded,33123477285620,2026-04-01T12:29:37Z,2026-03-30,kiyos,FEMALE/FIFTY/FAMILY,4,4,ja,True,room_bath,温泉;風呂;内湯;湯;浴;貸切;予約,一番人気！自然のままに素のままに かんな和別邸スタンダード【匠の膳】TAKUMI お部屋食と貸切風呂 【もみじ】浴室は内湯（温泉）6名まで泊まれる広い2間続き和室,お食事は最高、中庭のお手入れと部屋が予約時と違い少し残念,両親と私の息子で伺いました。私は行けなかったのですがお食事がさすが！素晴らしかったとの事です。ただ中庭のお手入れが落ち葉がたくさんだったりで行き届いてない感じがしたのと、もみじの客間でしたがお茶室に鍵がかかっていて入れなかったとの事。少し残念がっていました。 お食事は匠の膳で大満足だったようで総合的には満足してもらえました。 今度は私も伺いたいです。,https://travel.rakuten.co.jp/HOTEL/136033/review.html,mixed,body_positive_and_negative,high,body_sentiment_inference_needed
366,Rakuten Travel,rakuten_preloaded,33123476960330,2026-02-24T01:32:19Z,2026-02-21,うむたむお,FEMALE/THIRTY/FRIEND,4,4,ja,True,room_bath,風呂;熱;クモ;脱衣,【アニバーサリープラン】 大切な方との特別な記念日を 。。。♪ 和室+洋室+イステーブル式の個室お部屋食,広々とした部屋と美味しい食事、地獄めぐりに便利,お部屋は広くてきれいでゆったりくつろげました！ ただ、脱衣所の鏡の下で死んだ大きなクモがいて、びっくりしました。 夕食はお刺身が一番おいしかったです。あとご飯ですね。もちもちしていておいしかったです。 朝食はご飯に合うおかずばかりでたくさんお米を食べてしましました。 部屋のお風呂は結構熱めで調節の仕方がいまいちわからなかったので、最初に説明してくれたらうれしかったなと感じました。 アニバーサリープランで、ケーキをお願いしていたのですが、 ろうそくにチャッカマンで火をつける音が部屋の入口のところからカチカチ響いていてシュールでした。 地獄めぐりには最適なロケーションだと思います。 チェックアウト後も荷物を預かっていただけて助かりました。,https://travel.rakuten.co.jp/HOTEL/136033/review.html,neutral,neutral_or_lodging_context,medium,body_sentiment_inference_needed
367,Rakuten Travel,rakuten_preloaded,33123476657136,2026-01-14T13:26:09Z,2026-01-09,タケオクン,MALE/TWENTY/LOVER,5,5,ja,True,room_bath,風呂;露天;内湯;湯;源泉;貸切,一番人気！自然のままに素のままに かんな和別邸スタンダード【匠の膳】TAKUMI お部屋食と貸切風呂 【露天付き客室】内湯も完備 源泉かけ流し 和室,客室サービスが良く、満足度の高い宿,部屋の雰囲気はもちろんのこと、客室サービスも大変よく居心地が良かったです。 また満足度の高いお食事も多数ご用意して頂き、 誰かに自慢したくなるようなお品書きとあわせて、ずっと部屋にいたくなるような空間が広がっていました。 周辺観光地へのアクセスも万全です。 非日常を存分に味わうことができるお宿で 料金以上のサービス・空間・満足度が広がります。 また、別府方面へ旅行に行く際は必ず利用したいと思いました！,https://travel.rakuten.co.jp/HOTEL/136033/review.html,positive,body_positive,high,body_sentiment_inference_needed
368,Rakuten Travel,rakuten_preloaded,33123476638270,2026-01-12T08:48:35Z,2025-12-01,3人家族⭐︎,MALE/THIRTY/FAMILY,5,5,ja,True,room_bath,温泉;内湯;湯;浴,【アニバーサリープラン】 大切な方との特別な記念日を 。。。♪ 【もみじ】浴室は内湯（温泉）6名まで泊まれる広い2間続き和室,接客が良く子供も安心なホテル,接客がとても良く部屋も広いため、小さな子供がいましたが気兼ねなく泊まることができました。,https://travel.rakuten.co.jp/HOTEL/136033/review.html,neutral,neutral_or_lodging_context,medium,body_sentiment_inference_needed
369,Rakuten Travel,rakuten_preloaded,33123476534935,2025-12-30T08:50:07Z,2025-12-27,いこみっすん,FEMALE/THIRTY/FAMILY,5,5,ja,True,room_bath;family_bath,温泉;風呂;露天;内湯;湯;源泉;水;家族風呂;貸切,一番人気！自然のままに素のままに かんな和別邸スタンダード【匠の膳】TAKUMI お部屋食と貸切風呂 【内湯温泉付き客室】源泉かけ流し 和室,部屋付き温泉と料理が最高な旅館！,部屋付き温泉と家族風呂（露天風呂）がある素敵な旅館です。 部屋数が少なく周りを気にせずに過ごせます。 地獄めぐりに最適なロケーションで、料理はとにかく美味しくお腹いっぱいになります！どの料理にも素敵なこだわりを感じ、唯一無二感があります。 温泉と地獄めぐりを目的とした別府旅行では、間違いなく一番オススメな旅館です！ ※評価を間違えて ・ロケーション：３ ・設備：３ にしてますが、どちらも４です。理由は以下の通り。 ・ロケーション：別府駅から少し離れていますが、地獄めぐりには最適です！ ・設備：自販機はありません。お水などは少し坂を下ったローソンで調達しました。,https://travel.rakuten.co.jp/HOTEL/136033/review.html,positive,body_positive,high,body_sentiment_inference_needed
370,Rakuten Travel,rakuten_preloaded,33123476541852,2025-12-31T06:41:25Z,2025-12-04,キーボード欲しい,FEMALE/THIRTY/FAMILY,5,5,ja,True,room_bath;family_bath,温泉;風呂;内湯;湯;浴;家族風呂;貸切;古い,一番人気！自然のままに素のままに かんな和別邸スタンダード【匠の膳】TAKUMI お部屋食と貸切風呂 【もみじ】浴室は内湯（温泉）6名まで泊まれる広い2間続き和室,広くて綺麗な部屋と部屋食が最高,新婚旅行で泊まりました。 お部屋は二間あり、少し古い感じでしたが広くて綺麗でした。夕飯も朝食も部屋食でゆっくり食べれて、地元の料理が出て来て大変おいしかったです。係の人も親切で良かったです。 鉄輪温泉街の中心部から少し離れていて、中心部で遊んだりするには距離があったので、宿でこもってゆっくりするにはいい宿です。部屋にあるお風呂も良かったです。 大きな家族風呂がありましたが、他の人が使っていると使えないので、自分の部屋からでも使っているのが分かりやすいといいなと思いました。,https://travel.rakuten.co.jp/HOTEL/136033/review.html,positive,body_positive,high,body_sentiment_inference_needed
371,Rakuten Travel,rakuten_preloaded,33123476176829,2025-11-20T06:38:30Z,2025-11-17,AYN SOBR,FEMALE/TWENTY/SOLO,4,4,ja,True,room_bath;private_bath,温泉;風呂;露天;内湯;湯;源泉;貸切;予約,一番人気！自然のままに素のままに かんな和別邸スタンダード【匠の膳】TAKUMI お部屋食と貸切風呂 【内湯温泉付き客室】源泉かけ流し 和室,一人旅に最適！食事も美味しい宿,初めての1人旅行で利用させていただきました。お部屋で食事が全て完結する点に惹かれ予約しましたが、想像以上に素晴らしい滞在になりました☺️ スタッフの方々はとても丁寧でしたが、キッチンが部屋から近いこともあり、22時頃はキッチンの作業音が少し気になりました😂 朝、夕食はどれも美味しく、かなりボリュームもあるので大変満足しました！ 貸切の露天風呂も最高でした😃 素敵な時間をありがとうございました😊,https://travel.rakuten.co.jp/HOTEL/136033/review.html,positive,body_positive,high,body_sentiment_inference_needed
372,Rakuten Travel,rakuten_preloaded,33123476328346,2025-12-08T09:20:55Z,2025-12-06,としちゃん3541,MALE/SIXTY/FAMILY,4,4,ja,True,room_bath,温泉;風呂;内湯;湯;浴;貸切;古い,【お料理ランクアップ】メインはおおいた和牛のすき焼き！季節の会席プラン＜お部屋食と貸切風呂＞ 【もみじ】浴室は内湯（温泉）6名まで泊まれる広い2間続き和室,還暦祝いに家族旅行、料理も美味,施設は古いですが、部屋対応の方はとても良かったです。料理も美味しくて食べきれませんでした。還暦祝いで家族と行きましたが、赤い帽子と上着も直ぐに準備してくれました。良い記念になりました。,https://travel.rakuten.co.jp/HOTEL/136033/review.html,positive,body_positive,high,body_sentiment_inference_needed
373,Rakuten Travel,rakuten_preloaded,33123476568282,2026-01-03T15:53:03Z,2025-12-28,山口から発信しています,FEMALE/FORTY/FAMILY,5,5,ja,True,room_bath;family_bath,風呂;露天;内湯;湯;源泉;肌;浴;貸切,一番人気！自然のままに素のままに かんな和別邸スタンダード【匠の膳】TAKUMI お部屋食と貸切風呂 【露天付き客室】内湯も完備 源泉かけ流し 和室,お風呂と食事が最高な宿,年末に小学生の子供を含む3人で1泊利用しました。古さを感じる部分はありますが、それが逆に落ち着きました。 部屋には内風呂と露天があり、離れの家族湯もとても広くて何度も入浴しました。お肌がツルツルになりました。 そしてなんと言ってもお食事がとても美味しくボリュームも満点で大満足でした。その土地のものを上手くメニューに取り入れておられました。 食事提供や寝具の準備をしていただいた方々はみなさんお若いですが気配りも素晴らしく、とても感心しました。また機会がありましたら利用したい宿です。この度はお世話になりました。,https://travel.rakuten.co.jp/HOTEL/136033/review.html,positive,body_positive,high,body_sentiment_inference_needed
374,Rakuten Travel,rakuten_preloaded,33123476522323,2025-12-28T13:08:06Z,2025-12-24,お文具さん,FEMALE/THIRTY/FAMILY,5,5,ja,True,room_bath,風呂;露天;内湯;湯;源泉;貸切,一番人気！自然のままに素のままに かんな和別邸スタンダード【匠の膳】TAKUMI お部屋食と貸切風呂 【露天付き客室】内湯も完備 源泉かけ流し 和室,記念日の旅行に最適！料理と気遣いに感動,新婚旅行で泊まらせていただきました。 周辺観光の関係でチェックインの時間が大幅に前後してしまいましたが、快く対応していただきました。また、チェックアウト後も荷物を預かっていただいたりと、大変助かりました。 お部屋もお風呂もとても素敵で、何より料理は一品一品すべてが本当に美味しくて、2人で終始感動しっぱなしでした！ スタッフさんのお気遣いもとても細やかで心地よく、新婚旅行で泊まれて本当に良かったです。 また記念日の折にはぜひ泊まらせていただきたいです。本当にありがとうございました！,https://travel.rakuten.co.jp/HOTEL/136033/review.html,positive,body_positive,high,body_sentiment_inference_needed
375,Rakuten Travel,rakuten_preloaded,33123476437314,2025-12-22T06:34:20Z,2025-12-19,デコリンバワー,FEMALE/SIXTY/FAMILY,5,5,ja,True,facility_wide,温泉;浴;予約,メインはおおいた和牛！品数少なめ会席コース「恵の膳」 和室+洋室+イステーブル式の個室お部屋食,静かで落ち着ける、料理が自慢の宿,先日はお世話になりました。一泊でしたがかんな和別邸さんのお料理を堪能する為に今回も宿泊させて頂きました。九州横断道路がすぐ近くを通っている環境なのに凄く静かで落ち着けます。部屋の広さや好きな時に入浴できる部屋の温泉にも満足してます。毎回同じお部屋を予約させて頂いてますが引き続き宜しくお願い致します。担当スタッフの方もとても感じ良く対応して頂き有難うございました。,https://travel.rakuten.co.jp/HOTEL/136033/review.html,positive,body_positive,high,body_sentiment_inference_needed
376,Rakuten Travel,rakuten_preloaded,33123476407911,2025-12-18T03:38:16Z,2025-12-17,宮崎のポポス,MALE/THIRTY/FAMILY,5,4,ja,True,room_bath,風呂;露天;内湯;湯;源泉;貸切,【お料理ランクアップ】メインはおおいた和牛のすき焼き！季節の会席プラン＜お部屋食と貸切風呂＞ 【露天付き客室】内湯も完備 源泉かけ流し 和室,親切な対応に感謝、良い旅行に,従業員の対応がとても親切丁寧でした。 急なアレルギー食材を伝えた際も 即座に対応していただき助かりました。 親をはじめて旅行に連れていきましたが とてもいい旅行になりました。 ありがとうございました。,https://travel.rakuten.co.jp/HOTEL/136033/review.html,neutral,neutral_or_lodging_context,medium,body_sentiment_inference_needed
377,Rakuten Travel,rakuten_preloaded,33123476121622,2025-11-05T12:58:13Z,2025-10-29,,,4,5,ja,True,family_bath,温泉;風呂;家族風呂;カビ;臭;古い,メインはおおいた和牛！品数少なめ会席コース「恵の膳」 和室+洋室+イステーブル式の個室お部屋食,,高齢の母が家族で温泉に行きたいとの希望で利用させていただきました。 脚の悪い母のために、テーブルで部屋食可能な宿泊施設を検索して選びました。 駐車場から部屋までスタッフが案内してくれるのですが、ここまでの感想は「ちょっと失敗したかな？」でした。 建物の入り口は古めかしくて部屋もカビの臭いが少しあったからです。 でも部屋のアメニティやお迎えのお菓子のレベルは高く家族風呂は気持ちいい 何よりもスタッフの対応がよくて古い施設のことはだんだんと気にならなくなりました。 そして極めつけは食事。 さすがは割烹旅館 品数少なめとは思えない内容で、すべてが美味しかったです。担当してくれた仲居さんも気持ちの良い方で、最後は家族みんな大満足で旅館をあとにしました。,https://travel.rakuten.co.jp/HOTEL/136033/review.html,mixed,body_positive_and_negative,high,body_sentiment_inference_needed
378,Rakuten Travel,rakuten_preloaded,33123472795186,2025-09-20T04:46:22Z,2025-09-16,,FEMALE/SIXTY/FAMILY,5,5,ja,True,room_bath,温泉;風呂;内湯;湯;源泉;お湯,メインはおおいた和牛！品数少なめ会席コース「恵の膳」 【内湯温泉付き客室】源泉かけ流し 和室,,９月１６日に宿泊しました 玄関に入った瞬間から 和の雰囲気でこのお宿にして良かったと思いました お部屋も 庭が見え 落ち着けました お風呂も 檜風呂で お湯が柔らかく 凄く気持ち良かったです 今まで 色々温泉に入りましたが 私の中で一番です そして お料理も 少な目と書いてありましたが とっても美味しく お腹いっぱいになりました 余分に持って行ったお菓子など 全く食べられないくらい 夕食だけでなく 朝食も美味しく 品数も多く やはりお腹いっぱいになりました なので 大満足で帰りました 中高年の方に ぜひお勧めしたいです,https://travel.rakuten.co.jp/HOTEL/136033/review.html,positive,body_positive,high,body_sentiment_inference_needed
379,Rakuten Travel,rakuten_preloaded,33123472599919,2025-08-18T05:36:12Z,2025-08-16,,,5,5,ja,True,room_bath;family_bath,風呂;露天;内湯;湯;源泉;家族風呂;貸切,一番人気！自然のままに素のままに かんな和別邸スタンダード【匠の膳】TAKUMI お部屋食と貸切風呂 【露天付き客室】内湯も完備 源泉かけ流し 和室,,大変満足でした！ 部屋の露天はそんなに大きく無いものの家族風呂は混む事なくゆっくりはいれたし 食事も美味しく 若い仲居さんでしたがお話も上手で次の日の行く予定の情報なども教えて頂きとても良かったです！,https://travel.rakuten.co.jp/HOTEL/136033/review.html,positive,body_positive,high,body_sentiment_inference_needed
380,Rakuten Travel,rakuten_preloaded,33123472542125,2025-08-02T04:59:25Z,2025-07-19,,,5,5,ja,True,room_bath;family_bath,温泉;風呂;内湯;湯;源泉;浴;家族風呂;貸切,一番人気！自然のままに素のままに かんな和別邸スタンダード【匠の膳】TAKUMI お部屋食と貸切風呂 【内湯温泉付き客室】源泉かけ流し 和室,,一歩中に入ると静かで涼しく、部屋から見える景色から癒されました。旅館の皆さんとても話しやすく優しかったです！ アレルギー対応もしていただき、安心して美味しい食事を頂けました。部屋風呂も凄く良かったのですが、家族風呂はお天気が良く星空を見ながらのんびり入浴出来た事がとても良かったです。 また行きたい旅館です！,https://travel.rakuten.co.jp/HOTEL/136033/review.html,positive,body_positive,high,body_sentiment_inference_needed
381,Google Hotels,google_native_snapshot,google_a4557378bf,6년 전에,,Rolex Mania,,5/5,,ko,True,facility_wide,온천,,,"휴가 ❘ 커플 1박 66,000엔으로 묵었습니다. 이번 여행에서는 비즈니스호텔, 저렴한 료칸, 그리고 마지막 칸나와 베테이로 첫 온천여행을 마무리 했는데, 좋은 선택이었던것 같습니다. 다른 료칸에 대한 경험은 없지만, 자세히 작성 해보겠습니다. …",https://www.google.co.jp/travel/hotels/entity/ChcIzP2R7KvPzOc-GgsvZy8xdGN3amM3MxAB,positive,body_positive,high,body_sentiment_inference_needed
382,Google Hotels,google_native_snapshot,google_36b1d37bcc,6년 전에,,L J,,4/5,,ko,True,private_bath,온천;탕;전세탕;비싸,,,훌륭합니다. 저녁식사와 아침식사를 제공하는데 저녁식사는 미슐랭같았어요. 샤브샤브에 소고기 정말맛있었어요. 객실에 딸린 개인식당으로 갖다주는데 객실 현관문을 잠궈놨는데  따고 들어와서 당황스러웠어요. 노크해서 열어줄때까지 기다리시거나 전화주셨스면 더 좋았을 것 같아요. 아침식사도 정갈했는데 고기반찬이 없어서 아쉽습니다. 생선반찬만 있어요. 개인 온천과 전세탕을 골고루 이용할 수 있어 너무 좋았어요. 겨울에 방문하여 좋았어요. 여름이면 아마 타죽을듯ㅋㅋ가격은 비싸지만 괜찮아요~,https://www.google.co.jp/travel/hotels/entity/ChcIzP2R7KvPzOc-GgsvZy8xdGN3amM3MxAB,mixed,body_positive_and_negative,high,body_sentiment_inference_needed
383,Google Hotels,google_native_snapshot,google_cee87c054f,7년 전에,,Celina Kim,,5/5,,ko,True,room_bath;room_open_air_bath;family_bath,온천;탕;가족탕,,,"벳부에와서 일본식 온천 호텔을 체험해볼려고 가족끼리 숙박을 했었는데 방도 너무 이뿌고 우리가 예약한 방은 방마다 야외,그리고 실내 온천이 딸려있어서 다른사람들한테 방해 받지 않고 프라이빗하게 온천을 즐길수 있었고 또 따로 있는 가족탕도 넘넘 좋았습니다 아침 저녁으로 일본식으로 준비된 식사도 휼륭했고 무엇보다도 친절한 직원들의 서비스 마인드를 높게 칭찬합니다 다음에 벳부를 온다면 다시 한번 숙박하고싶은 너무나 좋았던 호텔입니다",https://www.google.co.jp/travel/hotels/entity/ChcIzP2R7KvPzOc-GgsvZy8xdGN3amM3MxAB,positive,body_positive,high,body_sentiment_inference_needed
384,Google Hotels,google_native_snapshot,google_fa18e25537,6년 전에,,MG LEE,,4/5,,ko,True,room_bath;private_bath;public_bath,水;온천;탕;간판;입구,,,휴가 ❘ 가족 뱃푸에 있는 작은 료칸. 대여섯 개의 룸과 가족단위로 사용하는 대중 온천탕 및 객실 온천탕 있음. 입구 간판이 잘 안보여서 인근 호텔 山水館의 언덕쪽 바로 옆 좁은 진입로가 입구.객실 4.0 서비스 5.0 위치 4.0,https://www.google.co.jp/travel/hotels/entity/ChcIzP2R7KvPzOc-GgsvZy8xdGN3amM3MxAB,mixed,body_negative_with_context,high,body_sentiment_inference_needed
385,Google Hotels,google_native_snapshot,google_2196c28a32,7년 전에,,Yongjun Kim,,5/5,,ko,True,room_bath;family_bath,탕;가족탕,,,"저녁과 아침을 방 안으로 가져다줍니다. 방마다 작은 욕탕이 있고, 밖에 가족탕이 있습니다. 욕탕 운치는 조금 떨어지나 음식이 정말 맛있습니다. 직원분들도 매우 친절합니다.",https://www.google.co.jp/travel/hotels/entity/ChcIzP2R7KvPzOc-GgsvZy8xdGN3amM3MxAB,neutral,neutral_or_lodging_context,medium,body_sentiment_inference_needed
386,Google Hotels,google_native_snapshot,google_6d28ef5c95,6년 전에,,J (Billionaire),,4/5,,ko,True,room_open_air_bath,노천;탕,,,직원분들이 넘 친절하고 가족 노천탕이 넘 좋아요. 다만 가격이 그만큼쎄고 가이세키는 사실 맛있었지만 제 입맛에는 완전히 다 어울리진 않았어요,https://www.google.co.jp/travel/hotels/entity/ChcIzP2R7KvPzOc-GgsvZy8xdGN3amM3MxAB,neutral,neutral_or_lodging_context,medium,body_sentiment_inference_needed
387,Google Hotels,google_native_snapshot,google_bc407725ab,7년 전에,,너정말,,4/5,,ko,False,,,,,주인할머니 너무 친절하셔  하루 잘 지냈고 저녁은 입맛에 안 맞는게 한두개있었는데  그외엔 맛나게 먹었어 렌탈해서갈때  들어가는길이 큰길바로옆인데 잘찾아서가야해,https://www.google.co.jp/travel/hotels/entity/ChcIzP2R7KvPzOc-GgsvZy8xdGN3amM3MxAB,neutral,neutral_or_lodging_context,medium,body_sentiment_inference_needed
388,Google Hotels,google_native_snapshot,google_9677e0a41f,3년 전에,,Sun Young Hwang (S.Y.),,4/5,,ko,False,,,,,고풍스럽고 깔끔합니다. 내부도 넓고 쾌적합니다.,https://www.google.co.jp/travel/hotels/entity/ChcIzP2R7KvPzOc-GgsvZy8xdGN3amM3MxAB,neutral,neutral_or_lodging_context,medium,body_sentiment_inference_needed
389,Google Hotels,google_native_snapshot,google_72fb5d444b,1개월 전에,,Vainamoinen,,5/5,,ko,True,facility_wide,온천,,,"휴가 ❘ 커플(Google 번역 제공) 온천과 방의 차분한 분위기 덕분에 천천히 보낼 수있었습니다. 관내는 매우 깨끗하고 조용하고 편안한 장소였습니다.스탭 여러분은 매우 친절하고, 제 질문에 친절한 일본어로 대답해 주셨습니다. 정말 고마워요. …",https://www.google.co.jp/travel/hotels/entity/ChcIzP2R7KvPzOc-GgsvZy8xdGN3amM3MxAB,positive,body_positive,high,body_sentiment_inference_needed
