platform,source_url,source_kind,language,review_date,rating,review_id,bath_area_tags,signal_tags,caution_tags,onsen_related,short_paraphrase,original_keywords,signal_direction,direction_backfill_rule,direction_backfill_confidence,direction_backfill_candidate_type
Jalan,https://www.jalan.net/yad312931/kuchikomi/,direct_fetch_existing_jalan,ja,2026/5/18,5 5,jalan-001,room_open_air_bath;private_bath,room_bath_hot_spring;private_bath_experience,,True,"Jalan ja 표본: 객실 내탕/노천탕 이용 맥락, 프라이빗/대절탕 맥락이 확인됨.",노천탕/露天;내탕/内湯,positive,body_positive,high,issue_caution_calibration_needed
Jalan,https://www.jalan.net/yad312931/kuchikomi/,direct_fetch_existing_jalan,ja,2026/4/9,5 5,jalan-002,room_open_air_bath;private_bath,room_bath_hot_spring;private_bath_experience,,True,"Jalan ja 표본: 객실 내탕/노천탕 이용 맥락, 프라이빗/대절탕 맥락이 확인됨.",노천탕/露天,positive,body_positive,high,issue_caution_calibration_needed
Jalan,https://www.jalan.net/yad312931/kuchikomi/,direct_fetch_existing_jalan,ja,2026/1/6,4 4,jalan-003,room_open_air_bath;private_bath,room_bath_hot_spring;private_bath_experience,temperature_access_cleanliness,True,"Jalan ja 표본: 객실 내탕/노천탕 이용 맥락, 프라이빗/대절탕 맥락이 확인됨.",노천탕/露天;온천/温泉;온도/湯加減,mixed,caution_or_issue_tag,high,issue_caution_calibration_needed
Jalan,https://www.jalan.net/yad312931/kuchikomi/,direct_fetch_existing_jalan,ja,2025/12/8,5 5,jalan-004,room_open_air_bath,room_bath_hot_spring;booking_confusion,,True,Jalan ja 표본: 객실 내탕/노천탕 이용 맥락이 확인됨.,노천탕/露天;내탕/内湯;온천/温泉,mixed,conditional_signal_tag,medium,issue_caution_calibration_needed
Jalan,https://www.jalan.net/yad312931/kuchikomi/,direct_fetch_existing_jalan,ja,2025/10/23,5 5,jalan-005,room_open_air_bath,room_bath_hot_spring;booking_confusion,,True,Jalan ja 표본: 객실 내탕/노천탕 이용 맥락이 확인됨.,노천탕/露天;예약/거리/송영,mixed,conditional_signal_tag,medium,issue_caution_calibration_needed
Jalan,https://www.jalan.net/yad312931/kuchikomi/,direct_fetch_existing_jalan,ja,2025/9/23,4 4,jalan-006,room_open_air_bath;private_bath,room_bath_hot_spring;private_bath_experience,,True,"Jalan ja 표본: 객실 내탕/노천탕 이용 맥락, 프라이빗/대절탕 맥락이 확인됨.",노천탕/露天,positive,body_positive,high,issue_caution_calibration_needed
Jalan,https://www.jalan.net/yad312931/kuchikomi/,direct_fetch_existing_jalan,ja,2025/9/6,5 5,jalan-007,room_open_air_bath,room_bath_hot_spring,,True,Jalan ja 표본: 객실 내탕/노천탕 이용 맥락이 확인됨.,노천탕/露天;온천/温泉,positive,rating_positive_signal,medium,issue_caution_calibration_needed
Jalan,https://www.jalan.net/yad312931/kuchikomi/archive/,direct_fetch_existing_jalan,ja,2025/5/24,3 3,jalan-008,room_open_air_bath,room_bath_hot_spring,temperature_access_cleanliness,True,Jalan ja 표본: 객실 내탕/노천탕 이용 맥락이 확인됨.,노천탕/露天;내탕/内湯;온도/湯加減,mixed,caution_or_issue_tag,high,issue_caution_calibration_needed
Jalan,https://www.jalan.net/yad312931/kuchikomi/archive/,direct_fetch_existing_jalan,ja,2025/5/22,5 5,jalan-009,room_open_air_bath,room_bath_hot_spring,,True,Jalan ja 표본: 객실 내탕/노천탕 이용 맥락이 확인됨.,노천탕/露天;내탕/内湯,positive,rating_positive_signal,medium,issue_caution_calibration_needed
Jalan,https://www.jalan.net/yad312931/kuchikomi/archive/,direct_fetch_existing_jalan,ja,2025/3/8,5 5,jalan-010,room_open_air_bath,room_bath_hot_spring,temperature_access_cleanliness,True,Jalan ja 표본: 객실 내탕/노천탕 이용 맥락이 확인됨.,노천탕/露天;내탕/内湯;온도/湯加減,mixed,caution_or_issue_tag,high,issue_caution_calibration_needed
Jalan,https://www.jalan.net/yad312931/kuchikomi/archive/,direct_fetch_existing_jalan,ja,2023/7/15,5 5,jalan-011,room_open_air_bath,room_bath_hot_spring;water_texture;booking_confusion,temperature_access_cleanliness,True,Jalan ja 표본: 객실 내탕/노천탕 이용 맥락이 확인됨.,노천탕/露天;내탕/内湯;온도/湯加減;虫/벌레,mixed,body_negative_with_context,high,issue_caution_calibration_needed
Jalan,https://www.jalan.net/yad312931/kuchikomi/archive/,direct_fetch_existing_jalan,ja,2023/5/7,5 5,jalan-012,room_open_air_bath,room_bath_hot_spring,,True,Jalan ja 표본: 객실 내탕/노천탕 이용 맥락이 확인됨.,노천탕/露天;내탕/内湯;온도/湯加減,positive,rating_positive_signal,medium,issue_caution_calibration_needed
Jalan,https://www.jalan.net/yad312931/kuchikomi/archive/,direct_fetch_existing_jalan,ja,2022/11/1,4 4,jalan-013,room_open_air_bath,room_bath_hot_spring,,True,Jalan ja 표본: 객실 내탕/노천탕 이용 맥락이 확인됨.,노천탕/露天;내탕/内湯;온천/温泉,positive,rating_positive_signal,medium,issue_caution_calibration_needed
Jalan,https://www.jalan.net/yad312931/kuchikomi/archive/,direct_fetch_existing_jalan,ja,2022/9/22,3 3,jalan-014,room_open_air_bath;private_bath,room_bath_hot_spring;private_bath_experience;water_texture,temperature_access_cleanliness,True,"Jalan ja 표본: 객실 내탕/노천탕 이용 맥락, 프라이빗/대절탕 맥락이 확인됨.",노천탕/露天;내탕/内湯;온도/湯加減,mixed,caution_or_issue_tag,high,issue_caution_calibration_needed
Jalan,https://www.jalan.net/yad312931/kuchikomi/archive/,direct_fetch_existing_jalan,ja,2022/7/23,3 3,jalan-015,room_open_air_bath;private_bath,room_bath_hot_spring;private_bath_experience;water_texture;booking_confusion,,True,"Jalan ja 표본: 객실 내탕/노천탕 이용 맥락, 프라이빗/대절탕 맥락이 확인됨.",노천탕/露天;내탕/内湯;온천/温泉,mixed,conditional_signal_tag,medium,issue_caution_calibration_needed
Jalan,https://www.jalan.net/yad312931/kuchikomi/archive/,direct_fetch_existing_jalan,ja,2022/6/24,5 5,jalan-016,room_open_air_bath;open_air_public_bath;private_bath,room_bath_hot_spring;public_bath_hot_spring;private_bath_experience;booking_confusion,temperature_access_cleanliness,True,"Jalan ja 표본: 객실 내탕/노천탕 이용 맥락, 프라이빗/대절탕 맥락이 확인됨.",노천탕/露天;내탕/内湯;대욕장/공용;온천/温泉;온도/湯加減;예약/거리/송영,mixed,caution_or_issue_tag,high,issue_caution_calibration_needed
Jalan,https://www.jalan.net/yad312931/kuchikomi/archive/,direct_fetch_existing_jalan,ja,2022/5/27,3 3,jalan-017,room_open_air_bath,room_bath_hot_spring,,True,Jalan ja 표본: 객실 내탕/노천탕 이용 맥락이 확인됨.,노천탕/露天;내탕/内湯,positive,positive_signal_no_caution,medium,issue_caution_calibration_needed
Jalan,https://www.jalan.net/yad312931/kuchikomi/archive/,direct_fetch_existing_jalan,ja,2022/5/18,3 3,jalan-018,room_open_air_bath,room_bath_hot_spring,,True,Jalan ja 표본: 객실 내탕/노천탕 이용 맥락이 확인됨.,노천탕/露天;온천/温泉,positive,positive_signal_no_caution,medium,issue_caution_calibration_needed
Jalan,https://www.jalan.net/yad312931/kuchikomi/archive/,direct_fetch_existing_jalan,ja,2022/3/4,5 5,jalan-019,room_open_air_bath;private_bath,room_bath_hot_spring;private_bath_experience,temperature_access_cleanliness,True,"Jalan ja 표본: 객실 내탕/노천탕 이용 맥락, 프라이빗/대절탕 맥락이 확인됨.",노천탕/露天;내탕/内湯;온천/温泉,mixed,caution_or_issue_tag,high,issue_caution_calibration_needed
Jalan,https://www.jalan.net/yad312931/kuchikomi/archive/,direct_fetch_existing_jalan,ja,2021/10/16,4 4,jalan-020,room_open_air_bath;private_bath,room_bath_hot_spring;private_bath_experience;crowding;booking_confusion,temperature_access_cleanliness,True,"Jalan ja 표본: 객실 내탕/노천탕 이용 맥락, 프라이빗/대절탕 맥락이 확인됨.",노천탕/露天;내탕/内湯;온천/温泉;온도/湯加減,mixed,caution_or_issue_tag,high,issue_caution_calibration_needed
Jalan,https://www.jalan.net/yad312931/kuchikomi/archive/,direct_fetch_existing_jalan,ja,2021/5/23,4 4,jalan-021,room_open_air_bath,room_bath_hot_spring,,True,Jalan ja 표본: 객실 내탕/노천탕 이용 맥락이 확인됨.,노천탕/露天;내탕/内湯;온천/温泉,positive,rating_positive_signal,medium,issue_caution_calibration_needed
Jalan,https://www.jalan.net/yad312931/kuchikomi/archive/,direct_fetch_existing_jalan,ja,2021/5/22,5 5,jalan-022,room_open_air_bath,room_bath_hot_spring,,True,Jalan ja 표본: 객실 내탕/노천탕 이용 맥락이 확인됨.,노천탕/露天;내탕/内湯;온천/温泉,positive,rating_positive_signal,medium,issue_caution_calibration_needed
Jalan,https://www.jalan.net/yad312931/kuchikomi/archive/,direct_fetch_existing_jalan,ja,2021/4/20,5 5,jalan-023,room_open_air_bath;private_bath,room_bath_hot_spring;private_bath_experience;water_texture;weak_onsen_feeling,,True,"Jalan ja 표본: 객실 내탕/노천탕 이용 맥락, 프라이빗/대절탕 맥락이 확인됨.",노천탕/露天;내탕/内湯;貸切/가족탕;온천/温泉,negative,negative_signal_tag,high,issue_caution_calibration_needed
Jalan,https://www.jalan.net/yad312931/kuchikomi/archive/,direct_fetch_existing_jalan,ja,2021/2/26,5 5,jalan-024,room_open_air_bath;private_bath,room_bath_hot_spring;private_bath_experience;water_texture,temperature_access_cleanliness,True,"Jalan ja 표본: 객실 내탕/노천탕 이용 맥락, 프라이빗/대절탕 맥락이 확인됨.",노천탕/露天;내탕/内湯;온천/温泉;온도/湯加減,mixed,caution_or_issue_tag,high,issue_caution_calibration_needed
Jalan,https://www.jalan.net/yad312931/kuchikomi/archive/,direct_fetch_existing_jalan,ja,2021/1/12,5 5,jalan-025,room_open_air_bath,room_bath_hot_spring,,True,Jalan ja 표본: 객실 내탕/노천탕 이용 맥락이 확인됨.,노천탕/露天;온천/温泉;온도/湯加減,positive,rating_positive_signal,medium,issue_caution_calibration_needed
Jalan,https://www.jalan.net/yad312931/kuchikomi/archive/,direct_fetch_existing_jalan,ja,2020/12/2,5 5,jalan-026,room_open_air_bath,room_bath_hot_spring;booking_confusion,,True,Jalan ja 표본: 객실 내탕/노천탕 이용 맥락이 확인됨.,노천탕/露天;내탕/内湯;온천/温泉,mixed,conditional_signal_tag,medium,issue_caution_calibration_needed
Jalan,https://www.jalan.net/yad312931/kuchikomi/archive/,direct_fetch_existing_jalan,ja,2020/11/18,5 5,jalan-027,room_open_air_bath,room_bath_hot_spring,,True,Jalan ja 표본: 객실 내탕/노천탕 이용 맥락이 확인됨.,노천탕/露天;온천/温泉,positive,rating_positive_signal,medium,issue_caution_calibration_needed
Jalan,https://www.jalan.net/yad312931/kuchikomi/archive/,direct_fetch_existing_jalan,ja,2020/11/10,5 5,jalan-028,room_open_air_bath,room_bath_hot_spring,,True,Jalan ja 표본: 객실 내탕/노천탕 이용 맥락이 확인됨.,노천탕/露天;내탕/内湯;온천/温泉,positive,rating_positive_signal,medium,issue_caution_calibration_needed
Jalan,https://www.jalan.net/yad312931/kuchikomi/archive/,direct_fetch_existing_jalan,ja,2020/11/4,5 5,jalan-029,room_open_air_bath,room_bath_hot_spring;booking_confusion,temperature_access_cleanliness,True,Jalan ja 표본: 객실 내탕/노천탕 이용 맥락이 확인됨.,노천탕/露天;온천/温泉,mixed,caution_or_issue_tag,high,issue_caution_calibration_needed
Jalan,https://www.jalan.net/yad312931/kuchikomi/archive/,direct_fetch_existing_jalan,ja,2020/10/29,5 5,jalan-030,room_open_air_bath,room_bath_hot_spring;booking_confusion,,True,Jalan ja 표본: 객실 내탕/노천탕 이용 맥락이 확인됨.,노천탕/露天;내탕/内湯;온천/温泉;예약/거리/송영,mixed,conditional_signal_tag,medium,issue_caution_calibration_needed
Jalan,https://www.jalan.net/yad312931/kuchikomi/archive/,direct_fetch_existing_jalan,ja,2020/10/26,4 4,jalan-031,room_open_air_bath;open_air_public_bath,room_bath_hot_spring;public_bath_hot_spring,temperature_access_cleanliness,True,Jalan ja 표본: 객실 내탕/노천탕 이용 맥락이 확인됨.,노천탕/露天;내탕/内湯;대욕장/공용;온천/温泉,mixed,caution_or_issue_tag,high,issue_caution_calibration_needed
Jalan,https://www.jalan.net/yad312931/kuchikomi/archive/,direct_fetch_existing_jalan,ja,2020/9/10,5 5,jalan-032,room_open_air_bath,room_bath_hot_spring,,True,Jalan ja 표본: 객실 내탕/노천탕 이용 맥락이 확인됨.,노천탕/露天;내탕/内湯;온천/温泉,positive,rating_positive_signal,medium,issue_caution_calibration_needed
Jalan,https://www.jalan.net/yad312931/kuchikomi/archive/,direct_fetch_existing_jalan,ja,2020/9/1,5 5,jalan-033,room_open_air_bath,room_bath_hot_spring,temperature_access_cleanliness,True,Jalan ja 표본: 객실 내탕/노천탕 이용 맥락이 확인됨.,노천탕/露天;내탕/内湯,mixed,caution_or_issue_tag,high,issue_caution_calibration_needed
Jalan,https://www.jalan.net/yad312931/kuchikomi/archive/,direct_fetch_existing_jalan,ja,2020/8/15,5 5,jalan-034,room_open_air_bath,room_bath_hot_spring,,True,Jalan ja 표본: 객실 내탕/노천탕 이용 맥락이 확인됨.,노천탕/露天;내탕/内湯;온천/温泉,positive,rating_positive_signal,medium,issue_caution_calibration_needed
Jalan,https://www.jalan.net/yad312931/kuchikomi/archive/,direct_fetch_existing_jalan,ja,2020/7/14,5 5,jalan-035,room_open_air_bath,room_bath_hot_spring,temperature_access_cleanliness,True,Jalan ja 표본: 객실 내탕/노천탕 이용 맥락이 확인됨.,노천탕/露天;내탕/内湯;온천/温泉,mixed,caution_or_issue_tag,high,issue_caution_calibration_needed
Jalan,https://www.jalan.net/yad312931/kuchikomi/archive/,direct_fetch_existing_jalan,ja,2020/4/2,4 4,jalan-036,room_open_air_bath,room_bath_hot_spring;booking_confusion,temperature_access_cleanliness,True,Jalan ja 표본: 객실 내탕/노천탕 이용 맥락이 확인됨.,노천탕/露天;온천/温泉,mixed,caution_or_issue_tag,high,issue_caution_calibration_needed
Jalan,https://www.jalan.net/yad312931/kuchikomi/archive/,direct_fetch_existing_jalan,ja,2020/3/20,5 5,jalan-037,room_open_air_bath;private_bath,room_bath_hot_spring;private_bath_experience,,True,"Jalan ja 표본: 객실 내탕/노천탕 이용 맥락, 프라이빗/대절탕 맥락이 확인됨.",노천탕/露天;내탕/内湯;온천/温泉,positive,body_positive,high,issue_caution_calibration_needed
Jalan,https://www.jalan.net/yad312931/kuchikomi/archive/2.HTML,direct_fetch_existing_jalan,ja,2019/12/25,5 5,jalan-038,room_open_air_bath,room_bath_hot_spring,,True,Jalan ja 표본: 객실 내탕/노천탕 이용 맥락이 확인됨.,노천탕/露天;내탕/内湯,positive,rating_positive_signal,medium,issue_caution_calibration_needed
Jalan,https://www.jalan.net/yad312931/kuchikomi/archive/2.HTML,direct_fetch_existing_jalan,ja,2019/10/24,3 3,jalan-039,room_open_air_bath,room_bath_hot_spring;crowding;booking_confusion,,True,Jalan ja 표본: 객실 내탕/노천탕 이용 맥락이 확인됨.,노천탕/露天;온천/温泉;예약/거리/송영,mixed,conditional_signal_tag,medium,issue_caution_calibration_needed
Jalan,https://www.jalan.net/yad312931/kuchikomi/archive/2.HTML,direct_fetch_existing_jalan,ja,2019/9/22,3 3,jalan-040,room_open_air_bath,room_bath_hot_spring,,True,Jalan ja 표본: 객실 내탕/노천탕 이용 맥락이 확인됨.,노천탕/露天;온천/温泉,positive,positive_signal_no_caution,medium,issue_caution_calibration_needed
Jalan,https://www.jalan.net/yad312931/kuchikomi/archive/2.HTML,direct_fetch_existing_jalan,ja,2019/9/2,5 5,jalan-041,private_bath,private_bath_experience,,True,Jalan ja 표본: 프라이빗/대절탕 맥락이 확인됨.,노천탕/露天;온천/温泉,positive,body_positive,high,issue_caution_calibration_needed
Jalan,https://www.jalan.net/yad312931/kuchikomi/archive/2.HTML,direct_fetch_existing_jalan,ja,2019/8/10,5 5,jalan-042,room_open_air_bath,room_bath_hot_spring;booking_confusion,,True,Jalan ja 표본: 객실 내탕/노천탕 이용 맥락이 확인됨.,노천탕/露天;온천/温泉,mixed,conditional_signal_tag,medium,issue_caution_calibration_needed
Jalan,https://www.jalan.net/yad312931/kuchikomi/archive/2.HTML,direct_fetch_existing_jalan,ja,2019/8/7,4 4,jalan-043,room_open_air_bath,room_bath_hot_spring,,True,Jalan ja 표본: 객실 내탕/노천탕 이용 맥락이 확인됨.,노천탕/露天;온천/温泉,positive,rating_positive_signal,medium,issue_caution_calibration_needed
Jalan,https://www.jalan.net/yad312931/kuchikomi/archive/2.HTML,direct_fetch_existing_jalan,ja,2019/5/7,5 5,jalan-044,room_open_air_bath;open_air_public_bath,room_bath_hot_spring;public_bath_hot_spring;booking_confusion,,True,Jalan ja 표본: 객실 내탕/노천탕 이용 맥락이 확인됨.,노천탕/露天;내탕/内湯;대욕장/공용;온천/温泉;예약/거리/송영,mixed,conditional_signal_tag,medium,issue_caution_calibration_needed
Jalan,https://www.jalan.net/yad312931/kuchikomi/archive/2.HTML,direct_fetch_existing_jalan,ja,2019/4/24,5 5,jalan-045,room_open_air_bath,room_bath_hot_spring;crowding,,True,Jalan ja 표본: 객실 내탕/노천탕 이용 맥락이 확인됨.,노천탕/露天;온천/温泉,mixed,conditional_signal_tag,medium,issue_caution_calibration_needed
Jalan,https://www.jalan.net/yad312931/kuchikomi/archive/2.HTML,direct_fetch_existing_jalan,ja,2019/3/5,5 5,jalan-046,room_open_air_bath,room_bath_hot_spring,,True,Jalan ja 표본: 객실 내탕/노천탕 이용 맥락이 확인됨.,노천탕/露天;온천/温泉,positive,rating_positive_signal,medium,issue_caution_calibration_needed
Jalan,https://www.jalan.net/yad312931/kuchikomi/archive/2.HTML,direct_fetch_existing_jalan,ja,2019/1/21,5 5,jalan-047,room_open_air_bath,room_bath_hot_spring,,True,Jalan ja 표본: 객실 내탕/노천탕 이용 맥락이 확인됨.,노천탕/露天;내탕/内湯;온천/温泉,positive,rating_positive_signal,medium,issue_caution_calibration_needed
Jalan,https://www.jalan.net/yad312931/kuchikomi/archive/2.HTML,direct_fetch_existing_jalan,ja,2018/11/28,4 4,jalan-048,room_open_air_bath,room_bath_hot_spring,,True,Jalan ja 표본: 객실 내탕/노천탕 이용 맥락이 확인됨.,노천탕/露天;온천/温泉,positive,rating_positive_signal,medium,issue_caution_calibration_needed
Jalan,https://www.jalan.net/yad312931/kuchikomi/archive/2.HTML,direct_fetch_existing_jalan,ja,2018/8/22,5 5,jalan-049,room_open_air_bath,room_bath_hot_spring;booking_confusion,,True,Jalan ja 표본: 객실 내탕/노천탕 이용 맥락이 확인됨.,노천탕/露天;내탕/内湯,mixed,conditional_signal_tag,medium,issue_caution_calibration_needed
Jalan,https://www.jalan.net/yad312931/kuchikomi/archive/2.HTML,direct_fetch_existing_jalan,ja,2018/6/3,4 4,jalan-050,room_open_air_bath,room_bath_hot_spring,,True,Jalan ja 표본: 객실 내탕/노천탕 이용 맥락이 확인됨.,노천탕/露天;내탕/内湯;온천/温泉,positive,rating_positive_signal,medium,issue_caution_calibration_needed
Jalan,https://www.jalan.net/yad312931/kuchikomi/archive/2.HTML,direct_fetch_existing_jalan,ja,2018/4/5,3 3,jalan-051,room_open_air_bath,room_bath_hot_spring,,True,Jalan ja 표본: 객실 내탕/노천탕 이용 맥락이 확인됨.,노천탕/露天;온천/温泉,positive,positive_signal_no_caution,medium,issue_caution_calibration_needed
Jalan,https://www.jalan.net/yad312931/kuchikomi/archive/2.HTML,direct_fetch_existing_jalan,ja,2017/9/19,5 5,jalan-052,room_open_air_bath,room_bath_hot_spring;booking_confusion,temperature_access_cleanliness,True,Jalan ja 표본: 객실 내탕/노천탕 이용 맥락이 확인됨.,노천탕/露天;내탕/内湯;온천/温泉;예약/거리/송영,mixed,caution_or_issue_tag,high,issue_caution_calibration_needed
Jalan,https://www.jalan.net/yad312931/kuchikomi/archive/2.HTML,direct_fetch_existing_jalan,ja,2017/9/15,5 5,jalan-053,open_air_public_bath;private_bath,public_bath_hot_spring;private_bath_experience,,True,Jalan ja 표본: 프라이빗/대절탕 맥락이 확인됨.,노천탕/露天;대욕장/공용;온천/温泉,positive,body_positive,high,issue_caution_calibration_needed
Jalan,https://www.jalan.net/yad312931/kuchikomi/archive/2.HTML,direct_fetch_existing_jalan,ja,2017/4/29,5 5,jalan-054,room_open_air_bath,room_bath_hot_spring;water_texture;booking_confusion,,True,Jalan ja 표본: 객실 내탕/노천탕 이용 맥락이 확인됨.,노천탕/露天;온천/温泉;예약/거리/송영,mixed,conditional_signal_tag,medium,issue_caution_calibration_needed
Jalan,https://www.jalan.net/yad312931/kuchikomi/archive/2.HTML,direct_fetch_existing_jalan,ja,2017/3/24,5 5,jalan-055,room_open_air_bath,room_bath_hot_spring,,True,Jalan ja 표본: 객실 내탕/노천탕 이용 맥락이 확인됨.,노천탕/露天,positive,rating_positive_signal,medium,issue_caution_calibration_needed
Jalan,https://www.jalan.net/yad312931/kuchikomi/archive/2.HTML,direct_fetch_existing_jalan,ja,2017/1/2,4 4,jalan-056,room_open_air_bath,booking_confusion;room_bath_hot_spring,,True,Jalan ja 표본: 객실 내탕/노천탕 이용 맥락이 확인됨.,노천탕/露天;예약/거리/송영,mixed,conditional_signal_tag,medium,issue_caution_calibration_needed
Jalan,https://www.jalan.net/yad312931/kuchikomi/archive/2.HTML,direct_fetch_existing_jalan,ja,2016/12/4,4 4,jalan-057,room_open_air_bath,room_bath_hot_spring,,True,Jalan ja 표본: 객실 내탕/노천탕 이용 맥락이 확인됨.,노천탕/露天;내탕/内湯,positive,rating_positive_signal,medium,issue_caution_calibration_needed
Jalan,https://www.jalan.net/yad312931/kuchikomi/archive/2.HTML,direct_fetch_existing_jalan,ja,2016/10/25,5 5,jalan-058,room_open_air_bath,room_bath_hot_spring,,True,Jalan ja 표본: 객실 내탕/노천탕 이용 맥락이 확인됨.,노천탕/露天,positive,rating_positive_signal,medium,issue_caution_calibration_needed
Agoda,https://www.agoda.com/ko-kr/oyado-kaikatei-ryokan/reviews/yufu-jp.html,agoda_api_direct,en/zh/other,2026-06-16,8.8,1132591858,public_bath;room_open_air_bath,booking_confusion;public_bath_hot_spring;room_bath_hot_spring,booking_access,True,"Agoda en/zh/other 표본: 객실 내탕/노천탕 이용 맥락, 공용탕 맥락, 위치·예약·송영 주의이 확인됨.",노천탕/露天;대욕장/공용;예약/거리/송영,mixed,caution_or_issue_tag,high,issue_caution_calibration_needed
Agoda,https://www.agoda.com/ko-kr/oyado-kaikatei-ryokan/reviews/yufu-jp.html,agoda_api_direct,en/zh/other,2026-06-09,9.2,1130428537,room_open_air_bath,room_bath_hot_spring,,True,Agoda en/zh/other 표본: 객실 내탕/노천탕 이용 맥락이 확인됨.,노천탕/露天,positive,rating_positive_signal,medium,issue_caution_calibration_needed
Agoda,https://www.agoda.com/ko-kr/oyado-kaikatei-ryokan/reviews/yufu-jp.html,agoda_api_direct,en/zh/other,2026-05-31,9.6,1126057725,room_open_air_bath,room_bath_hot_spring,,True,Agoda en/zh/other 표본: 객실 내탕/노천탕 이용 맥락이 확인됨.,노천탕/露天,positive,rating_positive_signal,medium,issue_caution_calibration_needed
Agoda,https://www.agoda.com/ko-kr/oyado-kaikatei-ryokan/reviews/yufu-jp.html,agoda_api_direct,en/zh/other,2026-05-26,8.8,1124040982,room_open_air_bath,room_bath_hot_spring,,True,Agoda en/zh/other 표본: 객실 내탕/노천탕 이용 맥락이 확인됨.,노천탕/露天,positive,rating_positive_signal,medium,issue_caution_calibration_needed
Agoda,https://www.agoda.com/ko-kr/oyado-kaikatei-ryokan/reviews/yufu-jp.html,agoda_api_direct,en/zh/other,2026-04-21,9.2,1108787002,room_open_air_bath,room_bath_hot_spring,,True,Agoda en/zh/other 표본: 객실 내탕/노천탕 이용 맥락이 확인됨.,노천탕/露天,positive,rating_positive_signal,medium,issue_caution_calibration_needed
Agoda,https://www.agoda.com/ko-kr/oyado-kaikatei-ryokan/reviews/yufu-jp.html,agoda_api_direct,en/zh/other,2026-04-15,10.0,1106374229,room_open_air_bath,room_bath_hot_spring,,True,Agoda en/zh/other 표본: 객실 내탕/노천탕 이용 맥락이 확인됨.,노천탕/露天;온천/温泉,positive,rating_positive_signal,medium,issue_caution_calibration_needed
Agoda,https://www.agoda.com/ko-kr/oyado-kaikatei-ryokan/reviews/yufu-jp.html,agoda_api_direct,en/zh/other,2026-04-15,8.8,1106262165,room_open_air_bath,booking_confusion;room_bath_hot_spring,booking_access,True,"Agoda en/zh/other 표본: 객실 내탕/노천탕 이용 맥락, 위치·예약·송영 주의이 확인됨.",노천탕/露天;예약/거리/송영,mixed,caution_or_issue_tag,high,issue_caution_calibration_needed
Agoda,https://www.agoda.com/ko-kr/oyado-kaikatei-ryokan/reviews/yufu-jp.html,agoda_api_direct,en/zh/other,2026-03-20,8.8,1085037013,room_open_air_bath,room_bath_hot_spring,,True,Agoda en/zh/other 표본: 객실 내탕/노천탕 이용 맥락이 확인됨.,노천탕/露天;온천/温泉,positive,rating_positive_signal,medium,issue_caution_calibration_needed
Agoda,https://www.agoda.com/ko-kr/oyado-kaikatei-ryokan/reviews/yufu-jp.html,agoda_api_direct,en/zh/other,2026-03-15,9.2,1082527187,room_open_air_bath,room_bath_hot_spring,,True,Agoda en/zh/other 표본: 객실 내탕/노천탕 이용 맥락이 확인됨.,노천탕/露天,positive,rating_positive_signal,medium,issue_caution_calibration_needed
Agoda,https://www.agoda.com/ko-kr/oyado-kaikatei-ryokan/reviews/yufu-jp.html,agoda_api_direct,en/zh/other,2026-03-01,9.6,1079504892,room_open_air_bath,room_bath_hot_spring,,True,Agoda en/zh/other 표본: 객실 내탕/노천탕 이용 맥락이 확인됨.,노천탕/露天,positive,rating_positive_signal,medium,issue_caution_calibration_needed
Agoda,https://www.agoda.com/ko-kr/oyado-kaikatei-ryokan/reviews/yufu-jp.html,agoda_api_direct,en/zh/other,2026-01-12,9.6,1066950102,room_open_air_bath,room_bath_hot_spring,,True,Agoda en/zh/other 표본: 객실 내탕/노천탕 이용 맥락이 확인됨.,노천탕/露天,positive,rating_positive_signal,medium,issue_caution_calibration_needed
Agoda,https://www.agoda.com/ko-kr/oyado-kaikatei-ryokan/reviews/yufu-jp.html,agoda_api_direct,en/zh/other,2026-01-06,10.0,1064591270,room_bath;room_open_air_bath,booking_confusion;room_bath_hot_spring,booking_access,True,"Agoda en/zh/other 표본: 객실 내탕/노천탕 이용 맥락, 위치·예약·송영 주의이 확인됨.",노천탕/露天;내탕/内湯;예약/거리/송영,mixed,caution_or_issue_tag,high,issue_caution_calibration_needed
Agoda,https://www.agoda.com/ko-kr/oyado-kaikatei-ryokan/reviews/yufu-jp.html,agoda_api_direct,en/zh/other,2025-12-09,9.6,1058092388,room_open_air_bath,room_bath_hot_spring,,True,Agoda en/zh/other 표본: 객실 내탕/노천탕 이용 맥락이 확인됨.,노천탕/露天,positive,rating_positive_signal,medium,issue_caution_calibration_needed
Agoda,https://www.agoda.com/ko-kr/oyado-kaikatei-ryokan/reviews/yufu-jp.html,agoda_api_direct,en/zh/other,2025-12-05,9.6,1057101035,room_open_air_bath,room_bath_hot_spring,,True,Agoda en/zh/other 표본: 객실 내탕/노천탕 이용 맥락이 확인됨.,노천탕/露天,positive,rating_positive_signal,medium,issue_caution_calibration_needed
Agoda,https://www.agoda.com/ko-kr/oyado-kaikatei-ryokan/reviews/yufu-jp.html,agoda_api_direct,en/zh/other,2025-12-02,9.6,1056942454,room_bath;room_open_air_bath,room_bath_hot_spring,,True,Agoda en/zh/other 표본: 객실 내탕/노천탕 이용 맥락이 확인됨.,노천탕/露天;내탕/内湯,positive,rating_positive_signal,medium,issue_caution_calibration_needed
Agoda,https://www.agoda.com/ko-kr/oyado-kaikatei-ryokan/reviews/yufu-jp.html,agoda_api_direct,en/zh/other,2025-11-27,10.0,1053803303,room_open_air_bath,room_bath_hot_spring,,True,Agoda en/zh/other 표본: 객실 내탕/노천탕 이용 맥락이 확인됨.,노천탕/露天,positive,rating_positive_signal,medium,issue_caution_calibration_needed
Agoda,https://www.agoda.com/ko-kr/oyado-kaikatei-ryokan/reviews/yufu-jp.html,agoda_api_direct,en/zh/other,2025-11-23,10.0,1054736805,room_bath;room_open_air_bath,room_bath_hot_spring,,True,Agoda en/zh/other 표본: 객실 내탕/노천탕 이용 맥락이 확인됨.,노천탕/露天;내탕/内湯,positive,rating_positive_signal,medium,issue_caution_calibration_needed
Agoda,https://www.agoda.com/ko-kr/oyado-kaikatei-ryokan/reviews/yufu-jp.html,agoda_api_direct,en/zh/other,2025-11-14,8.8,1050463818,room_open_air_bath,room_bath_hot_spring,,True,Agoda en/zh/other 표본: 객실 내탕/노천탕 이용 맥락이 확인됨.,노천탕/露天,positive,rating_positive_signal,medium,issue_caution_calibration_needed
Agoda,https://www.agoda.com/ko-kr/oyado-kaikatei-ryokan/reviews/yufu-jp.html,agoda_api_direct,en/zh/other,2025-11-13,8.0,1050174100,room_open_air_bath,booking_confusion;room_bath_hot_spring,booking_access,True,"Agoda en/zh/other 표본: 객실 내탕/노천탕 이용 맥락, 위치·예약·송영 주의이 확인됨.",노천탕/露天;예약/거리/송영,mixed,caution_or_issue_tag,high,issue_caution_calibration_needed
Agoda,https://www.agoda.com/ko-kr/oyado-kaikatei-ryokan/reviews/yufu-jp.html,agoda_api_direct,en/zh/other,2025-11-13,10.0,1050197732,room_open_air_bath,room_bath_hot_spring,,True,Agoda en/zh/other 표본: 객실 내탕/노천탕 이용 맥락이 확인됨.,노천탕/露天,positive,rating_positive_signal,medium,issue_caution_calibration_needed
Agoda,https://www.agoda.com/ko-kr/oyado-kaikatei-ryokan/reviews/yufu-jp.html,agoda_api_direct,en/zh/other,2025-11-06,10.0,1048772094,room_open_air_bath,room_bath_hot_spring,,True,Agoda en/zh/other 표본: 객실 내탕/노천탕 이용 맥락이 확인됨.,노천탕/露天,positive,rating_positive_signal,medium,issue_caution_calibration_needed
Agoda,https://www.agoda.com/ko-kr/oyado-kaikatei-ryokan/reviews/yufu-jp.html,agoda_api_direct,en/zh/other,2025-10-30,10.0,1046166957,room_bath;room_open_air_bath,room_bath_hot_spring,,True,Agoda en/zh/other 표본: 객실 내탕/노천탕 이용 맥락이 확인됨.,노천탕/露天;내탕/内湯,positive,rating_positive_signal,medium,issue_caution_calibration_needed
Agoda,https://www.agoda.com/ko-kr/oyado-kaikatei-ryokan/reviews/yufu-jp.html,agoda_api_direct,en/zh/other,2025-10-19,10.0,1041155828,room_open_air_bath,room_bath_hot_spring,,True,Agoda en/zh/other 표본: 객실 내탕/노천탕 이용 맥락이 확인됨.,노천탕/露天,positive,rating_positive_signal,medium,issue_caution_calibration_needed
Agoda,https://www.agoda.com/ko-kr/oyado-kaikatei-ryokan/reviews/yufu-jp.html,agoda_api_direct,en/zh/other,2025-10-14,9.2,1038290146,public_bath;room_open_air_bath,public_bath_hot_spring;room_bath_hot_spring,,True,"Agoda en/zh/other 표본: 객실 내탕/노천탕 이용 맥락, 공용탕 맥락이 확인됨.",노천탕/露天;대욕장/공용,positive,rating_positive_signal,medium,issue_caution_calibration_needed
Agoda,https://www.agoda.com/ko-kr/oyado-kaikatei-ryokan/reviews/yufu-jp.html,agoda_api_direct,en/zh/other,2025-10-10,10.0,1037644681,room_open_air_bath,room_bath_hot_spring,,True,Agoda en/zh/other 표본: 객실 내탕/노천탕 이용 맥락이 확인됨.,노천탕/露天,positive,rating_positive_signal,medium,issue_caution_calibration_needed
Agoda,https://www.agoda.com/ko-kr/oyado-kaikatei-ryokan/reviews/yufu-jp.html,agoda_api_direct,en/zh/other,2025-10-05,5.6,1035503626,room_open_air_bath,room_bath_hot_spring,,True,Agoda en/zh/other 표본: 객실 내탕/노천탕 이용 맥락이 확인됨.,노천탕/露天;온천/温泉,positive,rating_positive_signal,medium,issue_caution_calibration_needed
Agoda,https://www.agoda.com/ko-kr/oyado-kaikatei-ryokan/reviews/yufu-jp.html,agoda_api_direct,en/zh/other,2025-10-01,9.6,1033619355,room_open_air_bath,room_bath_hot_spring,,True,Agoda en/zh/other 표본: 객실 내탕/노천탕 이용 맥락이 확인됨.,노천탕/露天,positive,rating_positive_signal,medium,issue_caution_calibration_needed
Agoda,https://www.agoda.com/ko-kr/oyado-kaikatei-ryokan/reviews/yufu-jp.html,agoda_api_direct,en/zh/other,2025-09-29,7.6,1032694191,room_open_air_bath,room_bath_hot_spring,,True,Agoda en/zh/other 표본: 객실 내탕/노천탕 이용 맥락이 확인됨.,노천탕/露天,positive,rating_positive_signal,medium,issue_caution_calibration_needed
Agoda,https://www.agoda.com/ko-kr/oyado-kaikatei-ryokan/reviews/yufu-jp.html,agoda_api_direct,en/zh/other,2025-08-01,8.8,913882176,room_open_air_bath,room_bath_hot_spring,,True,Agoda en/zh/other 표본: 객실 내탕/노천탕 이용 맥락이 확인됨.,노천탕/露天,positive,rating_positive_signal,medium,issue_caution_calibration_needed
Agoda,https://www.agoda.com/ko-kr/oyado-kaikatei-ryokan/reviews/yufu-jp.html,agoda_api_direct,en/zh/other,2025-05-26,10.0,968845006,room_open_air_bath,room_bath_hot_spring,,True,Agoda en/zh/other 표본: 객실 내탕/노천탕 이용 맥락이 확인됨.,노천탕/露天;온천/温泉,positive,rating_positive_signal,medium,issue_caution_calibration_needed
Agoda,https://www.agoda.com/ko-kr/oyado-kaikatei-ryokan/reviews/yufu-jp.html,agoda_api_direct,en/zh/other,2025-05-26,10.0,968747140,room_open_air_bath,booking_confusion;room_bath_hot_spring,booking_access,True,"Agoda en/zh/other 표본: 객실 내탕/노천탕 이용 맥락, 위치·예약·송영 주의이 확인됨.",노천탕/露天;예약/거리/송영,mixed,caution_or_issue_tag,high,issue_caution_calibration_needed
Agoda,https://www.agoda.com/ko-kr/oyado-kaikatei-ryokan/reviews/yufu-jp.html,agoda_api_direct,en/zh/other,2025-05-17,9.2,964597924,room_open_air_bath,room_bath_hot_spring,,True,Agoda en/zh/other 표본: 객실 내탕/노천탕 이용 맥락이 확인됨.,노천탕/露天;온천/温泉,positive,rating_positive_signal,medium,issue_caution_calibration_needed
Agoda,https://www.agoda.com/ko-kr/oyado-kaikatei-ryokan/reviews/yufu-jp.html,agoda_api_direct,en/zh/other,2025-05-09,9.6,960603691,room_open_air_bath,booking_confusion;room_bath_hot_spring,booking_access,True,"Agoda en/zh/other 표본: 객실 내탕/노천탕 이용 맥락, 위치·예약·송영 주의이 확인됨.",노천탕/露天;예약/거리/송영,mixed,caution_or_issue_tag,high,issue_caution_calibration_needed
Agoda,https://www.agoda.com/ko-kr/oyado-kaikatei-ryokan/reviews/yufu-jp.html,agoda_api_direct,en/zh/other,2025-04-27,9.2,954130498,room_open_air_bath,room_bath_hot_spring,,True,Agoda en/zh/other 표본: 객실 내탕/노천탕 이용 맥락이 확인됨.,노천탕/露天,positive,rating_positive_signal,medium,issue_caution_calibration_needed
Agoda,https://www.agoda.com/ko-kr/oyado-kaikatei-ryokan/reviews/yufu-jp.html,agoda_api_direct,en/zh/other,2025-04-22,8.0,953556653,room_open_air_bath,booking_confusion;room_bath_hot_spring,booking_access,True,"Agoda en/zh/other 표본: 객실 내탕/노천탕 이용 맥락, 위치·예약·송영 주의이 확인됨.",노천탕/露天;예약/거리/송영,mixed,caution_or_issue_tag,high,issue_caution_calibration_needed
Agoda,https://www.agoda.com/ko-kr/oyado-kaikatei-ryokan/reviews/yufu-jp.html,agoda_api_direct,en/zh/other,2025-04-09,10.0,947193071,room_open_air_bath,room_bath_hot_spring,,True,Agoda en/zh/other 표본: 객실 내탕/노천탕 이용 맥락이 확인됨.,노천탕/露天;온천/温泉,positive,rating_positive_signal,medium,issue_caution_calibration_needed
Agoda,https://www.agoda.com/ko-kr/oyado-kaikatei-ryokan/reviews/yufu-jp.html,agoda_api_direct,en/zh/other,2025-03-31,10.0,938948988,room_bath;room_open_air_bath,room_bath_hot_spring,,True,Agoda en/zh/other 표본: 객실 내탕/노천탕 이용 맥락이 확인됨.,노천탕/露天;내탕/内湯;온천/温泉,positive,rating_positive_signal,medium,issue_caution_calibration_needed
Agoda,https://www.agoda.com/ko-kr/oyado-kaikatei-ryokan/reviews/yufu-jp.html,agoda_api_direct,en/zh/other,2025-03-01,9.6,926480545,room_bath;room_open_air_bath,booking_confusion;room_bath_hot_spring,booking_access,True,"Agoda en/zh/other 표본: 객실 내탕/노천탕 이용 맥락, 위치·예약·송영 주의이 확인됨.",노천탕/露天;내탕/内湯;예약/거리/송영,mixed,caution_or_issue_tag,high,issue_caution_calibration_needed
Agoda,https://www.agoda.com/ko-kr/oyado-kaikatei-ryokan/reviews/yufu-jp.html,agoda_api_direct,en/zh/other,2025-02-10,6.8,926668880,room_bath;room_open_air_bath,room_bath_hot_spring,,True,Agoda en/zh/other 표본: 객실 내탕/노천탕 이용 맥락이 확인됨.,노천탕/露天;내탕/内湯,positive,rating_positive_signal,medium,issue_caution_calibration_needed
Agoda,https://www.agoda.com/ko-kr/oyado-kaikatei-ryokan/reviews/yufu-jp.html,agoda_api_direct,en/zh/other,2025-01-19,8.8,918504816,room_open_air_bath,booking_confusion;room_bath_hot_spring,booking_access,True,"Agoda en/zh/other 표본: 객실 내탕/노천탕 이용 맥락, 위치·예약·송영 주의이 확인됨.",노천탕/露天;온천/温泉;예약/거리/송영,mixed,caution_or_issue_tag,high,issue_caution_calibration_needed
Agoda,https://www.agoda.com/ko-kr/oyado-kaikatei-ryokan/reviews/yufu-jp.html,agoda_api_direct,en/zh/other,2025-01-12,10.0,914323473,room_open_air_bath,room_bath_hot_spring,,True,Agoda en/zh/other 표본: 객실 내탕/노천탕 이용 맥락이 확인됨.,노천탕/露天,positive,rating_positive_signal,medium,issue_caution_calibration_needed
Agoda,https://www.agoda.com/ko-kr/oyado-kaikatei-ryokan/reviews/yufu-jp.html,agoda_api_direct,en/zh/other,2025-01-11,9.6,914193876,room_open_air_bath,room_bath_hot_spring,,True,Agoda en/zh/other 표본: 객실 내탕/노천탕 이용 맥락이 확인됨.,노천탕/露天,positive,rating_positive_signal,medium,issue_caution_calibration_needed
Agoda,https://www.agoda.com/ko-kr/oyado-kaikatei-ryokan/reviews/yufu-jp.html,agoda_api_direct,en/zh/other,2024-12-28,8.8,908741530,room_open_air_bath,room_bath_hot_spring,,True,Agoda en/zh/other 표본: 객실 내탕/노천탕 이용 맥락이 확인됨.,노천탕/露天,positive,rating_positive_signal,medium,issue_caution_calibration_needed
Agoda,https://www.agoda.com/ko-kr/oyado-kaikatei-ryokan/reviews/yufu-jp.html,agoda_api_direct,en/zh/other,2024-12-23,10.0,908231411,public_bath;room_open_air_bath,public_bath_hot_spring;room_bath_hot_spring,,True,"Agoda en/zh/other 표본: 객실 내탕/노천탕 이용 맥락, 공용탕 맥락이 확인됨.",노천탕/露天;대욕장/공용;온천/温泉,positive,rating_positive_signal,medium,issue_caution_calibration_needed
Agoda,https://www.agoda.com/ko-kr/oyado-kaikatei-ryokan/reviews/yufu-jp.html,agoda_api_direct,en/zh/other,2024-12-19,9.6,906707595,room_open_air_bath,booking_confusion;room_bath_hot_spring,booking_access,True,"Agoda en/zh/other 표본: 객실 내탕/노천탕 이용 맥락, 위치·예약·송영 주의이 확인됨.",노천탕/露天;예약/거리/송영,mixed,caution_or_issue_tag,high,issue_caution_calibration_needed
Agoda,https://www.agoda.com/ko-kr/oyado-kaikatei-ryokan/reviews/yufu-jp.html,agoda_api_direct,en/zh/other,2024-12-16,9.6,903978651,room_open_air_bath,room_bath_hot_spring,,True,Agoda en/zh/other 표본: 객실 내탕/노천탕 이용 맥락이 확인됨.,노천탕/露天,positive,rating_positive_signal,medium,issue_caution_calibration_needed
Agoda,https://www.agoda.com/ko-kr/oyado-kaikatei-ryokan/reviews/yufu-jp.html,agoda_api_direct,en/zh/other,2024-12-16,8.8,903909491,room_open_air_bath,room_bath_hot_spring,,True,Agoda en/zh/other 표본: 객실 내탕/노천탕 이용 맥락이 확인됨.,노천탕/露天;온천/温泉,positive,rating_positive_signal,medium,issue_caution_calibration_needed
Agoda,https://www.agoda.com/ko-kr/oyado-kaikatei-ryokan/reviews/yufu-jp.html,agoda_api_direct,en/zh/other,2024-12-11,9.6,902788652,room_open_air_bath,booking_confusion;room_bath_hot_spring,booking_access,True,"Agoda en/zh/other 표본: 객실 내탕/노천탕 이용 맥락, 위치·예약·송영 주의이 확인됨.",노천탕/露天;온천/温泉;예약/거리/송영,mixed,caution_or_issue_tag,high,issue_caution_calibration_needed
Agoda,https://www.agoda.com/ko-kr/oyado-kaikatei-ryokan/reviews/yufu-jp.html,agoda_api_direct,en/zh/other,2024-12-11,10.0,902776659,room_open_air_bath,room_bath_hot_spring,,True,Agoda en/zh/other 표본: 객실 내탕/노천탕 이용 맥락이 확인됨.,노천탕/露天,positive,rating_positive_signal,medium,issue_caution_calibration_needed
Agoda,https://www.agoda.com/ko-kr/oyado-kaikatei-ryokan/reviews/yufu-jp.html,agoda_api_direct,en/zh/other,2024-11-09,10.0,893177584,room_bath;room_open_air_bath,room_bath_hot_spring,,True,Agoda en/zh/other 표본: 객실 내탕/노천탕 이용 맥락이 확인됨.,노천탕/露天;내탕/内湯,positive,rating_positive_signal,medium,issue_caution_calibration_needed
Agoda,https://www.agoda.com/ko-kr/oyado-kaikatei-ryokan/reviews/yufu-jp.html,agoda_api_direct,en/zh/other,2024-11-04,9.6,888902931,room_open_air_bath,room_bath_hot_spring,,True,Agoda en/zh/other 표본: 객실 내탕/노천탕 이용 맥락이 확인됨.,노천탕/露天,positive,rating_positive_signal,medium,issue_caution_calibration_needed
Agoda,https://www.agoda.com/ko-kr/oyado-kaikatei-ryokan/reviews/yufu-jp.html,agoda_api_direct,en/zh/other,2024-10-28,9.2,886236882,room_open_air_bath,booking_confusion;room_bath_hot_spring,booking_access,True,"Agoda en/zh/other 표본: 객실 내탕/노천탕 이용 맥락, 위치·예약·송영 주의이 확인됨.",노천탕/露天;온천/温泉;예약/거리/송영,mixed,caution_or_issue_tag,high,issue_caution_calibration_needed
Agoda,https://www.agoda.com/ko-kr/oyado-kaikatei-ryokan/reviews/yufu-jp.html,agoda_api_direct,en/zh/other,2024-10-22,9.6,885818110,public_bath;room_open_air_bath,booking_confusion;public_bath_hot_spring;room_bath_hot_spring,booking_access,True,"Agoda en/zh/other 표본: 객실 내탕/노천탕 이용 맥락, 공용탕 맥락, 위치·예약·송영 주의이 확인됨.",노천탕/露天;대욕장/공용;온천/温泉;예약/거리/송영,mixed,caution_or_issue_tag,high,issue_caution_calibration_needed
Agoda,https://www.agoda.com/ko-kr/oyado-kaikatei-ryokan/reviews/yufu-jp.html,agoda_api_direct,en/zh/other,2024-10-14,9.6,879617675,room_open_air_bath,room_bath_hot_spring,,True,Agoda en/zh/other 표본: 객실 내탕/노천탕 이용 맥락이 확인됨.,노천탕/露天,positive,rating_positive_signal,medium,issue_caution_calibration_needed
Agoda,https://www.agoda.com/ko-kr/oyado-kaikatei-ryokan/reviews/yufu-jp.html,agoda_api_direct,en/zh/other,2024-10-07,9.6,879113220,room_open_air_bath,room_bath_hot_spring,,True,Agoda en/zh/other 표본: 객실 내탕/노천탕 이용 맥락이 확인됨.,노천탕/露天,positive,rating_positive_signal,medium,issue_caution_calibration_needed
Agoda,https://www.agoda.com/ko-kr/oyado-kaikatei-ryokan/reviews/yufu-jp.html,agoda_api_direct,en/zh/other,2024-10-04,9.6,870691997,room_open_air_bath,room_bath_hot_spring,,True,Agoda en/zh/other 표본: 객실 내탕/노천탕 이용 맥락이 확인됨.,노천탕/露天,positive,rating_positive_signal,medium,issue_caution_calibration_needed
Agoda,https://www.agoda.com/ko-kr/oyado-kaikatei-ryokan/reviews/yufu-jp.html,agoda_api_direct,en/zh/other,2024-10-01,10.0,873093781,room_open_air_bath,room_bath_hot_spring,,True,Agoda en/zh/other 표본: 객실 내탕/노천탕 이용 맥락이 확인됨.,노천탕/露天,positive,rating_positive_signal,medium,issue_caution_calibration_needed
Agoda,https://www.agoda.com/ko-kr/oyado-kaikatei-ryokan/reviews/yufu-jp.html,agoda_api_direct,en/zh/other,2024-09-27,10.0,870615781,room_open_air_bath,booking_confusion;room_bath_hot_spring,booking_access,True,"Agoda en/zh/other 표본: 객실 내탕/노천탕 이용 맥락, 위치·예약·송영 주의이 확인됨.",노천탕/露天;예약/거리/송영,mixed,caution_or_issue_tag,high,issue_caution_calibration_needed
Agoda,https://www.agoda.com/ko-kr/oyado-kaikatei-ryokan/reviews/yufu-jp.html,agoda_api_direct,en/zh/other,2024-09-10,9.2,852013175,room_open_air_bath,room_bath_hot_spring,,True,Agoda en/zh/other 표본: 객실 내탕/노천탕 이용 맥락이 확인됨.,노천탕/露天,positive,rating_positive_signal,medium,issue_caution_calibration_needed
Agoda,https://www.agoda.com/ko-kr/oyado-kaikatei-ryokan/reviews/yufu-jp.html,agoda_api_direct,en/zh/other,2024-09-04,8.4,849059214,room_bath;room_open_air_bath,room_bath_hot_spring,,True,Agoda en/zh/other 표본: 객실 내탕/노천탕 이용 맥락이 확인됨.,노천탕/露天;내탕/内湯,positive,rating_positive_signal,medium,issue_caution_calibration_needed
Agoda,https://www.agoda.com/ko-kr/oyado-kaikatei-ryokan/reviews/yufu-jp.html,agoda_api_direct,en/zh/other,2024-08-18,10.0,847519173,room_open_air_bath,booking_confusion;room_bath_hot_spring,booking_access,True,"Agoda en/zh/other 표본: 객실 내탕/노천탕 이용 맥락, 위치·예약·송영 주의이 확인됨.",노천탕/露天;예약/거리/송영,mixed,caution_or_issue_tag,high,issue_caution_calibration_needed
Agoda,https://www.agoda.com/ko-kr/oyado-kaikatei-ryokan/reviews/yufu-jp.html,agoda_api_direct,en/zh/other,2024-07-23,9.6,838275939,public_bath;room_bath;room_open_air_bath,public_bath_hot_spring;room_bath_hot_spring,,True,"Agoda en/zh/other 표본: 객실 내탕/노천탕 이용 맥락, 공용탕 맥락이 확인됨.",노천탕/露天;내탕/内湯;대욕장/공용,positive,rating_positive_signal,medium,issue_caution_calibration_needed
Agoda,https://www.agoda.com/ko-kr/oyado-kaikatei-ryokan/reviews/yufu-jp.html,agoda_api_direct,en/zh/other,2024-07-16,10.0,831548353,room_open_air_bath,booking_confusion;room_bath_hot_spring,booking_access,True,"Agoda en/zh/other 표본: 객실 내탕/노천탕 이용 맥락, 위치·예약·송영 주의이 확인됨.",노천탕/露天;예약/거리/송영,mixed,caution_or_issue_tag,high,issue_caution_calibration_needed
Agoda,https://www.agoda.com/ko-kr/oyado-kaikatei-ryokan/reviews/yufu-jp.html,agoda_api_direct,en/zh/other,2024-06-28,10.0,809936125,room_open_air_bath,room_bath_hot_spring,,True,Agoda en/zh/other 표본: 객실 내탕/노천탕 이용 맥락이 확인됨.,노천탕/露天;온천/温泉,positive,rating_positive_signal,medium,issue_caution_calibration_needed
Agoda,https://www.agoda.com/ko-kr/oyado-kaikatei-ryokan/reviews/yufu-jp.html,agoda_api_direct,en/zh/other,2024-06-20,10.0,821770067,room_open_air_bath,room_bath_hot_spring,,True,Agoda en/zh/other 표본: 객실 내탕/노천탕 이용 맥락이 확인됨.,노천탕/露天;온천/温泉,positive,rating_positive_signal,medium,issue_caution_calibration_needed
Agoda,https://www.agoda.com/ko-kr/oyado-kaikatei-ryokan/reviews/yufu-jp.html,agoda_api_direct,en/zh/other,2024-06-20,10.0,822393487,room_open_air_bath,room_bath_hot_spring,,True,Agoda en/zh/other 표본: 객실 내탕/노천탕 이용 맥락이 확인됨.,노천탕/露天,positive,rating_positive_signal,medium,issue_caution_calibration_needed
Agoda,https://www.agoda.com/ko-kr/oyado-kaikatei-ryokan/reviews/yufu-jp.html,agoda_api_direct,en/zh/other,2024-06-14,9.2,816573622,room_open_air_bath,room_bath_hot_spring,,True,Agoda en/zh/other 표본: 객실 내탕/노천탕 이용 맥락이 확인됨.,노천탕/露天,positive,rating_positive_signal,medium,issue_caution_calibration_needed
Agoda,https://www.agoda.com/ko-kr/oyado-kaikatei-ryokan/reviews/yufu-jp.html,agoda_api_direct,ko,2024-06-12,10.0,816416618,room_open_air_bath,room_bath_hot_spring,,True,Agoda ko 표본: 객실 내탕/노천탕 이용 맥락이 확인됨.,노천탕/露天,positive,rating_positive_signal,medium,issue_caution_calibration_needed
Agoda,https://www.agoda.com/ko-kr/oyado-kaikatei-ryokan/reviews/yufu-jp.html,agoda_api_direct,en/zh/other,2024-05-27,10.0,810250514,room_open_air_bath,room_bath_hot_spring,,True,Agoda en/zh/other 표본: 객실 내탕/노천탕 이용 맥락이 확인됨.,노천탕/露天;온천/温泉,positive,rating_positive_signal,medium,issue_caution_calibration_needed
Agoda,https://www.agoda.com/ko-kr/oyado-kaikatei-ryokan/reviews/yufu-jp.html,agoda_api_direct,en/zh/other,2024-05-22,10.0,809911341,room_open_air_bath,booking_confusion;room_bath_hot_spring,booking_access,True,"Agoda en/zh/other 표본: 객실 내탕/노천탕 이용 맥락, 위치·예약·송영 주의이 확인됨.",노천탕/露天;예약/거리/송영,mixed,caution_or_issue_tag,high,issue_caution_calibration_needed
Agoda,https://www.agoda.com/ko-kr/oyado-kaikatei-ryokan/reviews/yufu-jp.html,agoda_api_direct,en/zh/other,2024-05-13,10.0,803623103,room_open_air_bath,room_bath_hot_spring,,True,Agoda en/zh/other 표본: 객실 내탕/노천탕 이용 맥락이 확인됨.,노천탕/露天,positive,rating_positive_signal,medium,issue_caution_calibration_needed
Agoda,https://www.agoda.com/ko-kr/oyado-kaikatei-ryokan/reviews/yufu-jp.html,agoda_api_direct,en/zh/other,2024-05-10,10.0,803418983,room_open_air_bath,booking_confusion;room_bath_hot_spring,booking_access,True,"Agoda en/zh/other 표본: 객실 내탕/노천탕 이용 맥락, 위치·예약·송영 주의이 확인됨.",노천탕/露天;예약/거리/송영,mixed,caution_or_issue_tag,high,issue_caution_calibration_needed
Agoda,https://www.agoda.com/ko-kr/oyado-kaikatei-ryokan/reviews/yufu-jp.html,agoda_api_direct,en/zh/other,2024-04-17,9.2,793625394,room_open_air_bath,booking_confusion;room_bath_hot_spring,booking_access,True,"Agoda en/zh/other 표본: 객실 내탕/노천탕 이용 맥락, 위치·예약·송영 주의이 확인됨.",노천탕/露天;예약/거리/송영,mixed,caution_or_issue_tag,high,issue_caution_calibration_needed
Agoda,https://www.agoda.com/ko-kr/oyado-kaikatei-ryokan/reviews/yufu-jp.html,agoda_api_direct,en/zh/other,2024-04-13,9.2,791651483,room_open_air_bath,booking_confusion;room_bath_hot_spring,booking_access,True,"Agoda en/zh/other 표본: 객실 내탕/노천탕 이용 맥락, 위치·예약·송영 주의이 확인됨.",노천탕/露天;온천/温泉;예약/거리/송영,mixed,caution_or_issue_tag,high,issue_caution_calibration_needed
Agoda,https://www.agoda.com/ko-kr/oyado-kaikatei-ryokan/reviews/yufu-jp.html,agoda_api_direct,en/zh/other,2024-03-13,4.0,732966299,room_open_air_bath,room_bath_hot_spring,,True,Agoda en/zh/other 표본: 객실 내탕/노천탕 이용 맥락이 확인됨.,노천탕/露天,positive,rating_positive_signal,medium,issue_caution_calibration_needed
Agoda,https://www.agoda.com/ko-kr/oyado-kaikatei-ryokan/reviews/yufu-jp.html,agoda_api_direct,en/zh/other,2024-02-19,10.0,774314106,room_bath;room_open_air_bath,booking_confusion;room_bath_hot_spring,booking_access,True,"Agoda en/zh/other 표본: 객실 내탕/노천탕 이용 맥락, 위치·예약·송영 주의이 확인됨.",노천탕/露天;내탕/内湯;예약/거리/송영,mixed,caution_or_issue_tag,high,issue_caution_calibration_needed
Agoda,https://www.agoda.com/ko-kr/oyado-kaikatei-ryokan/reviews/yufu-jp.html,agoda_api_direct,ko,2024-02-05,10.0,770561548,room_open_air_bath,room_bath_hot_spring,,True,Agoda ko 표본: 객실 내탕/노천탕 이용 맥락이 확인됨.,노천탕/露天;온천/温泉,positive,rating_positive_signal,medium,issue_caution_calibration_needed
Agoda,https://www.agoda.com/ko-kr/oyado-kaikatei-ryokan/reviews/yufu-jp.html,agoda_api_direct,en/zh/other,2024-01-23,9.6,766135586,room_open_air_bath,room_bath_hot_spring,,True,Agoda en/zh/other 표본: 객실 내탕/노천탕 이용 맥락이 확인됨.,노천탕/露天,positive,rating_positive_signal,medium,issue_caution_calibration_needed
Agoda,https://www.agoda.com/ko-kr/oyado-kaikatei-ryokan/reviews/yufu-jp.html,agoda_api_direct,en/zh/other,2024-01-14,10.0,761700313,room_bath;room_open_air_bath,room_bath_hot_spring,,True,Agoda en/zh/other 표본: 객실 내탕/노천탕 이용 맥락이 확인됨.,노천탕/露天;내탕/内湯,positive,rating_positive_signal,medium,issue_caution_calibration_needed
Agoda,https://www.agoda.com/ko-kr/oyado-kaikatei-ryokan/reviews/yufu-jp.html,agoda_api_direct,en/zh/other,2023-12-02,9.6,745162192,room_open_air_bath,booking_confusion;room_bath_hot_spring,booking_access,True,"Agoda en/zh/other 표본: 객실 내탕/노천탕 이용 맥락, 위치·예약·송영 주의이 확인됨.",노천탕/露天;예약/거리/송영,mixed,caution_or_issue_tag,high,issue_caution_calibration_needed
Agoda,https://www.agoda.com/ko-kr/oyado-kaikatei-ryokan/reviews/yufu-jp.html,agoda_api_direct,en/zh/other,2023-09-19,9.2,714835899,room_open_air_bath,room_bath_hot_spring,,True,Agoda en/zh/other 표본: 객실 내탕/노천탕 이용 맥락이 확인됨.,노천탕/露天;온천/温泉,positive,rating_positive_signal,medium,issue_caution_calibration_needed
Agoda,https://www.agoda.com/ko-kr/oyado-kaikatei-ryokan/reviews/yufu-jp.html,agoda_api_direct,en/zh/other,2023-08-31,10.0,703060073,room_bath;room_open_air_bath,room_bath_hot_spring,,True,Agoda en/zh/other 표본: 객실 내탕/노천탕 이용 맥락이 확인됨.,노천탕/露天;내탕/内湯,positive,rating_positive_signal,medium,issue_caution_calibration_needed
Agoda,https://www.agoda.com/ko-kr/oyado-kaikatei-ryokan/reviews/yufu-jp.html,agoda_api_direct,ko,2023-07-31,9.2,685203290,room_open_air_bath,room_bath_hot_spring,,True,Agoda ko 표본: 객실 내탕/노천탕 이용 맥락이 확인됨.,노천탕/露天;온천/温泉,positive,rating_positive_signal,medium,issue_caution_calibration_needed
Agoda,https://www.agoda.com/ko-kr/oyado-kaikatei-ryokan/reviews/yufu-jp.html,agoda_api_direct,en/zh/other,2023-07-25,9.6,682412879,room_open_air_bath,room_bath_hot_spring,,True,Agoda en/zh/other 표본: 객실 내탕/노천탕 이용 맥락이 확인됨.,노천탕/露天,positive,rating_positive_signal,medium,issue_caution_calibration_needed
Agoda,https://www.agoda.com/ko-kr/oyado-kaikatei-ryokan/reviews/yufu-jp.html,agoda_api_direct,en/zh/other,2023-07-15,10.0,676656397,room_open_air_bath,room_bath_hot_spring,,True,Agoda en/zh/other 표본: 객실 내탕/노천탕 이용 맥락이 확인됨.,노천탕/露天,positive,rating_positive_signal,medium,issue_caution_calibration_needed
Agoda,https://www.agoda.com/ko-kr/oyado-kaikatei-ryokan/reviews/yufu-jp.html,agoda_api_direct,en/zh/other,2023-04-21,10.0,636024898,room_open_air_bath,room_bath_hot_spring,,True,Agoda en/zh/other 표본: 객실 내탕/노천탕 이용 맥락이 확인됨.,노천탕/露天;온천/温泉,positive,rating_positive_signal,medium,issue_caution_calibration_needed
Agoda,https://www.agoda.com/ko-kr/oyado-kaikatei-ryokan/reviews/yufu-jp.html,agoda_api_direct,en/zh/other,2023-03-27,9.2,625821002,room_bath;room_open_air_bath,booking_confusion;room_bath_hot_spring,booking_access,True,"Agoda en/zh/other 표본: 객실 내탕/노천탕 이용 맥락, 위치·예약·송영 주의이 확인됨.",노천탕/露天;내탕/内湯;예약/거리/송영,mixed,caution_or_issue_tag,high,issue_caution_calibration_needed
Agoda,https://www.agoda.com/ko-kr/oyado-kaikatei-ryokan/reviews/yufu-jp.html,agoda_api_direct,en/zh/other,2023-02-08,9.2,595305575,room_open_air_bath,room_bath_hot_spring,,True,Agoda en/zh/other 표본: 객실 내탕/노천탕 이용 맥락이 확인됨.,노천탕/露天;온천/温泉,positive,rating_positive_signal,medium,issue_caution_calibration_needed
Agoda,https://www.agoda.com/ko-kr/oyado-kaikatei-ryokan/reviews/yufu-jp.html,agoda_api_direct,en/zh/other,2022-12-04,9.2,569945566,room_open_air_bath,room_bath_hot_spring,,True,Agoda en/zh/other 표본: 객실 내탕/노천탕 이용 맥락이 확인됨.,노천탕/露天;온천/温泉,positive,rating_positive_signal,medium,issue_caution_calibration_needed
Agoda,https://www.agoda.com/ko-kr/oyado-kaikatei-ryokan/reviews/yufu-jp.html,agoda_api_direct,en/zh/other,2020-02-14,10.0,255711135,room_open_air_bath,room_bath_hot_spring,,True,Agoda en/zh/other 표본: 객실 내탕/노천탕 이용 맥락이 확인됨.,노천탕/露天,positive,rating_positive_signal,medium,issue_caution_calibration_needed
Agoda,https://www.agoda.com/ko-kr/oyado-kaikatei-ryokan/reviews/yufu-jp.html,agoda_api_direct,en/zh/other,2020-02-10,7.2,255475104,room_open_air_bath,room_bath_hot_spring,,True,Agoda en/zh/other 표본: 객실 내탕/노천탕 이용 맥락이 확인됨.,노천탕/露天,positive,rating_positive_signal,medium,issue_caution_calibration_needed
Agoda,https://www.agoda.com/ko-kr/oyado-kaikatei-ryokan/reviews/yufu-jp.html,agoda_api_direct,en/zh/other,2019-12-03,9.6,248165513,room_open_air_bath,room_bath_hot_spring,,True,Agoda en/zh/other 표본: 객실 내탕/노천탕 이용 맥락이 확인됨.,노천탕/露天,positive,rating_positive_signal,medium,issue_caution_calibration_needed
Agoda,https://www.agoda.com/ko-kr/oyado-kaikatei-ryokan/reviews/yufu-jp.html,agoda_api_direct,en/zh/other,2019-12-02,9.6,247913724,room_open_air_bath,room_bath_hot_spring,,True,Agoda en/zh/other 표본: 객실 내탕/노천탕 이용 맥락이 확인됨.,노천탕/露天,positive,rating_positive_signal,medium,issue_caution_calibration_needed
Agoda,https://www.agoda.com/ko-kr/oyado-kaikatei-ryokan/reviews/yufu-jp.html,agoda_api_direct,en/zh/other,2019-10-10,9.6,239468124,room_open_air_bath,room_bath_hot_spring,,True,Agoda en/zh/other 표본: 객실 내탕/노천탕 이용 맥락이 확인됨.,노천탕/露天,positive,rating_positive_signal,medium,issue_caution_calibration_needed
Agoda,https://www.agoda.com/ko-kr/oyado-kaikatei-ryokan/reviews/yufu-jp.html,agoda_api_direct,en/zh/other,2019-10-09,9.6,239436147,room_open_air_bath,room_bath_hot_spring,,True,Agoda en/zh/other 표본: 객실 내탕/노천탕 이용 맥락이 확인됨.,노천탕/露天,positive,rating_positive_signal,medium,issue_caution_calibration_needed
Agoda,https://www.agoda.com/ko-kr/oyado-kaikatei-ryokan/reviews/yufu-jp.html,agoda_api_direct,en/zh/other,2019-08-02,8.4,231101563,room_open_air_bath,room_bath_hot_spring,,True,Agoda en/zh/other 표본: 객실 내탕/노천탕 이용 맥락이 확인됨.,노천탕/露天;온천/温泉,positive,rating_positive_signal,medium,issue_caution_calibration_needed
Agoda,https://www.agoda.com/ko-kr/oyado-kaikatei-ryokan/reviews/yufu-jp.html,agoda_api_direct,en/zh/other,2019-07-25,10.0,229929581,room_open_air_bath,room_bath_hot_spring,,True,Agoda en/zh/other 표본: 객실 내탕/노천탕 이용 맥락이 확인됨.,노천탕/露天,positive,rating_positive_signal,medium,issue_caution_calibration_needed
Agoda,https://www.agoda.com/ko-kr/oyado-kaikatei-ryokan/reviews/yufu-jp.html,agoda_api_direct,en/zh/other,2019-06-04,9.2,222119149,room_open_air_bath,booking_confusion;room_bath_hot_spring,booking_access,True,"Agoda en/zh/other 표본: 객실 내탕/노천탕 이용 맥락, 위치·예약·송영 주의이 확인됨.",노천탕/露天;예약/거리/송영,mixed,caution_or_issue_tag,high,issue_caution_calibration_needed
Agoda,https://www.agoda.com/ko-kr/oyado-kaikatei-ryokan/reviews/yufu-jp.html,agoda_api_direct,en/zh/other,2019-04-18,9.6,212401712,room_open_air_bath,room_bath_hot_spring,,True,Agoda en/zh/other 표본: 객실 내탕/노천탕 이용 맥락이 확인됨.,노천탕/露天;온천/温泉,positive,rating_positive_signal,medium,issue_caution_calibration_needed
Agoda,https://www.agoda.com/ko-kr/oyado-kaikatei-ryokan/reviews/yufu-jp.html,agoda_api_direct,en/zh/other,2019-03-07,8.4,205905194,room_open_air_bath,room_bath_hot_spring,,True,Agoda en/zh/other 표본: 객실 내탕/노천탕 이용 맥락이 확인됨.,노천탕/露天,positive,rating_positive_signal,medium,issue_caution_calibration_needed
Agoda,https://www.agoda.com/ko-kr/oyado-kaikatei-ryokan/reviews/yufu-jp.html,agoda_api_direct,en/zh/other,2019-03-02,9.2,205177009,room_open_air_bath,room_bath_hot_spring,,True,Agoda en/zh/other 표본: 객실 내탕/노천탕 이용 맥락이 확인됨.,노천탕/露天,positive,rating_positive_signal,medium,issue_caution_calibration_needed
Agoda,https://www.agoda.com/ko-kr/oyado-kaikatei-ryokan/reviews/yufu-jp.html,agoda_api_direct,en/zh/other,2019-02-14,10.0,201299572,room_open_air_bath,room_bath_hot_spring,,True,Agoda en/zh/other 표본: 객실 내탕/노천탕 이용 맥락이 확인됨.,노천탕/露天,positive,rating_positive_signal,medium,issue_caution_calibration_needed
Agoda,https://www.agoda.com/ko-kr/oyado-kaikatei-ryokan/reviews/yufu-jp.html,agoda_api_direct,en/zh/other,2018-12-24,10.0,190971672,room_open_air_bath,room_bath_hot_spring,,True,Agoda en/zh/other 표본: 객실 내탕/노천탕 이용 맥락이 확인됨.,노천탕/露天,positive,rating_positive_signal,medium,issue_caution_calibration_needed
Agoda,https://www.agoda.com/ko-kr/oyado-kaikatei-ryokan/reviews/yufu-jp.html,agoda_api_direct,en/zh/other,2018-12-23,8.4,190728395,room_open_air_bath,room_bath_hot_spring,,True,Agoda en/zh/other 표본: 객실 내탕/노천탕 이용 맥락이 확인됨.,노천탕/露天,positive,rating_positive_signal,medium,issue_caution_calibration_needed
Agoda,https://www.agoda.com/ko-kr/oyado-kaikatei-ryokan/reviews/yufu-jp.html,agoda_api_direct,en/zh/other,2018-12-19,9.2,189540168,room_open_air_bath,room_bath_hot_spring,,True,Agoda en/zh/other 표본: 객실 내탕/노천탕 이용 맥락이 확인됨.,노천탕/露天,positive,rating_positive_signal,medium,issue_caution_calibration_needed
Agoda,https://www.agoda.com/ko-kr/oyado-kaikatei-ryokan/reviews/yufu-jp.html,agoda_api_direct,en/zh/other,2018-10-20,10.0,178342248,room_open_air_bath,booking_confusion;room_bath_hot_spring,booking_access,True,"Agoda en/zh/other 표본: 객실 내탕/노천탕 이용 맥락, 위치·예약·송영 주의이 확인됨.",노천탕/露天;온천/温泉;예약/거리/송영,mixed,caution_or_issue_tag,high,issue_caution_calibration_needed
Agoda,https://www.agoda.com/ko-kr/oyado-kaikatei-ryokan/reviews/yufu-jp.html,agoda_api_direct,en/zh/other,2018-04-07,10.0,150402603,room_open_air_bath,room_bath_hot_spring,,True,Agoda en/zh/other 표본: 객실 내탕/노천탕 이용 맥락이 확인됨.,노천탕/露天,positive,rating_positive_signal,medium,issue_caution_calibration_needed
Agoda,https://www.agoda.com/ko-kr/oyado-kaikatei-ryokan/reviews/yufu-jp.html,agoda_api_direct,en/zh/other,2018-02-12,9.6,137369646,room_open_air_bath,room_bath_hot_spring,,True,Agoda en/zh/other 표본: 객실 내탕/노천탕 이용 맥락이 확인됨.,노천탕/露天,positive,rating_positive_signal,medium,issue_caution_calibration_needed
Agoda,https://www.agoda.com/ko-kr/oyado-kaikatei-ryokan/reviews/yufu-jp.html,agoda_api_direct,en/zh/other,2017-10-25,10.0,120698658,room_open_air_bath,room_bath_hot_spring,,True,Agoda en/zh/other 표본: 객실 내탕/노천탕 이용 맥락이 확인됨.,노천탕/露天;온천/温泉,positive,rating_positive_signal,medium,issue_caution_calibration_needed
Agoda,https://www.agoda.com/ko-kr/oyado-kaikatei-ryokan/reviews/yufu-jp.html,agoda_api_direct,en/zh/other,2017-10-22,9.6,120622151,room_open_air_bath,booking_confusion;room_bath_hot_spring,booking_access,True,"Agoda en/zh/other 표본: 객실 내탕/노천탕 이용 맥락, 위치·예약·송영 주의이 확인됨.",노천탕/露天;예약/거리/송영,mixed,caution_or_issue_tag,high,issue_caution_calibration_needed
Agoda,https://www.agoda.com/ko-kr/oyado-kaikatei-ryokan/reviews/yufu-jp.html,agoda_api_direct,en/zh/other,2017-06-21,8.8,114199146,room_open_air_bath,room_bath_hot_spring,,True,Agoda en/zh/other 표본: 객실 내탕/노천탕 이용 맥락이 확인됨.,노천탕/露天;온천/温泉,positive,rating_positive_signal,medium,issue_caution_calibration_needed
Agoda,https://www.agoda.com/ko-kr/oyado-kaikatei-ryokan/reviews/yufu-jp.html,agoda_api_direct,en/zh/other,2017-04-16,8.8,106297011,room_open_air_bath,room_bath_hot_spring,,True,Agoda en/zh/other 표본: 객실 내탕/노천탕 이용 맥락이 확인됨.,노천탕/露天;온천/温泉,positive,rating_positive_signal,medium,issue_caution_calibration_needed
Agoda,https://www.agoda.com/ko-kr/oyado-kaikatei-ryokan/reviews/yufu-jp.html,agoda_api_direct,en/zh/other,2017-02-06,10.0,105405800,facility_wide,neutral_stay,,False,Agoda en/zh/other 표본: 숙박 경험 평가이 확인됨.,room/stay,neutral,neutral_or_lodging_context,medium,issue_caution_calibration_needed
Agoda,https://www.agoda.com/ko-kr/oyado-kaikatei-ryokan/reviews/yufu-jp.html,agoda_api_direct,en/zh/other,2017-01-25,5.2,105265978,facility_wide,room_bath_hot_spring,,True,Agoda en/zh/other 표본: 숙박 경험 평가이 확인됨.,온천/温泉,positive,rating_positive_signal,medium,issue_caution_calibration_needed
Agoda,https://www.agoda.com/ko-kr/oyado-kaikatei-ryokan/reviews/yufu-jp.html,agoda_api_direct,en/zh/other,2016-09-25,10.0,73976213,facility_wide,neutral_stay,,False,Agoda en/zh/other 표본: 숙박 경험 평가이 확인됨.,room/stay,neutral,neutral_or_lodging_context,medium,issue_caution_calibration_needed
Agoda,https://www.agoda.com/ko-kr/oyado-kaikatei-ryokan/reviews/yufu-jp.html,agoda_api_direct,en/zh/other,2016-07-25,9.6,68437170,facility_wide,neutral_stay,,False,Agoda en/zh/other 표본: 숙박 경험 평가이 확인됨.,room/stay,neutral,neutral_or_lodging_context,medium,issue_caution_calibration_needed
Agoda,https://www.agoda.com/ko-kr/oyado-kaikatei-ryokan/reviews/yufu-jp.html,agoda_api_direct,en/zh/other,2016-07-17,8.4,67300379,facility_wide,neutral_stay,,False,Agoda en/zh/other 표본: 숙박 경험 평가이 확인됨.,room/stay,neutral,neutral_or_lodging_context,medium,issue_caution_calibration_needed
Agoda,https://www.agoda.com/ko-kr/oyado-kaikatei-ryokan/reviews/yufu-jp.html,agoda_api_direct,en/zh/other,2016-06-17,9.6,65961526,facility_wide,neutral_stay,,False,Agoda en/zh/other 표본: 숙박 경험 평가이 확인됨.,room/stay,neutral,neutral_or_lodging_context,medium,issue_caution_calibration_needed
Agoda,https://www.agoda.com/ko-kr/oyado-kaikatei-ryokan/reviews/yufu-jp.html,agoda_api_direct,en/zh/other,2016-05-27,8.8,65481920,room_bath,room_bath_hot_spring,,True,Agoda en/zh/other 표본: 객실 내탕/노천탕 이용 맥락이 확인됨.,객실탕/客室;온천/温泉,positive,rating_positive_signal,medium,issue_caution_calibration_needed
Agoda,https://www.agoda.com/ko-kr/oyado-kaikatei-ryokan/reviews/yufu-jp.html,agoda_api_direct,en/zh/other,2016-05-26,8.8,65470035,facility_wide,neutral_stay,,False,Agoda en/zh/other 표본: 숙박 경험 평가이 확인됨.,room/stay,neutral,neutral_or_lodging_context,medium,issue_caution_calibration_needed
Agoda,https://www.agoda.com/ko-kr/oyado-kaikatei-ryokan/reviews/yufu-jp.html,agoda_api_direct,en/zh/other,2016-04-12,9.6,64212114,room_bath,booking_confusion;room_bath_hot_spring,booking_access,True,"Agoda en/zh/other 표본: 객실 내탕/노천탕 이용 맥락, 위치·예약·송영 주의이 확인됨.",객실탕/客室;온천/温泉;예약/거리/송영,mixed,caution_or_issue_tag,high,issue_caution_calibration_needed
Agoda,https://www.agoda.com/ko-kr/oyado-kaikatei-ryokan/reviews/yufu-jp.html,agoda_api_direct,en/zh/other,2016-04-10,9.6,64191659,room_open_air_bath,room_bath_hot_spring,,True,Agoda en/zh/other 표본: 객실 내탕/노천탕 이용 맥락이 확인됨.,노천탕/露天;온천/温泉,positive,rating_positive_signal,medium,issue_caution_calibration_needed
Agoda,https://www.agoda.com/ko-kr/oyado-kaikatei-ryokan/reviews/yufu-jp.html,agoda_api_direct,en/zh/other,2015-11-08,10.0,47828882,facility_wide,room_bath_hot_spring,,True,Agoda en/zh/other 표본: 숙박 경험 평가이 확인됨.,온천/温泉,positive,rating_positive_signal,medium,issue_caution_calibration_needed
Agoda,https://www.agoda.com/ko-kr/oyado-kaikatei-ryokan/reviews/yufu-jp.html,agoda_api_direct,en/zh/other,2015-10-17,9.7,26394844,facility_wide,room_bath_hot_spring,,True,Agoda en/zh/other 표본: 숙박 경험 평가이 확인됨.,온천/温泉,positive,rating_positive_signal,medium,issue_caution_calibration_needed
Agoda,https://www.agoda.com/ko-kr/oyado-kaikatei-ryokan/reviews/yufu-jp.html,agoda_api_direct,en/zh/other,2015-10-04,9.3,19059647,facility_wide,neutral_stay,,False,Agoda en/zh/other 표본: 숙박 경험 평가이 확인됨.,room/stay,neutral,neutral_or_lodging_context,medium,issue_caution_calibration_needed
Agoda,https://www.agoda.com/ko-kr/oyado-kaikatei-ryokan/reviews/yufu-jp.html,agoda_api_direct,en/zh/other,2024-06-02,8.4,813546467,room_open_air_bath,booking_confusion;room_bath_hot_spring,booking_access,True,"Agoda en/zh/other 표본: 객실 내탕/노천탕 이용 맥락, 위치·예약·송영 주의이 확인됨.",노천탕/露天;온천/温泉;예약/거리/송영,mixed,caution_or_issue_tag,high,issue_caution_calibration_needed
Agoda,https://www.agoda.com/ko-kr/oyado-kaikatei-ryokan/reviews/yufu-jp.html,agoda_api_direct,en/zh/other,2025-10-29,8.4,1045777697,room_open_air_bath,room_bath_hot_spring,,True,Agoda en/zh/other 표본: 객실 내탕/노천탕 이용 맥락이 확인됨.,노천탕/露天,positive,rating_positive_signal,medium,issue_caution_calibration_needed
Agoda,https://www.agoda.com/ko-kr/oyado-kaikatei-ryokan/reviews/yufu-jp.html,agoda_api_direct,en/zh/other,2024-06-03,8.8,815500592,room_open_air_bath,room_bath_hot_spring,,True,Agoda en/zh/other 표본: 객실 내탕/노천탕 이용 맥락이 확인됨.,노천탕/露天,positive,rating_positive_signal,medium,issue_caution_calibration_needed
Agoda,https://www.agoda.com/ko-kr/oyado-kaikatei-ryokan/reviews/yufu-jp.html,agoda_api_direct,en/zh/other,2024-05-19,9.6,807365823,room_bath;room_open_air_bath,room_bath_hot_spring,,True,Agoda en/zh/other 표본: 객실 내탕/노천탕 이용 맥락이 확인됨.,노천탕/露天;내탕/内湯,positive,rating_positive_signal,medium,issue_caution_calibration_needed
Agoda,https://www.agoda.com/ko-kr/oyado-kaikatei-ryokan/reviews/yufu-jp.html,agoda_api_direct,en/zh/other,2024-04-25,4.4,797800761,room_bath;room_open_air_bath,room_bath_hot_spring,,True,Agoda en/zh/other 표본: 객실 내탕/노천탕 이용 맥락이 확인됨.,노천탕/露天;내탕/内湯,positive,rating_positive_signal,medium,issue_caution_calibration_needed
Agoda,https://www.agoda.com/ko-kr/oyado-kaikatei-ryokan/reviews/yufu-jp.html,agoda_api_direct,en/zh/other,2024-01-10,9.2,760329954,room_open_air_bath,room_bath_hot_spring,,True,Agoda en/zh/other 표본: 객실 내탕/노천탕 이용 맥락이 확인됨.,노천탕/露天,positive,rating_positive_signal,medium,issue_caution_calibration_needed
Agoda,https://www.agoda.com/ko-kr/oyado-kaikatei-ryokan/reviews/yufu-jp.html,agoda_api_direct,en/zh/other,2024-01-09,8.0,759127218,room_bath;room_open_air_bath,room_bath_hot_spring,,True,Agoda en/zh/other 표본: 객실 내탕/노천탕 이용 맥락이 확인됨.,노천탕/露天;내탕/内湯,positive,rating_positive_signal,medium,issue_caution_calibration_needed
Agoda,https://www.agoda.com/ko-kr/oyado-kaikatei-ryokan/reviews/yufu-jp.html,agoda_api_direct,en/zh/other,2023-10-30,9.6,733113984,room_bath;room_open_air_bath,room_bath_hot_spring,,True,Agoda en/zh/other 표본: 객실 내탕/노천탕 이용 맥락이 확인됨.,노천탕/露天;내탕/内湯,positive,rating_positive_signal,medium,issue_caution_calibration_needed
Agoda,https://www.agoda.com/ko-kr/oyado-kaikatei-ryokan/reviews/yufu-jp.html,agoda_api_direct,en/zh/other,2022-05-19,5.2,506392277,facility_wide,neutral_stay,,False,Agoda en/zh/other 표본: 숙박 경험 평가이 확인됨.,room/stay,neutral,neutral_or_lodging_context,medium,issue_caution_calibration_needed
Agoda,https://www.agoda.com/ko-kr/oyado-kaikatei-ryokan/reviews/yufu-jp.html,agoda_api_direct,en/zh/other,2026-05-22,5.6,1122022136,room_open_air_bath,room_bath_hot_spring,insects,True,Agoda en/zh/other 표본: 객실 내탕/노천탕 이용 맥락이 확인됨.,노천탕/露天;虫/벌레,mixed,body_negative_with_context,high,issue_caution_calibration_needed
Agoda,https://www.agoda.com/ko-kr/oyado-kaikatei-ryokan/reviews/yufu-jp.html,agoda_api_direct,en/zh/other,2026-05-16,10.0,1118952176,room_open_air_bath,room_bath_hot_spring,,True,Agoda en/zh/other 표본: 객실 내탕/노천탕 이용 맥락이 확인됨.,노천탕/露天;온천/温泉,positive,rating_positive_signal,medium,issue_caution_calibration_needed
Agoda,https://www.agoda.com/ko-kr/oyado-kaikatei-ryokan/reviews/yufu-jp.html,agoda_api_direct,en/zh/other,2026-05-10,10.0,1117309459,room_open_air_bath,room_bath_hot_spring,,True,Agoda en/zh/other 표본: 객실 내탕/노천탕 이용 맥락이 확인됨.,노천탕/露天,positive,rating_positive_signal,medium,issue_caution_calibration_needed
Agoda,https://www.agoda.com/ko-kr/oyado-kaikatei-ryokan/reviews/yufu-jp.html,agoda_api_direct,en/zh/other,2026-01-30,9.6,1071357532,room_open_air_bath,room_bath_hot_spring,,True,Agoda en/zh/other 표본: 객실 내탕/노천탕 이용 맥락이 확인됨.,노천탕/露天,positive,rating_positive_signal,medium,issue_caution_calibration_needed
Agoda,https://www.agoda.com/ko-kr/oyado-kaikatei-ryokan/reviews/yufu-jp.html,agoda_api_direct,en/zh/other,2026-01-27,7.2,1070889111,room_open_air_bath,room_bath_hot_spring,,True,Agoda en/zh/other 표본: 객실 내탕/노천탕 이용 맥락이 확인됨.,노천탕/露天,positive,rating_positive_signal,medium,issue_caution_calibration_needed
Agoda,https://www.agoda.com/ko-kr/oyado-kaikatei-ryokan/reviews/yufu-jp.html,agoda_api_direct,en/zh/other,2026-01-09,10.0,1065420404,room_open_air_bath,room_bath_hot_spring,,True,Agoda en/zh/other 표본: 객실 내탕/노천탕 이용 맥락이 확인됨.,노천탕/露天,positive,rating_positive_signal,medium,issue_caution_calibration_needed
Agoda,https://www.agoda.com/ko-kr/oyado-kaikatei-ryokan/reviews/yufu-jp.html,agoda_api_direct,en/zh/other,2025-12-10,9.2,1058370436,room_bath;room_open_air_bath,room_bath_hot_spring,,True,Agoda en/zh/other 표본: 객실 내탕/노천탕 이용 맥락이 확인됨.,노천탕/露天;내탕/内湯,positive,rating_positive_signal,medium,issue_caution_calibration_needed
Agoda,https://www.agoda.com/ko-kr/oyado-kaikatei-ryokan/reviews/yufu-jp.html,agoda_api_direct,en/zh/other,2025-11-03,5.2,1047883546,room_open_air_bath,room_bath_hot_spring,,True,Agoda en/zh/other 표본: 객실 내탕/노천탕 이용 맥락이 확인됨.,노천탕/露天,positive,rating_positive_signal,medium,issue_caution_calibration_needed
Agoda,https://www.agoda.com/ko-kr/oyado-kaikatei-ryokan/reviews/yufu-jp.html,agoda_api_direct,en/zh/other,2025-11-01,10.0,1046853823,room_open_air_bath,room_bath_hot_spring,,True,Agoda en/zh/other 표본: 객실 내탕/노천탕 이용 맥락이 확인됨.,노천탕/露天,positive,rating_positive_signal,medium,issue_caution_calibration_needed
Agoda,https://www.agoda.com/ko-kr/oyado-kaikatei-ryokan/reviews/yufu-jp.html,agoda_api_direct,en/zh/other,2025-10-24,9.2,1043821462,room_open_air_bath,room_bath_hot_spring,temperature,True,"Agoda en/zh/other 표본: 객실 내탕/노천탕 이용 맥락, 온도 조절 언급이 확인됨.",노천탕/露天;온도/湯加減,mixed,caution_or_issue_tag,high,issue_caution_calibration_needed
Agoda,https://www.agoda.com/ko-kr/oyado-kaikatei-ryokan/reviews/yufu-jp.html,agoda_api_direct,en/zh/other,2025-10-10,8.0,1037469987,room_open_air_bath,room_bath_hot_spring,,True,Agoda en/zh/other 표본: 객실 내탕/노천탕 이용 맥락이 확인됨.,노천탕/露天;온천/温泉,positive,rating_positive_signal,medium,issue_caution_calibration_needed
Agoda,https://www.agoda.com/ko-kr/oyado-kaikatei-ryokan/reviews/yufu-jp.html,agoda_api_direct,en/zh/other,2025-09-25,9.6,1030790149,room_open_air_bath,room_bath_hot_spring,,True,Agoda en/zh/other 표본: 객실 내탕/노천탕 이용 맥락이 확인됨.,노천탕/露天,positive,rating_positive_signal,medium,issue_caution_calibration_needed
Agoda,https://www.agoda.com/ko-kr/oyado-kaikatei-ryokan/reviews/yufu-jp.html,agoda_api_direct,en/zh/other,2025-06-13,8.0,971386838,room_open_air_bath,room_bath_hot_spring,,True,Agoda en/zh/other 표본: 객실 내탕/노천탕 이용 맥락이 확인됨.,노천탕/露天,positive,rating_positive_signal,medium,issue_caution_calibration_needed
Agoda,https://www.agoda.com/ko-kr/oyado-kaikatei-ryokan/reviews/yufu-jp.html,agoda_api_direct,en/zh/other,2025-06-03,5.2,970570815,room_open_air_bath,room_bath_hot_spring,,True,Agoda en/zh/other 표본: 객실 내탕/노천탕 이용 맥락이 확인됨.,노천탕/露天,positive,rating_positive_signal,medium,issue_caution_calibration_needed
Agoda,https://www.agoda.com/ko-kr/oyado-kaikatei-ryokan/reviews/yufu-jp.html,agoda_api_direct,en/zh/other,2025-05-02,8.4,958709062,room_open_air_bath,room_bath_hot_spring,,True,Agoda en/zh/other 표본: 객실 내탕/노천탕 이용 맥락이 확인됨.,노천탕/露天,positive,rating_positive_signal,medium,issue_caution_calibration_needed
Agoda,https://www.agoda.com/ko-kr/oyado-kaikatei-ryokan/reviews/yufu-jp.html,agoda_api_direct,en/zh/other,2025-04-22,9.6,953569475,room_open_air_bath,room_bath_hot_spring,,True,Agoda en/zh/other 표본: 객실 내탕/노천탕 이용 맥락이 확인됨.,노천탕/露天;온천/温泉,positive,rating_positive_signal,medium,issue_caution_calibration_needed
Agoda,https://www.agoda.com/ko-kr/oyado-kaikatei-ryokan/reviews/yufu-jp.html,agoda_api_direct,en/zh/other,2025-04-15,10.0,950958825,room_open_air_bath,room_bath_hot_spring,,True,Agoda en/zh/other 표본: 객실 내탕/노천탕 이용 맥락이 확인됨.,노천탕/露天,positive,rating_positive_signal,medium,issue_caution_calibration_needed
Agoda,https://www.agoda.com/ko-kr/oyado-kaikatei-ryokan/reviews/yufu-jp.html,agoda_api_direct,en/zh/other,2025-04-09,9.2,947441457,room_open_air_bath,room_bath_hot_spring,,True,Agoda en/zh/other 표본: 객실 내탕/노천탕 이용 맥락이 확인됨.,노천탕/露天,positive,rating_positive_signal,medium,issue_caution_calibration_needed
Agoda,https://www.agoda.com/ko-kr/oyado-kaikatei-ryokan/reviews/yufu-jp.html,agoda_api_direct,en/zh/other,2025-02-16,9.6,929338551,room_open_air_bath,room_bath_hot_spring,,True,Agoda en/zh/other 표본: 객실 내탕/노천탕 이용 맥락이 확인됨.,노천탕/露天;온천/温泉,positive,rating_positive_signal,medium,issue_caution_calibration_needed
Agoda,https://www.agoda.com/ko-kr/oyado-kaikatei-ryokan/reviews/yufu-jp.html,agoda_api_direct,en/zh/other,2025-01-25,10.0,920367239,room_open_air_bath,room_bath_hot_spring,,True,Agoda en/zh/other 표본: 객실 내탕/노천탕 이용 맥락이 확인됨.,노천탕/露天,positive,rating_positive_signal,medium,issue_caution_calibration_needed
Agoda,https://www.agoda.com/ko-kr/oyado-kaikatei-ryokan/reviews/yufu-jp.html,agoda_api_direct,en/zh/other,2025-01-01,7.2,911260485,room_open_air_bath,room_bath_hot_spring,,True,Agoda en/zh/other 표본: 객실 내탕/노천탕 이용 맥락이 확인됨.,노천탕/露天,positive,rating_positive_signal,medium,issue_caution_calibration_needed
Agoda,https://www.agoda.com/ko-kr/oyado-kaikatei-ryokan/reviews/yufu-jp.html,agoda_api_direct,en/zh/other,2025-01-01,6.8,911260949,room_open_air_bath,room_bath_hot_spring,,True,Agoda en/zh/other 표본: 객실 내탕/노천탕 이용 맥락이 확인됨.,노천탕/露天,positive,rating_positive_signal,medium,issue_caution_calibration_needed
Agoda,https://www.agoda.com/ko-kr/oyado-kaikatei-ryokan/reviews/yufu-jp.html,agoda_api_direct,en/zh/other,2024-12-14,10.0,903020843,room_open_air_bath,booking_confusion;room_bath_hot_spring,booking_access,True,"Agoda en/zh/other 표본: 객실 내탕/노천탕 이용 맥락, 위치·예약·송영 주의이 확인됨.",노천탕/露天;예약/거리/송영,mixed,caution_or_issue_tag,high,issue_caution_calibration_needed
Agoda,https://www.agoda.com/ko-kr/oyado-kaikatei-ryokan/reviews/yufu-jp.html,agoda_api_direct,en/zh/other,2024-12-08,7.6,902509789,room_bath;room_open_air_bath,room_bath_hot_spring,,True,Agoda en/zh/other 표본: 객실 내탕/노천탕 이용 맥락이 확인됨.,노천탕/露天;내탕/内湯,positive,rating_positive_signal,medium,issue_caution_calibration_needed
Agoda,https://www.agoda.com/ko-kr/oyado-kaikatei-ryokan/reviews/yufu-jp.html,agoda_api_direct,en/zh/other,2024-12-07,7.6,902430307,room_open_air_bath,room_bath_hot_spring,,True,Agoda en/zh/other 표본: 객실 내탕/노천탕 이용 맥락이 확인됨.,노천탕/露天,positive,rating_positive_signal,medium,issue_caution_calibration_needed
Agoda,https://www.agoda.com/ko-kr/oyado-kaikatei-ryokan/reviews/yufu-jp.html,agoda_api_direct,en/zh/other,2024-11-16,10.0,894285630,room_open_air_bath,room_bath_hot_spring,,True,Agoda en/zh/other 표본: 객실 내탕/노천탕 이용 맥락이 확인됨.,노천탕/露天,positive,rating_positive_signal,medium,issue_caution_calibration_needed
Agoda,https://www.agoda.com/ko-kr/oyado-kaikatei-ryokan/reviews/yufu-jp.html,agoda_api_direct,en/zh/other,2024-11-10,9.2,893263821,room_open_air_bath,room_bath_hot_spring,,True,Agoda en/zh/other 표본: 객실 내탕/노천탕 이용 맥락이 확인됨.,노천탕/露天,positive,rating_positive_signal,medium,issue_caution_calibration_needed
Agoda,https://www.agoda.com/ko-kr/oyado-kaikatei-ryokan/reviews/yufu-jp.html,agoda_api_direct,en/zh/other,2024-11-04,8.0,888987129,room_open_air_bath,room_bath_hot_spring,,True,Agoda en/zh/other 표본: 객실 내탕/노천탕 이용 맥락이 확인됨.,노천탕/露天,positive,rating_positive_signal,medium,issue_caution_calibration_needed
Agoda,https://www.agoda.com/ko-kr/oyado-kaikatei-ryokan/reviews/yufu-jp.html,agoda_api_direct,en/zh/other,2024-10-30,7.2,886459112,room_open_air_bath,room_bath_hot_spring,,True,Agoda en/zh/other 표본: 객실 내탕/노천탕 이용 맥락이 확인됨.,노천탕/露天,positive,rating_positive_signal,medium,issue_caution_calibration_needed
Agoda,https://www.agoda.com/ko-kr/oyado-kaikatei-ryokan/reviews/yufu-jp.html,agoda_api_direct,en/zh/other,2024-10-20,10.0,884472705,room_open_air_bath,room_bath_hot_spring,,True,Agoda en/zh/other 표본: 객실 내탕/노천탕 이용 맥락이 확인됨.,노천탕/露天,positive,rating_positive_signal,medium,issue_caution_calibration_needed
Agoda,https://www.agoda.com/ko-kr/oyado-kaikatei-ryokan/reviews/yufu-jp.html,agoda_api_direct,en/zh/other,2024-09-23,7.6,870288188,room_open_air_bath,room_bath_hot_spring,,True,Agoda en/zh/other 표본: 객실 내탕/노천탕 이용 맥락이 확인됨.,노천탕/露天,positive,rating_positive_signal,medium,issue_caution_calibration_needed
Agoda,https://www.agoda.com/ko-kr/oyado-kaikatei-ryokan/reviews/yufu-jp.html,agoda_api_direct,en/zh/other,2024-09-17,8.0,867257834,room_open_air_bath,room_bath_hot_spring,,True,Agoda en/zh/other 표본: 객실 내탕/노천탕 이용 맥락이 확인됨.,노천탕/露天,positive,rating_positive_signal,medium,issue_caution_calibration_needed
Agoda,https://www.agoda.com/ko-kr/oyado-kaikatei-ryokan/reviews/yufu-jp.html,agoda_api_direct,en/zh/other,2024-09-06,10.0,851616209,room_open_air_bath,room_bath_hot_spring,temperature,True,"Agoda en/zh/other 표본: 객실 내탕/노천탕 이용 맥락, 온도 조절 언급이 확인됨.",노천탕/露天;온도/湯加減,mixed,caution_or_issue_tag,high,issue_caution_calibration_needed
Agoda,https://www.agoda.com/ko-kr/oyado-kaikatei-ryokan/reviews/yufu-jp.html,agoda_api_direct,en/zh/other,2024-07-28,3.2,838690205,room_open_air_bath,room_bath_hot_spring,,True,Agoda en/zh/other 표본: 객실 내탕/노천탕 이용 맥락이 확인됨.,노천탕/露天,positive,positive_signal_no_caution,medium,issue_caution_calibration_needed
Agoda,https://www.agoda.com/ko-kr/oyado-kaikatei-ryokan/reviews/yufu-jp.html,agoda_api_direct,en/zh/other,2024-07-14,8.8,830577393,room_open_air_bath,room_bath_hot_spring,temperature,True,"Agoda en/zh/other 표본: 객실 내탕/노천탕 이용 맥락, 온도 조절 언급이 확인됨.",노천탕/露天;온도/湯加減,mixed,caution_or_issue_tag,high,issue_caution_calibration_needed
Agoda,https://www.agoda.com/ko-kr/oyado-kaikatei-ryokan/reviews/yufu-jp.html,agoda_api_direct,en/zh/other,2024-07-06,10.0,829969689,room_open_air_bath,room_bath_hot_spring,,True,Agoda en/zh/other 표본: 객실 내탕/노천탕 이용 맥락이 확인됨.,노천탕/露天,positive,rating_positive_signal,medium,issue_caution_calibration_needed
Agoda,https://www.agoda.com/ko-kr/oyado-kaikatei-ryokan/reviews/yufu-jp.html,agoda_api_direct,en/zh/other,2024-07-03,9.6,827916187,room_open_air_bath,room_bath_hot_spring,,True,Agoda en/zh/other 표본: 객실 내탕/노천탕 이용 맥락이 확인됨.,노천탕/露天,positive,rating_positive_signal,medium,issue_caution_calibration_needed
Agoda,https://www.agoda.com/ko-kr/oyado-kaikatei-ryokan/reviews/yufu-jp.html,agoda_api_direct,en/zh/other,2024-06-10,7.2,816293482,room_open_air_bath,room_bath_hot_spring,,True,Agoda en/zh/other 표본: 객실 내탕/노천탕 이용 맥락이 확인됨.,노천탕/露天,positive,rating_positive_signal,medium,issue_caution_calibration_needed
Agoda,https://www.agoda.com/ko-kr/oyado-kaikatei-ryokan/reviews/yufu-jp.html,agoda_api_direct,en/zh/other,2024-06-04,10.0,815827114,room_open_air_bath,room_bath_hot_spring,,True,Agoda en/zh/other 표본: 객실 내탕/노천탕 이용 맥락이 확인됨.,노천탕/露天,positive,rating_positive_signal,medium,issue_caution_calibration_needed
Agoda,https://www.agoda.com/ko-kr/oyado-kaikatei-ryokan/reviews/yufu-jp.html,agoda_api_direct,en/zh/other,2024-06-02,8.0,813539523,room_bath;room_open_air_bath,room_bath_hot_spring,,True,Agoda en/zh/other 표본: 객실 내탕/노천탕 이용 맥락이 확인됨.,노천탕/露天;내탕/内湯,positive,rating_positive_signal,medium,issue_caution_calibration_needed
Agoda,https://www.agoda.com/ko-kr/oyado-kaikatei-ryokan/reviews/yufu-jp.html,agoda_api_direct,en/zh/other,2024-05-30,7.6,811452136,room_open_air_bath,booking_confusion;room_bath_hot_spring,booking_access,True,"Agoda en/zh/other 표본: 객실 내탕/노천탕 이용 맥락, 위치·예약·송영 주의이 확인됨.",노천탕/露天;온천/温泉;예약/거리/송영,mixed,caution_or_issue_tag,high,issue_caution_calibration_needed
Agoda,https://www.agoda.com/ko-kr/oyado-kaikatei-ryokan/reviews/yufu-jp.html,agoda_api_direct,en/zh/other,2024-05-22,8.0,809867038,room_open_air_bath,room_bath_hot_spring,,True,Agoda en/zh/other 표본: 객실 내탕/노천탕 이용 맥락이 확인됨.,노천탕/露天,positive,rating_positive_signal,medium,issue_caution_calibration_needed
Agoda,https://www.agoda.com/ko-kr/oyado-kaikatei-ryokan/reviews/yufu-jp.html,agoda_api_direct,en/zh/other,2024-05-17,10.0,805957489,room_open_air_bath,room_bath_hot_spring,,True,Agoda en/zh/other 표본: 객실 내탕/노천탕 이용 맥락이 확인됨.,노천탕/露天,positive,rating_positive_signal,medium,issue_caution_calibration_needed
Agoda,https://www.agoda.com/ko-kr/oyado-kaikatei-ryokan/reviews/yufu-jp.html,agoda_api_direct,en/zh/other,2024-05-03,7.2,801215201,room_open_air_bath,room_bath_hot_spring,,True,Agoda en/zh/other 표본: 객실 내탕/노천탕 이용 맥락이 확인됨.,노천탕/露天,positive,rating_positive_signal,medium,issue_caution_calibration_needed
Agoda,https://www.agoda.com/ko-kr/oyado-kaikatei-ryokan/reviews/yufu-jp.html,agoda_api_direct,en/zh/other,2024-04-29,10.0,798317005,room_open_air_bath,room_bath_hot_spring,,True,Agoda en/zh/other 표본: 객실 내탕/노천탕 이용 맥락이 확인됨.,노천탕/露天,positive,rating_positive_signal,medium,issue_caution_calibration_needed
Agoda,https://www.agoda.com/ko-kr/oyado-kaikatei-ryokan/reviews/yufu-jp.html,agoda_api_direct,en/zh/other,2024-04-25,9.2,794630464,room_open_air_bath,room_bath_hot_spring,,True,Agoda en/zh/other 표본: 객실 내탕/노천탕 이용 맥락이 확인됨.,노천탕/露天,positive,rating_positive_signal,medium,issue_caution_calibration_needed
Agoda,https://www.agoda.com/ko-kr/oyado-kaikatei-ryokan/reviews/yufu-jp.html,agoda_api_direct,en/zh/other,2024-04-18,8.8,794710110,room_open_air_bath,room_bath_hot_spring,,True,Agoda en/zh/other 표본: 객실 내탕/노천탕 이용 맥락이 확인됨.,노천탕/露天,positive,rating_positive_signal,medium,issue_caution_calibration_needed
Agoda,https://www.agoda.com/ko-kr/oyado-kaikatei-ryokan/reviews/yufu-jp.html,agoda_api_direct,en/zh/other,2024-04-05,9.6,791045883,room_open_air_bath,room_bath_hot_spring,,True,Agoda en/zh/other 표본: 객실 내탕/노천탕 이용 맥락이 확인됨.,노천탕/露天,positive,rating_positive_signal,medium,issue_caution_calibration_needed
Agoda,https://www.agoda.com/ko-kr/oyado-kaikatei-ryokan/reviews/yufu-jp.html,agoda_api_direct,en/zh/other,2024-03-23,4.0,782414155,room_open_air_bath,room_bath_hot_spring,,True,Agoda en/zh/other 표본: 객실 내탕/노천탕 이용 맥락이 확인됨.,노천탕/露天,positive,rating_positive_signal,medium,issue_caution_calibration_needed
Agoda,https://www.agoda.com/ko-kr/oyado-kaikatei-ryokan/reviews/yufu-jp.html,agoda_api_direct,en/zh/other,2024-03-19,10.0,782114055,room_open_air_bath,room_bath_hot_spring,,True,Agoda en/zh/other 표본: 객실 내탕/노천탕 이용 맥락이 확인됨.,노천탕/露天,positive,rating_positive_signal,medium,issue_caution_calibration_needed
Agoda,https://www.agoda.com/ko-kr/oyado-kaikatei-ryokan/reviews/yufu-jp.html,agoda_api_direct,en/zh/other,2024-03-18,9.2,782045302,room_open_air_bath,room_bath_hot_spring,,True,Agoda en/zh/other 표본: 객실 내탕/노천탕 이용 맥락이 확인됨.,노천탕/露天,positive,rating_positive_signal,medium,issue_caution_calibration_needed
Agoda,https://www.agoda.com/ko-kr/oyado-kaikatei-ryokan/reviews/yufu-jp.html,agoda_api_direct,en/zh/other,2024-02-23,4.0,776375063,room_open_air_bath,room_bath_hot_spring,,True,Agoda en/zh/other 표본: 객실 내탕/노천탕 이용 맥락이 확인됨.,노천탕/露天,positive,rating_positive_signal,medium,issue_caution_calibration_needed
Agoda,https://www.agoda.com/ko-kr/oyado-kaikatei-ryokan/reviews/yufu-jp.html,agoda_api_direct,en/zh/other,2024-01-19,9.2,762304563,room_open_air_bath,room_bath_hot_spring,,True,Agoda en/zh/other 표본: 객실 내탕/노천탕 이용 맥락이 확인됨.,노천탕/露天,positive,rating_positive_signal,medium,issue_caution_calibration_needed
Agoda,https://www.agoda.com/ko-kr/oyado-kaikatei-ryokan/reviews/yufu-jp.html,agoda_api_direct,en/zh/other,2024-01-16,8.8,762651356,room_open_air_bath,room_bath_hot_spring,,True,Agoda en/zh/other 표본: 객실 내탕/노천탕 이용 맥락이 확인됨.,노천탕/露天,positive,rating_positive_signal,medium,issue_caution_calibration_needed
Agoda,https://www.agoda.com/ko-kr/oyado-kaikatei-ryokan/reviews/yufu-jp.html,agoda_api_direct,en/zh/other,2024-01-12,7.2,761611243,room_open_air_bath,room_bath_hot_spring,,True,Agoda en/zh/other 표본: 객실 내탕/노천탕 이용 맥락이 확인됨.,노천탕/露天,positive,rating_positive_signal,medium,issue_caution_calibration_needed
Agoda,https://www.agoda.com/ko-kr/oyado-kaikatei-ryokan/reviews/yufu-jp.html,agoda_api_direct,en/zh/other,2023-11-03,6.0,734983292,room_open_air_bath,room_bath_hot_spring,,True,Agoda en/zh/other 표본: 객실 내탕/노천탕 이용 맥락이 확인됨.,노천탕/露天,positive,rating_positive_signal,medium,issue_caution_calibration_needed
Agoda,https://www.agoda.com/ko-kr/oyado-kaikatei-ryokan/reviews/yufu-jp.html,agoda_api_direct,en/zh/other,2023-10-26,9.2,732358143,room_open_air_bath,room_bath_hot_spring,,True,Agoda en/zh/other 표본: 객실 내탕/노천탕 이용 맥락이 확인됨.,노천탕/露天,positive,rating_positive_signal,medium,issue_caution_calibration_needed
Agoda,https://www.agoda.com/ko-kr/oyado-kaikatei-ryokan/reviews/yufu-jp.html,agoda_api_direct,en/zh/other,2023-10-03,6.0,722007184,room_open_air_bath,room_bath_hot_spring,,True,Agoda en/zh/other 표본: 객실 내탕/노천탕 이용 맥락이 확인됨.,노천탕/露天,positive,rating_positive_signal,medium,issue_caution_calibration_needed
Agoda,https://www.agoda.com/ko-kr/oyado-kaikatei-ryokan/reviews/yufu-jp.html,agoda_api_direct,en/zh/other,2023-09-22,10.0,716687641,room_open_air_bath,room_bath_hot_spring,,True,Agoda en/zh/other 표본: 객실 내탕/노천탕 이용 맥락이 확인됨.,노천탕/露天,positive,rating_positive_signal,medium,issue_caution_calibration_needed
Agoda,https://www.agoda.com/ko-kr/oyado-kaikatei-ryokan/reviews/yufu-jp.html,agoda_api_direct,en/zh/other,2023-09-21,9.2,716192845,room_open_air_bath,room_bath_hot_spring,,True,Agoda en/zh/other 표본: 객실 내탕/노천탕 이용 맥락이 확인됨.,노천탕/露天,positive,rating_positive_signal,medium,issue_caution_calibration_needed
Agoda,https://www.agoda.com/ko-kr/oyado-kaikatei-ryokan/reviews/yufu-jp.html,agoda_api_direct,en/zh/other,2023-08-10,9.6,689909214,room_open_air_bath,room_bath_hot_spring,temperature,True,"Agoda en/zh/other 표본: 객실 내탕/노천탕 이용 맥락, 온도 조절 언급이 확인됨.",노천탕/露天;온도/湯加減,mixed,caution_or_issue_tag,high,issue_caution_calibration_needed
Agoda,https://www.agoda.com/ko-kr/oyado-kaikatei-ryokan/reviews/yufu-jp.html,agoda_api_direct,en/zh/other,2023-06-18,9.6,660172150,room_open_air_bath,booking_confusion;room_bath_hot_spring,booking_access,True,"Agoda en/zh/other 표본: 객실 내탕/노천탕 이용 맥락, 위치·예약·송영 주의이 확인됨.",노천탕/露天;온천/温泉;예약/거리/송영,mixed,caution_or_issue_tag,high,issue_caution_calibration_needed
Agoda,https://www.agoda.com/ko-kr/oyado-kaikatei-ryokan/reviews/yufu-jp.html,agoda_api_direct,en/zh/other,2020-04-13,7.6,260896095,room_open_air_bath,room_bath_hot_spring,,True,Agoda en/zh/other 표본: 객실 내탕/노천탕 이용 맥락이 확인됨.,노천탕/露天;온천/温泉,positive,rating_positive_signal,medium,issue_caution_calibration_needed
Agoda,https://www.agoda.com/ko-kr/oyado-kaikatei-ryokan/reviews/yufu-jp.html,agoda_api_direct,en/zh/other,2020-03-07,9.2,258001053,room_open_air_bath,room_bath_hot_spring,,True,Agoda en/zh/other 표본: 객실 내탕/노천탕 이용 맥락이 확인됨.,노천탕/露天,positive,rating_positive_signal,medium,issue_caution_calibration_needed
Agoda,https://www.agoda.com/ko-kr/oyado-kaikatei-ryokan/reviews/yufu-jp.html,agoda_api_direct,en/zh/other,2020-02-16,8.8,255858721,room_open_air_bath,room_bath_hot_spring,,True,Agoda en/zh/other 표본: 객실 내탕/노천탕 이용 맥락이 확인됨.,노천탕/露天,positive,rating_positive_signal,medium,issue_caution_calibration_needed
Agoda,https://www.agoda.com/ko-kr/oyado-kaikatei-ryokan/reviews/yufu-jp.html,agoda_api_direct,en/zh/other,2020-02-06,10.0,255332907,room_open_air_bath,room_bath_hot_spring,temperature,True,"Agoda en/zh/other 표본: 객실 내탕/노천탕 이용 맥락, 온도 조절 언급이 확인됨.",노천탕/露天;온도/湯加減,mixed,caution_or_issue_tag,high,issue_caution_calibration_needed
Agoda,https://www.agoda.com/ko-kr/oyado-kaikatei-ryokan/reviews/yufu-jp.html,agoda_api_direct,en/zh/other,2020-02-05,6.8,255296912,room_open_air_bath,room_bath_hot_spring,,True,Agoda en/zh/other 표본: 객실 내탕/노천탕 이용 맥락이 확인됨.,노천탕/露天,positive,rating_positive_signal,medium,issue_caution_calibration_needed
Agoda,https://www.agoda.com/ko-kr/oyado-kaikatei-ryokan/reviews/yufu-jp.html,agoda_api_direct,en/zh/other,2019-11-20,8.8,246214099,room_open_air_bath,room_bath_hot_spring,,True,Agoda en/zh/other 표본: 객실 내탕/노천탕 이용 맥락이 확인됨.,노천탕/露天,positive,rating_positive_signal,medium,issue_caution_calibration_needed
Agoda,https://www.agoda.com/ko-kr/oyado-kaikatei-ryokan/reviews/yufu-jp.html,agoda_api_direct,en/zh/other,2019-10-12,7.6,239806029,room_open_air_bath,room_bath_hot_spring,,True,Agoda en/zh/other 표본: 객실 내탕/노천탕 이용 맥락이 확인됨.,노천탕/露天,positive,rating_positive_signal,medium,issue_caution_calibration_needed
Agoda,https://www.agoda.com/ko-kr/oyado-kaikatei-ryokan/reviews/yufu-jp.html,agoda_api_direct,en/zh/other,2019-09-30,8.4,238483572,room_open_air_bath,room_bath_hot_spring,,True,Agoda en/zh/other 표본: 객실 내탕/노천탕 이용 맥락이 확인됨.,노천탕/露天,positive,rating_positive_signal,medium,issue_caution_calibration_needed
Agoda,https://www.agoda.com/ko-kr/oyado-kaikatei-ryokan/reviews/yufu-jp.html,agoda_api_direct,en/zh/other,2019-09-21,9.2,237457562,room_open_air_bath,room_bath_hot_spring,,True,Agoda en/zh/other 표본: 객실 내탕/노천탕 이용 맥락이 확인됨.,노천탕/露天,positive,rating_positive_signal,medium,issue_caution_calibration_needed
Agoda,https://www.agoda.com/ko-kr/oyado-kaikatei-ryokan/reviews/yufu-jp.html,agoda_api_direct,en/zh/other,2019-09-20,10.0,237279757,room_open_air_bath,room_bath_hot_spring,,True,Agoda en/zh/other 표본: 객실 내탕/노천탕 이용 맥락이 확인됨.,노천탕/露天,positive,rating_positive_signal,medium,issue_caution_calibration_needed
Agoda,https://www.agoda.com/ko-kr/oyado-kaikatei-ryokan/reviews/yufu-jp.html,agoda_api_direct,en/zh/other,2019-09-02,9.2,235065115,room_open_air_bath,room_bath_hot_spring,,True,Agoda en/zh/other 표본: 객실 내탕/노천탕 이용 맥락이 확인됨.,노천탕/露天,positive,rating_positive_signal,medium,issue_caution_calibration_needed
Agoda,https://www.agoda.com/ko-kr/oyado-kaikatei-ryokan/reviews/yufu-jp.html,agoda_api_direct,en/zh/other,2019-08-25,9.2,234102909,room_open_air_bath,room_bath_hot_spring,,True,Agoda en/zh/other 표본: 객실 내탕/노천탕 이용 맥락이 확인됨.,노천탕/露天,positive,rating_positive_signal,medium,issue_caution_calibration_needed
Agoda,https://www.agoda.com/ko-kr/oyado-kaikatei-ryokan/reviews/yufu-jp.html,agoda_api_direct,en/zh/other,2019-07-18,10.0,229012275,room_open_air_bath,room_bath_hot_spring,,True,Agoda en/zh/other 표본: 객실 내탕/노천탕 이용 맥락이 확인됨.,노천탕/露天,positive,rating_positive_signal,medium,issue_caution_calibration_needed
Agoda,https://www.agoda.com/ko-kr/oyado-kaikatei-ryokan/reviews/yufu-jp.html,agoda_api_direct,en/zh/other,2019-05-31,10.0,221647314,room_open_air_bath,room_bath_hot_spring,,True,Agoda en/zh/other 표본: 객실 내탕/노천탕 이용 맥락이 확인됨.,노천탕/露天,positive,rating_positive_signal,medium,issue_caution_calibration_needed
Agoda,https://www.agoda.com/ko-kr/oyado-kaikatei-ryokan/reviews/yufu-jp.html,agoda_api_direct,en/zh/other,2019-05-22,10.0,219103207,room_open_air_bath,room_bath_hot_spring,,True,Agoda en/zh/other 표본: 객실 내탕/노천탕 이용 맥락이 확인됨.,노천탕/露天,positive,rating_positive_signal,medium,issue_caution_calibration_needed
Agoda,https://www.agoda.com/ko-kr/oyado-kaikatei-ryokan/reviews/yufu-jp.html,agoda_api_direct,en/zh/other,2019-05-06,9.6,212766722,room_open_air_bath,room_bath_hot_spring,temperature,True,"Agoda en/zh/other 표본: 객실 내탕/노천탕 이용 맥락, 온도 조절 언급이 확인됨.",노천탕/露天;온도/湯加減,mixed,caution_or_issue_tag,high,issue_caution_calibration_needed
Agoda,https://www.agoda.com/ko-kr/oyado-kaikatei-ryokan/reviews/yufu-jp.html,agoda_api_direct,en/zh/other,2019-04-29,7.2,212618607,room_open_air_bath,room_bath_hot_spring,temperature,True,"Agoda en/zh/other 표본: 객실 내탕/노천탕 이용 맥락, 온도 조절 언급이 확인됨.",노천탕/露天;온도/湯加減,mixed,caution_or_issue_tag,high,issue_caution_calibration_needed
Agoda,https://www.agoda.com/ko-kr/oyado-kaikatei-ryokan/reviews/yufu-jp.html,agoda_api_direct,en/zh/other,2019-04-24,8.4,212537887,room_open_air_bath,room_bath_hot_spring,,True,Agoda en/zh/other 표본: 객실 내탕/노천탕 이용 맥락이 확인됨.,노천탕/露天;온천/温泉,positive,rating_positive_signal,medium,issue_caution_calibration_needed
Agoda,https://www.agoda.com/ko-kr/oyado-kaikatei-ryokan/reviews/yufu-jp.html,agoda_api_direct,en/zh/other,2019-04-17,8.8,212384156,room_open_air_bath,room_bath_hot_spring,,True,Agoda en/zh/other 표본: 객실 내탕/노천탕 이용 맥락이 확인됨.,노천탕/露天,positive,rating_positive_signal,medium,issue_caution_calibration_needed
Agoda,https://www.agoda.com/ko-kr/oyado-kaikatei-ryokan/reviews/yufu-jp.html,agoda_api_direct,en/zh/other,2019-04-11,9.2,212193440,room_open_air_bath,room_bath_hot_spring,temperature,True,"Agoda en/zh/other 표본: 객실 내탕/노천탕 이용 맥락, 온도 조절 언급이 확인됨.",노천탕/露天;온도/湯加減,mixed,caution_or_issue_tag,high,issue_caution_calibration_needed
Agoda,https://www.agoda.com/ko-kr/oyado-kaikatei-ryokan/reviews/yufu-jp.html,agoda_api_direct,en/zh/other,2019-03-12,9.6,206955184,room_open_air_bath,room_bath_hot_spring,,True,Agoda en/zh/other 표본: 객실 내탕/노천탕 이용 맥락이 확인됨.,노천탕/露天,positive,rating_positive_signal,medium,issue_caution_calibration_needed
Agoda,https://www.agoda.com/ko-kr/oyado-kaikatei-ryokan/reviews/yufu-jp.html,agoda_api_direct,en/zh/other,2019-02-22,9.2,203467043,room_open_air_bath,room_bath_hot_spring,,True,Agoda en/zh/other 표본: 객실 내탕/노천탕 이용 맥락이 확인됨.,노천탕/露天;온천/温泉,positive,rating_positive_signal,medium,issue_caution_calibration_needed
Agoda,https://www.agoda.com/ko-kr/oyado-kaikatei-ryokan/reviews/yufu-jp.html,agoda_api_direct,en/zh/other,2019-01-27,9.2,199486245,room_open_air_bath,room_bath_hot_spring,,True,Agoda en/zh/other 표본: 객실 내탕/노천탕 이용 맥락이 확인됨.,노천탕/露天,positive,rating_positive_signal,medium,issue_caution_calibration_needed
Agoda,https://www.agoda.com/ko-kr/oyado-kaikatei-ryokan/reviews/yufu-jp.html,agoda_api_direct,en/zh/other,2019-01-22,8.8,198814602,room_open_air_bath,room_bath_hot_spring,,True,Agoda en/zh/other 표본: 객실 내탕/노천탕 이용 맥락이 확인됨.,노천탕/露天,positive,rating_positive_signal,medium,issue_caution_calibration_needed
Agoda,https://www.agoda.com/ko-kr/oyado-kaikatei-ryokan/reviews/yufu-jp.html,agoda_api_direct,en/zh/other,2018-12-10,9.2,188090741,room_open_air_bath,room_bath_hot_spring,,True,Agoda en/zh/other 표본: 객실 내탕/노천탕 이용 맥락이 확인됨.,노천탕/露天,positive,rating_positive_signal,medium,issue_caution_calibration_needed
Agoda,https://www.agoda.com/ko-kr/oyado-kaikatei-ryokan/reviews/yufu-jp.html,agoda_api_direct,en/zh/other,2018-11-06,10.0,181633940,room_open_air_bath,room_bath_hot_spring,,True,Agoda en/zh/other 표본: 객실 내탕/노천탕 이용 맥락이 확인됨.,노천탕/露天,positive,rating_positive_signal,medium,issue_caution_calibration_needed
Agoda,https://www.agoda.com/ko-kr/oyado-kaikatei-ryokan/reviews/yufu-jp.html,agoda_api_direct,en/zh/other,2018-10-03,8.0,175393283,room_open_air_bath,room_bath_hot_spring,,True,Agoda en/zh/other 표본: 객실 내탕/노천탕 이용 맥락이 확인됨.,노천탕/露天,positive,rating_positive_signal,medium,issue_caution_calibration_needed
Agoda,https://www.agoda.com/ko-kr/oyado-kaikatei-ryokan/reviews/yufu-jp.html,agoda_api_direct,en/zh/other,2018-09-10,7.6,171126322,room_open_air_bath,room_bath_hot_spring,,True,Agoda en/zh/other 표본: 객실 내탕/노천탕 이용 맥락이 확인됨.,노천탕/露天,positive,rating_positive_signal,medium,issue_caution_calibration_needed
Agoda,https://www.agoda.com/ko-kr/oyado-kaikatei-ryokan/reviews/yufu-jp.html,agoda_api_direct,en/zh/other,2018-08-15,8.8,167032131,room_open_air_bath,room_bath_hot_spring,,True,Agoda en/zh/other 표본: 객실 내탕/노천탕 이용 맥락이 확인됨.,노천탕/露天,positive,rating_positive_signal,medium,issue_caution_calibration_needed
Agoda,https://www.agoda.com/ko-kr/oyado-kaikatei-ryokan/reviews/yufu-jp.html,agoda_api_direct,en/zh/other,2018-08-02,9.2,166165658,room_open_air_bath,room_bath_hot_spring,temperature,True,"Agoda en/zh/other 표본: 객실 내탕/노천탕 이용 맥락, 온도 조절 언급이 확인됨.",노천탕/露天;온도/湯加減,mixed,caution_or_issue_tag,high,issue_caution_calibration_needed
Agoda,https://www.agoda.com/ko-kr/oyado-kaikatei-ryokan/reviews/yufu-jp.html,agoda_api_direct,en/zh/other,2018-06-27,10.0,165402305,room_open_air_bath,room_bath_hot_spring,,True,Agoda en/zh/other 표본: 객실 내탕/노천탕 이용 맥락이 확인됨.,노천탕/露天,positive,rating_positive_signal,medium,issue_caution_calibration_needed
Agoda,https://www.agoda.com/ko-kr/oyado-kaikatei-ryokan/reviews/yufu-jp.html,agoda_api_direct,en/zh/other,2018-06-03,8.4,162255343,room_open_air_bath,room_bath_hot_spring,,True,Agoda en/zh/other 표본: 객실 내탕/노천탕 이용 맥락이 확인됨.,노천탕/露天,positive,rating_positive_signal,medium,issue_caution_calibration_needed
Agoda,https://www.agoda.com/ko-kr/oyado-kaikatei-ryokan/reviews/yufu-jp.html,agoda_api_direct,en/zh/other,2018-05-18,9.2,159054405,room_open_air_bath,room_bath_hot_spring,,True,Agoda en/zh/other 표본: 객실 내탕/노천탕 이용 맥락이 확인됨.,노천탕/露天,positive,rating_positive_signal,medium,issue_caution_calibration_needed
Agoda,https://www.agoda.com/ko-kr/oyado-kaikatei-ryokan/reviews/yufu-jp.html,agoda_api_direct,en/zh/other,2018-04-03,10.0,149671435,room_open_air_bath,room_bath_hot_spring,,True,Agoda en/zh/other 표본: 객실 내탕/노천탕 이용 맥락이 확인됨.,노천탕/露天,positive,rating_positive_signal,medium,issue_caution_calibration_needed
Agoda,https://www.agoda.com/ko-kr/oyado-kaikatei-ryokan/reviews/yufu-jp.html,agoda_api_direct,en/zh/other,2018-02-27,9.6,141170308,room_open_air_bath,room_bath_hot_spring,,True,Agoda en/zh/other 표본: 객실 내탕/노천탕 이용 맥락이 확인됨.,노천탕/露天,positive,rating_positive_signal,medium,issue_caution_calibration_needed
Agoda,https://www.agoda.com/ko-kr/oyado-kaikatei-ryokan/reviews/yufu-jp.html,agoda_api_direct,en/zh/other,2017-12-04,8.8,123335881,room_open_air_bath,room_bath_hot_spring,,True,Agoda en/zh/other 표본: 객실 내탕/노천탕 이용 맥락이 확인됨.,노천탕/露天,positive,rating_positive_signal,medium,issue_caution_calibration_needed
Agoda,https://www.agoda.com/ko-kr/oyado-kaikatei-ryokan/reviews/yufu-jp.html,agoda_api_direct,en/zh/other,2017-11-08,7.6,121730685,room_open_air_bath,room_bath_hot_spring,,True,Agoda en/zh/other 표본: 객실 내탕/노천탕 이용 맥락이 확인됨.,노천탕/露天,positive,rating_positive_signal,medium,issue_caution_calibration_needed
Agoda,https://www.agoda.com/ko-kr/oyado-kaikatei-ryokan/reviews/yufu-jp.html,agoda_api_direct,en/zh/other,2017-10-03,8.0,120218083,room_open_air_bath,room_bath_hot_spring,,True,Agoda en/zh/other 표본: 객실 내탕/노천탕 이용 맥락이 확인됨.,노천탕/露天,positive,rating_positive_signal,medium,issue_caution_calibration_needed
Agoda,https://www.agoda.com/ko-kr/oyado-kaikatei-ryokan/reviews/yufu-jp.html,agoda_api_direct,en/zh/other,2017-10-03,9.6,120212256,room_open_air_bath,room_bath_hot_spring,,True,Agoda en/zh/other 표본: 객실 내탕/노천탕 이용 맥락이 확인됨.,노천탕/露天,positive,rating_positive_signal,medium,issue_caution_calibration_needed
Agoda,https://www.agoda.com/ko-kr/oyado-kaikatei-ryokan/reviews/yufu-jp.html,agoda_api_direct,en/zh/other,2017-09-23,9.2,120011636,room_open_air_bath,room_bath_hot_spring,,True,Agoda en/zh/other 표본: 객실 내탕/노천탕 이용 맥락이 확인됨.,노천탕/露天;온천/温泉,positive,rating_positive_signal,medium,issue_caution_calibration_needed
Agoda,https://www.agoda.com/ko-kr/oyado-kaikatei-ryokan/reviews/yufu-jp.html,agoda_api_direct,en/zh/other,2017-05-28,8.4,111024900,room_open_air_bath,room_bath_hot_spring,temperature,True,"Agoda en/zh/other 표본: 객실 내탕/노천탕 이용 맥락, 온도 조절 언급이 확인됨.",노천탕/露天;온도/湯加減,mixed,caution_or_issue_tag,high,issue_caution_calibration_needed
Agoda,https://www.agoda.com/ko-kr/oyado-kaikatei-ryokan/reviews/yufu-jp.html,agoda_api_direct,en/zh/other,2017-04-30,10.0,106524242,room_open_air_bath,room_bath_hot_spring,,True,Agoda en/zh/other 표본: 객실 내탕/노천탕 이용 맥락이 확인됨.,노천탕/露天,positive,rating_positive_signal,medium,issue_caution_calibration_needed
Agoda,https://www.agoda.com/ko-kr/oyado-kaikatei-ryokan/reviews/yufu-jp.html,agoda_api_direct,en/zh/other,2017-04-14,9.6,106278261,room_open_air_bath,room_bath_hot_spring,,True,Agoda en/zh/other 표본: 객실 내탕/노천탕 이용 맥락이 확인됨.,노천탕/露天,positive,rating_positive_signal,medium,issue_caution_calibration_needed
Agoda,https://www.agoda.com/ko-kr/oyado-kaikatei-ryokan/reviews/yufu-jp.html,agoda_api_direct,en/zh/other,2017-04-05,10.0,106152040,room_open_air_bath,room_bath_hot_spring,,True,Agoda en/zh/other 표본: 객실 내탕/노천탕 이용 맥락이 확인됨.,노천탕/露天,positive,rating_positive_signal,medium,issue_caution_calibration_needed
Agoda,https://www.agoda.com/ko-kr/oyado-kaikatei-ryokan/reviews/yufu-jp.html,agoda_api_direct,en/zh/other,2017-03-02,10.0,105695714,facility_wide,neutral_stay,,False,Agoda en/zh/other 표본: 숙박 경험 평가이 확인됨.,room/stay,neutral,neutral_or_lodging_context,medium,issue_caution_calibration_needed
Agoda,https://www.agoda.com/ko-kr/oyado-kaikatei-ryokan/reviews/yufu-jp.html,agoda_api_direct,en/zh/other,2016-08-06,8.8,70264415,unclear,neutral_stay,,False,Agoda en/zh/other 표본: 숙박 경험 평가이 확인됨.,bath,neutral,neutral_or_lodging_context,medium,issue_caution_calibration_needed
Agoda,https://www.agoda.com/ko-kr/oyado-kaikatei-ryokan/reviews/yufu-jp.html,agoda_api_direct,en/zh/other,2016-01-21,9.7,59967853,facility_wide,neutral_stay,,False,Agoda en/zh/other 표본: 숙박 경험 평가이 확인됨.,room/stay,neutral,neutral_or_lodging_context,medium,issue_caution_calibration_needed
Agoda,https://www.agoda.com/ko-kr/oyado-kaikatei-ryokan/reviews/yufu-jp.html,agoda_api_direct,en/zh/other,2016-01-15,8.3,59558221,facility_wide,neutral_stay,,False,Agoda en/zh/other 표본: 숙박 경험 평가이 확인됨.,room/stay,neutral,neutral_or_lodging_context,medium,issue_caution_calibration_needed
Agoda,https://www.agoda.com/ko-kr/oyado-kaikatei-ryokan/reviews/yufu-jp.html,agoda_api_direct,en/zh/other,2015-11-13,10.0,48227497,facility_wide,neutral_stay,,False,Agoda en/zh/other 표본: 숙박 경험 평가이 확인됨.,room/stay,neutral,neutral_or_lodging_context,medium,issue_caution_calibration_needed
Agoda,https://www.agoda.com/ko-kr/oyado-kaikatei-ryokan/reviews/yufu-jp.html,agoda_api_direct,ko,2026-06-23,10.0,1136800397,room_open_air_bath,room_bath_hot_spring,room_type_mismatch,True,Agoda ko 표본: 객실 내탕/노천탕 이용 맥락이 확인됨.,노천탕/露天;객실타입,mixed,caution_or_issue_tag,high,issue_caution_calibration_needed
Agoda,https://www.agoda.com/ko-kr/oyado-kaikatei-ryokan/reviews/yufu-jp.html,agoda_api_direct,ko,2026-05-28,9.6,1124360383,room_open_air_bath,room_bath_hot_spring,,True,Agoda ko 표본: 객실 내탕/노천탕 이용 맥락이 확인됨.,노천탕/露天;온천/温泉,positive,rating_positive_signal,medium,issue_caution_calibration_needed
Agoda,https://www.agoda.com/ko-kr/oyado-kaikatei-ryokan/reviews/yufu-jp.html,agoda_api_direct,ko,2026-05-04,9.6,1114511913,room_open_air_bath,room_bath_hot_spring,,True,Agoda ko 표본: 객실 내탕/노천탕 이용 맥락이 확인됨.,노천탕/露天;온천/温泉,positive,rating_positive_signal,medium,issue_caution_calibration_needed
Agoda,https://www.agoda.com/ko-kr/oyado-kaikatei-ryokan/reviews/yufu-jp.html,agoda_api_direct,ko,2026-03-23,9.6,1086484885,room_open_air_bath,room_bath_hot_spring,,True,Agoda ko 표본: 객실 내탕/노천탕 이용 맥락이 확인됨.,노천탕/露天;온천/温泉,positive,rating_positive_signal,medium,issue_caution_calibration_needed
Agoda,https://www.agoda.com/ko-kr/oyado-kaikatei-ryokan/reviews/yufu-jp.html,agoda_api_direct,ko,2026-03-12,7.6,1081263405,room_open_air_bath,room_bath_hot_spring,,True,Agoda ko 표본: 객실 내탕/노천탕 이용 맥락이 확인됨.,노천탕/露天;온천/温泉,positive,rating_positive_signal,medium,issue_caution_calibration_needed
Agoda,https://www.agoda.com/ko-kr/oyado-kaikatei-ryokan/reviews/yufu-jp.html,agoda_api_direct,ko,2026-03-05,9.6,1080072810,room_open_air_bath,room_bath_hot_spring,,True,Agoda ko 표본: 객실 내탕/노천탕 이용 맥락이 확인됨.,노천탕/露天,positive,rating_positive_signal,medium,issue_caution_calibration_needed
Agoda,https://www.agoda.com/ko-kr/oyado-kaikatei-ryokan/reviews/yufu-jp.html,agoda_api_direct,ko,2026-03-03,9.2,1079724769,room_open_air_bath,booking_confusion;room_bath_hot_spring,booking_access,True,"Agoda ko 표본: 객실 내탕/노천탕 이용 맥락, 위치·예약·송영 주의이 확인됨.",노천탕/露天;예약/거리/송영,mixed,caution_or_issue_tag,high,issue_caution_calibration_needed
Agoda,https://www.agoda.com/ko-kr/oyado-kaikatei-ryokan/reviews/yufu-jp.html,agoda_api_direct,ko,2026-03-02,8.8,1079597196,room_open_air_bath,room_bath_hot_spring,,True,Agoda ko 표본: 객실 내탕/노천탕 이용 맥락이 확인됨.,노천탕/露天,positive,rating_positive_signal,medium,issue_caution_calibration_needed
Agoda,https://www.agoda.com/ko-kr/oyado-kaikatei-ryokan/reviews/yufu-jp.html,agoda_api_direct,ko,2026-02-21,9.6,1077528105,room_open_air_bath,room_bath_hot_spring,,True,Agoda ko 표본: 객실 내탕/노천탕 이용 맥락이 확인됨.,노천탕/露天,positive,rating_positive_signal,medium,issue_caution_calibration_needed
Agoda,https://www.agoda.com/ko-kr/oyado-kaikatei-ryokan/reviews/yufu-jp.html,agoda_api_direct,ko,2026-01-16,9.6,1067556099,room_open_air_bath,room_bath_hot_spring,,True,Agoda ko 표본: 객실 내탕/노천탕 이용 맥락이 확인됨.,노천탕/露天,positive,rating_positive_signal,medium,issue_caution_calibration_needed
Agoda,https://www.agoda.com/ko-kr/oyado-kaikatei-ryokan/reviews/yufu-jp.html,agoda_api_direct,ko,2026-01-16,7.6,1067604837,room_open_air_bath,room_bath_hot_spring,,True,Agoda ko 표본: 객실 내탕/노천탕 이용 맥락이 확인됨.,노천탕/露天;온천/温泉,positive,rating_positive_signal,medium,issue_caution_calibration_needed
Agoda,https://www.agoda.com/ko-kr/oyado-kaikatei-ryokan/reviews/yufu-jp.html,agoda_api_direct,ko,2025-12-30,10.0,1062925188,room_open_air_bath,room_bath_hot_spring,,True,Agoda ko 표본: 객실 내탕/노천탕 이용 맥락이 확인됨.,노천탕/露天,positive,rating_positive_signal,medium,issue_caution_calibration_needed
Agoda,https://www.agoda.com/ko-kr/oyado-kaikatei-ryokan/reviews/yufu-jp.html,agoda_api_direct,ko,2025-11-28,10.0,1056625445,room_open_air_bath,room_bath_hot_spring,,True,Agoda ko 표본: 객실 내탕/노천탕 이용 맥락이 확인됨.,노천탕/露天,positive,rating_positive_signal,medium,issue_caution_calibration_needed
Agoda,https://www.agoda.com/ko-kr/oyado-kaikatei-ryokan/reviews/yufu-jp.html,agoda_api_direct,ko,2025-11-26,9.6,1003776531,room_open_air_bath,room_bath_hot_spring,,True,Agoda ko 표본: 객실 내탕/노천탕 이용 맥락이 확인됨.,노천탕/露天;온천/温泉,positive,rating_positive_signal,medium,issue_caution_calibration_needed
Agoda,https://www.agoda.com/ko-kr/oyado-kaikatei-ryokan/reviews/yufu-jp.html,agoda_api_direct,ko,2025-11-25,9.6,1055958973,room_bath;room_open_air_bath,booking_confusion;room_bath_hot_spring,booking_access;room_type_mismatch,True,"Agoda ko 표본: 객실 내탕/노천탕 이용 맥락, 위치·예약·송영 주의이 확인됨.",노천탕/露天;내탕/内湯;온천/温泉;예약/거리/송영;객실타입,mixed,caution_or_issue_tag,high,issue_caution_calibration_needed
Agoda,https://www.agoda.com/ko-kr/oyado-kaikatei-ryokan/reviews/yufu-jp.html,agoda_api_direct,ko,2025-11-01,9.6,1046865391,room_open_air_bath,room_bath_hot_spring,,True,Agoda ko 표본: 객실 내탕/노천탕 이용 맥락이 확인됨.,노천탕/露天,positive,rating_positive_signal,medium,issue_caution_calibration_needed
Agoda,https://www.agoda.com/ko-kr/oyado-kaikatei-ryokan/reviews/yufu-jp.html,agoda_api_direct,ko,2025-10-27,10.0,1044911075,room_open_air_bath,room_bath_hot_spring,,True,Agoda ko 표본: 객실 내탕/노천탕 이용 맥락이 확인됨.,노천탕/露天,positive,rating_positive_signal,medium,issue_caution_calibration_needed
Agoda,https://www.agoda.com/ko-kr/oyado-kaikatei-ryokan/reviews/yufu-jp.html,agoda_api_direct,ko,2025-10-05,8.8,1035443819,room_open_air_bath,room_bath_hot_spring,,True,Agoda ko 표본: 객실 내탕/노천탕 이용 맥락이 확인됨.,노천탕/露天,positive,rating_positive_signal,medium,issue_caution_calibration_needed
Agoda,https://www.agoda.com/ko-kr/oyado-kaikatei-ryokan/reviews/yufu-jp.html,agoda_api_direct,ko,2025-09-12,8.8,1022108680,room_open_air_bath,room_bath_hot_spring,,True,Agoda ko 표본: 객실 내탕/노천탕 이용 맥락이 확인됨.,노천탕/露天;온천/温泉,positive,rating_positive_signal,medium,issue_caution_calibration_needed
Agoda,https://www.agoda.com/ko-kr/oyado-kaikatei-ryokan/reviews/yufu-jp.html,agoda_api_direct,ko,2025-09-08,9.2,1021819339,room_open_air_bath,booking_confusion;room_bath_hot_spring,booking_access,True,"Agoda ko 표본: 객실 내탕/노천탕 이용 맥락, 위치·예약·송영 주의이 확인됨.",노천탕/露天;온천/温泉;예약/거리/송영,mixed,caution_or_issue_tag,high,issue_caution_calibration_needed
Agoda,https://www.agoda.com/ko-kr/oyado-kaikatei-ryokan/reviews/yufu-jp.html,agoda_api_direct,ko,2025-08-24,9.2,1014074677,room_open_air_bath,booking_confusion;room_bath_hot_spring,booking_access,True,"Agoda ko 표본: 객실 내탕/노천탕 이용 맥락, 위치·예약·송영 주의이 확인됨.",노천탕/露天;예약/거리/송영,mixed,caution_or_issue_tag,high,issue_caution_calibration_needed
Agoda,https://www.agoda.com/ko-kr/oyado-kaikatei-ryokan/reviews/yufu-jp.html,agoda_api_direct,ko,2025-06-14,10.0,972532926,room_open_air_bath,room_bath_hot_spring,,True,Agoda ko 표본: 객실 내탕/노천탕 이용 맥락이 확인됨.,노천탕/露天,positive,rating_positive_signal,medium,issue_caution_calibration_needed
Agoda,https://www.agoda.com/ko-kr/oyado-kaikatei-ryokan/reviews/yufu-jp.html,agoda_api_direct,ko,2025-05-24,8.4,967990812,room_bath;room_open_air_bath,room_bath_hot_spring,,True,Agoda ko 표본: 객실 내탕/노천탕 이용 맥락이 확인됨.,노천탕/露天;내탕/内湯,positive,rating_positive_signal,medium,issue_caution_calibration_needed
Agoda,https://www.agoda.com/ko-kr/oyado-kaikatei-ryokan/reviews/yufu-jp.html,agoda_api_direct,ko,2025-05-23,10.0,967614056,room_open_air_bath,room_bath_hot_spring,,True,Agoda ko 표본: 객실 내탕/노천탕 이용 맥락이 확인됨.,노천탕/露天,positive,rating_positive_signal,medium,issue_caution_calibration_needed
Agoda,https://www.agoda.com/ko-kr/oyado-kaikatei-ryokan/reviews/yufu-jp.html,agoda_api_direct,ko,2025-04-19,10.0,953160959,room_open_air_bath,room_bath_hot_spring,,True,Agoda ko 표본: 객실 내탕/노천탕 이용 맥락이 확인됨.,노천탕/露天;온천/温泉,positive,rating_positive_signal,medium,issue_caution_calibration_needed
Agoda,https://www.agoda.com/ko-kr/oyado-kaikatei-ryokan/reviews/yufu-jp.html,agoda_api_direct,ko,2025-04-18,8.0,952557126,room_open_air_bath,booking_confusion;room_bath_hot_spring,booking_access,True,"Agoda ko 표본: 객실 내탕/노천탕 이용 맥락, 위치·예약·송영 주의이 확인됨.",노천탕/露天;예약/거리/송영,mixed,caution_or_issue_tag,high,issue_caution_calibration_needed
Agoda,https://www.agoda.com/ko-kr/oyado-kaikatei-ryokan/reviews/yufu-jp.html,agoda_api_direct,ko,2025-04-17,10.0,952032688,room_open_air_bath,room_bath_hot_spring,,True,Agoda ko 표본: 객실 내탕/노천탕 이용 맥락이 확인됨.,노천탕/露天,positive,rating_positive_signal,medium,issue_caution_calibration_needed
Agoda,https://www.agoda.com/ko-kr/oyado-kaikatei-ryokan/reviews/yufu-jp.html,agoda_api_direct,ko,2025-04-10,5.2,949560384,room_open_air_bath,room_bath_hot_spring,,True,Agoda ko 표본: 객실 내탕/노천탕 이용 맥락이 확인됨.,노천탕/露天;온천/温泉,positive,rating_positive_signal,medium,issue_caution_calibration_needed
Agoda,https://www.agoda.com/ko-kr/oyado-kaikatei-ryokan/reviews/yufu-jp.html,agoda_api_direct,ko,2025-04-09,10.0,947473104,room_open_air_bath,room_bath_hot_spring,,True,Agoda ko 표본: 객실 내탕/노천탕 이용 맥락이 확인됨.,노천탕/露天,positive,rating_positive_signal,medium,issue_caution_calibration_needed
Agoda,https://www.agoda.com/ko-kr/oyado-kaikatei-ryokan/reviews/yufu-jp.html,agoda_api_direct,ko,2025-04-08,10.0,946145522,room_open_air_bath,room_bath_hot_spring,,True,Agoda ko 표본: 객실 내탕/노천탕 이용 맥락이 확인됨.,노천탕/露天,positive,rating_positive_signal,medium,issue_caution_calibration_needed
Agoda,https://www.agoda.com/ko-kr/oyado-kaikatei-ryokan/reviews/yufu-jp.html,agoda_api_direct,ko,2025-03-26,10.0,938571778,room_open_air_bath,room_bath_hot_spring,,True,Agoda ko 표본: 객실 내탕/노천탕 이용 맥락이 확인됨.,노천탕/露天,positive,rating_positive_signal,medium,issue_caution_calibration_needed
Agoda,https://www.agoda.com/ko-kr/oyado-kaikatei-ryokan/reviews/yufu-jp.html,agoda_api_direct,ko,2025-03-25,2.0,938514222,room_open_air_bath,booking_confusion;room_bath_hot_spring,booking_access;insects,True,"Agoda ko 표본: 객실 내탕/노천탕 이용 맥락, 위치·예약·송영 주의이 확인됨.",노천탕/露天;온천/温泉;虫/벌레;예약/거리/송영,negative,low_rating_negative_body,high,issue_caution_calibration_needed
Agoda,https://www.agoda.com/ko-kr/oyado-kaikatei-ryokan/reviews/yufu-jp.html,agoda_api_direct,ko,2025-03-23,9.6,938336847,room_open_air_bath,room_bath_hot_spring,,True,Agoda ko 표본: 객실 내탕/노천탕 이용 맥락이 확인됨.,노천탕/露天,positive,rating_positive_signal,medium,issue_caution_calibration_needed
Agoda,https://www.agoda.com/ko-kr/oyado-kaikatei-ryokan/reviews/yufu-jp.html,agoda_api_direct,ko,2025-03-18,9.2,936193220,room_open_air_bath,booking_confusion;room_bath_hot_spring,booking_access,True,"Agoda ko 표본: 객실 내탕/노천탕 이용 맥락, 위치·예약·송영 주의이 확인됨.",노천탕/露天;온천/温泉;예약/거리/송영,mixed,caution_or_issue_tag,high,issue_caution_calibration_needed
Agoda,https://www.agoda.com/ko-kr/oyado-kaikatei-ryokan/reviews/yufu-jp.html,agoda_api_direct,ko,2025-03-17,10.0,935925103,room_open_air_bath,room_bath_hot_spring,,True,Agoda ko 표본: 객실 내탕/노천탕 이용 맥락이 확인됨.,노천탕/露天,positive,rating_positive_signal,medium,issue_caution_calibration_needed
Agoda,https://www.agoda.com/ko-kr/oyado-kaikatei-ryokan/reviews/yufu-jp.html,agoda_api_direct,ko,2025-03-17,4.4,935890646,room_open_air_bath,room_bath_hot_spring,temperature,True,"Agoda ko 표본: 객실 내탕/노천탕 이용 맥락, 온도 조절 언급이 확인됨.",노천탕/露天;온도/湯加減,mixed,caution_or_issue_tag,high,issue_caution_calibration_needed
Agoda,https://www.agoda.com/ko-kr/oyado-kaikatei-ryokan/reviews/yufu-jp.html,agoda_api_direct,ko,2025-03-15,10.0,935583404,room_open_air_bath,room_bath_hot_spring,,True,Agoda ko 표본: 객실 내탕/노천탕 이용 맥락이 확인됨.,노천탕/露天,positive,rating_positive_signal,medium,issue_caution_calibration_needed
Agoda,https://www.agoda.com/ko-kr/oyado-kaikatei-ryokan/reviews/yufu-jp.html,agoda_api_direct,ko,2025-03-14,8.0,935442518,room_open_air_bath,room_bath_hot_spring,,True,Agoda ko 표본: 객실 내탕/노천탕 이용 맥락이 확인됨.,노천탕/露天,positive,rating_positive_signal,medium,issue_caution_calibration_needed
Agoda,https://www.agoda.com/ko-kr/oyado-kaikatei-ryokan/reviews/yufu-jp.html,agoda_api_direct,ko,2025-03-06,9.6,933457724,room_open_air_bath,room_bath_hot_spring,,True,Agoda ko 표본: 객실 내탕/노천탕 이용 맥락이 확인됨.,노천탕/露天,positive,rating_positive_signal,medium,issue_caution_calibration_needed
Agoda,https://www.agoda.com/ko-kr/oyado-kaikatei-ryokan/reviews/yufu-jp.html,agoda_api_direct,ko,2025-03-06,10.0,933047178,room_open_air_bath,room_bath_hot_spring,,True,Agoda ko 표본: 객실 내탕/노천탕 이용 맥락이 확인됨.,노천탕/露天,positive,rating_positive_signal,medium,issue_caution_calibration_needed
Agoda,https://www.agoda.com/ko-kr/oyado-kaikatei-ryokan/reviews/yufu-jp.html,agoda_api_direct,ko,2025-03-04,9.2,933162667,room_open_air_bath,room_bath_hot_spring,,True,Agoda ko 표본: 객실 내탕/노천탕 이용 맥락이 확인됨.,노천탕/露天,positive,rating_positive_signal,medium,issue_caution_calibration_needed
Agoda,https://www.agoda.com/ko-kr/oyado-kaikatei-ryokan/reviews/yufu-jp.html,agoda_api_direct,ko,2025-03-02,10.0,932583469,room_open_air_bath,room_bath_hot_spring,,True,Agoda ko 표본: 객실 내탕/노천탕 이용 맥락이 확인됨.,노천탕/露天,positive,rating_positive_signal,medium,issue_caution_calibration_needed
Agoda,https://www.agoda.com/ko-kr/oyado-kaikatei-ryokan/reviews/yufu-jp.html,agoda_api_direct,ko,2025-03-01,7.6,932432346,room_open_air_bath,room_bath_hot_spring,,True,Agoda ko 표본: 객실 내탕/노천탕 이용 맥락이 확인됨.,노천탕/露天;온천/温泉,positive,rating_positive_signal,medium,issue_caution_calibration_needed
Agoda,https://www.agoda.com/ko-kr/oyado-kaikatei-ryokan/reviews/yufu-jp.html,agoda_api_direct,ko,2025-02-27,8.0,931995834,room_open_air_bath,room_bath_hot_spring,,True,Agoda ko 표본: 객실 내탕/노천탕 이용 맥락이 확인됨.,노천탕/露天;온천/温泉,positive,rating_positive_signal,medium,issue_caution_calibration_needed
Agoda,https://www.agoda.com/ko-kr/oyado-kaikatei-ryokan/reviews/yufu-jp.html,agoda_api_direct,ko,2025-02-27,5.6,931802597,room_bath;room_open_air_bath,room_bath_hot_spring,,True,Agoda ko 표본: 객실 내탕/노천탕 이용 맥락이 확인됨.,노천탕/露天;내탕/内湯,positive,rating_positive_signal,medium,issue_caution_calibration_needed
Agoda,https://www.agoda.com/ko-kr/oyado-kaikatei-ryokan/reviews/yufu-jp.html,agoda_api_direct,ko,2025-02-20,9.2,931161677,room_open_air_bath,room_bath_hot_spring,,True,Agoda ko 표본: 객실 내탕/노천탕 이용 맥락이 확인됨.,노천탕/露天;온천/温泉,positive,rating_positive_signal,medium,issue_caution_calibration_needed
Agoda,https://www.agoda.com/ko-kr/oyado-kaikatei-ryokan/reviews/yufu-jp.html,agoda_api_direct,ko,2025-02-20,10.0,931177929,public_bath;room_open_air_bath,public_bath_hot_spring;room_bath_hot_spring,,True,"Agoda ko 표본: 객실 내탕/노천탕 이용 맥락, 공용탕 맥락이 확인됨.",노천탕/露天;대욕장/공용;온천/温泉,positive,rating_positive_signal,medium,issue_caution_calibration_needed
Agoda,https://www.agoda.com/ko-kr/oyado-kaikatei-ryokan/reviews/yufu-jp.html,agoda_api_direct,ko,2025-02-16,7.2,848643168,room_open_air_bath,room_bath_hot_spring,,True,Agoda ko 표본: 객실 내탕/노천탕 이용 맥락이 확인됨.,노천탕/露天;온천/温泉,positive,rating_positive_signal,medium,issue_caution_calibration_needed
Agoda,https://www.agoda.com/ko-kr/oyado-kaikatei-ryokan/reviews/yufu-jp.html,agoda_api_direct,ko,2025-02-16,9.6,929065502,room_open_air_bath,booking_confusion;room_bath_hot_spring,booking_access,True,"Agoda ko 표본: 객실 내탕/노천탕 이용 맥락, 위치·예약·송영 주의이 확인됨.",노천탕/露天;온천/温泉;예약/거리/송영,mixed,caution_or_issue_tag,high,issue_caution_calibration_needed
Agoda,https://www.agoda.com/ko-kr/oyado-kaikatei-ryokan/reviews/yufu-jp.html,agoda_api_direct,ko,2025-02-12,10.0,926820177,room_open_air_bath,room_bath_hot_spring,,True,Agoda ko 표본: 객실 내탕/노천탕 이용 맥락이 확인됨.,노천탕/露天;온천/温泉,positive,rating_positive_signal,medium,issue_caution_calibration_needed
Agoda,https://www.agoda.com/ko-kr/oyado-kaikatei-ryokan/reviews/yufu-jp.html,agoda_api_direct,ko,2025-02-12,10.0,926825201,room_open_air_bath,room_bath_hot_spring,,True,Agoda ko 표본: 객실 내탕/노천탕 이용 맥락이 확인됨.,노천탕/露天,positive,rating_positive_signal,medium,issue_caution_calibration_needed
Agoda,https://www.agoda.com/ko-kr/oyado-kaikatei-ryokan/reviews/yufu-jp.html,agoda_api_direct,ko,2025-02-10,10.0,926695783,room_open_air_bath,room_bath_hot_spring,,True,Agoda ko 표본: 객실 내탕/노천탕 이용 맥락이 확인됨.,노천탕/露天,positive,rating_positive_signal,medium,issue_caution_calibration_needed
Agoda,https://www.agoda.com/ko-kr/oyado-kaikatei-ryokan/reviews/yufu-jp.html,agoda_api_direct,ko,2025-02-08,10.0,926460527,room_open_air_bath,booking_confusion;room_bath_hot_spring,booking_access,True,"Agoda ko 표본: 객실 내탕/노천탕 이용 맥락, 위치·예약·송영 주의이 확인됨.",노천탕/露天;예약/거리/송영,mixed,caution_or_issue_tag,high,issue_caution_calibration_needed
Agoda,https://www.agoda.com/ko-kr/oyado-kaikatei-ryokan/reviews/yufu-jp.html,agoda_api_direct,ko,2025-02-07,9.6,926338448,room_open_air_bath,booking_confusion;room_bath_hot_spring,booking_access,True,"Agoda ko 표본: 객실 내탕/노천탕 이용 맥락, 위치·예약·송영 주의이 확인됨.",노천탕/露天;예약/거리/송영,mixed,caution_or_issue_tag,high,issue_caution_calibration_needed
Agoda,https://www.agoda.com/ko-kr/oyado-kaikatei-ryokan/reviews/yufu-jp.html,agoda_api_direct,ko,2025-01-31,8.8,920916963,room_open_air_bath,room_bath_hot_spring,,True,Agoda ko 표본: 객실 내탕/노천탕 이용 맥락이 확인됨.,노천탕/露天;온천/温泉,positive,rating_positive_signal,medium,issue_caution_calibration_needed
Agoda,https://www.agoda.com/ko-kr/oyado-kaikatei-ryokan/reviews/yufu-jp.html,agoda_api_direct,ko,2025-01-27,10.0,920569316,room_open_air_bath,room_bath_hot_spring,,True,Agoda ko 표본: 객실 내탕/노천탕 이용 맥락이 확인됨.,노천탕/露天,positive,rating_positive_signal,medium,issue_caution_calibration_needed
Agoda,https://www.agoda.com/ko-kr/oyado-kaikatei-ryokan/reviews/yufu-jp.html,agoda_api_direct,ko,2025-01-27,10.0,920561460,room_open_air_bath,room_bath_hot_spring,,True,Agoda ko 표본: 객실 내탕/노천탕 이용 맥락이 확인됨.,노천탕/露天,positive,rating_positive_signal,medium,issue_caution_calibration_needed
Agoda,https://www.agoda.com/ko-kr/oyado-kaikatei-ryokan/reviews/yufu-jp.html,agoda_api_direct,ko,2025-01-27,9.6,920539439,room_open_air_bath,booking_confusion;room_bath_hot_spring,booking_access,True,"Agoda ko 표본: 객실 내탕/노천탕 이용 맥락, 위치·예약·송영 주의이 확인됨.",노천탕/露天;예약/거리/송영,mixed,caution_or_issue_tag,high,issue_caution_calibration_needed
Agoda,https://www.agoda.com/ko-kr/oyado-kaikatei-ryokan/reviews/yufu-jp.html,agoda_api_direct,ko,2025-01-20,10.0,919185320,room_bath;room_open_air_bath,booking_confusion;room_bath_hot_spring,booking_access,True,"Agoda ko 표본: 객실 내탕/노천탕 이용 맥락, 위치·예약·송영 주의이 확인됨.",노천탕/露天;내탕/内湯;온천/温泉;예약/거리/송영,mixed,caution_or_issue_tag,high,issue_caution_calibration_needed
Agoda,https://www.agoda.com/ko-kr/oyado-kaikatei-ryokan/reviews/yufu-jp.html,agoda_api_direct,ko,2025-01-19,8.8,918407075,room_open_air_bath,booking_confusion;room_bath_hot_spring,booking_access,True,"Agoda ko 표본: 객실 내탕/노천탕 이용 맥락, 위치·예약·송영 주의이 확인됨.",노천탕/露天;온천/温泉;예약/거리/송영,mixed,caution_or_issue_tag,high,issue_caution_calibration_needed
Agoda,https://www.agoda.com/ko-kr/oyado-kaikatei-ryokan/reviews/yufu-jp.html,agoda_api_direct,ko,2025-01-17,10.0,917188654,room_open_air_bath,room_bath_hot_spring,,True,Agoda ko 표본: 객실 내탕/노천탕 이용 맥락이 확인됨.,노천탕/露天,positive,rating_positive_signal,medium,issue_caution_calibration_needed
Agoda,https://www.agoda.com/ko-kr/oyado-kaikatei-ryokan/reviews/yufu-jp.html,agoda_api_direct,en/zh/other,2025-01-15,10.0,914760910,room_open_air_bath,room_bath_hot_spring,,True,Agoda en/zh/other 표본: 객실 내탕/노천탕 이용 맥락이 확인됨.,노천탕/露天,positive,rating_positive_signal,medium,issue_caution_calibration_needed
Agoda,https://www.agoda.com/ko-kr/oyado-kaikatei-ryokan/reviews/yufu-jp.html,agoda_api_direct,ko,2025-01-11,8.8,914252122,room_open_air_bath,booking_confusion;room_bath_hot_spring,booking_access,True,"Agoda ko 표본: 객실 내탕/노천탕 이용 맥락, 위치·예약·송영 주의이 확인됨.",노천탕/露天;온천/温泉;예약/거리/송영,mixed,caution_or_issue_tag,high,issue_caution_calibration_needed
Agoda,https://www.agoda.com/ko-kr/oyado-kaikatei-ryokan/reviews/yufu-jp.html,agoda_api_direct,en/zh/other,2025-01-07,10.0,913863748,room_open_air_bath,room_bath_hot_spring,,True,Agoda en/zh/other 표본: 객실 내탕/노천탕 이용 맥락이 확인됨.,노천탕/露天,positive,rating_positive_signal,medium,issue_caution_calibration_needed
Agoda,https://www.agoda.com/ko-kr/oyado-kaikatei-ryokan/reviews/yufu-jp.html,agoda_api_direct,ko,2024-12-28,9.2,908766152,room_open_air_bath,booking_confusion;room_bath_hot_spring,booking_access,True,"Agoda ko 표본: 객실 내탕/노천탕 이용 맥락, 위치·예약·송영 주의이 확인됨.",노천탕/露天;온천/温泉;예약/거리/송영,mixed,caution_or_issue_tag,high,issue_caution_calibration_needed
Agoda,https://www.agoda.com/ko-kr/oyado-kaikatei-ryokan/reviews/yufu-jp.html,agoda_api_direct,ko,2024-12-26,8.4,908504401,room_bath;room_open_air_bath,booking_confusion;room_bath_hot_spring,booking_access,True,"Agoda ko 표본: 객실 내탕/노천탕 이용 맥락, 위치·예약·송영 주의이 확인됨.",노천탕/露天;내탕/内湯;온천/温泉;예약/거리/송영,mixed,caution_or_issue_tag,high,issue_caution_calibration_needed
Agoda,https://www.agoda.com/ko-kr/oyado-kaikatei-ryokan/reviews/yufu-jp.html,agoda_api_direct,ko,2024-12-20,10.0,906738194,room_open_air_bath,room_bath_hot_spring,,True,Agoda ko 표본: 객실 내탕/노천탕 이용 맥락이 확인됨.,노천탕/露天,positive,rating_positive_signal,medium,issue_caution_calibration_needed
Agoda,https://www.agoda.com/ko-kr/oyado-kaikatei-ryokan/reviews/yufu-jp.html,agoda_api_direct,ko,2024-12-20,10.0,906726152,room_open_air_bath,room_bath_hot_spring,,True,Agoda ko 표본: 객실 내탕/노천탕 이용 맥락이 확인됨.,노천탕/露天;온천/温泉,positive,rating_positive_signal,medium,issue_caution_calibration_needed
Agoda,https://www.agoda.com/ko-kr/oyado-kaikatei-ryokan/reviews/yufu-jp.html,agoda_api_direct,en/zh/other,2024-12-14,9.6,903064370,room_open_air_bath,room_bath_hot_spring,,True,Agoda en/zh/other 표본: 객실 내탕/노천탕 이용 맥락이 확인됨.,노천탕/露天,positive,rating_positive_signal,medium,issue_caution_calibration_needed
Agoda,https://www.agoda.com/ko-kr/oyado-kaikatei-ryokan/reviews/yufu-jp.html,agoda_api_direct,ko,2024-12-09,9.6,902611507,room_open_air_bath,room_bath_hot_spring,,True,Agoda ko 표본: 객실 내탕/노천탕 이용 맥락이 확인됨.,노천탕/露天;온천/温泉,positive,rating_positive_signal,medium,issue_caution_calibration_needed
Agoda,https://www.agoda.com/ko-kr/oyado-kaikatei-ryokan/reviews/yufu-jp.html,agoda_api_direct,ko,2024-12-08,10.0,902552127,room_bath;room_open_air_bath,room_bath_hot_spring,,True,Agoda ko 표본: 객실 내탕/노천탕 이용 맥락이 확인됨.,노천탕/露天;내탕/内湯,positive,rating_positive_signal,medium,issue_caution_calibration_needed
Agoda,https://www.agoda.com/ko-kr/oyado-kaikatei-ryokan/reviews/yufu-jp.html,agoda_api_direct,ko,2024-12-06,9.6,886599548,room_open_air_bath,room_bath_hot_spring,,True,Agoda ko 표본: 객실 내탕/노천탕 이용 맥락이 확인됨.,노천탕/露天,positive,rating_positive_signal,medium,issue_caution_calibration_needed
Agoda,https://www.agoda.com/ko-kr/oyado-kaikatei-ryokan/reviews/yufu-jp.html,agoda_api_direct,ko,2024-12-04,9.6,901344220,room_open_air_bath,room_bath_hot_spring,,True,Agoda ko 표본: 객실 내탕/노천탕 이용 맥락이 확인됨.,노천탕/露天,positive,rating_positive_signal,medium,issue_caution_calibration_needed
Agoda,https://www.agoda.com/ko-kr/oyado-kaikatei-ryokan/reviews/yufu-jp.html,agoda_api_direct,ko,2024-11-30,8.8,894940010,room_bath;room_open_air_bath,room_bath_hot_spring,,True,Agoda ko 표본: 객실 내탕/노천탕 이용 맥락이 확인됨.,노천탕/露天;내탕/内湯;온천/温泉,positive,rating_positive_signal,medium,issue_caution_calibration_needed
Agoda,https://www.agoda.com/ko-kr/oyado-kaikatei-ryokan/reviews/yufu-jp.html,agoda_api_direct,ko,2024-11-25,9.6,897881370,room_open_air_bath,booking_confusion;room_bath_hot_spring,booking_access,True,"Agoda ko 표본: 객실 내탕/노천탕 이용 맥락, 위치·예약·송영 주의이 확인됨.",노천탕/露天;예약/거리/송영,mixed,caution_or_issue_tag,high,issue_caution_calibration_needed
Agoda,https://www.agoda.com/ko-kr/oyado-kaikatei-ryokan/reviews/yufu-jp.html,agoda_api_direct,ko,2024-11-21,10.0,897536971,room_open_air_bath,room_bath_hot_spring,,True,Agoda ko 표본: 객실 내탕/노천탕 이용 맥락이 확인됨.,노천탕/露天,positive,rating_positive_signal,medium,issue_caution_calibration_needed
Agoda,https://www.agoda.com/ko-kr/oyado-kaikatei-ryokan/reviews/yufu-jp.html,agoda_api_direct,ko,2024-11-16,10.0,894546268,room_open_air_bath,room_bath_hot_spring,,True,Agoda ko 표본: 객실 내탕/노천탕 이용 맥락이 확인됨.,노천탕/露天;온천/温泉,positive,rating_positive_signal,medium,issue_caution_calibration_needed
Agoda,https://www.agoda.com/ko-kr/oyado-kaikatei-ryokan/reviews/yufu-jp.html,agoda_api_direct,ko,2024-11-13,8.0,893524117,room_open_air_bath,booking_confusion;room_bath_hot_spring,booking_access,True,"Agoda ko 표본: 객실 내탕/노천탕 이용 맥락, 위치·예약·송영 주의이 확인됨.",노천탕/露天;온천/温泉;예약/거리/송영,mixed,caution_or_issue_tag,high,issue_caution_calibration_needed
Agoda,https://www.agoda.com/ko-kr/oyado-kaikatei-ryokan/reviews/yufu-jp.html,agoda_api_direct,ko,2024-11-11,10.0,893379085,room_open_air_bath,room_bath_hot_spring,,True,Agoda ko 표본: 객실 내탕/노천탕 이용 맥락이 확인됨.,노천탕/露天,positive,rating_positive_signal,medium,issue_caution_calibration_needed
Agoda,https://www.agoda.com/ko-kr/oyado-kaikatei-ryokan/reviews/yufu-jp.html,agoda_api_direct,ko,2024-11-11,10.0,893352890,room_open_air_bath,room_bath_hot_spring,,True,Agoda ko 표본: 객실 내탕/노천탕 이용 맥락이 확인됨.,노천탕/露天;온천/温泉,positive,rating_positive_signal,medium,issue_caution_calibration_needed
Agoda,https://www.agoda.com/ko-kr/oyado-kaikatei-ryokan/reviews/yufu-jp.html,agoda_api_direct,ko,2024-11-05,10.0,889790841,room_open_air_bath,room_bath_hot_spring,,True,Agoda ko 표본: 객실 내탕/노천탕 이용 맥락이 확인됨.,노천탕/露天,positive,rating_positive_signal,medium,issue_caution_calibration_needed
Agoda,https://www.agoda.com/ko-kr/oyado-kaikatei-ryokan/reviews/yufu-jp.html,agoda_api_direct,ko,2024-11-04,10.0,888886614,room_open_air_bath,booking_confusion;room_bath_hot_spring,booking_access,True,"Agoda ko 표본: 객실 내탕/노천탕 이용 맥락, 위치·예약·송영 주의이 확인됨.",노천탕/露天;온천/温泉;예약/거리/송영,mixed,caution_or_issue_tag,high,issue_caution_calibration_needed
Agoda,https://www.agoda.com/ko-kr/oyado-kaikatei-ryokan/reviews/yufu-jp.html,agoda_api_direct,ko,2024-10-29,9.6,886392000,room_open_air_bath,room_bath_hot_spring,,True,Agoda ko 표본: 객실 내탕/노천탕 이용 맥락이 확인됨.,노천탕/露天,positive,rating_positive_signal,medium,issue_caution_calibration_needed
Agoda,https://www.agoda.com/ko-kr/oyado-kaikatei-ryokan/reviews/yufu-jp.html,agoda_api_direct,ko,2024-10-29,9.6,886322120,room_open_air_bath,room_bath_hot_spring,,True,Agoda ko 표본: 객실 내탕/노천탕 이용 맥락이 확인됨.,노천탕/露天,positive,rating_positive_signal,medium,issue_caution_calibration_needed
Agoda,https://www.agoda.com/ko-kr/oyado-kaikatei-ryokan/reviews/yufu-jp.html,agoda_api_direct,ko,2024-10-27,10.0,886176416,room_open_air_bath,room_bath_hot_spring,,True,Agoda ko 표본: 객실 내탕/노천탕 이용 맥락이 확인됨.,노천탕/露天,positive,rating_positive_signal,medium,issue_caution_calibration_needed
Agoda,https://www.agoda.com/ko-kr/oyado-kaikatei-ryokan/reviews/yufu-jp.html,agoda_api_direct,ko,2024-10-22,6.8,885772559,room_open_air_bath,booking_confusion;room_bath_hot_spring,booking_access,True,"Agoda ko 표본: 객실 내탕/노천탕 이용 맥락, 위치·예약·송영 주의이 확인됨.",노천탕/露天;예약/거리/송영,mixed,caution_or_issue_tag,high,issue_caution_calibration_needed
Agoda,https://www.agoda.com/ko-kr/oyado-kaikatei-ryokan/reviews/yufu-jp.html,agoda_api_direct,ko,2024-10-21,9.2,885634152,room_open_air_bath,room_bath_hot_spring,,True,Agoda ko 표본: 객실 내탕/노천탕 이용 맥락이 확인됨.,노천탕/露天,positive,rating_positive_signal,medium,issue_caution_calibration_needed
Agoda,https://www.agoda.com/ko-kr/oyado-kaikatei-ryokan/reviews/yufu-jp.html,agoda_api_direct,ko,2024-10-16,10.0,880797721,room_open_air_bath,room_bath_hot_spring,,True,Agoda ko 표본: 객실 내탕/노천탕 이용 맥락이 확인됨.,노천탕/露天,positive,rating_positive_signal,medium,issue_caution_calibration_needed
Agoda,https://www.agoda.com/ko-kr/oyado-kaikatei-ryokan/reviews/yufu-jp.html,agoda_api_direct,ko,2024-10-10,6.8,879319214,room_open_air_bath,room_bath_hot_spring,,True,Agoda ko 표본: 객실 내탕/노천탕 이용 맥락이 확인됨.,노천탕/露天,positive,rating_positive_signal,medium,issue_caution_calibration_needed
Agoda,https://www.agoda.com/ko-kr/oyado-kaikatei-ryokan/reviews/yufu-jp.html,agoda_api_direct,ko,2024-10-07,8.8,879052352,room_open_air_bath,booking_confusion;room_bath_hot_spring,booking_access,True,"Agoda ko 표본: 객실 내탕/노천탕 이용 맥락, 위치·예약·송영 주의이 확인됨.",노천탕/露天;예약/거리/송영,mixed,caution_or_issue_tag,high,issue_caution_calibration_needed
Agoda,https://www.agoda.com/ko-kr/oyado-kaikatei-ryokan/reviews/yufu-jp.html,agoda_api_direct,ko,2024-10-05,9.6,878929813,room_open_air_bath,room_bath_hot_spring,,True,Agoda ko 표본: 객실 내탕/노천탕 이용 맥락이 확인됨.,노천탕/露天;온천/温泉,positive,rating_positive_signal,medium,issue_caution_calibration_needed
Agoda,https://www.agoda.com/ko-kr/oyado-kaikatei-ryokan/reviews/yufu-jp.html,agoda_api_direct,en/zh/other,2024-09-29,8.4,870744974,room_open_air_bath,room_bath_hot_spring,,True,Agoda en/zh/other 표본: 객실 내탕/노천탕 이용 맥락이 확인됨.,노천탕/露天,positive,rating_positive_signal,medium,issue_caution_calibration_needed
Agoda,https://www.agoda.com/ko-kr/oyado-kaikatei-ryokan/reviews/yufu-jp.html,agoda_api_direct,ko,2024-09-25,10.0,870337581,room_open_air_bath,room_bath_hot_spring,,True,Agoda ko 표본: 객실 내탕/노천탕 이용 맥락이 확인됨.,노천탕/露天,positive,rating_positive_signal,medium,issue_caution_calibration_needed
Agoda,https://www.agoda.com/ko-kr/oyado-kaikatei-ryokan/reviews/yufu-jp.html,agoda_api_direct,ko,2024-09-25,10.0,870430360,room_open_air_bath,room_bath_hot_spring,,True,Agoda ko 표본: 객실 내탕/노천탕 이용 맥락이 확인됨.,노천탕/露天,positive,rating_positive_signal,medium,issue_caution_calibration_needed
Agoda,https://www.agoda.com/ko-kr/oyado-kaikatei-ryokan/reviews/yufu-jp.html,agoda_api_direct,ko,2024-09-24,9.2,870340793,room_open_air_bath,room_bath_hot_spring,,True,Agoda ko 표본: 객실 내탕/노천탕 이용 맥락이 확인됨.,노천탕/露天,positive,rating_positive_signal,medium,issue_caution_calibration_needed
Agoda,https://www.agoda.com/ko-kr/oyado-kaikatei-ryokan/reviews/yufu-jp.html,agoda_api_direct,ko,2024-09-23,7.2,870248424,room_open_air_bath,room_bath_hot_spring,room_type_mismatch,True,Agoda ko 표본: 객실 내탕/노천탕 이용 맥락이 확인됨.,노천탕/露天;온천/温泉;객실타입,mixed,caution_or_issue_tag,high,issue_caution_calibration_needed
Agoda,https://www.agoda.com/ko-kr/oyado-kaikatei-ryokan/reviews/yufu-jp.html,agoda_api_direct,ko,2024-09-21,6.8,870145633,room_bath;room_open_air_bath,booking_confusion;room_bath_hot_spring,booking_access,True,"Agoda ko 표본: 객실 내탕/노천탕 이용 맥락, 위치·예약·송영 주의이 확인됨.",노천탕/露天;내탕/内湯;온천/温泉;예약/거리/송영,mixed,caution_or_issue_tag,high,issue_caution_calibration_needed
Agoda,https://www.agoda.com/ko-kr/oyado-kaikatei-ryokan/reviews/yufu-jp.html,agoda_api_direct,ko,2024-09-21,4.4,870081778,room_open_air_bath,booking_confusion;room_bath_hot_spring,booking_access,True,"Agoda ko 표본: 객실 내탕/노천탕 이용 맥락, 위치·예약·송영 주의이 확인됨.",노천탕/露天;예약/거리/송영,mixed,caution_or_issue_tag,high,issue_caution_calibration_needed
Agoda,https://www.agoda.com/ko-kr/oyado-kaikatei-ryokan/reviews/yufu-jp.html,agoda_api_direct,ko,2024-09-19,9.6,869928794,room_open_air_bath,room_bath_hot_spring,,True,Agoda ko 표본: 객실 내탕/노천탕 이용 맥락이 확인됨.,노천탕/露天,positive,rating_positive_signal,medium,issue_caution_calibration_needed
Agoda,https://www.agoda.com/ko-kr/oyado-kaikatei-ryokan/reviews/yufu-jp.html,agoda_api_direct,ko,2024-09-07,9.6,851666989,room_open_air_bath,room_bath_hot_spring,,True,Agoda ko 표본: 객실 내탕/노천탕 이용 맥락이 확인됨.,노천탕/露天;온천/温泉,positive,rating_positive_signal,medium,issue_caution_calibration_needed
Agoda,https://www.agoda.com/ko-kr/oyado-kaikatei-ryokan/reviews/yufu-jp.html,agoda_api_direct,ko,2024-09-03,9.6,849031572,room_open_air_bath,booking_confusion;room_bath_hot_spring,booking_access,True,"Agoda ko 표본: 객실 내탕/노천탕 이용 맥락, 위치·예약·송영 주의이 확인됨.",노천탕/露天;온천/温泉;예약/거리/송영,mixed,caution_or_issue_tag,high,issue_caution_calibration_needed
Agoda,https://www.agoda.com/ko-kr/oyado-kaikatei-ryokan/reviews/yufu-jp.html,agoda_api_direct,ko,2024-09-03,9.2,781624660,room_open_air_bath,room_bath_hot_spring,,True,Agoda ko 표본: 객실 내탕/노천탕 이용 맥락이 확인됨.,노천탕/露天;온천/温泉,positive,rating_positive_signal,medium,issue_caution_calibration_needed
Agoda,https://www.agoda.com/ko-kr/oyado-kaikatei-ryokan/reviews/yufu-jp.html,agoda_api_direct,ko,2024-08-26,8.8,848109354,room_open_air_bath,booking_confusion;room_bath_hot_spring,booking_access,True,"Agoda ko 표본: 객실 내탕/노천탕 이용 맥락, 위치·예약·송영 주의이 확인됨.",노천탕/露天;예약/거리/송영,mixed,caution_or_issue_tag,high,issue_caution_calibration_needed
Agoda,https://www.agoda.com/ko-kr/oyado-kaikatei-ryokan/reviews/yufu-jp.html,agoda_api_direct,ko,2024-08-26,8.4,848130087,room_open_air_bath,room_bath_hot_spring,,True,Agoda ko 표본: 객실 내탕/노천탕 이용 맥락이 확인됨.,노천탕/露天,positive,rating_positive_signal,medium,issue_caution_calibration_needed
Agoda,https://www.agoda.com/ko-kr/oyado-kaikatei-ryokan/reviews/yufu-jp.html,agoda_api_direct,ko,2024-08-11,9.6,846876677,room_open_air_bath,booking_confusion;room_bath_hot_spring,booking_access,True,"Agoda ko 표본: 객실 내탕/노천탕 이용 맥락, 위치·예약·송영 주의이 확인됨.",노천탕/露天;온천/温泉;예약/거리/송영,mixed,caution_or_issue_tag,high,issue_caution_calibration_needed
Rakuten Travel,https://travel.rakuten.co.jp/HOTEL/137975/review.html,rakuten_preloaded_state_direct,ja,2026-04-21,5,33123477440155,room_open_air_bath,room_bath_hot_spring,,True,Rakuten ja 표본: 객실 내탕/노천탕 이용 맥락이 확인됨.,노천탕/露天;온천/温泉,positive,rating_positive_signal,medium,issue_caution_calibration_needed
Rakuten Travel,https://travel.rakuten.co.jp/HOTEL/137975/review.html,rakuten_preloaded_state_direct,ja,2026-05-06,5,33123477562932,room_open_air_bath,room_bath_hot_spring,,True,Rakuten ja 표본: 객실 내탕/노천탕 이용 맥락이 확인됨.,노천탕/露天,positive,rating_positive_signal,medium,issue_caution_calibration_needed
Rakuten Travel,https://travel.rakuten.co.jp/HOTEL/137975/review.html,rakuten_preloaded_state_direct,ja,2026-04-10,5,33123477349950,room_open_air_bath,room_bath_hot_spring,temperature,True,"Rakuten ja 표본: 객실 내탕/노천탕 이용 맥락, 온도 조절 언급이 확인됨.",노천탕/露天;온천/温泉;온도/湯加減,mixed,caution_or_issue_tag,high,issue_caution_calibration_needed
Rakuten Travel,https://travel.rakuten.co.jp/HOTEL/137975/review.html,rakuten_preloaded_state_direct,ja,2026-03-13,5,33123477107479,room_open_air_bath,room_bath_hot_spring,,True,Rakuten ja 표본: 객실 내탕/노천탕 이용 맥락이 확인됨.,노천탕/露天,positive,rating_positive_signal,medium,issue_caution_calibration_needed
Rakuten Travel,https://travel.rakuten.co.jp/HOTEL/137975/review.html,rakuten_preloaded_state_direct,ja,2026-03-16,5,33123477132897,room_open_air_bath,room_bath_hot_spring,,True,Rakuten ja 표본: 객실 내탕/노천탕 이용 맥락이 확인됨.,노천탕/露天,positive,rating_positive_signal,medium,issue_caution_calibration_needed
Rakuten Travel,https://travel.rakuten.co.jp/HOTEL/137975/review.html,rakuten_preloaded_state_direct,ja,2025-12-23,5,33123476444860,room_open_air_bath,booking_confusion;room_bath_hot_spring,booking_access,True,"Rakuten ja 표본: 객실 내탕/노천탕 이용 맥락, 위치·예약·송영 주의이 확인됨.",노천탕/露天;예약/거리/송영,mixed,caution_or_issue_tag,high,issue_caution_calibration_needed
Rakuten Travel,https://travel.rakuten.co.jp/HOTEL/137975/review.html,rakuten_preloaded_state_direct,ja,2025-09-17,5,33123472860863,room_open_air_bath,room_bath_hot_spring,insects,True,Rakuten ja 표본: 객실 내탕/노천탕 이용 맥락이 확인됨.,노천탕/露天;虫/벌레,mixed,body_negative_with_context,high,issue_caution_calibration_needed
Rakuten Travel,https://travel.rakuten.co.jp/HOTEL/137975/review.html,rakuten_preloaded_state_direct,ja,2025-12-02,5,33123476270813,room_open_air_bath,room_bath_hot_spring,temperature,True,"Rakuten ja 표본: 객실 내탕/노천탕 이용 맥락, 온도 조절 언급이 확인됨.",노천탕/露天;온천/温泉;온도/湯加減,mixed,caution_or_issue_tag,high,issue_caution_calibration_needed
Rakuten Travel,https://travel.rakuten.co.jp/HOTEL/137975/review.html,rakuten_preloaded_state_direct,ja,2025-11-30,5,33123476248384,room_open_air_bath,room_bath_hot_spring,,True,Rakuten ja 표본: 객실 내탕/노천탕 이용 맥락이 확인됨.,노천탕/露天,positive,rating_positive_signal,medium,issue_caution_calibration_needed
Rakuten Travel,https://travel.rakuten.co.jp/HOTEL/137975/review.html,rakuten_preloaded_state_direct,ja,2025-09-29,3,33123472784059,room_open_air_bath,room_bath_hot_spring,,True,Rakuten ja 표본: 객실 내탕/노천탕 이용 맥락이 확인됨.,노천탕/露天,positive,positive_signal_no_caution,medium,issue_caution_calibration_needed
Rakuten Travel,https://travel.rakuten.co.jp/HOTEL/137975/review.html,rakuten_preloaded_state_direct,ja,2023-08-20,5,33123469940799,room_bath;room_open_air_bath,room_bath_hot_spring,,True,Rakuten ja 표본: 객실 내탕/노천탕 이용 맥락이 확인됨.,노천탕/露天;내탕/内湯,positive,rating_positive_signal,medium,issue_caution_calibration_needed
Rakuten Travel,https://travel.rakuten.co.jp/HOTEL/137975/review.html,rakuten_preloaded_state_direct,ja,2023-06-19,5,33123469625781,room_bath;room_open_air_bath,room_bath_hot_spring,,True,Rakuten ja 표본: 객실 내탕/노천탕 이용 맥락이 확인됨.,노천탕/露天;내탕/内湯;온천/温泉,positive,rating_positive_signal,medium,issue_caution_calibration_needed
Rakuten Travel,https://travel.rakuten.co.jp/HOTEL/137975/review.html,rakuten_preloaded_state_direct,ja,2022-12-31,4,33123468647789,room_bath;room_open_air_bath,room_bath_hot_spring,,True,Rakuten ja 표본: 객실 내탕/노천탕 이용 맥락이 확인됨.,노천탕/露天;내탕/内湯,positive,rating_positive_signal,medium,issue_caution_calibration_needed
Rakuten Travel,https://travel.rakuten.co.jp/HOTEL/137975/review.html,rakuten_preloaded_state_direct,ja,2022-10-16,5,33123461442160,room_bath;room_open_air_bath,room_bath_hot_spring,,True,Rakuten ja 표본: 객실 내탕/노천탕 이용 맥락이 확인됨.,노천탕/露天;내탕/内湯,positive,rating_positive_signal,medium,issue_caution_calibration_needed
Rakuten Travel,https://travel.rakuten.co.jp/HOTEL/137975/review.html,rakuten_preloaded_state_direct,ja,2022-10-15,4,33123461440733,room_bath;room_open_air_bath,room_bath_hot_spring,,True,Rakuten ja 표본: 객실 내탕/노천탕 이용 맥락이 확인됨.,노천탕/露天;내탕/内湯,positive,rating_positive_signal,medium,issue_caution_calibration_needed
Rakuten Travel,https://travel.rakuten.co.jp/HOTEL/137975/review.html,rakuten_preloaded_state_direct,ja,2022-09-27,5,33123461372501,room_bath;room_open_air_bath,booking_confusion;room_bath_hot_spring,booking_access,True,"Rakuten ja 표본: 객실 내탕/노천탕 이용 맥락, 위치·예약·송영 주의이 확인됨.",노천탕/露天;내탕/内湯;예약/거리/송영,mixed,caution_or_issue_tag,high,issue_caution_calibration_needed
Rakuten Travel,https://travel.rakuten.co.jp/HOTEL/137975/review.html,rakuten_preloaded_state_direct,ja,2022-09-16,5,33123461374201,room_bath;room_open_air_bath,room_bath_hot_spring,,True,Rakuten ja 표본: 객실 내탕/노천탕 이용 맥락이 확인됨.,노천탕/露天;내탕/内湯,positive,rating_positive_signal,medium,issue_caution_calibration_needed
Rakuten Travel,https://travel.rakuten.co.jp/HOTEL/137975/review.html,rakuten_preloaded_state_direct,ja,2022-08-17,4,33123461310445,room_bath;room_open_air_bath,room_bath_hot_spring;water_texture,,True,Rakuten ja 표본: 객실 내탕/노천탕 이용 맥락이 확인됨.,노천탕/露天;내탕/内湯;온천/温泉,positive,rating_positive_signal,medium,issue_caution_calibration_needed
Rakuten Travel,https://travel.rakuten.co.jp/HOTEL/137975/review.html,rakuten_preloaded_state_direct,ja,2022-07-28,5,33123461236409,room_bath;room_open_air_bath,room_bath_hot_spring,,True,Rakuten ja 표본: 객실 내탕/노천탕 이용 맥락이 확인됨.,노천탕/露天;내탕/内湯,positive,rating_positive_signal,medium,issue_caution_calibration_needed
Rakuten Travel,https://travel.rakuten.co.jp/HOTEL/137975/review.html,rakuten_preloaded_state_direct,ja,2022-06-30,4,33123461160186,room_bath;room_open_air_bath,room_bath_hot_spring,,True,Rakuten ja 표본: 객실 내탕/노천탕 이용 맥락이 확인됨.,노천탕/露天;내탕/内湯,positive,rating_positive_signal,medium,issue_caution_calibration_needed
