direct_read_sequence,platform,source_url,page_label,review_id,language,review_date,stay_date,rating,bath_rating,room_rating,title,room_or_plan,body_char_count,onsen_related,bath_area_tags,signal_tags,issue_tags,original_keywords_short,short_paraphrase,signal_direction,direction_backfill_rule,direction_backfill_confidence,direction_backfill_candidate_type
1,Jalan,https://www.jalan.net/yad387276/kuchikomi/,latest_1,Jalan_15387249,ja,2026/6/25,2026年5月宿泊,5,5,5,すべてにゆきとどいた宿,和室 【当館スタンダード】大正屋特選牛をメインとした椎葉会席プラン《佐賀の厳選食材を愉しむ》,435,yes,open_air_public_bath;public_bath;facility_wide,public_bath_hot_spring;water_texture;booking_confusion,sister_property_movement;aging_or_access,温泉;椎葉の湯;送迎;シャトル;大正屋,"계류/공용 노천탕 경험 언급; 대욕장/공용탕 이용 경험 언급; 우레시노 물성/피부감 또는 온천수 언급; 주의 신호: sister_property_movement,aging_or_access",mixed,caution_or_issue_tag,high,issue_caution_calibration_needed
2,Jalan,https://www.jalan.net/yad387276/kuchikomi/,latest_1,Jalan_15385288,ja,2026/6/24,2026年6月宿泊,5,5,5,高齢者との温泉旅行にオススメ,和洋室 【じゃらんスペシャルウィーク】初夏 限定◆大正屋特選牛をメインとした椎葉会席《佐賀厳選食材を愉しむ》,274,yes,room_bath;open_air_public_bath;public_bath;facility_wide,room_bath_hot_spring;public_bath_hot_spring;water_texture;booking_confusion,sister_property_movement;aging_or_access,温泉;露天;露天風呂;大浴場;檜風呂;大正屋,"계류/공용 노천탕 경험 언급; 대욕장/공용탕 이용 경험 언급; 객실 내탕/檜風呂 맥락 언급; 우레시노 물성/피부감 또는 온천수 언급; 주의 신호: sister_property_movement,aging_or_access",mixed,caution_or_issue_tag,high,issue_caution_calibration_needed
3,Jalan,https://www.jalan.net/yad387276/kuchikomi/,latest_1,Jalan_15376802,ja,2026/6/20,2026年6月宿泊,5,5,5,雰囲気も良く、接客対応も最高です。,和洋室 【当館スタンダード】大正屋特選牛をメインとした椎葉会席プラン《佐賀の厳選食材を愉しむ》,132,yes,public_bath,public_bath_hot_spring;booking_confusion,sister_property_movement,椎葉山荘;大正屋,대욕장/공용탕 이용 경험 언급; 주의 신호: sister_property_movement,mixed,caution_or_issue_tag,high,issue_caution_calibration_needed
4,Jalan,https://www.jalan.net/yad387276/kuchikomi/,latest_1,Jalan_15374760,ja,2026/6/19,2026年4月宿泊,5,5,5,食事がとても美味しかった,和洋室 ◆お部屋おまかせでお得◆大正屋特選牛をメインとしたスタンダード椎葉会席プラン,128,yes,unclear,booking_confusion,sister_property_movement,大正屋,주의 신호: sister_property_movement,mixed,caution_or_issue_tag,high,issue_caution_calibration_needed
5,Jalan,https://www.jalan.net/yad387276/kuchikomi/,latest_1,Jalan_15372838,ja,2026/6/18,2026年6月宿泊,4,5,5,自然とともに過ごせる幸せ,和洋室 【もっと佐賀旅キャンペーン】佐賀のブランド佐賀牛陶板焼き付プラン《選りすぐりの厳選食材満載》,99,yes,facility_wide,water_texture,,温泉,우레시노 물성/피부감 또는 온천수 언급,positive,rating_positive_signal,medium,issue_caution_calibration_needed
6,Jalan,https://www.jalan.net/yad387276/kuchikomi/,latest_1,Jalan_15349731,ja,2026/6/7,2026年6月宿泊,5,5,5,間違いない,和洋室 【大部屋◆最大8名迄OK】5名以上の利用が断然お得◆グループ・三世代旅行にオススメ《メゾネット和洋室》,57,yes,facility_wide,water_texture,,温泉,우레시노 물성/피부감 또는 온천수 언급,positive,rating_positive_signal,medium,issue_caution_calibration_needed
7,Jalan,https://www.jalan.net/yad387276/kuchikomi/,latest_1,Jalan_15332801,ja,2026/5/30,2026年5月宿泊,5,5,5,ご飯も温泉も素晴らしい宿,和室 【当館スタンダード】大正屋特選牛をメインとした椎葉会席プラン《佐賀の厳選食材を愉しむ》,241,yes,facility_wide,water_texture;booking_confusion,sister_property_movement,温泉;大正屋,우레시노 물성/피부감 또는 온천수 언급; 주의 신호: sister_property_movement,mixed,caution_or_issue_tag,high,issue_caution_calibration_needed
8,Jalan,https://www.jalan.net/yad387276/kuchikomi/,latest_1,Jalan_15217480,ja,2026/4/11,2026年4月宿泊,5,5,4,笑顔の丁寧な接客が心地よい,和室 【当館スタンダード】大正屋特選牛をメインとした椎葉会席プラン《佐賀の厳選食材を愉しむ》,103,yes,unclear,crowding;booking_confusion,sister_property_movement,大正屋,주의 신호: sister_property_movement,mixed,caution_or_issue_tag,high,issue_caution_calibration_needed
9,Jalan,https://www.jalan.net/yad387276/kuchikomi/,latest_1,Jalan_15154173,ja,2026/3/14,2026年3月宿泊,5,4,4,おもてなしが良すぎました,和洋室 【当館スタンダード】大正屋特選牛をメインとした椎葉会席プラン《佐賀の厳選食材を愉しむ》,131,yes,facility_wide,water_texture;booking_confusion,sister_property_movement,温泉;大正屋,우레시노 물성/피부감 또는 온천수 언급; 주의 신호: sister_property_movement,mixed,caution_or_issue_tag,high,issue_caution_calibration_needed
10,Jalan,https://www.jalan.net/yad387276/kuchikomi/,latest_1,Jalan_15151265,ja,2026/3/12,2026年2月宿泊,4,5,3,爽やか,和洋室 【当館スタンダード】大正屋特選牛をメインとした椎葉会席プラン《佐賀の厳選食材を愉しむ》,95,yes,room_bath;private_bath;public_bath;facility_wide,room_bath_hot_spring;public_bath_hot_spring;water_texture;private_bath_experience;booking_confusion,sister_property_movement,温泉;大浴場;檜風呂;貸切;大正屋,대욕장/공용탕 이용 경험 언급; 객실 내탕/檜風呂 맥락 언급; 대절탕/프라이빗탕 맥락 언급; 우레시노 물성/피부감 또는 온천수 언급; 주의 신호: sister_property_movement,mixed,caution_or_issue_tag,high,issue_caution_calibration_needed
11,Jalan,https://www.jalan.net/yad387276/kuchikomi/,latest_1,Jalan_15130766,ja,2026/3/3,2026年3月宿泊,5,5,5,古希祝い,和室 【記念日プラン】大切な日を椎葉山荘で◆ハッピーアニバーサリー◆大正屋特選牛陶板焼《ケーキなど特典付》,156,yes,facility_wide,water_texture;booking_confusion,sister_property_movement,温泉;椎葉山荘;大正屋,우레시노 물성/피부감 또는 온천수 언급; 주의 신호: sister_property_movement,mixed,caution_or_issue_tag,high,issue_caution_calibration_needed
12,Jalan,https://www.jalan.net/yad387276/kuchikomi/,latest_1,Jalan_15130503,ja,2026/3/3,2026年2月宿泊,5,5,4,おもてなしが最高,和洋室 【記念日プラン】大切な日を椎葉山荘で◆ハッピーアニバーサリー◆大正屋特選牛陶板焼《ケーキなど特典付》,140,yes,unclear,booking_confusion,sister_property_movement,椎葉山荘;大正屋,주의 신호: sister_property_movement,mixed,caution_or_issue_tag,high,issue_caution_calibration_needed
13,Jalan,https://www.jalan.net/yad387276/kuchikomi/,latest_1,Jalan_15126150,ja,2026/3/1,2026年2月宿泊,5,5,5,お部屋にも温泉がありゆっくり過ごせました,和洋室 【当館スタンダード】大正屋特選牛をメインとした椎葉会席プラン《佐賀の厳選食材を愉しむ》,316,yes,public_bath;facility_wide,public_bath_hot_spring;water_texture;booking_confusion,sister_property_movement,温泉;大浴場;大正屋,대욕장/공용탕 이용 경험 언급; 우레시노 물성/피부감 또는 온천수 언급; 주의 신호: sister_property_movement,mixed,caution_or_issue_tag,high,issue_caution_calibration_needed
14,Jalan,https://www.jalan.net/yad387276/kuchikomi/,latest_1,Jalan_15102048,ja,2026/2/19,2026年2月宿泊,5,4,4,のんびりゆっくりと過ごせる宿,和洋室 【当館スタンダード】大正屋特選牛をメインとした椎葉会席プラン《佐賀の厳選食材を愉しむ》,511,yes,open_air_public_bath;public_bath;facility_wide,public_bath_hot_spring;water_texture;booking_confusion,sister_property_movement,温泉;露天;露天風呂;大正屋,계류/공용 노천탕 경험 언급; 대욕장/공용탕 이용 경험 언급; 우레시노 물성/피부감 또는 온천수 언급; 주의 신호: sister_property_movement,mixed,caution_or_issue_tag,high,issue_caution_calibration_needed
15,Jalan,https://www.jalan.net/yad387276/kuchikomi/,latest_1,Jalan_15057166,ja,2026/1/28,2026年1月宿泊,5,5,5,息子の結婚祝いを兼ねて,和洋室 【いつもより贅沢に】大正屋特選牛陶板焼プラン《四季の彩を味わう椎葉会席》,141,yes,unclear,booking_confusion,sister_property_movement,大正屋,주의 신호: sister_property_movement,mixed,caution_or_issue_tag,high,issue_caution_calibration_needed
16,Jalan,https://www.jalan.net/yad387276/kuchikomi/,latest_1,Jalan_15000027,ja,2026/1/4,2025年11月宿泊,5,5,5,お風呂の開放感最高,和室 【当館スタンダード】大正屋特選牛をメインとした椎葉会席プラン《佐賀の厳選食材を愉しむ》,199,yes,open_air_public_bath;public_bath,public_bath_hot_spring;water_texture;booking_confusion,sister_property_movement,しいばの湯;大正屋,계류/공용 노천탕 경험 언급; 대욕장/공용탕 이용 경험 언급; 우레시노 물성/피부감 또는 온천수 언급; 주의 신호: sister_property_movement,mixed,caution_or_issue_tag,high,issue_caution_calibration_needed
17,Jalan,https://www.jalan.net/yad387276/kuchikomi/,latest_1,Jalan_14940843,ja,2025/12/8,2025年11月宿泊,5,5,4,友人の還暦お祝い温泉旅行,和洋室 【記念日プラン】大切な日を椎葉山荘で◆ハッピーアニバーサリー◆大正屋特選牛陶板焼《ケーキなど特典付》,308,yes,public_bath;facility_wide,public_bath_hot_spring;water_texture;booking_confusion,sister_property_movement,温泉;椎葉山荘;送迎;大正屋,대욕장/공용탕 이용 경험 언급; 우레시노 물성/피부감 또는 온천수 언급; 주의 신호: sister_property_movement,mixed,caution_or_issue_tag,high,issue_caution_calibration_needed
18,Jalan,https://www.jalan.net/yad387276/kuchikomi/,latest_1,Jalan_14930327,ja,2025/12/4,2025年11月宿泊,5,5,5,大満足の旅館,和洋室 【当館スタンダード】大正屋特選牛をメインとした椎葉会席プラン《佐賀の厳選食材を愉しむ》,377,yes,facility_wide,water_texture;booking_confusion,sister_property_movement,温泉;大正屋,우레시노 물성/피부감 또는 온천수 언급; 주의 신호: sister_property_movement,mixed,caution_or_issue_tag,high,issue_caution_calibration_needed
19,Jalan,https://www.jalan.net/yad387276/kuchikomi/,latest_1,Jalan_14930103,ja,2025/12/4,2025年12月宿泊,4,5,5,紅葉の時季に泊まれて良かった椎葉山荘,和洋室 【当館スタンダード】大正屋特選牛をメインとした椎葉会席プラン《佐賀の厳選食材を愉しむ》,270,yes,room_open_air_bath;room_bath;open_air_public_bath;public_bath,room_bath_hot_spring;public_bath_hot_spring;booking_confusion,sister_property_movement,露天;露天風呂;椎葉山荘;檜風呂;大正屋,계류/공용 노천탕 경험 언급; 대욕장/공용탕 이용 경험 언급; 객실 내탕/檜風呂 맥락 언급; 객실 노천탕 맥락 언급; 주의 신호: sister_property_movement,mixed,caution_or_issue_tag,high,issue_caution_calibration_needed
20,Jalan,https://www.jalan.net/yad387276/kuchikomi/,latest_1,Jalan_14873230,ja,2025/11/10,2025年11月宿泊,3,4,3,山の湯最高です,和洋室 【当館スタンダード】大正屋特選牛をメインとした椎葉会席プラン《佐賀の厳選食材を愉しむ》,94,yes,facility_wide,water_texture;booking_confusion,sister_property_movement;cleanliness,温泉;山の湯;清掃;大正屋,"우레시노 물성/피부감 또는 온천수 언급; 주의 신호: sister_property_movement,cleanliness",mixed,caution_or_issue_tag,high,issue_caution_calibration_needed
21,Jalan,https://www.jalan.net/yad387276/kuchikomi/,latest_1,Jalan_14817233,ja,2025/10/19,2025年9月宿泊,4,4,5,山の中！　イメージと違ったかな？,和洋室 【当館スタンダード】大正屋特選牛をメインとした椎葉会席プラン《佐賀の厳選食材を愉しむ》,70,yes,unclear,booking_confusion,sister_property_movement,大正屋,주의 신호: sister_property_movement,mixed,caution_or_issue_tag,high,issue_caution_calibration_needed
22,Jalan,https://www.jalan.net/yad387276/kuchikomi/,latest_1,Jalan_14808755,ja,2025/10/15,2025年9月宿泊,3,3,4,家族旅行におすすめ　部屋も広くて快適でした,和洋室 【いつもより贅沢に】大正屋特選牛陶板焼プラン《四季の彩を味わう椎葉会席》,85,yes,unclear,booking_confusion,sister_property_movement,大正屋,주의 신호: sister_property_movement,mixed,caution_or_issue_tag,high,issue_caution_calibration_needed
23,Jalan,https://www.jalan.net/yad387276/kuchikomi/,latest_1,Jalan_14782549,ja,2025/10/5,2025年10月宿泊,5,5,4,温泉、料理が最高,和洋室 【当館スタンダード】大正屋特選牛をメインとした椎葉会席プラン《佐賀の厳選食材を愉しむ》,66,yes,facility_wide,water_texture;booking_confusion,sister_property_movement,温泉;大正屋,우레시노 물성/피부감 또는 온천수 언급; 주의 신호: sister_property_movement,mixed,caution_or_issue_tag,high,issue_caution_calibration_needed
24,Jalan,https://www.jalan.net/yad387276/kuchikomi/,latest_1,Jalan_14779681,ja,2025/10/4,2025年10月宿泊,5,5,5,嬉野の自然豊かな山間に佇む癒しの一軒宿,和洋室 【いつもより贅沢に】大正屋特選牛陶板焼プラン《四季の彩を味わう椎葉会席》,368,yes,room_bath;open_air_public_bath;public_bath;facility_wide,room_bath_hot_spring;public_bath_hot_spring;water_texture;booking_confusion,sister_property_movement,温泉;露天;露天風呂;しいばの湯;山の湯;送迎;大正屋;滝の湯,계류/공용 노천탕 경험 언급; 대욕장/공용탕 이용 경험 언급; 객실 내탕/檜風呂 맥락 언급; 우레시노 물성/피부감 또는 온천수 언급; 주의 신호: sister_property_movement,mixed,caution_or_issue_tag,high,issue_caution_calibration_needed
25,Jalan,https://www.jalan.net/yad387276/kuchikomi/,latest_1,Jalan_14749557,ja,2025/9/22,2025年9月宿泊,5,5,5,接客が素晴らしい,和室 【記念日プラン】大切な日を椎葉山荘で◆ハッピーアニバーサリー◆大正屋特選牛陶板焼《ケーキなど特典付》,207,yes,unclear,crowding;booking_confusion,sister_property_movement;crowding,椎葉山荘;大正屋,"주의 신호: sister_property_movement,crowding",mixed,caution_or_issue_tag,high,issue_caution_calibration_needed
26,Jalan,https://www.jalan.net/yad387276/kuchikomi/,latest_1,Jalan_14694182,ja,2025/8/31,2025年8月宿泊,5,5,5,すべて素晴らしい宿です,和室 【当館スタンダード】大正屋特選牛をメインとした椎葉会席プラン《佐賀の厳選食材を愉しむ》,65,yes,facility_wide,water_texture;booking_confusion,sister_property_movement,温泉;大正屋,우레시노 물성/피부감 또는 온천수 언급; 주의 신호: sister_property_movement,mixed,caution_or_issue_tag,high,issue_caution_calibration_needed
27,Jalan,https://www.jalan.net/yad387276/kuchikomi/,latest_1,Jalan_14678238,ja,2025/8/24,2025年6月宿泊,4,5,4,米寿、還暦のお祝いに,和洋室 【記念日プラン】大切な日を椎葉山荘で◆ハッピーアニバーサリー◆大正屋特選牛陶板焼《ケーキなど特典付》,64,yes,unclear,booking_confusion,sister_property_movement,椎葉山荘;大正屋,주의 신호: sister_property_movement,mixed,caution_or_issue_tag,high,issue_caution_calibration_needed
28,Jalan,https://www.jalan.net/yad387276/kuchikomi/,latest_1,Jalan_14646814,ja,2025/8/13,2025年8月宿泊,5,5,4,お風呂が特に良かった,和洋室 【当館人気No1】◆佐賀のブランド佐賀牛陶板焼き付プラン《選りすぐりの厳選食材満載》,215,yes,private_bath;open_air_public_bath;public_bath,public_bath_hot_spring;water_texture;private_bath_experience,cleanliness,露天;露天風呂;しいばの湯;貸切;清掃,계류/공용 노천탕 경험 언급; 대욕장/공용탕 이용 경험 언급; 대절탕/프라이빗탕 맥락 언급; 우레시노 물성/피부감 또는 온천수 언급; 주의 신호: cleanliness,mixed,caution_or_issue_tag,high,issue_caution_calibration_needed
29,Jalan,https://www.jalan.net/yad387276/kuchikomi/,latest_1,Jalan_14636028,ja,2025/8/11,2025年8月宿泊,5,5,5,心づくしのおもてなしが最高の宿,和洋室 【当館スタンダード】大正屋特選牛をメインとした椎葉会席プラン《佐賀の厳選食材を愉しむ》,362,yes,public_bath;facility_wide,public_bath_hot_spring;water_texture;booking_confusion,sister_property_movement;aging_or_access,温泉;大浴場;大正屋,"대욕장/공용탕 이용 경험 언급; 우레시노 물성/피부감 또는 온천수 언급; 주의 신호: sister_property_movement,aging_or_access",mixed,caution_or_issue_tag,high,issue_caution_calibration_needed
30,Jalan,https://www.jalan.net/yad387276/kuchikomi/,latest_1,Jalan_14627047,ja,2025/8/7,2025年6月宿泊,4,4,5,ほたるの見れる宿,和洋室 【いつもより贅沢に】大正屋特選牛陶板焼プラン《四季の彩を味わう椎葉会席》,219,yes,unclear,booking_confusion,sister_property_movement,大正屋,주의 신호: sister_property_movement,mixed,caution_or_issue_tag,high,issue_caution_calibration_needed
31,Jalan,https://www.jalan.net/yad387276/kuchikomi/2.HTML,latest_2,Jalan_14621267,ja,2025/8/4,2025年8月宿泊,5,5,5,部屋も温泉も満足です。,和洋室 【当館スタンダード】大正屋特選牛をメインとした椎葉会席プラン《佐賀の厳選食材を愉しむ》,153,yes,public_bath;facility_wide,public_bath_hot_spring;water_texture;booking_confusion,sister_property_movement;temperature,温泉;大正屋,"대욕장/공용탕 이용 경험 언급; 우레시노 물성/피부감 또는 온천수 언급; 주의 신호: sister_property_movement,temperature",mixed,caution_or_issue_tag,high,issue_caution_calibration_needed
32,Jalan,https://www.jalan.net/yad387276/kuchikomi/2.HTML,latest_2,Jalan_14611102,ja,2025/7/31,2025年7月宿泊,5,5,5,安定のおもてなし,和洋室 ◆お部屋おまかせでお得◆大正屋特選牛をメインとしたスタンダード椎葉会席プラン,141,yes,public_bath;facility_wide,public_bath_hot_spring;water_texture;booking_confusion,sister_property_movement,温泉;大正屋,대욕장/공용탕 이용 경험 언급; 우레시노 물성/피부감 또는 온천수 언급; 주의 신호: sister_property_movement,mixed,caution_or_issue_tag,high,issue_caution_calibration_needed
33,Jalan,https://www.jalan.net/yad387276/kuchikomi/2.HTML,latest_2,Jalan_14606216,ja,2025/7/29,2025年7月宿泊,5,5,5,素晴らしい景色,和洋室 ◆お部屋おまかせでお得◆大正屋特選牛をメインとしたスタンダード椎葉会席プラン,116,yes,facility_wide,water_texture;booking_confusion,sister_property_movement;insects,温泉;虫;大正屋,"우레시노 물성/피부감 또는 온천수 언급; 주의 신호: sister_property_movement,insects",mixed,body_positive_and_negative,high,issue_caution_calibration_needed
34,Jalan,https://www.jalan.net/yad387276/kuchikomi/2.HTML,latest_2,Jalan_14577838,ja,2025/7/17,2025年7月宿泊,4,4,3,自然に癒されて,和室 【当館スタンダード】大正屋特選牛をメインとした椎葉会席プラン《佐賀の厳選食材を愉しむ》,171,yes,unclear,booking_confusion,sister_property_movement,大正屋,주의 신호: sister_property_movement,mixed,caution_or_issue_tag,high,issue_caution_calibration_needed
35,Jalan,https://www.jalan.net/yad387276/kuchikomi/archive/,archive_1,Jalan_14512118,ja,2025/6/16,2025年5月宿泊,5,5,5,リフレッシュに最高,和洋室 【当館スタンダード】大正屋特選牛をメインとした椎葉会席プラン《佐賀の厳選食材を愉しむ》,210,yes,facility_wide,water_texture;booking_confusion,sister_property_movement,温泉;大正屋,우레시노 물성/피부감 또는 온천수 언급; 주의 신호: sister_property_movement,mixed,caution_or_issue_tag,high,issue_caution_calibration_needed
36,Jalan,https://www.jalan.net/yad387276/kuchikomi/archive/,archive_1,Jalan_14486170,ja,2025/6/4,2025年5月宿泊,5,4,5,美しい景色,和洋室 【当館スタンダード】大正屋特選牛をメインとした椎葉会席プラン《佐賀の厳選食材を愉しむ》,65,yes,unclear,booking_confusion,sister_property_movement,大正屋,주의 신호: sister_property_movement,mixed,caution_or_issue_tag,high,issue_caution_calibration_needed
37,Jalan,https://www.jalan.net/yad387276/kuchikomi/archive/,archive_1,Jalan_14330498,ja,2025/3/29,2025年3月宿泊,5,5,4,鳥の鳴き声に癒されてまったりできました,和洋室 【早期割90】選りすぐりの厳選食材満載◆佐賀牛陶板焼き付プラン《早期予約で2000円引》,301,yes,open_air_public_bath;public_bath;facility_wide,public_bath_hot_spring;water_texture;booking_confusion,,温泉;露天;露天風呂;椎葉の湯;山の湯,계류/공용 노천탕 경험 언급; 대욕장/공용탕 이용 경험 언급; 우레시노 물성/피부감 또는 온천수 언급,mixed,conditional_signal_tag,medium,issue_caution_calibration_needed
38,Jalan,https://www.jalan.net/yad387276/kuchikomi/archive/,archive_1,Jalan_14310339,ja,2025/3/20,2025年2月宿泊,4,4,4,素敵なお宿でした,和洋室 【当館人気No1】◆佐賀のブランド佐賀牛陶板焼き付プラン《選りすぐりの厳選食材満載》,114,yes,public_bath,public_bath_hot_spring,,,대욕장/공용탕 이용 경험 언급,positive,rating_positive_signal,medium,issue_caution_calibration_needed
39,Jalan,https://www.jalan.net/yad387276/kuchikomi/archive/,archive_1,Jalan_14296954,ja,2025/3/14,2025年1月宿泊,5,5,5,雰囲気良し,和洋室 ◆お部屋おまかせでお得◆大正屋特選牛をメインとしたスタンダード椎葉会席プラン,278,yes,public_bath;facility_wide,public_bath_hot_spring;water_texture;booking_confusion,sister_property_movement,温泉;大正屋,대욕장/공용탕 이용 경험 언급; 우레시노 물성/피부감 또는 온천수 언급; 주의 신호: sister_property_movement,mixed,caution_or_issue_tag,high,issue_caution_calibration_needed
40,Jalan,https://www.jalan.net/yad387276/kuchikomi/archive/,archive_1,Jalan_14289027,ja,2025/3/10,2025年3月宿泊,4,4,5,女子旅,和洋室 【早期割90】選りすぐりの厳選食材満載◆佐賀牛陶板焼き付プラン《早期予約で2000円引》,97,no,unclear,booking_confusion,,,온천 언급 없는 숙박 경험 리뷰.,mixed,conditional_signal_tag,medium,issue_caution_calibration_needed
41,Jalan,https://www.jalan.net/yad387276/kuchikomi/archive/,archive_1,Jalan_14269039,ja,2025/3/2,2025年2月宿泊,5,5,5,ゆっくり幸せ、温泉三昧,和洋室 【当館スタンダード】大正屋特選牛をメインとした椎葉会席プラン《佐賀の厳選食材を愉しむ》,267,yes,open_air_public_bath;public_bath;facility_wide,public_bath_hot_spring;water_texture;booking_confusion,sister_property_movement,温泉;露天;露天風呂;椎葉山荘;送迎;大正屋,계류/공용 노천탕 경험 언급; 대욕장/공용탕 이용 경험 언급; 우레시노 물성/피부감 또는 온천수 언급; 주의 신호: sister_property_movement,mixed,caution_or_issue_tag,high,issue_caution_calibration_needed
42,Jalan,https://www.jalan.net/yad387276/kuchikomi/archive/,archive_1,Jalan_14263099,ja,2025/2/27,2025年2月宿泊,5,5,5,素晴らしい接客です！,和洋室 【早期割90】選りすぐりの厳選食材満載◆佐賀牛陶板焼き付プラン《早期予約で2000円引》,173,yes,unclear,booking_confusion,,椎葉山荘,온천 언급 없는 숙박 경험 리뷰.,mixed,conditional_signal_tag,medium,issue_caution_calibration_needed
43,Jalan,https://www.jalan.net/yad387276/kuchikomi/archive/,archive_1,Jalan_14252669,ja,2025/2/23,2024年12月宿泊,5,5,5,全てにおいて、良い宿,和洋室 【記念日プラン】大切な日を椎葉山荘で◆ハッピーアニバーサリー◆大正屋特選牛陶板焼《ケーキなど特典付》,187,yes,unclear,booking_confusion,sister_property_movement,椎葉山荘;大正屋,주의 신호: sister_property_movement,mixed,caution_or_issue_tag,high,issue_caution_calibration_needed
44,Jalan,https://www.jalan.net/yad387276/kuchikomi/archive/,archive_1,Jalan_14232022,ja,2025/2/14,2025年1月宿泊,5,5,5,部屋が広くてゆっくり寛げました,和洋室 【当館スタンダード】大正屋特選牛をメインとした椎葉会席プラン《佐賀の厳選食材を愉しむ》,204,yes,open_air_public_bath;public_bath,public_bath_hot_spring;water_texture;crowding;booking_confusion,sister_property_movement;aging_or_access;crowding,露天;露天風呂;大浴場;山の湯;大正屋,"계류/공용 노천탕 경험 언급; 대욕장/공용탕 이용 경험 언급; 우레시노 물성/피부감 또는 온천수 언급; 주의 신호: sister_property_movement,aging_or_access,crowding",mixed,caution_or_issue_tag,high,issue_caution_calibration_needed
45,Jalan,https://www.jalan.net/yad387276/kuchikomi/archive/,archive_1,Jalan_14197225,ja,2025/1/30,2025年1月宿泊,5,4,5,おもてなしが最高。,和洋室 【じゃらんスペシャルウィーク】初秋限定◆大正屋特選牛をメインとした椎葉会席《佐賀厳選食材を愉しむ》,112,yes,public_bath,public_bath_hot_spring;water_texture;booking_confusion,sister_property_movement;aging_or_access,送迎;大正屋,"대욕장/공용탕 이용 경험 언급; 우레시노 물성/피부감 또는 온천수 언급; 주의 신호: sister_property_movement,aging_or_access",mixed,caution_or_issue_tag,high,issue_caution_calibration_needed
46,Jalan,https://www.jalan.net/yad387276/kuchikomi/archive/,archive_1,Jalan_14171874,ja,2025/1/17,2025年1月宿泊,4,3,3,月１回の温泉旅行,和洋室 【当館スタンダード】大正屋特選牛をメインとした椎葉会席プラン《佐賀の厳選食材を愉しむ》,435,yes,public_bath;facility_wide,public_bath_hot_spring;water_texture;booking_confusion,sister_property_movement;temperature,温泉;椎葉山荘;かけ流し;大正屋,"대욕장/공용탕 이용 경험 언급; 우레시노 물성/피부감 또는 온천수 언급; 주의 신호: sister_property_movement,temperature",mixed,caution_or_issue_tag,high,issue_caution_calibration_needed
47,Jalan,https://www.jalan.net/yad387276/kuchikomi/archive/,archive_1,Jalan_14170705,ja,2025/1/16,2024年12月宿泊,5,5,5,世代を問わず人気の宿,和洋室 【当館人気No1】◆佐賀のブランド佐賀牛陶板焼き付プラン《選りすぐりの厳選食材満載》,155,yes,public_bath;facility_wide,public_bath_hot_spring;water_texture,,温泉,대욕장/공용탕 이용 경험 언급; 우레시노 물성/피부감 또는 온천수 언급,positive,rating_positive_signal,medium,issue_caution_calibration_needed
48,Jalan,https://www.jalan.net/yad387276/kuchikomi/archive/,archive_1,Jalan_14163604,ja,2025/1/13,2024年12月宿泊,4,5,4,素敵な宿,和洋室 【早期割60】大正屋特選牛陶板焼きプラン《早期予約で1000円引》,170,yes,facility_wide,water_texture;booking_confusion,sister_property_movement;aging_or_access,温泉;大正屋,"우레시노 물성/피부감 또는 온천수 언급; 주의 신호: sister_property_movement,aging_or_access",mixed,caution_or_issue_tag,high,issue_caution_calibration_needed
49,Jalan,https://www.jalan.net/yad387276/kuchikomi/archive/,archive_1,Jalan_14129128,ja,2024/12/22,2024年12月宿泊,5,5,5,静かにリラックスして過ごせました,和洋室 【早期割60】大正屋特選牛陶板焼きプラン《早期予約で1000円引》,132,yes,public_bath;facility_wide,public_bath_hot_spring;water_texture;booking_confusion,sister_property_movement,温泉;山の湯;大正屋,대욕장/공용탕 이용 경험 언급; 우레시노 물성/피부감 또는 온천수 언급; 주의 신호: sister_property_movement,mixed,caution_or_issue_tag,high,issue_caution_calibration_needed
50,Jalan,https://www.jalan.net/yad387276/kuchikomi/archive/,archive_1,Jalan_14085716,ja,2024/11/24,2024年11月宿泊,4,4,4,親孝行旅行,和洋室 【じゃらんスペシャルウィーク】初秋限定◆大正屋特選牛をメインとした椎葉会席《佐賀厳選食材を愉しむ》,329,yes,open_air_public_bath;public_bath;facility_wide,public_bath_hot_spring;water_texture;booking_confusion,sister_property_movement;aging_or_access,温泉;露天;露天風呂;大正屋,"계류/공용 노천탕 경험 언급; 대욕장/공용탕 이용 경험 언급; 우레시노 물성/피부감 또는 온천수 언급; 주의 신호: sister_property_movement,aging_or_access",mixed,caution_or_issue_tag,high,issue_caution_calibration_needed
51,Jalan,https://www.jalan.net/yad387276/kuchikomi/archive/,archive_1,Jalan_14083255,ja,2024/11/23,2024年11月宿泊,5,4,5,広々とした部屋が大好きです。,和洋室 【一泊朝食プラン】観光、一人旅にもオススメ《朝食は自家製とろける温泉湯豆腐付》,91,yes,facility_wide,water_texture,,温泉,우레시노 물성/피부감 또는 온천수 언급,positive,rating_positive_signal,medium,issue_caution_calibration_needed
52,Jalan,https://www.jalan.net/yad387276/kuchikomi/archive/,archive_1,Jalan_14062626,ja,2024/11/11,2024年9月宿泊,5,5,5,久しぶりの家族旅行,和洋室 【じゃらんスペシャルウィーク】夏限定◆大正屋特選牛をメインとした椎葉会席《佐賀厳選食材を愉しむ》,201,yes,facility_wide,water_texture;booking_confusion,sister_property_movement,温泉;大正屋,우레시노 물성/피부감 또는 온천수 언급; 주의 신호: sister_property_movement,mixed,caution_or_issue_tag,high,issue_caution_calibration_needed
53,Jalan,https://www.jalan.net/yad387276/kuchikomi/archive/,archive_1,Jalan_14042344,ja,2024/10/31,2024年10月宿泊,5,5,5,誕生日祝い！,和洋室 ◆お部屋おまかせでお得◆大正屋特選牛をメインとしたスタンダード椎葉会席プラン,381,yes,open_air_public_bath;public_bath;facility_wide,public_bath_hot_spring;water_texture;booking_confusion,sister_property_movement,温泉;椎葉の湯;椎葉山荘;山の湯;トロトロ;大正屋,계류/공용 노천탕 경험 언급; 대욕장/공용탕 이용 경험 언급; 우레시노 물성/피부감 또는 온천수 언급; 주의 신호: sister_property_movement,mixed,caution_or_issue_tag,high,issue_caution_calibration_needed
54,Jalan,https://www.jalan.net/yad387276/kuchikomi/archive/,archive_1,Jalan_14039290,ja,2024/10/29,2024年10月宿泊,5,5,4,露天風呂と食事がいい,和洋室 【早期割90】選りすぐりの厳選食材満載◆佐賀牛陶板焼き付プラン《早期予約で2000円引》,199,yes,open_air_public_bath;public_bath;facility_wide,public_bath_hot_spring;water_texture;booking_confusion,,温泉;露天;露天風呂,계류/공용 노천탕 경험 언급; 대욕장/공용탕 이용 경험 언급; 우레시노 물성/피부감 또는 온천수 언급,mixed,conditional_signal_tag,medium,issue_caution_calibration_needed
55,Jalan,https://www.jalan.net/yad387276/kuchikomi/archive/,archive_1,Jalan_14024563,ja,2024/10/20,2024年10月宿泊,5,5,5,宿を堪能しました,和洋室 【早期割90】選りすぐりの厳選食材満載◆佐賀牛陶板焼き付プラン《早期予約で2000円引》,71,no,unclear,booking_confusion,,,온천 언급 없는 숙박 경험 리뷰.,mixed,conditional_signal_tag,medium,issue_caution_calibration_needed
56,Jalan,https://www.jalan.net/yad387276/kuchikomi/archive/,archive_1,Jalan_14001619,ja,2024/10/8,2024年9月宿泊,4,5,3,露天風呂,和室 【当館人気No1】◆佐賀のブランド佐賀牛陶板焼き付プラン《選りすぐりの厳選食材満載》,210,yes,open_air_public_bath;public_bath;facility_wide,public_bath_hot_spring;water_texture;booking_confusion,,温泉;露天;露天風呂;山の湯,계류/공용 노천탕 경험 언급; 대욕장/공용탕 이용 경험 언급; 우레시노 물성/피부감 또는 온천수 언급,mixed,conditional_signal_tag,medium,issue_caution_calibration_needed
57,Jalan,https://www.jalan.net/yad387276/kuchikomi/archive/,archive_1,Jalan_13988661,ja,2024/9/30,2024年8月宿泊,5,5,5,三世代で温泉旅行,和洋室 【早期割60】大正屋特選牛陶板焼きプラン《早期予約で1000円引》,375,yes,public_bath;facility_wide,public_bath_hot_spring;water_texture;booking_confusion,sister_property_movement,温泉;大正屋,대욕장/공용탕 이용 경험 언급; 우레시노 물성/피부감 또는 온천수 언급; 주의 신호: sister_property_movement,mixed,caution_or_issue_tag,high,issue_caution_calibration_needed
58,Jalan,https://www.jalan.net/yad387276/kuchikomi/archive/,archive_1,Jalan_13987648,ja,2024/9/30,2024年9月宿泊,5,5,5,接客対応に感謝です。,和洋室 【いつもより贅沢に】大正屋特選牛陶板焼プラン《四季の彩を味わう椎葉会席》,343,yes,open_air_public_bath;public_bath;facility_wide,public_bath_hot_spring;water_texture;booking_confusion,sister_property_movement;aging_or_access,温泉;露天;露天風呂;しいばの湯;椎葉山荘;送迎;大正屋,"계류/공용 노천탕 경험 언급; 대욕장/공용탕 이용 경험 언급; 우레시노 물성/피부감 또는 온천수 언급; 주의 신호: sister_property_movement,aging_or_access",mixed,caution_or_issue_tag,high,issue_caution_calibration_needed
59,Jalan,https://www.jalan.net/yad387276/kuchikomi/archive/,archive_1,Jalan_13966662,ja,2024/9/17,2024年9月宿泊,5,5,5,申し分ない宿です,和室 【早期割90】選りすぐりの厳選食材満載◆佐賀牛陶板焼き付プラン《早期予約で2000円引》,139,yes,public_bath,public_bath_hot_spring;booking_confusion,,,대욕장/공용탕 이용 경험 언급,mixed,conditional_signal_tag,medium,issue_caution_calibration_needed
60,Jalan,https://www.jalan.net/yad387276/kuchikomi/archive/,archive_1,Jalan_13939641,ja,2024/9/2,2024年7月宿泊,5,5,4,露天風呂最高！,和洋室 【早期割90】選りすぐりの厳選食材満載◆佐賀牛陶板焼き付プラン《早期予約で2000円引》,126,yes,open_air_public_bath;public_bath;facility_wide,public_bath_hot_spring;water_texture;booking_confusion,,温泉;露天;露天風呂,계류/공용 노천탕 경험 언급; 대욕장/공용탕 이용 경험 언급; 우레시노 물성/피부감 또는 온천수 언급,mixed,conditional_signal_tag,medium,issue_caution_calibration_needed
61,Jalan,https://www.jalan.net/yad387276/kuchikomi/archive/,archive_1,Jalan_13912933,ja,2024/8/19,2024年8月宿泊,4,3,5,非日常を満喫,和洋室 【じゃらんスペシャルウィーク】春限定◆大正屋特選牛をメインとした椎葉会席《佐賀厳選食材を愉しむ》,325,yes,room_bath;public_bath,room_bath_hot_spring;public_bath_hot_spring;water_texture;booking_confusion,sister_property_movement;aging_or_access,山の湯;内風呂;大正屋,"대욕장/공용탕 이용 경험 언급; 객실 내탕/檜風呂 맥락 언급; 우레시노 물성/피부감 또는 온천수 언급; 주의 신호: sister_property_movement,aging_or_access",mixed,caution_or_issue_tag,high,issue_caution_calibration_needed
62,Jalan,https://www.jalan.net/yad387276/kuchikomi/archive/,archive_1,Jalan_13899221,ja,2024/8/13,2024年8月宿泊,5,5,5,素敵なお宿でした,和洋室 【早期割90】選りすぐりの厳選食材満載◆佐賀牛陶板焼き付プラン《早期予約で2000円引》,333,yes,public_bath;facility_wide,public_bath_hot_spring;water_texture;booking_confusion,cleanliness,温泉;清掃,대욕장/공용탕 이용 경험 언급; 우레시노 물성/피부감 또는 온천수 언급; 주의 신호: cleanliness,mixed,caution_or_issue_tag,high,issue_caution_calibration_needed
63,Jalan,https://www.jalan.net/yad387276/kuchikomi/archive/,archive_1,Jalan_13896384,ja,2024/8/12,2024年7月宿泊,5,5,5,過去一満足,和洋室 【当館人気No1】◆佐賀のブランド佐賀牛陶板焼き付プラン《選りすぐりの厳選食材満載》,154,yes,open_air_public_bath;public_bath,public_bath_hot_spring,,露天;露天風呂,계류/공용 노천탕 경험 언급; 대욕장/공용탕 이용 경험 언급,positive,body_positive,high,issue_caution_calibration_needed
64,Jalan,https://www.jalan.net/yad387276/kuchikomi/archive/,archive_1,Jalan_13890688,ja,2024/8/10,2024年7月宿泊,5,5,5,のんびりできました,和洋室 ◆お部屋おまかせでお得◆大正屋特選牛をメインとしたスタンダード椎葉会席プラン,70,yes,public_bath,public_bath_hot_spring;crowding;booking_confusion,sister_property_movement;crowding,大正屋,"대욕장/공용탕 이용 경험 언급; 주의 신호: sister_property_movement,crowding",mixed,caution_or_issue_tag,high,issue_caution_calibration_needed
65,Jalan,https://www.jalan.net/yad387276/kuchikomi/archive/2.HTML,archive_2,Jalan_13825408,ja,2024/7/3,2024年6月宿泊,5,5,5,女子会におすすめ宿,和洋室 【早期割90】選りすぐりの厳選食材満載◆佐賀牛陶板焼き付プラン《早期予約で2000円引》,185,yes,public_bath,public_bath_hot_spring;booking_confusion,sister_property_movement,大浴場;大正屋,대욕장/공용탕 이용 경험 언급; 주의 신호: sister_property_movement,mixed,caution_or_issue_tag,high,issue_caution_calibration_needed
66,Jalan,https://www.jalan.net/yad387276/kuchikomi/archive/2.HTML,archive_2,Jalan_13806838,ja,2024/6/24,2024年6月宿泊,5,5,5,ほんとに　静かで　別荘気分,和室 【迷ったらコチラ！】生ビール中一杯付◆夕食のメインは贅沢に大正屋特選牛の陶板焼き,206,yes,public_bath;facility_wide,public_bath_hot_spring;water_texture;booking_confusion,sister_property_movement,温泉;大正屋,대욕장/공용탕 이용 경험 언급; 우레시노 물성/피부감 또는 온천수 언급; 주의 신호: sister_property_movement,mixed,caution_or_issue_tag,high,issue_caution_calibration_needed
67,Jalan,https://www.jalan.net/yad387276/kuchikomi/archive/2.HTML,archive_2,Jalan_13785362,ja,2024/6/11,2024年5月宿泊,5,5,5,老齢者へのご対応,和洋室 【早期割60】大正屋特選牛陶板焼きプラン《早期予約で1000円引》,72,yes,unclear,booking_confusion,sister_property_movement;aging_or_access,大正屋,"주의 신호: sister_property_movement,aging_or_access",mixed,caution_or_issue_tag,high,issue_caution_calibration_needed
68,Jalan,https://www.jalan.net/yad387276/kuchikomi/archive/2.HTML,archive_2,Jalan_13771683,ja,2024/6/4,2024年5月宿泊,5,5,5,分かりにくい道だったが　森の中の清々しさ　とても良い所でした。,和洋室 【じゃらんスペシャルウィーク】春限定◆大正屋特選牛をメインとした椎葉会席《佐賀厳選食材を愉しむ》,88,yes,facility_wide,water_texture;booking_confusion,sister_property_movement;insects,温泉;虫;大正屋,"우레시노 물성/피부감 또는 온천수 언급; 주의 신호: sister_property_movement,insects",mixed,body_negative_with_context,high,issue_caution_calibration_needed
69,Jalan,https://www.jalan.net/yad387276/kuchikomi/archive/2.HTML,archive_2,Jalan_13761449,ja,2024/5/28,2024年5月宿泊,5,5,5,期待通りの宿。,和洋室 【当館スタンダード】大正屋特選牛をメインとした椎葉会席プラン《佐賀の厳選食材を愉しむ》,216,yes,public_bath;facility_wide,public_bath_hot_spring;water_texture;booking_confusion,sister_property_movement,温泉;大正屋,대욕장/공용탕 이용 경험 언급; 우레시노 물성/피부감 또는 온천수 언급; 주의 신호: sister_property_movement,mixed,caution_or_issue_tag,high,issue_caution_calibration_needed
70,Jalan,https://www.jalan.net/yad387276/kuchikomi/archive/2.HTML,archive_2,Jalan_13761261,ja,2024/5/28,2024年5月宿泊,5,5,4,温泉も食事も大満足です,和洋室 【当館スタンダード】大正屋特選牛をメインとした椎葉会席プラン《佐賀の厳選食材を愉しむ》,74,yes,open_air_public_bath;public_bath;facility_wide,public_bath_hot_spring;water_texture;booking_confusion,sister_property_movement,温泉;露天;露天風呂;大浴場;大正屋,계류/공용 노천탕 경험 언급; 대욕장/공용탕 이용 경험 언급; 우레시노 물성/피부감 또는 온천수 언급; 주의 신호: sister_property_movement,mixed,caution_or_issue_tag,high,issue_caution_calibration_needed
71,Jalan,https://www.jalan.net/yad387276/kuchikomi/archive/2.HTML,archive_2,Jalan_13752113,ja,2024/5/22,2024年5月宿泊,4,4,4,非日常を味わえる素敵なお宿でした♪,和洋室 【早期割90】選りすぐりの厳選食材満載◆佐賀牛陶板焼き付プラン《早期予約で2000円引》,290,no,unclear,booking_confusion,,,온천 언급 없는 숙박 경험 리뷰.,mixed,conditional_signal_tag,medium,issue_caution_calibration_needed
72,Jalan,https://www.jalan.net/yad387276/kuchikomi/archive/2.HTML,archive_2,Jalan_13747523,ja,2024/5/20,2024年4月宿泊,5,5,5,おもてなしが最高,和室 【早期割90】選りすぐりの厳選食材満載◆佐賀牛陶板焼き付プラン《早期予約で2000円引》,121,no,unclear,booking_confusion,,,온천 언급 없는 숙박 경험 리뷰.,mixed,conditional_signal_tag,medium,issue_caution_calibration_needed
73,Jalan,https://www.jalan.net/yad387276/kuchikomi/archive/2.HTML,archive_2,Jalan_13746698,ja,2024/5/20,2024年5月宿泊,5,5,5,3世代旅行,和洋室 【じゃらんスペシャルウィーク】冬 限定◆大正屋特選牛をメインとした椎葉会席《佐賀厳選食材を愉しむ》,192,yes,public_bath,public_bath_hot_spring;booking_confusion,sister_property_movement,大正屋,대욕장/공용탕 이용 경험 언급; 주의 신호: sister_property_movement,mixed,caution_or_issue_tag,high,issue_caution_calibration_needed
74,Jalan,https://www.jalan.net/yad387276/kuchikomi/archive/2.HTML,archive_2,Jalan_13689981,ja,2024/4/26,2024年4月宿泊,5,5,5,宿の従業員の対応がとても良かったです。,和洋室 【早期割90】選りすぐりの厳選食材満載◆佐賀牛陶板焼き付プラン《早期予約で2000円引》,220,yes,public_bath,public_bath_hot_spring;booking_confusion,,,대욕장/공용탕 이용 경험 언급,mixed,conditional_signal_tag,medium,issue_caution_calibration_needed
75,Jalan,https://www.jalan.net/yad387276/kuchikomi/archive/2.HTML,archive_2,Jalan_13684264,ja,2024/4/23,2024年4月宿泊,5,5,4,贅沢な非日常でした,和室 【早期割60】大正屋特選牛陶板焼きプラン《早期予約で1000円引》,618,yes,open_air_public_bath;public_bath,public_bath_hot_spring;water_texture;booking_confusion,sister_property_movement;cleanliness,しいばの湯;山の湯;大正屋,"계류/공용 노천탕 경험 언급; 대욕장/공용탕 이용 경험 언급; 우레시노 물성/피부감 또는 온천수 언급; 주의 신호: sister_property_movement,cleanliness",mixed,caution_or_issue_tag,high,issue_caution_calibration_needed
76,Jalan,https://www.jalan.net/yad387276/kuchikomi/archive/2.HTML,archive_2,Jalan_13621607,ja,2024/3/18,2024年3月宿泊,5,5,5,嬉野旅行,和洋室 【当館スタンダード】大正屋特選牛をメインとした椎葉会席プラン《佐賀の厳選食材を愉しむ》,135,yes,open_air_public_bath;public_bath;facility_wide,public_bath_hot_spring;water_texture;booking_confusion,sister_property_movement,温泉;椎葉の湯;大正屋,계류/공용 노천탕 경험 언급; 대욕장/공용탕 이용 경험 언급; 우레시노 물성/피부감 또는 온천수 언급; 주의 신호: sister_property_movement,mixed,caution_or_issue_tag,high,issue_caution_calibration_needed
77,Jalan,https://www.jalan.net/yad387276/kuchikomi/archive/2.HTML,archive_2,Jalan_13618187,ja,2024/3/16,2024年3月宿泊,5,5,5,行ってみたかった宿　椎葉山荘,和洋室 【じゃらんスペシャルウィーク】秋 限定◆大正屋特選牛をメインとした椎葉会席《佐賀厳選食材を愉しむ》,408,yes,open_air_public_bath;public_bath,public_bath_hot_spring;crowding;booking_confusion,sister_property_movement;crowding,露天;露天風呂;大浴場;椎葉山荘;大正屋,"계류/공용 노천탕 경험 언급; 대욕장/공용탕 이용 경험 언급; 주의 신호: sister_property_movement,crowding",mixed,caution_or_issue_tag,high,issue_caution_calibration_needed
78,Jalan,https://www.jalan.net/yad387276/kuchikomi/archive/2.HTML,archive_2,Jalan_13594128,ja,2024/3/2,2024年2月宿泊,5,5,5,山あいの癒し温泉,和洋室 【じゃらんスペシャルウィーク】冬 限定◆大正屋特選牛をメインとした椎葉会席《佐賀厳選食材を愉しむ》,166,yes,room_bath;public_bath;facility_wide,room_bath_hot_spring;public_bath_hot_spring;water_texture;booking_confusion,sister_property_movement,温泉;檜風呂;大正屋,대욕장/공용탕 이용 경험 언급; 객실 내탕/檜風呂 맥락 언급; 우레시노 물성/피부감 또는 온천수 언급; 주의 신호: sister_property_movement,mixed,caution_or_issue_tag,high,issue_caution_calibration_needed
79,Jalan,https://www.jalan.net/yad387276/kuchikomi/archive/2.HTML,archive_2,Jalan_13588533,ja,2024/2/27,2024年2月宿泊,5,5,5,還暦祝い,和洋室 【早期割60】大正屋特選牛陶板焼きプラン《早期予約で1000円引》,260,yes,open_air_public_bath;public_bath;facility_wide,public_bath_hot_spring;water_texture;booking_confusion,sister_property_movement,温泉;露天;露天風呂;大正屋,계류/공용 노천탕 경험 언급; 대욕장/공용탕 이용 경험 언급; 우레시노 물성/피부감 또는 온천수 언급; 주의 신호: sister_property_movement,mixed,caution_or_issue_tag,high,issue_caution_calibration_needed
80,Jalan,https://www.jalan.net/yad387276/kuchikomi/archive/2.HTML,archive_2,Jalan_13568904,ja,2024/2/17,2024年2月宿泊,5,5,5,温泉好きには申し分のないお宿です,和洋室 【当館スタンダード】大正屋特選牛をメインとした椎葉会席プラン《佐賀の厳選食材を愉しむ》,261,yes,open_air_public_bath;public_bath;facility_wide,public_bath_hot_spring;water_texture;booking_confusion,sister_property_movement,温泉;しいばの湯;大正屋,계류/공용 노천탕 경험 언급; 대욕장/공용탕 이용 경험 언급; 우레시노 물성/피부감 또는 온천수 언급; 주의 신호: sister_property_movement,mixed,caution_or_issue_tag,high,issue_caution_calibration_needed
81,Jalan,https://www.jalan.net/yad387276/kuchikomi/archive/2.HTML,archive_2,Jalan_13522837,ja,2024/1/18,2024年1月宿泊,5,5,5,Very good,和室 【いつもより贅沢に】大正屋特選牛陶板焼プラン《四季の彩を味わう椎葉会席》,100,yes,unclear,booking_confusion,sister_property_movement,大正屋,주의 신호: sister_property_movement,mixed,caution_or_issue_tag,high,issue_caution_calibration_needed
82,Jalan,https://www.jalan.net/yad387276/kuchikomi/archive/2.HTML,archive_2,Jalan_13518158,ja,2024/1/15,2023年12月宿泊,5,5,4,安らげる宿,和洋室 【じゃらんスペシャルウィーク】初秋 限定◆大正屋特選牛をメインとした椎葉会席《佐賀厳選食材を愉しむ》,163,yes,public_bath;facility_wide,public_bath_hot_spring;water_texture;booking_confusion,sister_property_movement,温泉;送迎;大正屋,대욕장/공용탕 이용 경험 언급; 우레시노 물성/피부감 또는 온천수 언급; 주의 신호: sister_property_movement,mixed,caution_or_issue_tag,high,issue_caution_calibration_needed
83,Jalan,https://www.jalan.net/yad387276/kuchikomi/archive/2.HTML,archive_2,Jalan_13504101,ja,2024/1/8,2024年1月宿泊,4,5,4,ゆっくり温泉旅行,和洋室 【直前割◆お部屋おまかせでお得】大正屋特選牛をメインとしたスタンダード椎葉会席プラン,229,yes,room_open_air_bath;room_bath;open_air_public_bath;public_bath;facility_wide,room_bath_hot_spring;public_bath_hot_spring;water_texture;booking_confusion,sister_property_movement,温泉;露天;露天風呂;大浴場;椎葉山荘;檜風呂;美肌;大正屋,계류/공용 노천탕 경험 언급; 대욕장/공용탕 이용 경험 언급; 객실 내탕/檜風呂 맥락 언급; 객실 노천탕 맥락 언급; 우레시노 물성/피부감 또는 온천수 언급; 주의 신호: sister_property_movement,mixed,caution_or_issue_tag,high,issue_caution_calibration_needed
84,Jalan,https://www.jalan.net/yad387276/kuchikomi/archive/2.HTML,archive_2,Jalan_13494342,ja,2024/1/4,2024年1月宿泊,5,4,5,子連れにも優しい宿,和洋室 【令和6年迎春◆早い者勝ち】新年の始まりは嬉野温泉でゆったりと◆椎葉山荘のお正月特別販売プラン,148,yes,public_bath;facility_wide,public_bath_hot_spring;water_texture,,温泉;椎葉山荘,대욕장/공용탕 이용 경험 언급; 우레시노 물성/피부감 또는 온천수 언급,positive,rating_positive_signal,medium,issue_caution_calibration_needed
85,Jalan,https://www.jalan.net/yad387276/kuchikomi/archive/2.HTML,archive_2,Jalan_13468798,ja,2023/12/18,2023年12月宿泊,5,5,5,"Nice Osen , good service",和洋室 【じゃらんスペシャルウィーク】秋 限定◆大正屋特選牛をメインとした椎葉会席《佐賀厳選食材を愉しむ》,125,yes,unclear,booking_confusion,sister_property_movement,大正屋,주의 신호: sister_property_movement,mixed,caution_or_issue_tag,high,issue_caution_calibration_needed
86,Jalan,https://www.jalan.net/yad387276/kuchikomi/archive/2.HTML,archive_2,Jalan_13408011,ja,2023/11/14,2023年10月宿泊,4,4,4,静かな山あいの素敵な宿,和洋室 【早期割90】選りすぐりの厳選食材満載◆佐賀牛陶板焼き付プラン《早期予約で2000円引》,83,no,unclear,booking_confusion,,,온천 언급 없는 숙박 경험 리뷰.,mixed,conditional_signal_tag,medium,issue_caution_calibration_needed
87,Jalan,https://www.jalan.net/yad387276/kuchikomi/archive/2.HTML,archive_2,Jalan_13392470,ja,2023/11/7,2023年11月宿泊,2,2,1,夜に、2階の部屋から芸姑遊びの音が聞こえて残念でした。,和洋室 【西九州新幹線記念×グルメ自慢】当館人気No1◆佐賀牛陶板焼き付プラン《選りすぐりの厳選食材満載》,590,yes,public_bath,public_bath_hot_spring;booking_confusion,aging_or_access,大浴場;椎葉山荘,대욕장/공용탕 이용 경험 언급; 주의 신호: aging_or_access,negative,low_rating_negative_body,high,issue_caution_calibration_needed
88,Jalan,https://www.jalan.net/yad387276/kuchikomi/archive/2.HTML,archive_2,Jalan_13383237,ja,2023/11/3,2023年10月宿泊,5,5,5,4世代旅行によかったです！,和洋室 【当館スタンダード】大正屋特選牛をメインとした椎葉会席プラン《佐賀の厳選食材を愉しむ》,551,yes,public_bath,public_bath_hot_spring;water_texture;booking_confusion,sister_property_movement;temperature;aging_or_access,大正屋,"대욕장/공용탕 이용 경험 언급; 우레시노 물성/피부감 또는 온천수 언급; 주의 신호: sister_property_movement,temperature,aging_or_access",mixed,caution_or_issue_tag,high,issue_caution_calibration_needed
89,Jalan,https://www.jalan.net/yad387276/kuchikomi/archive/2.HTML,archive_2,Jalan_13367948,ja,2023/10/25,2023年10月宿泊,5,5,5,全て良かった,和洋室 【早期割90】選りすぐりの厳選食材満載◆佐賀牛陶板焼き付プラン《早期予約で2000円引》,194,yes,open_air_public_bath;public_bath,public_bath_hot_spring;water_texture;booking_confusion,temperature,露天;大浴場,계류/공용 노천탕 경험 언급; 대욕장/공용탕 이용 경험 언급; 우레시노 물성/피부감 또는 온천수 언급; 주의 신호: temperature,mixed,caution_or_issue_tag,high,issue_caution_calibration_needed
90,Jalan,https://www.jalan.net/yad387276/kuchikomi/archive/2.HTML,archive_2,Jalan_13349210,ja,2023/10/15,2023年10月宿泊,5,5,5,自然の中での非日常を満喫,和洋室 【いつもより贅沢に】大正屋特選牛陶板焼プラン《四季の彩を味わう椎葉会席》,179,yes,open_air_public_bath;public_bath,public_bath_hot_spring;booking_confusion,sister_property_movement;insects,露天;露天風呂;虫;大正屋,"계류/공용 노천탕 경험 언급; 대욕장/공용탕 이용 경험 언급; 주의 신호: sister_property_movement,insects",mixed,body_positive_and_negative,high,issue_caution_calibration_needed
91,Jalan,https://www.jalan.net/yad387276/kuchikomi/archive/2.HTML,archive_2,Jalan_13345527,ja,2023/10/13,2023年10月宿泊,5,5,4,退職の記念日として利用させて頂きました,和洋室 【早期割60】大正屋特選牛陶板焼きプラン《早期予約で1000円引》,323,yes,unclear,booking_confusion,sister_property_movement;temperature,大正屋,"주의 신호: sister_property_movement,temperature",mixed,caution_or_issue_tag,high,issue_caution_calibration_needed
92,Jalan,https://www.jalan.net/yad387276/kuchikomi/archive/2.HTML,archive_2,Jalan_13317296,ja,2023/9/30,2023年9月宿泊,5,5,5,免許取得のお祝いに,和洋室 【直前割◆お部屋おまかせでお得】大正屋特選牛をメインとしたスタンダード椎葉会席プラン,122,yes,public_bath,public_bath_hot_spring;water_texture;crowding;booking_confusion,sister_property_movement;crowding,混雑;大正屋,"대욕장/공용탕 이용 경험 언급; 우레시노 물성/피부감 또는 온천수 언급; 주의 신호: sister_property_movement,crowding",mixed,caution_or_issue_tag,high,issue_caution_calibration_needed
93,Jalan,https://www.jalan.net/yad387276/kuchikomi/archive/2.HTML,archive_2,Jalan_13308109,ja,2023/9/25,2023年9月宿泊,4,4,4,悪いところが無い,和洋室 【早期割60】大正屋特選牛陶板焼きプラン《早期予約で1000円引》,91,yes,room_bath;open_air_public_bath;public_bath;facility_wide,room_bath_hot_spring;public_bath_hot_spring;water_texture;booking_confusion,sister_property_movement,温泉;露天;内風呂;大正屋,계류/공용 노천탕 경험 언급; 대욕장/공용탕 이용 경험 언급; 객실 내탕/檜風呂 맥락 언급; 우레시노 물성/피부감 또는 온천수 언급; 주의 신호: sister_property_movement,mixed,body_negative_with_context,high,issue_caution_calibration_needed
94,Jalan,https://www.jalan.net/yad387276/kuchikomi/archive/2.HTML,archive_2,Jalan_13292015,ja,2023/9/16,2023年9月宿泊,5,5,5,満足でした,和洋室 【直前割◆お部屋おまかせで食事を豪華に】ワンランク上の口福を◆贅沢に佐賀牛の陶板焼付,82,yes,public_bath,public_bath_hot_spring,,,대욕장/공용탕 이용 경험 언급,positive,body_positive,high,issue_caution_calibration_needed
95,Jalan,https://www.jalan.net/yad387276/kuchikomi/archive/3.HTML,archive_3,Jalan_13278432,ja,2023/9/8,2023年8月宿泊,5,5,4,自然の中にたたずむ館　静かな休息地　心に優しい宿です。,和洋室 【当館スタンダード】大正屋特選牛をメインとした椎葉会席プラン《佐賀の厳選食材を愉しむ》,205,yes,facility_wide,water_texture;crowding;booking_confusion,sister_property_movement;crowding,温泉;大正屋,"우레시노 물성/피부감 또는 온천수 언급; 주의 신호: sister_property_movement,crowding",mixed,caution_or_issue_tag,high,issue_caution_calibration_needed
96,Jalan,https://www.jalan.net/yad387276/kuchikomi/archive/3.HTML,archive_3,Jalan_13267868,ja,2023/9/2,2023年9月宿泊,4,5,5,部屋のひのき風呂が良い、朝食美味しい,和洋室 【直前割◆お部屋おまかせで食事を豪華に】ワンランク上の口福を◆贅沢に佐賀牛の陶板焼付,144,yes,public_bath,public_bath_hot_spring;water_texture,,,대욕장/공용탕 이용 경험 언급; 우레시노 물성/피부감 또는 온천수 언급,positive,rating_positive_signal,medium,issue_caution_calibration_needed
97,Jalan,https://www.jalan.net/yad387276/kuchikomi/archive/3.HTML,archive_3,Jalan_13236673,ja,2023/8/17,2023年8月宿泊,4,4,4,心が落ち着く宿,和洋室 【早期割90】選りすぐりの厳選食材満載◆佐賀牛陶板焼き付プラン《早期予約で2000円引》,68,no,unclear,booking_confusion,,,온천 언급 없는 숙박 경험 리뷰.,mixed,conditional_signal_tag,medium,issue_caution_calibration_needed
98,Jalan,https://www.jalan.net/yad387276/kuchikomi/archive/3.HTML,archive_3,Jalan_13219630,ja,2023/8/10,2023年7月宿泊,5,5,5,最高の女子会,和洋室 【当館スタンダード】大正屋特選牛をメインとした椎葉会席プラン《佐賀の厳選食材を愉しむ》,352,yes,room_bath;open_air_public_bath;public_bath;facility_wide,room_bath_hot_spring;public_bath_hot_spring;water_texture;booking_confusion,sister_property_movement,温泉;露天;露天風呂;内風呂;とろとろ;送迎;大正屋,계류/공용 노천탕 경험 언급; 대욕장/공용탕 이용 경험 언급; 객실 내탕/檜風呂 맥락 언급; 우레시노 물성/피부감 또는 온천수 언급; 주의 신호: sister_property_movement,mixed,caution_or_issue_tag,high,issue_caution_calibration_needed
99,Jalan,https://www.jalan.net/yad387276/kuchikomi/archive/3.HTML,archive_3,Jalan_13219325,ja,2023/8/10,2023年7月宿泊,4,3,4,自然あふれる施設,和洋室 【直前割◆お部屋おまかせで食事を豪華に】ワンランク上の口福を◆贅沢に佐賀牛の陶板焼付,76,no,unclear,,,,온천 언급 없는 숙박 경험 리뷰.,neutral,neutral_or_lodging_context,medium,issue_caution_calibration_needed
100,Jalan,https://www.jalan.net/yad387276/kuchikomi/archive/3.HTML,archive_3,Jalan_13193592,ja,2023/7/25,2023年7月宿泊,5,5,5,夫婦、姉、従姉妹の5人での旅行で利用しました,和洋室 【早期割90】選りすぐりの厳選食材満載◆佐賀牛陶板焼き付プラン《早期予約で2000円引》,893,yes,room_bath;open_air_public_bath;public_bath;facility_wide,room_bath_hot_spring;public_bath_hot_spring;water_texture;booking_confusion,insects;aging_or_access,温泉;露天;大浴場;檜風呂;虫,"계류/공용 노천탕 경험 언급; 대욕장/공용탕 이용 경험 언급; 객실 내탕/檜風呂 맥락 언급; 우레시노 물성/피부감 또는 온천수 언급; 주의 신호: insects,aging_or_access",mixed,body_negative_with_context,high,issue_caution_calibration_needed
101,Jalan,https://www.jalan.net/yad387276/kuchikomi/archive/3.HTML,archive_3,Jalan_13170304,ja,2023/7/11,2023年6月宿泊,4,5,3,温泉三昧の宿,和洋室 【早期割60】大正屋特選牛陶板焼きプラン《早期予約で1000円引》,377,yes,public_bath;facility_wide,public_bath_hot_spring;water_texture;booking_confusion,sister_property_movement;cleanliness,温泉;掃除;大正屋,"대욕장/공용탕 이용 경험 언급; 우레시노 물성/피부감 또는 온천수 언급; 주의 신호: sister_property_movement,cleanliness",mixed,body_negative_with_context,high,issue_caution_calibration_needed
102,Jalan,https://www.jalan.net/yad387276/kuchikomi/archive/3.HTML,archive_3,Jalan_13143567,ja,2023/6/26,2023年6月宿泊,5,5,5,おもてなしに感謝,和洋室 【当館スタンダード】大正屋特選牛をメインとした椎葉会席プラン《佐賀の厳選食材を愉しむ》,521,yes,unclear,booking_confusion,sister_property_movement,椎葉山荘;大正屋,주의 신호: sister_property_movement,mixed,caution_or_issue_tag,high,issue_caution_calibration_needed
103,Jalan,https://www.jalan.net/yad387276/kuchikomi/archive/3.HTML,archive_3,Jalan_13140770,ja,2023/6/24,2023年6月宿泊,5,5,5,緑に囲まれた癒しの温泉宿,和室 【一泊朝食プラン】観光、一人旅にもオススメ《朝食は自家製とろける温泉湯豆腐付》,256,yes,room_bath;open_air_public_bath;public_bath;facility_wide,room_bath_hot_spring;public_bath_hot_spring;water_texture;booking_confusion,sister_property_movement,温泉;しいばの湯;山の湯;檜風呂;大正屋,계류/공용 노천탕 경험 언급; 대욕장/공용탕 이용 경험 언급; 객실 내탕/檜風呂 맥락 언급; 우레시노 물성/피부감 또는 온천수 언급; 주의 신호: sister_property_movement,mixed,caution_or_issue_tag,high,issue_caution_calibration_needed
104,Jalan,https://www.jalan.net/yad387276/kuchikomi/archive/3.HTML,archive_3,Jalan_13114910,ja,2023/6/8,2023年6月宿泊,3,2,2,部屋の窓から蛍をほのぼのと鑑賞することができ、最高でした。,和室 【早期割60】大正屋特選牛陶板焼きプラン《早期予約で1000円引》,161,yes,public_bath,public_bath_hot_spring;booking_confusion,sister_property_movement;cleanliness,清掃;大正屋,"대욕장/공용탕 이용 경험 언급; 주의 신호: sister_property_movement,cleanliness",mixed,caution_or_issue_tag,high,issue_caution_calibration_needed
105,Jalan,https://www.jalan.net/yad387276/kuchikomi/archive/3.HTML,archive_3,Jalan_13108995,ja,2023/6/3,2023年6月宿泊,5,5,5,ホタル,和洋室 【西九州新幹線記念×施設サービス特典付】生ビール中一杯付◆夕食のメインは贅沢に大正屋特選牛の陶板焼き,124,yes,unclear,booking_confusion,sister_property_movement,大正屋,주의 신호: sister_property_movement,mixed,caution_or_issue_tag,high,issue_caution_calibration_needed
106,Jalan,https://www.jalan.net/yad387276/kuchikomi/archive/3.HTML,archive_3,Jalan_13082127,ja,2023/5/16,2023年5月宿泊,5,3,5,本当に良かったです!,和洋室 【早期割90】選りすぐりの厳選食材満載◆佐賀牛陶板焼き付プラン《早期予約で2000円引》,77,no,unclear,booking_confusion,,,온천 언급 없는 숙박 경험 리뷰.,mixed,conditional_signal_tag,medium,issue_caution_calibration_needed
107,Jalan,https://www.jalan.net/yad387276/kuchikomi/archive/3.HTML,archive_3,Jalan_13073680,ja,2023/5/10,2023年4月宿泊,5,5,5,毎回ゆっくり休んでいます,和洋室 【当館スタンダード】大正屋特選牛をメインとした椎葉会席プラン《佐賀の厳選食材を愉しむ》,94,yes,facility_wide,water_texture;booking_confusion,sister_property_movement,温泉;大正屋,우레시노 물성/피부감 또는 온천수 언급; 주의 신호: sister_property_movement,mixed,caution_or_issue_tag,high,issue_caution_calibration_needed
108,Jalan,https://www.jalan.net/yad387276/kuchikomi/archive/3.HTML,archive_3,Jalan_13059003,ja,2023/5/5,2023年5月宿泊,5,5,5,非日常を満喫できる宿,和洋室 【早期割90】選りすぐりの厳選食材満載◆佐賀牛陶板焼き付プラン《早期予約で2000円引》,273,yes,public_bath;facility_wide,public_bath_hot_spring;water_texture;booking_confusion,,温泉,대욕장/공용탕 이용 경험 언급; 우레시노 물성/피부감 또는 온천수 언급,mixed,conditional_signal_tag,medium,issue_caution_calibration_needed
109,Jalan,https://www.jalan.net/yad387276/kuchikomi/archive/3.HTML,archive_3,Jalan_13016609,ja,2023/4/7,2023年4月宿泊,5,5,4,接客がすばらしかった。でもちょっと不満が・・・。,和洋室 【西九州新幹線記念×グルメ自慢】当館人気No1◆佐賀牛陶板焼き付プラン《選りすぐりの厳選食材満載》,691,yes,room_bath;public_bath;facility_wide,room_bath_hot_spring;public_bath_hot_spring;water_texture,temperature,温泉;内風呂,대욕장/공용탕 이용 경험 언급; 객실 내탕/檜風呂 맥락 언급; 우레시노 물성/피부감 또는 온천수 언급; 주의 신호: temperature,mixed,body_positive_and_negative,high,issue_caution_calibration_needed
110,Jalan,https://www.jalan.net/yad387276/kuchikomi/archive/3.HTML,archive_3,Jalan_12969813,ja,2023/3/11,2023年3月宿泊,5,5,5,椎葉山荘にて癒されて,和洋室 【西九州新幹線記念×施設サービス特典付】生ビール中一杯付◆夕食のメインは贅沢に大正屋特選牛の陶板焼き,400,yes,open_air_public_bath;public_bath,public_bath_hot_spring;water_texture;crowding;booking_confusion,sister_property_movement;crowding,露天;露天風呂;椎葉山荘;大正屋,"계류/공용 노천탕 경험 언급; 대욕장/공용탕 이용 경험 언급; 우레시노 물성/피부감 또는 온천수 언급; 주의 신호: sister_property_movement,crowding",mixed,caution_or_issue_tag,high,issue_caution_calibration_needed
111,Jalan,https://www.jalan.net/yad387276/kuchikomi/archive/3.HTML,archive_3,Jalan_12946190,ja,2023/2/25,2023年2月宿泊,4,5,4,夫婦旅行,和室 【当館スタンダード】大正屋特選牛をメインとした椎葉会席プラン《佐賀の厳選食材を愉しむ》,233,yes,room_bath;open_air_public_bath;public_bath,room_bath_hot_spring;public_bath_hot_spring;water_texture;booking_confusion,sister_property_movement,椎葉の湯;山の湯;部屋風呂;大正屋,계류/공용 노천탕 경험 언급; 대욕장/공용탕 이용 경험 언급; 객실 내탕/檜風呂 맥락 언급; 우레시노 물성/피부감 또는 온천수 언급; 주의 신호: sister_property_movement,mixed,caution_or_issue_tag,high,issue_caution_calibration_needed
112,Jalan,https://www.jalan.net/yad387276/kuchikomi/archive/3.HTML,archive_3,Jalan_12933911,ja,2023/2/18,2023年2月宿泊,5,5,5,さすが、大正屋グループ,和洋室 【当館スタンダード】大正屋特選牛をメインとした椎葉会席プラン《佐賀の厳選食材を愉しむ》,122,yes,public_bath;facility_wide,public_bath_hot_spring;water_texture;booking_confusion,sister_property_movement,温泉;大正屋,대욕장/공용탕 이용 경험 언급; 우레시노 물성/피부감 또는 온천수 언급; 주의 신호: sister_property_movement,mixed,caution_or_issue_tag,high,issue_caution_calibration_needed
113,Jalan,https://www.jalan.net/yad387276/kuchikomi/archive/3.HTML,archive_3,Jalan_12924640,ja,2023/2/13,2023年2月宿泊,3,5,4,二度目の椎葉山荘,和洋室 【直前割◆お部屋おまかせでお得】大正屋特選牛をメインとしたスタンダード椎葉会席プラン,331,yes,unclear,booking_confusion,sister_property_movement,椎葉山荘;大正屋,주의 신호: sister_property_movement,mixed,caution_or_issue_tag,high,issue_caution_calibration_needed
114,Jalan,https://www.jalan.net/yad387276/kuchikomi/archive/3.HTML,archive_3,Jalan_12859692,ja,2023/1/6,2022年11月宿泊,4,4,4,やっぱり、椎葉山荘は安心して泊まれるね,和洋室 【いつもより贅沢に】大正屋特選牛陶板焼プラン《四季の彩を味わう椎葉会席》,210,yes,unclear,booking_confusion,sister_property_movement,椎葉山荘;大正屋,주의 신호: sister_property_movement,mixed,caution_or_issue_tag,high,issue_caution_calibration_needed
115,Jalan,https://www.jalan.net/yad387276/kuchikomi/archive/3.HTML,archive_3,Jalan_12833801,ja,2022/12/23,2022年12月宿泊,5,5,4,おじさん３人での友人誕生会。,和洋室 【記念日プラン】大切な日を椎葉山荘で◆ハッピーアニバーサリー◆大正屋特選牛陶板焼《ケーキなど特典付》,379,yes,open_air_public_bath;public_bath,public_bath_hot_spring;water_texture;booking_confusion,sister_property_movement,露天;椎葉山荘;大正屋,계류/공용 노천탕 경험 언급; 대욕장/공용탕 이용 경험 언급; 우레시노 물성/피부감 또는 온천수 언급; 주의 신호: sister_property_movement,mixed,caution_or_issue_tag,high,issue_caution_calibration_needed
116,Jalan,https://www.jalan.net/yad387276/kuchikomi/archive/3.HTML,archive_3,Jalan_12812211,ja,2022/12/12,2022年12月宿泊,5,5,5,今回も御世話になりました,和洋室 【じゃらん秋SALE】５%OFF◆大正屋特選牛をメインとした椎葉会席プラン《佐賀の厳選食材を愉しむ》,51,yes,unclear,booking_confusion,sister_property_movement,大正屋,주의 신호: sister_property_movement,mixed,caution_or_issue_tag,high,issue_caution_calibration_needed
117,Jalan,https://www.jalan.net/yad387276/kuchikomi/archive/3.HTML,archive_3,Jalan_12797485,ja,2022/12/5,2022年11月宿泊,5,5,4,嬉野温泉に行きたい,和洋室 【50歳以上限定】渓流の瀬音と山の静寂に包まれた贅沢な時間を《館内利用券1000円＆生ビール一杯付》,183,yes,open_air_public_bath;public_bath;facility_wide,public_bath_hot_spring;water_texture;booking_confusion,,温泉;露天;露天風呂,계류/공용 노천탕 경험 언급; 대욕장/공용탕 이용 경험 언급; 우레시노 물성/피부감 또는 온천수 언급,mixed,conditional_signal_tag,medium,issue_caution_calibration_needed
118,Jalan,https://www.jalan.net/yad387276/kuchikomi/archive/3.HTML,archive_3,Jalan_12796140,ja,2022/12/4,2022年12月宿泊,5,5,5,お気に入りになりました。,和洋室 【大部屋◆最大8名迄OK】5名以上の利用が断然お得◆グループ・三世代旅行にオススメ《メゾネット和洋室》,274,yes,facility_wide,water_texture;crowding;booking_confusion,crowding,温泉;混雑,우레시노 물성/피부감 또는 온천수 언급; 주의 신호: crowding,mixed,caution_or_issue_tag,high,issue_caution_calibration_needed
119,Jalan,https://www.jalan.net/yad387276/kuchikomi/archive/3.HTML,archive_3,Jalan_12783370,ja,2022/11/27,2022年11月宿泊,5,5,5,精練されたお宿で寛ぎました。,和洋室 【当館スタンダード】大正屋特選牛をメインとした椎葉会席プラン《佐賀の厳選食材を愉しむ》,205,yes,public_bath,public_bath_hot_spring;booking_confusion,sister_property_movement;aging_or_access,大正屋,"대욕장/공용탕 이용 경험 언급; 주의 신호: sister_property_movement,aging_or_access",mixed,caution_or_issue_tag,high,issue_caution_calibration_needed
120,Jalan,https://www.jalan.net/yad387276/kuchikomi/archive/3.HTML,archive_3,Jalan_12759863,ja,2022/11/16,2022年11月宿泊,5,5,5,山際の温泉宿で、嬉野温泉の柔らかいお湯を堪能。,和洋室 【じゃらん夏SALE】５%OFF◆大正屋特選牛をメインとした椎葉会席プラン《佐賀の厳選食材を愉しむ》,190,yes,open_air_public_bath;public_bath;facility_wide,public_bath_hot_spring;water_texture;booking_confusion,sister_property_movement,温泉;露天;露天風呂;椎葉の湯;シャトル;大正屋,계류/공용 노천탕 경험 언급; 대욕장/공용탕 이용 경험 언급; 우레시노 물성/피부감 또는 온천수 언급; 주의 신호: sister_property_movement,mixed,caution_or_issue_tag,high,issue_caution_calibration_needed
121,Jalan,https://www.jalan.net/yad387276/kuchikomi/archive/3.HTML,archive_3,Jalan_12754156,ja,2022/11/14,2022年10月宿泊,5,5,5,素晴らしい温泉,和洋室 【じゃらんスペシャルウィーク】初秋限定◆大正屋特選牛をメインとした椎葉会席《佐賀厳選食材を愉しむ》,167,yes,facility_wide,water_texture;booking_confusion,sister_property_movement,温泉;椎葉山荘;大正屋,우레시노 물성/피부감 또는 온천수 언급; 주의 신호: sister_property_movement,mixed,caution_or_issue_tag,high,issue_caution_calibration_needed
122,Jalan,https://www.jalan.net/yad387276/kuchikomi/archive/3.HTML,archive_3,Jalan_12742751,ja,2022/11/8,2022年9月宿泊,5,5,5,癒されたい方には、最高のお宿です。,和室 【じゃらんスペシャルウィーク】夏の５%OFF◆大正屋特選牛をメインとした椎葉会席《佐賀厳選食材を愉しむ》,246,yes,open_air_public_bath;public_bath;facility_wide,public_bath_hot_spring;water_texture;booking_confusion,sister_property_movement,温泉;露天;露天風呂;大正屋,계류/공용 노천탕 경험 언급; 대욕장/공용탕 이용 경험 언급; 우레시노 물성/피부감 또는 온천수 언급; 주의 신호: sister_property_movement,mixed,caution_or_issue_tag,high,issue_caution_calibration_needed
123,Jalan,https://www.jalan.net/yad387276/kuchikomi/archive/3.HTML,archive_3,Jalan_12733664,ja,2022/11/4,2022年10月宿泊,5,5,5,とても素敵な宿でした,和洋室 【当館スタンダード】大正屋特選牛をメインとした椎葉会席プラン《佐賀の厳選食材を愉しむ》,263,yes,open_air_public_bath;public_bath;facility_wide,public_bath_hot_spring;water_texture;booking_confusion,sister_property_movement,温泉;露天;椎葉山荘;大正屋,계류/공용 노천탕 경험 언급; 대욕장/공용탕 이용 경험 언급; 우레시노 물성/피부감 또는 온천수 언급; 주의 신호: sister_property_movement,mixed,caution_or_issue_tag,high,issue_caution_calibration_needed
124,Jalan,https://www.jalan.net/yad387276/kuchikomi/archive/3.HTML,archive_3,Jalan_12714185,ja,2022/10/25,2022年9月宿泊,5,5,5,今日はゆっくりまったりほっこり,和洋室 【じゃらん夏SALE】５%OFF◆大正屋特選牛をメインとした椎葉会席プラン《佐賀の厳選食材を愉しむ》,115,yes,unclear,booking_confusion,sister_property_movement,大正屋,주의 신호: sister_property_movement,mixed,caution_or_issue_tag,high,issue_caution_calibration_needed
125,Jalan,https://www.jalan.net/yad387276/kuchikomi/archive/4.HTML,archive_4,Jalan_12617071,ja,2022/9/8,2022年8月宿泊,5,5,5,また訪れたい空間,和洋室 【当館人気No1】ワンランク上の口福を◆佐賀牛陶板焼き付プラン《選りすぐりの厳選食材満載》,140,yes,room_bath;open_air_public_bath;public_bath;facility_wide,room_bath_hot_spring;public_bath_hot_spring;water_texture,,大浴場;しいばの湯;部屋風呂;美肌,계류/공용 노천탕 경험 언급; 대욕장/공용탕 이용 경험 언급; 객실 내탕/檜風呂 맥락 언급; 우레시노 물성/피부감 또는 온천수 언급,positive,rating_positive_signal,medium,issue_caution_calibration_needed
126,Jalan,https://www.jalan.net/yad387276/kuchikomi/archive/4.HTML,archive_4,Jalan_12613389,ja,2022/9/6,2022年9月宿泊,5,5,5,素敵な景色に癒されました！,和洋室 【西九州新幹線記念×グルメ自慢】当館人気No1◆佐賀牛陶板焼き付プラン《選りすぐりの厳選食材満載》,136,yes,room_open_air_bath;open_air_public_bath;public_bath,room_bath_hot_spring;public_bath_hot_spring;water_texture;booking_confusion,,露天;露天風呂,계류/공용 노천탕 경험 언급; 대욕장/공용탕 이용 경험 언급; 객실 노천탕 맥락 언급; 우레시노 물성/피부감 또는 온천수 언급,mixed,conditional_signal_tag,medium,issue_caution_calibration_needed
127,Jalan,https://www.jalan.net/yad387276/kuchikomi/archive/4.HTML,archive_4,Jalan_12600280,ja,2022/8/31,2022年7月宿泊,5,5,4,落ち着いた緑に囲まれた癒しのお宿,和室 【一泊朝食プラン】観光、一人旅にもオススメ《朝食は自家製とろける温泉湯豆腐付》,248,yes,room_bath;open_air_public_bath;public_bath;facility_wide,room_bath_hot_spring;public_bath_hot_spring;water_texture;booking_confusion,,温泉;椎葉の湯;山の湯;檜風呂,계류/공용 노천탕 경험 언급; 대욕장/공용탕 이용 경험 언급; 객실 내탕/檜風呂 맥락 언급; 우레시노 물성/피부감 또는 온천수 언급,mixed,conditional_signal_tag,medium,issue_caution_calibration_needed
128,Jalan,https://www.jalan.net/yad387276/kuchikomi/archive/4.HTML,archive_4,Jalan_12580805,ja,2022/8/22,2022年8月宿泊,5,5,5,今回も満足,和洋室 【いつもより贅沢に】大正屋特選牛陶板焼プラン《四季の彩を味わう椎葉会席》,95,yes,open_air_public_bath;public_bath,public_bath_hot_spring;water_texture;booking_confusion,sister_property_movement,露天;露天風呂;大正屋,계류/공용 노천탕 경험 언급; 대욕장/공용탕 이용 경험 언급; 우레시노 물성/피부감 또는 온천수 언급; 주의 신호: sister_property_movement,mixed,caution_or_issue_tag,high,issue_caution_calibration_needed
129,Jalan,https://www.jalan.net/yad387276/kuchikomi/archive/4.HTML,archive_4,Jalan_12578066,ja,2022/8/21,2022年8月宿泊,5,5,5,家族だけでゆっくり過ごせました,和洋室 【大部屋◆最大8名迄OK】5名以上の利用が断然お得◆グループ・三世代旅行にオススメ《メゾネット和洋室》,182,yes,room_bath;public_bath,room_bath_hot_spring;public_bath_hot_spring,,内風呂,대욕장/공용탕 이용 경험 언급; 객실 내탕/檜風呂 맥락 언급,positive,body_positive,high,issue_caution_calibration_needed
130,Jalan,https://www.jalan.net/yad387276/kuchikomi/archive/4.HTML,archive_4,Jalan_12574675,ja,2022/8/19,2022年7月宿泊,4,4,4,自然の中でのんびり,和洋室 【じゃらん夏SALE】５%OFF◆大正屋特選牛をメインとした椎葉会席プラン《佐賀の厳選食材を愉しむ》,125,yes,open_air_public_bath;public_bath,public_bath_hot_spring;water_texture;booking_confusion,sister_property_movement,露天;露天風呂;椎葉の湯;山の湯;大正屋,계류/공용 노천탕 경험 언급; 대욕장/공용탕 이용 경험 언급; 우레시노 물성/피부감 또는 온천수 언급; 주의 신호: sister_property_movement,mixed,caution_or_issue_tag,high,issue_caution_calibration_needed
131,Jalan,https://www.jalan.net/yad387276/kuchikomi/archive/4.HTML,archive_4,Jalan_12544454,ja,2022/8/7,2022年8月宿泊,5,5,5,大人の旅館です！,和洋室 【焼き肉食べ放題】しいばの湯併設セルフレストラン「山法師」にて《ロース・カルビ・地鶏など》,123,yes,private_bath;open_air_public_bath;public_bath,public_bath_hot_spring;water_texture;private_bath_experience,,露天;露天風呂;しいばの湯,계류/공용 노천탕 경험 언급; 대욕장/공용탕 이용 경험 언급; 대절탕/프라이빗탕 맥락 언급; 우레시노 물성/피부감 또는 온천수 언급,positive,body_positive,high,issue_caution_calibration_needed
132,Jalan,https://www.jalan.net/yad387276/kuchikomi/archive/4.HTML,archive_4,Jalan_12537911,ja,2022/8/3,2022年7月宿泊,5,5,5,素敵な居心地のよい旅館です,和洋室 【一泊朝食プラン】観光、一人旅にもオススメ《朝食は自家製とろける温泉湯豆腐付》,67,yes,public_bath;facility_wide,public_bath_hot_spring;water_texture,,温泉,대욕장/공용탕 이용 경험 언급; 우레시노 물성/피부감 또는 온천수 언급,positive,rating_positive_signal,medium,issue_caution_calibration_needed
133,Jalan,https://www.jalan.net/yad387276/kuchikomi/archive/4.HTML,archive_4,Jalan_12524912,ja,2022/7/27,2022年7月宿泊,5,5,5,すべてが満足、そして嬉野温泉最高！！,和洋室 【じゃらん初夏SALE】５%OFF◆大正屋特選牛をメインとした椎葉会席プラン《佐賀の厳選食材を愉しむ》,91,yes,facility_wide,water_texture;booking_confusion,sister_property_movement,温泉;大正屋,우레시노 물성/피부감 또는 온천수 언급; 주의 신호: sister_property_movement,mixed,caution_or_issue_tag,high,issue_caution_calibration_needed
134,Jalan,https://www.jalan.net/yad387276/kuchikomi/archive/4.HTML,archive_4,Jalan_12500012,ja,2022/7/13,2022年7月宿泊,5,4,5,椎葉山荘に癒されました,和洋室 【じゃらん初夏SALE】５%OFF◆大正屋特選牛をメインとした椎葉会席プラン《佐賀の厳選食材を愉しむ》,242,yes,room_bath;public_bath,room_bath_hot_spring;public_bath_hot_spring;booking_confusion,sister_property_movement;cleanliness,椎葉山荘;檜風呂;掃除;大正屋,"대욕장/공용탕 이용 경험 언급; 객실 내탕/檜風呂 맥락 언급; 주의 신호: sister_property_movement,cleanliness",mixed,body_positive_and_negative,high,issue_caution_calibration_needed
135,Jalan,https://www.jalan.net/yad387276/kuchikomi/archive/4.HTML,archive_4,Jalan_12486884,ja,2022/7/6,2022年6月宿泊,5,5,5,素晴らしい,和洋室 【いつもより贅沢に】大正屋特選牛陶板焼プラン《四季の彩を味わう椎葉会席》,77,yes,public_bath,public_bath_hot_spring;booking_confusion,sister_property_movement,大正屋,대욕장/공용탕 이용 경험 언급; 주의 신호: sister_property_movement,mixed,caution_or_issue_tag,high,issue_caution_calibration_needed
136,Jalan,https://www.jalan.net/yad387276/kuchikomi/archive/4.HTML,archive_4,Jalan_12472597,ja,2022/6/28,2022年6月宿泊,4,4,4,いつもながら安定のおもてなしでした,和洋室 【一泊朝食プラン】観光、一人旅にもオススメ《朝食は自家製とろける温泉湯豆腐付》,83,yes,open_air_public_bath;public_bath;facility_wide,public_bath_hot_spring;water_texture;crowding,crowding,温泉;椎葉の湯;山の湯;混雑,계류/공용 노천탕 경험 언급; 대욕장/공용탕 이용 경험 언급; 우레시노 물성/피부감 또는 온천수 언급; 주의 신호: crowding,mixed,caution_or_issue_tag,high,issue_caution_calibration_needed
137,Jalan,https://www.jalan.net/yad387276/kuchikomi/archive/4.HTML,archive_4,Jalan_12458169,ja,2022/6/21,2022年5月宿泊,5,5,5,自然に囲まれのんびり過ごせる宿。,和洋室 【当館スタンダード】大正屋特選牛をメインとした椎葉会席プラン《佐賀の厳選食材を愉しむ》,352,yes,public_bath,public_bath_hot_spring;booking_confusion,sister_property_movement,大正屋,대욕장/공용탕 이용 경험 언급; 주의 신호: sister_property_movement,mixed,caution_or_issue_tag,high,issue_caution_calibration_needed
138,Jalan,https://www.jalan.net/yad387276/kuchikomi/archive/4.HTML,archive_4,Jalan_12457760,ja,2022/6/21,2022年6月宿泊,4,4,4,憧れの椎葉山荘,和洋室 【50歳以上限定】渓流の瀬音と山の静寂に包まれた贅沢な時間を《館内利用券1000円＆生ビール一杯付》,215,yes,open_air_public_bath;public_bath,public_bath_hot_spring;water_texture;booking_confusion,insects;cleanliness,椎葉の湯;椎葉山荘;山の湯;虫,"계류/공용 노천탕 경험 언급; 대욕장/공용탕 이용 경험 언급; 우레시노 물성/피부감 또는 온천수 언급; 주의 신호: insects,cleanliness",mixed,body_negative_with_context,high,issue_caution_calibration_needed
139,Jalan,https://www.jalan.net/yad387276/kuchikomi/archive/4.HTML,archive_4,Jalan_12456447,ja,2022/6/20,2022年6月宿泊,5,5,5,大満足でした。,和洋室 【一泊朝食プラン】観光、一人旅にもオススメ《朝食は自家製とろける温泉湯豆腐付》,128,yes,open_air_public_bath;public_bath;facility_wide,public_bath_hot_spring;water_texture,,温泉;しいばの湯,계류/공용 노천탕 경험 언급; 대욕장/공용탕 이용 경험 언급; 우레시노 물성/피부감 또는 온천수 언급,positive,body_positive,high,issue_caution_calibration_needed
140,Jalan,https://www.jalan.net/yad387276/kuchikomi/archive/4.HTML,archive_4,Jalan_12449673,ja,2022/6/17,2022年6月宿泊,5,5,5,お世話になりました,和洋室 【いつもより贅沢に】大正屋特選牛陶板焼プラン《四季の彩を味わう椎葉会席》,256,yes,room_bath;public_bath;facility_wide,room_bath_hot_spring;public_bath_hot_spring;water_texture;booking_confusion,sister_property_movement;aging_or_access,温泉;椎葉山荘;内風呂;美肌;大正屋,"대욕장/공용탕 이용 경험 언급; 객실 내탕/檜風呂 맥락 언급; 우레시노 물성/피부감 또는 온천수 언급; 주의 신호: sister_property_movement,aging_or_access",mixed,caution_or_issue_tag,high,issue_caution_calibration_needed
141,Jalan,https://www.jalan.net/yad387276/kuchikomi/archive/4.HTML,archive_4,Jalan_12448057,ja,2022/6/16,2022年6月宿泊,5,5,5,季節を満喫,和洋室 【じゃらん初夏SALE】５%OFF◆大正屋特選牛をメインとした椎葉会席プラン《佐賀の厳選食材を愉しむ》,122,yes,unclear,booking_confusion,sister_property_movement,椎葉山荘;大正屋,주의 신호: sister_property_movement,mixed,caution_or_issue_tag,high,issue_caution_calibration_needed
142,Jalan,https://www.jalan.net/yad387276/kuchikomi/archive/4.HTML,archive_4,Jalan_12442601,ja,2022/6/13,2022年6月宿泊,4,5,4,癒し,和洋室 【一泊朝食プラン】観光、一人旅にもオススメ《朝食は自家製とろける温泉湯豆腐付》,127,yes,open_air_public_bath;public_bath;facility_wide,public_bath_hot_spring;water_texture;booking_confusion,,温泉;露天;露天風呂;椎葉山荘,계류/공용 노천탕 경험 언급; 대욕장/공용탕 이용 경험 언급; 우레시노 물성/피부감 또는 온천수 언급,mixed,conditional_signal_tag,medium,issue_caution_calibration_needed
143,Jalan,https://www.jalan.net/yad387276/kuchikomi/archive/4.HTML,archive_4,Jalan_12434051,ja,2022/6/9,2022年6月宿泊,5,5,5,接客が、素晴らしい。,和洋室 【じゃらん初夏SALE】５%OFF◆大正屋特選牛をメインとした椎葉会席プラン《佐賀の厳選食材を愉しむ》,135,yes,public_bath;facility_wide,public_bath_hot_spring;water_texture;booking_confusion,sister_property_movement,温泉;大正屋,대욕장/공용탕 이용 경험 언급; 우레시노 물성/피부감 또는 온천수 언급; 주의 신호: sister_property_movement,mixed,caution_or_issue_tag,high,issue_caution_calibration_needed
144,Jalan,https://www.jalan.net/yad387276/kuchikomi/archive/4.HTML,archive_4,Jalan_12412650,ja,2022/5/29,2022年5月宿泊,4,5,5,お部屋の温泉がすばらしい,和洋室 【じゃらんスペシャルウィーク】春の５%OFF◆大正屋特選牛をメインとした椎葉会席《佐賀厳選食材を愉しむ》,326,yes,public_bath;facility_wide,public_bath_hot_spring;water_texture;booking_confusion,sister_property_movement,温泉;大正屋,대욕장/공용탕 이용 경험 언급; 우레시노 물성/피부감 또는 온천수 언급; 주의 신호: sister_property_movement,mixed,caution_or_issue_tag,high,issue_caution_calibration_needed
145,Jalan,https://www.jalan.net/yad387276/kuchikomi/archive/4.HTML,archive_4,Jalan_12406901,ja,2022/5/25,2022年5月宿泊,5,5,5,久しぶりの椎葉山荘でした,和洋室 【じゃらんスペシャルウィーク】春の５%OFF◆大正屋特選牛をメインとした椎葉会席《佐賀厳選食材を愉しむ》,104,yes,unclear,booking_confusion,sister_property_movement,椎葉山荘;大正屋,주의 신호: sister_property_movement,mixed,caution_or_issue_tag,high,issue_caution_calibration_needed
146,Jalan,https://www.jalan.net/yad387276/kuchikomi/archive/4.HTML,archive_4,Jalan_12373408,ja,2022/5/7,2022年5月宿泊,5,5,4,癒し,和洋室 【当館スタンダード】大正屋特選牛をメインとした椎葉会席プラン《佐賀の厳選食材を愉しむ》,102,yes,open_air_public_bath;public_bath,public_bath_hot_spring;booking_confusion,sister_property_movement,露天;露天風呂;大正屋,계류/공용 노천탕 경험 언급; 대욕장/공용탕 이용 경험 언급; 주의 신호: sister_property_movement,mixed,caution_or_issue_tag,high,issue_caution_calibration_needed
147,Jalan,https://www.jalan.net/yad387276/kuchikomi/archive/4.HTML,archive_4,Jalan_12353003,ja,2022/4/29,2022年4月宿泊,5,5,4,温泉好きにはたまりません,和洋室 【じゃらん初夏SALE】５%OFF◆大正屋特選牛をメインとした椎葉会席プラン《佐賀の厳選食材を愉しむ》,131,yes,public_bath;facility_wide,public_bath_hot_spring;water_texture;booking_confusion,sister_property_movement;cleanliness,温泉;トロトロ;掃除;送迎;大正屋,"대욕장/공용탕 이용 경험 언급; 우레시노 물성/피부감 또는 온천수 언급; 주의 신호: sister_property_movement,cleanliness",mixed,body_positive_and_negative,high,issue_caution_calibration_needed
148,Jalan,https://www.jalan.net/yad387276/kuchikomi/archive/4.HTML,archive_4,Jalan_12340004,ja,2022/4/21,2022年3月宿泊,4,5,5,静かで落ち着きます,和洋室 【当館スタンダード】大正屋特選牛をメインとした椎葉会席プラン《佐賀の厳選食材を愉しむ》,482,yes,public_bath,public_bath_hot_spring;booking_confusion,sister_property_movement;aging_or_access,大浴場;椎葉山荘;大正屋,"대욕장/공용탕 이용 경험 언급; 주의 신호: sister_property_movement,aging_or_access",mixed,caution_or_issue_tag,high,issue_caution_calibration_needed
149,Jalan,https://www.jalan.net/yad387276/kuchikomi/archive/4.HTML,archive_4,Jalan_12332246,ja,2022/4/16,2022年4月宿泊,5,5,4,お湯良し食事良し笑顔あふれる癒やしの宿。,和洋室 【50歳以上限定】渓流の瀬音と山の静寂に包まれた贅沢な時間を《館内利用券1000円＆生ビール一杯付》,166,yes,facility_wide,water_texture;booking_confusion,,温泉,우레시노 물성/피부감 또는 온천수 언급,mixed,conditional_signal_tag,medium,issue_caution_calibration_needed
150,Jalan,https://www.jalan.net/yad387276/kuchikomi/archive/4.HTML,archive_4,Jalan_12331172,ja,2022/4/16,2022年4月宿泊,5,5,4,三拍子揃った宿,和洋室 【じゃらんスペシャルウィーク】春の５%OFF◆大正屋特選牛をメインとした椎葉会席《佐賀厳選食材を愉しむ》,78,yes,facility_wide,water_texture;booking_confusion,sister_property_movement,温泉;大正屋,우레시노 물성/피부감 또는 온천수 언급; 주의 신호: sister_property_movement,mixed,caution_or_issue_tag,high,issue_caution_calibration_needed
151,Jalan,https://www.jalan.net/yad387276/kuchikomi/archive/4.HTML,archive_4,Jalan_12328554,ja,2022/4/14,2022年3月宿泊,5,4,4,ゆっくり出来ました,和室 【早期割90】選りすぐりの厳選食材満載◆佐賀牛陶板焼き付プラン《早期予約で2000円引》,371,yes,open_air_public_bath;public_bath,public_bath_hot_spring;booking_confusion,aging_or_access,露天;椎葉山荘,계류/공용 노천탕 경험 언급; 대욕장/공용탕 이용 경험 언급; 주의 신호: aging_or_access,mixed,caution_or_issue_tag,high,issue_caution_calibration_needed
152,Jalan,https://www.jalan.net/yad387276/kuchikomi/archive/4.HTML,archive_4,Jalan_12323825,ja,2022/4/11,2022年4月宿泊,5,4,4,大切な日でも満足度の高い、素敵なお宿です,和洋室 【当館スタンダード】大正屋特選牛をメインとした椎葉会席プラン《佐賀の厳選食材を愉しむ》,107,yes,facility_wide,water_texture;booking_confusion,sister_property_movement,温泉;大正屋,우레시노 물성/피부감 또는 온천수 언급; 주의 신호: sister_property_movement,mixed,caution_or_issue_tag,high,issue_caution_calibration_needed
153,Jalan,https://www.jalan.net/yad387276/kuchikomi/archive/4.HTML,archive_4,Jalan_12309654,ja,2022/4/2,2022年3月宿泊,5,5,5,とてもゆっくり過ごせました。,和洋室 【じゃらん冬SALE】５%OFF◆大正屋特選牛をメインとした椎葉会席プラン《佐賀の厳選食材を愉しむ》,331,yes,room_bath;public_bath,room_bath_hot_spring;public_bath_hot_spring;water_texture;booking_confusion,sister_property_movement,内風呂;大正屋,대욕장/공용탕 이용 경험 언급; 객실 내탕/檜風呂 맥락 언급; 우레시노 물성/피부감 또는 온천수 언급; 주의 신호: sister_property_movement,mixed,caution_or_issue_tag,high,issue_caution_calibration_needed
154,Jalan,https://www.jalan.net/yad387276/kuchikomi/archive/4.HTML,archive_4,Jalan_12309515,ja,2022/4/2,2022年3月宿泊,5,5,5,これまでで一番良い温泉旅館でした！,和洋室 【焼き肉食べ放題】しいばの湯併設セルフレストラン「山法師」にて《ロース・カルビ・地鶏など》,372,yes,public_bath;facility_wide,public_bath_hot_spring;water_texture;booking_confusion,,温泉;大浴場;しいばの湯,대욕장/공용탕 이용 경험 언급; 우레시노 물성/피부감 또는 온천수 언급,mixed,conditional_signal_tag,medium,issue_caution_calibration_needed
155,Jalan,https://www.jalan.net/yad387276/kuchikomi/archive/5.HTML,archive_5,Jalan_12275385,ja,2022/3/11,2022年2月宿泊,5,5,5,雪景色が似合う宿,和洋室 【じゃらん冬SALE】５%OFF◆大正屋特選牛をメインとした椎葉会席プラン《佐賀の厳選食材を愉しむ》,185,yes,room_bath;private_bath;public_bath,room_bath_hot_spring;public_bath_hot_spring;water_texture;private_bath_experience;booking_confusion,sister_property_movement,山の湯;部屋風呂;貸切;大正屋,대욕장/공용탕 이용 경험 언급; 객실 내탕/檜風呂 맥락 언급; 대절탕/프라이빗탕 맥락 언급; 우레시노 물성/피부감 또는 온천수 언급; 주의 신호: sister_property_movement,mixed,caution_or_issue_tag,high,issue_caution_calibration_needed
156,Jalan,https://www.jalan.net/yad387276/kuchikomi/archive/5.HTML,archive_5,Jalan_12269562,ja,2022/3/6,2022年3月宿泊,5,5,5,素敵な隠れ宿,和洋室 【じゃらんスペシャルウィーク】冬の５%OFF◆大正屋特選牛をメインとした椎葉会席《佐賀厳選食材を愉しむ》,237,yes,unclear,booking_confusion,sister_property_movement,送迎;大正屋,주의 신호: sister_property_movement,mixed,caution_or_issue_tag,high,issue_caution_calibration_needed
157,Jalan,https://www.jalan.net/yad387276/kuchikomi/archive/5.HTML,archive_5,Jalan_12247059,ja,2022/2/16,2021年12月宿泊,5,5,5,まったりと温泉三昧できました,和洋室 【じゃらんスペシャルウィーク】晩夏の５%OFF◆大正屋特選牛をメインとした椎葉会席プラン《佐賀厳選食材》,439,yes,room_bath;private_bath;open_air_public_bath;public_bath;facility_wide,room_bath_hot_spring;public_bath_hot_spring;water_texture;private_bath_experience;booking_confusion,sister_property_movement,温泉;露天;露天風呂;大浴場;椎葉山荘;部屋風呂;貸切;大正屋,계류/공용 노천탕 경험 언급; 대욕장/공용탕 이용 경험 언급; 객실 내탕/檜風呂 맥락 언급; 대절탕/프라이빗탕 맥락 언급; 우레시노 물성/피부감 또는 온천수 언급; 주의 신호: sister_property_movement,mixed,caution_or_issue_tag,high,issue_caution_calibration_needed
158,Jalan,https://www.jalan.net/yad387276/kuchikomi/archive/5.HTML,archive_5,Jalan_12226093,ja,2022/1/31,2022年1月宿泊,5,5,5,ゆっくりできました,和洋室 【じゃらん冬SALE】５%OFF◆大正屋特選牛をメインとした椎葉会席プラン《佐賀の厳選食材を愉しむ》,172,yes,room_bath;open_air_public_bath;public_bath;facility_wide,room_bath_hot_spring;public_bath_hot_spring;water_texture;booking_confusion,sister_property_movement,温泉;露天;しいばの湯;山の湯;部屋風呂;大正屋,계류/공용 노천탕 경험 언급; 대욕장/공용탕 이용 경험 언급; 객실 내탕/檜風呂 맥락 언급; 우레시노 물성/피부감 또는 온천수 언급; 주의 신호: sister_property_movement,mixed,caution_or_issue_tag,high,issue_caution_calibration_needed
159,Jalan,https://www.jalan.net/yad387276/kuchikomi/archive/5.HTML,archive_5,Jalan_12210763,ja,2022/1/19,2022年1月宿泊,5,5,4,山の中腹にあるグリーンいっぱいのホテル。,和洋室 【一泊朝食プラン】観光、一人旅にもオススメ《朝食は自家製とろける温泉湯豆腐付》,154,yes,facility_wide,water_texture;crowding,crowding,温泉,우레시노 물성/피부감 또는 온천수 언급; 주의 신호: crowding,mixed,caution_or_issue_tag,high,issue_caution_calibration_needed
160,Jalan,https://www.jalan.net/yad387276/kuchikomi/archive/5.HTML,archive_5,Jalan_12203814,ja,2022/1/14,2021年12月宿泊,5,5,5,母と2人旅,和洋室 【じゃらん夏SALE】５%OFF◆大正屋特選牛をメインとした椎葉会席プラン《佐賀の厳選食材を愉しむ》,58,yes,public_bath,public_bath_hot_spring;water_texture;booking_confusion,sister_property_movement,大正屋,대욕장/공용탕 이용 경험 언급; 우레시노 물성/피부감 또는 온천수 언급; 주의 신호: sister_property_movement,mixed,caution_or_issue_tag,high,issue_caution_calibration_needed
161,Jalan,https://www.jalan.net/yad387276/kuchikomi/archive/5.HTML,archive_5,Jalan_12202423,ja,2022/1/13,2021年12月宿泊,5,4,5,ゆっくり過ごせる宿,和洋室 【直前割◆お部屋おまかせでお得】大正屋特選牛をメインとしたスタンダード椎葉会席プラン,833,yes,open_air_public_bath;public_bath,public_bath_hot_spring;water_texture;booking_confusion,sister_property_movement;cleanliness;aging_or_access,大浴場;しいばの湯;椎葉山荘;清掃;大正屋,"계류/공용 노천탕 경험 언급; 대욕장/공용탕 이용 경험 언급; 우레시노 물성/피부감 또는 온천수 언급; 주의 신호: sister_property_movement,cleanliness,aging_or_access",mixed,caution_or_issue_tag,high,issue_caution_calibration_needed
162,Jalan,https://www.jalan.net/yad387276/kuchikomi/archive/5.HTML,archive_5,Jalan_12193135,ja,2022/1/9,2021年12月宿泊,5,5,5,おもてなしが最高！,和洋室 【早期割90】選りすぐりの厳選食材満載◆佐賀牛陶板焼き付プラン《早期予約で2000円引》,360,yes,room_bath;open_air_public_bath;public_bath;facility_wide,room_bath_hot_spring;public_bath_hot_spring;water_texture;booking_confusion,,温泉;椎葉の湯;山の湯;部屋風呂,계류/공용 노천탕 경험 언급; 대욕장/공용탕 이용 경험 언급; 객실 내탕/檜風呂 맥락 언급; 우레시노 물성/피부감 또는 온천수 언급,mixed,conditional_signal_tag,medium,issue_caution_calibration_needed
163,Jalan,https://www.jalan.net/yad387276/kuchikomi/archive/5.HTML,archive_5,Jalan_12188401,ja,2022/1/7,2021年11月宿泊,5,4,5,ゆっくりできました,和洋室 【早期割60】大正屋特選牛陶板焼きプラン《早期予約で1000円引》,146,yes,public_bath,public_bath_hot_spring;crowding;booking_confusion,sister_property_movement;crowding,大正屋,"대욕장/공용탕 이용 경험 언급; 주의 신호: sister_property_movement,crowding",mixed,caution_or_issue_tag,high,issue_caution_calibration_needed
164,Jalan,https://www.jalan.net/yad387276/kuchikomi/archive/5.HTML,archive_5,Jalan_12186367,ja,2022/1/6,2021年11月宿泊,5,4,5,「海山の滋味沁みる」という会席料理が非常に美味！,和洋室 【じゃらん秋SALE】５%OFF◆大正屋特選牛をメインとした椎葉会席プラン《佐賀の厳選食材を愉しむ》,765,yes,room_bath;open_air_public_bath;public_bath;facility_wide,room_bath_hot_spring;public_bath_hot_spring;water_texture;booking_confusion,sister_property_movement,温泉;露天;露天風呂;しいばの湯;椎葉山荘;山の湯;檜風呂;内風呂,계류/공용 노천탕 경험 언급; 대욕장/공용탕 이용 경험 언급; 객실 내탕/檜風呂 맥락 언급; 우레시노 물성/피부감 또는 온천수 언급; 주의 신호: sister_property_movement,mixed,caution_or_issue_tag,high,issue_caution_calibration_needed
165,Jalan,https://www.jalan.net/yad387276/kuchikomi/archive/5.HTML,archive_5,Jalan_12162916,ja,2021/12/25,2021年12月宿泊,5,5,4,ぜひ1回行ってみてもらいたい宿です。,和洋室 【焼き肉食べ放題】しいばの湯併設セルフレストラン「山法師」にて《ロース・カルビ・地鶏など》,418,yes,public_bath;facility_wide,public_bath_hot_spring;water_texture;booking_confusion,sister_property_movement;cleanliness,温泉;しいばの湯;清掃;送迎,"대욕장/공용탕 이용 경험 언급; 우레시노 물성/피부감 또는 온천수 언급; 주의 신호: sister_property_movement,cleanliness",mixed,caution_or_issue_tag,high,issue_caution_calibration_needed
166,Jalan,https://www.jalan.net/yad387276/kuchikomi/archive/5.HTML,archive_5,Jalan_12155632,ja,2021/12/20,2021年12月宿泊,5,5,5,実質的に家族風呂,和洋室 【じゃらん秋SALE】５%OFF◆大正屋特選牛をメインとした椎葉会席プラン《佐賀の厳選食材を愉しむ》,253,yes,family_bath;public_bath;facility_wide,public_bath_hot_spring;water_texture;private_bath_experience;booking_confusion,sister_property_movement,温泉;家族風呂;大正屋,대욕장/공용탕 이용 경험 언급; 우레시노 물성/피부감 또는 온천수 언급; 주의 신호: sister_property_movement,mixed,caution_or_issue_tag,high,issue_caution_calibration_needed
167,Jalan,https://www.jalan.net/yad387276/kuchikomi/archive/5.HTML,archive_5,Jalan_12141630,ja,2021/12/13,2021年12月宿泊,4,5,3,景色がご馳走のお風呂が最高,和室 【当館人気No1】ワンランク上の口福を◆佐賀牛陶板焼き付プラン《選りすぐりの厳選食材満載》,109,yes,open_air_public_bath;public_bath;facility_wide,public_bath_hot_spring;water_texture,,温泉;露天;露天風呂,계류/공용 노천탕 경험 언급; 대욕장/공용탕 이용 경험 언급; 우레시노 물성/피부감 또는 온천수 언급,positive,body_positive,high,issue_caution_calibration_needed
168,Jalan,https://www.jalan.net/yad387276/kuchikomi/archive/5.HTML,archive_5,Jalan_12138658,ja,2021/12/11,2021年12月宿泊,5,5,5,おもてなしが最高！,和洋室 【じゃらん秋SALE】５%OFF◆大正屋特選牛をメインとした椎葉会席プラン《佐賀の厳選食材を愉しむ》,398,yes,public_bath,public_bath_hot_spring;crowding;booking_confusion,sister_property_movement;crowding,大正屋,"대욕장/공용탕 이용 경험 언급; 주의 신호: sister_property_movement,crowding",mixed,caution_or_issue_tag,high,issue_caution_calibration_needed
169,Jalan,https://www.jalan.net/yad387276/kuchikomi/archive/5.HTML,archive_5,Jalan_12138460,ja,2021/12/11,2021年12月宿泊,5,5,5,お部屋もお風呂もおもてなしも最高!,和洋室 【じゃらん秋SALE】５%OFF◆大正屋特選牛をメインとした椎葉会席プラン《佐賀の厳選食材を愉しむ》,353,yes,room_bath;public_bath;facility_wide,room_bath_hot_spring;public_bath_hot_spring;water_texture;crowding;booking_confusion,sister_property_movement;cleanliness;crowding,温泉;檜風呂;清掃;大正屋,"대욕장/공용탕 이용 경험 언급; 객실 내탕/檜風呂 맥락 언급; 우레시노 물성/피부감 또는 온천수 언급; 주의 신호: sister_property_movement,cleanliness,crowding",mixed,caution_or_issue_tag,high,issue_caution_calibration_needed
170,Jalan,https://www.jalan.net/yad387276/kuchikomi/archive/5.HTML,archive_5,Jalan_12133153,ja,2021/12/7,2021年12月宿泊,5,5,5,おもてなしが最高です。子供にやさしい宿です。,和洋室 【嬉野産棚田米＆有明海産海苔のお土産付】毎年好評企画◆大正屋特選牛をメインとした椎葉会席プラン,122,yes,unclear,booking_confusion,sister_property_movement,大正屋,주의 신호: sister_property_movement,mixed,caution_or_issue_tag,high,issue_caution_calibration_needed
171,Jalan,https://www.jalan.net/yad387276/kuchikomi/archive/5.HTML,archive_5,Jalan_12127296,ja,2021/12/4,2021年11月宿泊,5,5,5,心づくしの宿,和洋室 【当館人気No1】ワンランク上の口福を◆佐賀牛陶板焼き付プラン《選りすぐりの厳選食材満載》,302,yes,public_bath,public_bath_hot_spring,cleanliness;aging_or_access,掃除,"대욕장/공용탕 이용 경험 언급; 주의 신호: cleanliness,aging_or_access",mixed,body_negative_with_context,high,issue_caution_calibration_needed
172,Jalan,https://www.jalan.net/yad387276/kuchikomi/archive/5.HTML,archive_5,Jalan_12125776,ja,2021/12/3,2021年11月宿泊,5,5,5,とても素敵なお宿でした。,和洋室 【当館人気No1】ワンランク上の口福を◆佐賀牛陶板焼き付プラン《選りすぐりの厳選食材満載》,227,yes,public_bath;facility_wide,public_bath_hot_spring;water_texture,,トロトロ,대욕장/공용탕 이용 경험 언급; 우레시노 물성/피부감 또는 온천수 언급,positive,body_positive,high,issue_caution_calibration_needed
173,Jalan,https://www.jalan.net/yad387276/kuchikomi/archive/5.HTML,archive_5,Jalan_12118032,ja,2021/11/29,2021年11月宿泊,4,5,4,お世話になりました,和洋室 【早期割60】大正屋特選牛陶板焼きプラン《早期予約で1000円引》,442,yes,facility_wide,water_texture;booking_confusion,sister_property_movement,温泉;椎葉山荘;大正屋,우레시노 물성/피부감 또는 온천수 언급; 주의 신호: sister_property_movement,mixed,caution_or_issue_tag,high,issue_caution_calibration_needed
174,Jalan,https://www.jalan.net/yad387276/kuchikomi/archive/5.HTML,archive_5,Jalan_12107734,ja,2021/11/23,2021年11月宿泊,5,5,4,美味しい夕食,和洋室 【早期割90】選りすぐりの厳選食材満載◆佐賀牛陶板焼き付プラン《早期予約で2000円引》,164,yes,room_bath;open_air_public_bath;public_bath;facility_wide,room_bath_hot_spring;public_bath_hot_spring;water_texture;booking_confusion,,温泉;露天;露天風呂;大浴場;檜風呂,계류/공용 노천탕 경험 언급; 대욕장/공용탕 이용 경험 언급; 객실 내탕/檜風呂 맥락 언급; 우레시노 물성/피부감 또는 온천수 언급,mixed,conditional_signal_tag,medium,issue_caution_calibration_needed
175,Jalan,https://www.jalan.net/yad387276/kuchikomi/archive/5.HTML,archive_5,Jalan_12106113,ja,2021/11/23,2021年11月宿泊,5,5,5,居心地の良いお宿です・・・,和洋室 【早期割90】選りすぐりの厳選食材満載◆佐賀牛陶板焼き付プラン《早期予約で2000円引》,484,yes,public_bath;facility_wide,public_bath_hot_spring;water_texture;booking_confusion,aging_or_access,温泉,대욕장/공용탕 이용 경험 언급; 우레시노 물성/피부감 또는 온천수 언급; 주의 신호: aging_or_access,mixed,caution_or_issue_tag,high,issue_caution_calibration_needed
176,Jalan,https://www.jalan.net/yad387276/kuchikomi/archive/5.HTML,archive_5,Jalan_12100455,ja,2021/11/20,2021年11月宿泊,5,5,4,自然にたたずむ落ち着ける宿,和洋室 【佐賀県民限定◆一人あたり最大5000円クーポン有】大正屋特選牛をメインとした椎葉会席プラン,496,yes,open_air_public_bath;public_bath,public_bath_hot_spring;crowding;booking_confusion,sister_property_movement;cleanliness;crowding,露天;露天風呂;清掃;大正屋,"계류/공용 노천탕 경험 언급; 대욕장/공용탕 이용 경험 언급; 주의 신호: sister_property_movement,cleanliness,crowding",mixed,caution_or_issue_tag,high,issue_caution_calibration_needed
177,Jalan,https://www.jalan.net/yad387276/kuchikomi/archive/5.HTML,archive_5,Jalan_12073639,ja,2021/11/6,2021年11月宿泊,5,5,5,お部屋、料理、お風呂どれも良かったです！,和洋室 【じゃらん秋SALE】５%OFF◆大正屋特選牛をメインとした椎葉会席プラン《佐賀の厳選食材を愉しむ》,322,yes,unclear,booking_confusion,sister_property_movement;cleanliness,大正屋,"주의 신호: sister_property_movement,cleanliness",mixed,caution_or_issue_tag,high,issue_caution_calibration_needed
178,Jalan,https://www.jalan.net/yad387276/kuchikomi/archive/5.HTML,archive_5,Jalan_12071610,ja,2021/11/5,2021年9月宿泊,4,4,5,少食にはきつい。,和洋室 【じゃらん秋SALE】５%OFF◆大正屋特選牛をメインとした椎葉会席プラン《佐賀の厳選食材を愉しむ》,108,yes,unclear,booking_confusion,sister_property_movement,大正屋,주의 신호: sister_property_movement,mixed,caution_or_issue_tag,high,issue_caution_calibration_needed
179,Jalan,https://www.jalan.net/yad387276/kuchikomi/archive/5.HTML,archive_5,Jalan_12054445,ja,2021/10/26,2021年10月宿泊,4,5,4,ゆっくりできて大満足,和洋室 【いつもより贅沢に】大正屋特選牛陶板焼プラン《四季の彩を味わう椎葉会席》,169,yes,public_bath;facility_wide,public_bath_hot_spring;water_texture;booking_confusion,sister_property_movement,温泉;山の湯;大正屋,대욕장/공용탕 이용 경험 언급; 우레시노 물성/피부감 또는 온천수 언급; 주의 신호: sister_property_movement,mixed,caution_or_issue_tag,high,issue_caution_calibration_needed
180,Jalan,https://www.jalan.net/yad387276/kuchikomi/archive/5.HTML,archive_5,Jalan_12041540,ja,2021/10/17,2021年8月宿泊,3,3,2,有名な宿なので決めました。,和洋室 【焼き肉食べ放題】しいばの湯併設セルフレストラン「山法師」にて《ロース・カルビ・地鶏など》,339,yes,open_air_public_bath;public_bath,public_bath_hot_spring;water_texture,cleanliness,露天;しいばの湯;椎葉の湯,계류/공용 노천탕 경험 언급; 대욕장/공용탕 이용 경험 언급; 우레시노 물성/피부감 또는 온천수 언급; 주의 신호: cleanliness,mixed,caution_or_issue_tag,high,issue_caution_calibration_needed
181,Jalan,https://www.jalan.net/yad387276/kuchikomi/archive/5.HTML,archive_5,Jalan_12035004,ja,2021/10/12,2021年10月宿泊,5,4,4,満喫しました。,和洋室 【じゃらん秋SALE】５%OFF◆大正屋特選牛をメインとした椎葉会席プラン《佐賀の厳選食材を愉しむ》,79,yes,public_bath,public_bath_hot_spring;water_texture;booking_confusion,sister_property_movement,大正屋,대욕장/공용탕 이용 경험 언급; 우레시노 물성/피부감 또는 온천수 언급; 주의 신호: sister_property_movement,mixed,caution_or_issue_tag,high,issue_caution_calibration_needed
182,Jalan,https://www.jalan.net/yad387276/kuchikomi/archive/5.HTML,archive_5,Jalan_12029476,ja,2021/10/10,2021年10月宿泊,5,5,5,変わらぬ佇まい,和洋室 【じゃらん秋SALE】５%OFF◆大正屋特選牛をメインとした椎葉会席プラン《佐賀の厳選食材を愉しむ》,157,yes,facility_wide,water_texture;booking_confusion,sister_property_movement,温泉;椎葉山荘;大正屋,우레시노 물성/피부감 또는 온천수 언급; 주의 신호: sister_property_movement,mixed,caution_or_issue_tag,high,issue_caution_calibration_needed
183,Jalan,https://www.jalan.net/yad387276/kuchikomi/archive/5.HTML,archive_5,Jalan_12024297,ja,2021/10/5,2021年10月宿泊,4,4,5,ようやく予約がとれた宿,和洋室 【じゃらん夏SALE】５%OFF◆大正屋特選牛をメインとした椎葉会席プラン《佐賀の厳選食材を愉しむ》,261,yes,room_bath;open_air_public_bath;public_bath,room_bath_hot_spring;public_bath_hot_spring;water_texture;booking_confusion,sister_property_movement,椎葉の湯;檜風呂;大正屋,계류/공용 노천탕 경험 언급; 대욕장/공용탕 이용 경험 언급; 객실 내탕/檜風呂 맥락 언급; 우레시노 물성/피부감 또는 온천수 언급; 주의 신호: sister_property_movement,mixed,caution_or_issue_tag,high,issue_caution_calibration_needed
184,Jalan,https://www.jalan.net/yad387276/kuchikomi/archive/5.HTML,archive_5,Jalan_12019089,ja,2021/10/1,2021年8月宿泊,4,4,4,景色が最高です。,和室 【当館スタンダード】大正屋特選牛をメインとした椎葉会席プラン《佐賀の厳選食材を愉しむ》,190,yes,public_bath,public_bath_hot_spring;crowding;booking_confusion,sister_property_movement;crowding,椎葉山荘;大正屋,"대욕장/공용탕 이용 경험 언급; 주의 신호: sister_property_movement,crowding",mixed,caution_or_issue_tag,high,issue_caution_calibration_needed
185,Jalan,https://www.jalan.net/yad387276/kuchikomi/archive/6.HTML,archive_6,Jalan_12008708,ja,2021/9/24,2021年9月宿泊,4,5,5,居心地がよい旅館,和室 【一泊朝食プラン】観光、一人旅にもオススメ《朝食は自家製とろける温泉湯豆腐付》,95,yes,open_air_public_bath;public_bath;facility_wide,public_bath_hot_spring;water_texture;booking_confusion,sister_property_movement,温泉;しいばの湯;山の湯;大正屋,계류/공용 노천탕 경험 언급; 대욕장/공용탕 이용 경험 언급; 우레시노 물성/피부감 또는 온천수 언급; 주의 신호: sister_property_movement,mixed,caution_or_issue_tag,high,issue_caution_calibration_needed
186,Jalan,https://www.jalan.net/yad387276/kuchikomi/archive/6.HTML,archive_6,Jalan_11997672,ja,2021/9/15,2021年9月宿泊,5,4,5,期待を裏切らないおもてなし,和洋室 【佐賀県民限定◆一人あたり最大5000円クーポン有】大正屋特選牛をメインとした椎葉会席プラン,401,yes,public_bath;facility_wide,public_bath_hot_spring;water_texture;booking_confusion,sister_property_movement,温泉;大正屋,대욕장/공용탕 이용 경험 언급; 우레시노 물성/피부감 또는 온천수 언급; 주의 신호: sister_property_movement,mixed,caution_or_issue_tag,high,issue_caution_calibration_needed
187,Jalan,https://www.jalan.net/yad387276/kuchikomi/archive/6.HTML,archive_6,Jalan_11995748,ja,2021/9/14,2021年8月宿泊,5,5,5,家族連れ・カップルにおすすめ。露天風呂と客室が特によかった。,和洋室 【佐賀県民限定◆一人あたり最大5000円クーポン有】大正屋特選牛をメインとした椎葉会席プラン,104,yes,unclear,booking_confusion,sister_property_movement,露天;露天風呂;大正屋,주의 신호: sister_property_movement,mixed,caution_or_issue_tag,high,issue_caution_calibration_needed
188,Jalan,https://www.jalan.net/yad387276/kuchikomi/archive/6.HTML,archive_6,Jalan_11990768,ja,2021/9/10,2021年8月宿泊,2,4,1,お料理最高に美味しかったです。,和洋室 【佐賀県民限定◆一人あたり最大5000円クーポン有】大正屋特選牛をメインとした椎葉会席プラン,51,yes,unclear,booking_confusion,sister_property_movement,大正屋,주의 신호: sister_property_movement,mixed,caution_or_issue_tag,high,issue_caution_calibration_needed
189,Jalan,https://www.jalan.net/yad387276/kuchikomi/archive/6.HTML,archive_6,Jalan_11980182,ja,2021/8/31,2021年8月宿泊,5,5,5,久しぶりにいきました,和洋室 【佐賀県民限定◆一人あたり最大5000円クーポン有】大正屋特選牛をメインとした椎葉会席プラン,107,yes,open_air_public_bath;public_bath,public_bath_hot_spring;water_texture;booking_confusion,sister_property_movement,しいばの湯;山の湯;大正屋,계류/공용 노천탕 경험 언급; 대욕장/공용탕 이용 경험 언급; 우레시노 물성/피부감 또는 온천수 언급; 주의 신호: sister_property_movement,mixed,caution_or_issue_tag,high,issue_caution_calibration_needed
190,Jalan,https://www.jalan.net/yad387276/kuchikomi/archive/6.HTML,archive_6,Jalan_11947123,ja,2021/8/9,2021年8月宿泊,5,5,5,嬉野で泊まるならここ！！,和室 【焼き肉食べ放題】しいばの湯併設セルフレストラン「山法師」にて《ロース・カルビ・地鶏など》,993,yes,open_air_public_bath;public_bath;facility_wide,public_bath_hot_spring;water_texture;crowding;booking_confusion,sister_property_movement;insects;crowding,温泉;露天;露天風呂;しいばの湯;椎葉山荘;虫;大正屋,"계류/공용 노천탕 경험 언급; 대욕장/공용탕 이용 경험 언급; 우레시노 물성/피부감 또는 온천수 언급; 주의 신호: sister_property_movement,insects,crowding",mixed,body_negative_with_context,high,issue_caution_calibration_needed
191,Jalan,https://www.jalan.net/yad387276/kuchikomi/archive/6.HTML,archive_6,Jalan_11946003,ja,2021/8/9,2021年7月宿泊,4,4,3,夫婦でゆったり、のんびり,和洋室 【当館スタンダード】大正屋特選牛をメインとした椎葉会席プラン《佐賀の厳選食材を愉しむ》,146,yes,public_bath,public_bath_hot_spring;booking_confusion,sister_property_movement;cleanliness,椎葉山荘;大正屋,"대욕장/공용탕 이용 경험 언급; 주의 신호: sister_property_movement,cleanliness",mixed,caution_or_issue_tag,high,issue_caution_calibration_needed
192,Jalan,https://www.jalan.net/yad387276/kuchikomi/archive/6.HTML,archive_6,Jalan_11938897,ja,2021/8/5,2021年8月宿泊,5,4,5,何度訪れても最高のおもてなし,和洋室 【焼き肉食べ放題】しいばの湯併設セルフレストラン「山法師」にて《ロース・カルビ・地鶏など》,713,yes,room_bath;open_air_public_bath;public_bath;facility_wide,room_bath_hot_spring;public_bath_hot_spring;water_texture;crowding;booking_confusion,sister_property_movement;insects;cleanliness;crowding,温泉;露天;しいばの湯;椎葉の湯;山の湯;内風呂;美肌;トロトロ,"계류/공용 노천탕 경험 언급; 대욕장/공용탕 이용 경험 언급; 객실 내탕/檜風呂 맥락 언급; 우레시노 물성/피부감 또는 온천수 언급; 주의 신호: sister_property_movement,insects,cleanliness",mixed,body_positive_and_negative,high,issue_caution_calibration_needed
193,Jalan,https://www.jalan.net/yad387276/kuchikomi/archive/6.HTML,archive_6,Jalan_11937232,ja,2021/8/3,2021年8月宿泊,2,4,3,嬉野では一番の旅館だけど,和室 【じゃらんスペシャルウィーク】5％OFF★料理人が焼き上げる大正屋特選牛網焼《生ビール中ジョッキ一杯付》,258,yes,unclear,weak_onsen_feeling;booking_confusion,sister_property_movement,大正屋,주의 신호: sister_property_movement,negative,negative_signal_tag,high,issue_caution_calibration_needed
194,Jalan,https://www.jalan.net/yad387276/kuchikomi/archive/6.HTML,archive_6,Jalan_11932643,ja,2021/7/31,2021年7月宿泊,5,5,5,お風呂が良かった　80代の母も大喜びでした。,和洋室 【じゃらんスペシャルウィーク】5％OFF★料理人が焼き上げる大正屋特選牛網焼《生ビール中ジョッキ一杯付》,184,yes,unclear,booking_confusion,sister_property_movement;cleanliness,掃除;大正屋,"주의 신호: sister_property_movement,cleanliness",mixed,body_positive_and_negative,high,issue_caution_calibration_needed
195,Jalan,https://www.jalan.net/yad387276/kuchikomi/archive/6.HTML,archive_6,Jalan_11920660,ja,2021/7/24,2021年7月宿泊,5,5,5,ゆったりとした時を愉しむ,和室 ◎人気ブランド牛・佐賀牛の陶板焼き会席プラン,252,yes,public_bath;facility_wide,public_bath_hot_spring;water_texture;booking_confusion,,温泉;山の湯,대욕장/공용탕 이용 경험 언급; 우레시노 물성/피부감 또는 온천수 언급,mixed,conditional_signal_tag,medium,issue_caution_calibration_needed
196,Jalan,https://www.jalan.net/yad387276/kuchikomi/archive/6.HTML,archive_6,Jalan_11919647,ja,2021/7/23,2021年7月宿泊,5,5,5,自然を堪能,和洋室 【当館スタンダード】大正屋特選牛をメインとした椎葉会席プラン《佐賀の厳選食材を愉しむ》,142,yes,open_air_public_bath;public_bath,public_bath_hot_spring;water_texture;booking_confusion,sister_property_movement;insects,露天;露天風呂;椎葉の湯;虫;大正屋,"계류/공용 노천탕 경험 언급; 대욕장/공용탕 이용 경험 언급; 우레시노 물성/피부감 또는 온천수 언급; 주의 신호: sister_property_movement,insects",mixed,body_negative_with_context,high,issue_caution_calibration_needed
197,Jalan,https://www.jalan.net/yad387276/kuchikomi/archive/6.HTML,archive_6,Jalan_11915905,ja,2021/7/20,2021年7月宿泊,4,5,4,温泉三昧,和洋室 【佐賀県民限定◆一人あたり最大5000円クーポン有】大正屋特選牛をメインとした椎葉会席プラン,176,yes,public_bath;facility_wide,public_bath_hot_spring;water_texture;booking_confusion,sister_property_movement,温泉;送迎;大正屋,대욕장/공용탕 이용 경험 언급; 우레시노 물성/피부감 또는 온천수 언급; 주의 신호: sister_property_movement,mixed,caution_or_issue_tag,high,issue_caution_calibration_needed
198,Jalan,https://www.jalan.net/yad387276/kuchikomi/archive/6.HTML,archive_6,Jalan_11889435,ja,2021/6/28,2021年6月宿泊,5,5,5,山の中の温泉,和洋室 ◎人気ブランド牛・佐賀牛の陶板焼き会席プラン,428,yes,public_bath;facility_wide,public_bath_hot_spring;water_texture,insects;cleanliness,温泉;虫;掃除,"대욕장/공용탕 이용 경험 언급; 우레시노 물성/피부감 또는 온천수 언급; 주의 신호: insects,cleanliness",mixed,body_negative_with_context,high,issue_caution_calibration_needed
199,Jalan,https://www.jalan.net/yad387276/kuchikomi/archive/6.HTML,archive_6,Jalan_11881331,ja,2021/6/19,2021年6月宿泊,5,5,5,おもてなし　お風呂　ホタル,和洋室 【じゃらん春SALE】大好評！(メインは網焼き）【生ビール１ジョッキ付きプラン】,134,yes,open_air_public_bath;public_bath;facility_wide,public_bath_hot_spring;water_texture;booking_confusion,sister_property_movement,温泉;椎葉の湯;山の湯;送迎;大正屋,계류/공용 노천탕 경험 언급; 대욕장/공용탕 이용 경험 언급; 우레시노 물성/피부감 또는 온천수 언급; 주의 신호: sister_property_movement,mixed,caution_or_issue_tag,high,issue_caution_calibration_needed
200,Jalan,https://www.jalan.net/yad387276/kuchikomi/archive/6.HTML,archive_6,Jalan_11871762,ja,2021/6/9,2021年6月宿泊,4,3,4,子連れ旅,和室 【当館スタンダード】大正屋特選牛をメインとした椎葉会席プラン《佐賀の厳選食材を愉しむ》,497,yes,public_bath,public_bath_hot_spring;booking_confusion,sister_property_movement;cleanliness,清掃;大正屋,"대욕장/공용탕 이용 경험 언급; 주의 신호: sister_property_movement,cleanliness",mixed,caution_or_issue_tag,high,issue_caution_calibration_needed
201,Jalan,https://www.jalan.net/yad387276/kuchikomi/archive/6.HTML,archive_6,Jalan_11864489,ja,2021/5/31,2021年5月宿泊,5,5,4,おもてなしもお料理もお風呂も最高でした,和洋室 ◎人気ブランド牛・佐賀牛の陶板焼き会席プラン,334,yes,public_bath,public_bath_hot_spring;water_texture,,,대욕장/공용탕 이용 경험 언급; 우레시노 물성/피부감 또는 온천수 언급,positive,body_positive,high,issue_caution_calibration_needed
202,Jalan,https://www.jalan.net/yad387276/kuchikomi/archive/6.HTML,archive_6,Jalan_11830613,ja,2021/4/29,2021年4月宿泊,5,5,5,爺様の常宿が解ったか息子よ,和洋室 【じゃらんスペシャルウィーク】５％OFF■生ビール１ジョッキ付きプランが大好評！,236,yes,facility_wide,water_texture,,温泉,우레시노 물성/피부감 또는 온천수 언급,positive,rating_positive_signal,medium,issue_caution_calibration_needed
203,Jalan,https://www.jalan.net/yad387276/kuchikomi/archive/6.HTML,archive_6,Jalan_11822162,ja,2021/4/20,2021年4月宿泊,5,5,5,温泉が最高,和洋室 焼肉食べ放題プラン★しいばの湯併設セルフ式レストラン『山法師』,330,yes,public_bath;facility_wide,public_bath_hot_spring;water_texture;booking_confusion,,温泉;大浴場;しいばの湯;山の湯;とろとろ,대욕장/공용탕 이용 경험 언급; 우레시노 물성/피부감 또는 온천수 언급,mixed,conditional_signal_tag,medium,issue_caution_calibration_needed
204,Jalan,https://www.jalan.net/yad387276/kuchikomi/archive/6.HTML,archive_6,Jalan_11821298,ja,2021/4/19,2021年4月宿泊,4,4,4,両親　子供と,和洋室 【じゃらん春SALE】大好評！(メインは網焼き）【生ビール１ジョッキ付きプラン】,327,yes,room_bath;open_air_public_bath;public_bath,room_bath_hot_spring;public_bath_hot_spring;water_texture;booking_confusion,sister_property_movement,しいばの湯;部屋風呂;大正屋,계류/공용 노천탕 경험 언급; 대욕장/공용탕 이용 경험 언급; 객실 내탕/檜風呂 맥락 언급; 우레시노 물성/피부감 또는 온천수 언급; 주의 신호: sister_property_movement,mixed,caution_or_issue_tag,high,issue_caution_calibration_needed
205,Jalan,https://www.jalan.net/yad387276/kuchikomi/archive/6.HTML,archive_6,Jalan_11799297,ja,2021/3/31,2021年3月宿泊,5,5,5,最高の旅館,和洋室 【直前割】 ★お部屋タイプおまかせプラン★,100,yes,public_bath;facility_wide,public_bath_hot_spring;water_texture,,温泉,대욕장/공용탕 이용 경험 언급; 우레시노 물성/피부감 또는 온천수 언급,positive,body_positive,high,issue_caution_calibration_needed
206,Jalan,https://www.jalan.net/yad387276/kuchikomi/archive/6.HTML,archive_6,Jalan_11797401,ja,2021/3/30,2021年3月宿泊,5,5,4,とっても静かでした,和洋室 ◇大正屋グループ共通１，０００円商品券贈呈プラン,81,yes,open_air_public_bath;public_bath,public_bath_hot_spring;booking_confusion,sister_property_movement,露天;露天風呂;大正屋,계류/공용 노천탕 경험 언급; 대욕장/공용탕 이용 경험 언급; 주의 신호: sister_property_movement,mixed,caution_or_issue_tag,high,issue_caution_calibration_needed
207,Jalan,https://www.jalan.net/yad387276/kuchikomi/archive/6.HTML,archive_6,Jalan_11791360,ja,2021/3/25,2021年2月宿泊,5,5,5,しょうちゃんさんのクチコミ,和室 焼肉食べ放題プラン★しいばの湯併設セルフ式レストラン『山法師』,72,yes,room_bath;open_air_public_bath;public_bath;facility_wide,room_bath_hot_spring;public_bath_hot_spring;water_texture,,温泉;露天;露天風呂;しいばの湯;内風呂;トロトロ,계류/공용 노천탕 경험 언급; 대욕장/공용탕 이용 경험 언급; 객실 내탕/檜風呂 맥락 언급; 우레시노 물성/피부감 또는 온천수 언급,positive,body_positive,high,issue_caution_calibration_needed
208,Jalan,https://www.jalan.net/yad387276/kuchikomi/archive/6.HTML,archive_6,Jalan_11782742,ja,2021/3/18,2021年2月宿泊,4,5,5,泉質が最高、部屋も広く子連れでも安心,和洋室 【じゃらん春SALE】大好評！(メインは網焼き）【生ビール１ジョッキ付きプラン】,115,yes,public_bath;facility_wide,public_bath_hot_spring;water_texture,,温泉;椎葉山荘;美肌,대욕장/공용탕 이용 경험 언급; 우레시노 물성/피부감 또는 온천수 언급,positive,body_positive,high,issue_caution_calibration_needed
209,Jalan,https://www.jalan.net/yad387276/kuchikomi/archive/6.HTML,archive_6,Jalan_11782534,ja,2021/3/17,2021年3月宿泊,5,5,4,清潔感のある館内とお風呂,和室 【佐賀県民限定◆最大20000円クーポン発行中】大好評！(メインは網焼き）《生ビール１ジョッキ付きプラン》,605,yes,public_bath,public_bath_hot_spring;crowding;booking_confusion,cleanliness,掃除,대욕장/공용탕 이용 경험 언급; 주의 신호: cleanliness,mixed,body_negative_with_context,high,issue_caution_calibration_needed
210,Jalan,https://www.jalan.net/yad387276/kuchikomi/archive/6.HTML,archive_6,Jalan_11776820,ja,2021/3/12,2021年2月宿泊,5,4,5,街から少し離れた山間の宿,和洋室 ◎人気ブランド牛・佐賀牛の陶板焼き会席プラン,215,yes,public_bath;facility_wide,public_bath_hot_spring;water_texture;booking_confusion,sister_property_movement,トロトロ;大正屋,대욕장/공용탕 이용 경험 언급; 우레시노 물성/피부감 또는 온천수 언급; 주의 신호: sister_property_movement,mixed,caution_or_issue_tag,high,issue_caution_calibration_needed
211,Jalan,https://www.jalan.net/yad387276/kuchikomi/archive/6.HTML,archive_6,Jalan_11757647,ja,2021/2/19,2021年2月宿泊,5,4,4,日常を忘れて、ゆっくり過ごしたい方におすすめです,和洋室 ◎人気ブランド牛・佐賀牛の陶板焼き会席プラン,164,yes,public_bath;facility_wide,public_bath_hot_spring;water_texture,,温泉,대욕장/공용탕 이용 경험 언급; 우레시노 물성/피부감 또는 온천수 언급,positive,body_positive,high,issue_caution_calibration_needed
212,Jalan,https://www.jalan.net/yad387276/kuchikomi/archive/6.HTML,archive_6,Jalan_11754182,ja,2021/2/15,2021年1月宿泊,3,3,3,笹の葉を飛び交うメジロ達を眺めて過ごす朝,和洋室 【生ビール１ジョッキ付きプラン】大好評！(メインは網焼き）,459,yes,open_air_public_bath;public_bath;facility_wide,public_bath_hot_spring;water_texture;booking_confusion,sister_property_movement,温泉;露天;露天風呂;大浴場;椎葉山荘;大正屋,계류/공용 노천탕 경험 언급; 대욕장/공용탕 이용 경험 언급; 우레시노 물성/피부감 또는 온천수 언급; 주의 신호: sister_property_movement,mixed,caution_or_issue_tag,high,issue_caution_calibration_needed
213,Jalan,https://www.jalan.net/yad387276/kuchikomi/archive/6.HTML,archive_6,Jalan_11749802,ja,2021/2/10,2021年2月宿泊,5,5,5,過ごしやすい宿でした,和洋室 【生ビール１ジョッキ付きプラン】大好評！(メインは網焼き）,142,yes,facility_wide,water_texture,,温泉;椎葉山荘,우레시노 물성/피부감 또는 온천수 언급,positive,rating_positive_signal,medium,issue_caution_calibration_needed
214,Jalan,https://www.jalan.net/yad387276/kuchikomi/archive/6.HTML,archive_6,Jalan_11743260,ja,2021/2/2,2021年1月宿泊,5,5,5,静かないい所,和洋室 【直前割】 ★お部屋タイプおまかせプラン★,326,yes,room_open_air_bath;open_air_public_bath;public_bath;facility_wide,room_bath_hot_spring;public_bath_hot_spring;water_texture;booking_confusion,sister_property_movement,温泉;露天;露天風呂;椎葉の湯;椎葉山荘;山の湯;大正屋,계류/공용 노천탕 경험 언급; 대욕장/공용탕 이용 경험 언급; 객실 노천탕 맥락 언급; 우레시노 물성/피부감 또는 온천수 언급; 주의 신호: sister_property_movement,mixed,caution_or_issue_tag,high,issue_caution_calibration_needed
215,Jalan,https://www.jalan.net/yad387276/kuchikomi/archive/7.HTML,archive_7,Jalan_11740401,ja,2021/1/30,2021年1月宿泊,5,5,5,自然にとけ込む上質な滞在,和洋室 ◆毎年ご好評をいただいております！ ★嬉野清流育ち天日仕上げ棚田米のお土産付きプラン,75,no,unclear,booking_confusion,,,온천 언급 없는 숙박 경험 리뷰.,mixed,conditional_signal_tag,medium,issue_caution_calibration_needed
216,Jalan,https://www.jalan.net/yad387276/kuchikomi/archive/7.HTML,archive_7,Jalan_11727005,ja,2021/1/12,2021年1月宿泊,4,5,5,高齢者でも安心でした,和洋室 ◇大正屋グループ共通１，０００円商品券贈呈プラン,224,yes,room_bath;public_bath,room_bath_hot_spring;public_bath_hot_spring;booking_confusion,sister_property_movement;aging_or_access,大浴場;内風呂;大正屋,"대욕장/공용탕 이용 경험 언급; 객실 내탕/檜風呂 맥락 언급; 주의 신호: sister_property_movement,aging_or_access",mixed,caution_or_issue_tag,high,issue_caution_calibration_needed
217,Jalan,https://www.jalan.net/yad387276/kuchikomi/archive/7.HTML,archive_7,Jalan_11712975,ja,2021/1/3,2020年12月宿泊,4,5,5,初めての椎葉山荘,和洋室 ◇大正屋グループ共通１，０００円商品券贈呈プラン,299,yes,facility_wide,water_texture;booking_confusion,sister_property_movement,温泉;椎葉山荘;送迎;大正屋,우레시노 물성/피부감 또는 온천수 언급; 주의 신호: sister_property_movement,mixed,caution_or_issue_tag,high,issue_caution_calibration_needed
218,Jalan,https://www.jalan.net/yad387276/kuchikomi/archive/7.HTML,archive_7,Jalan_11697891,ja,2020/12/23,2020年12月宿泊,5,5,5,All 5,和洋室 ◇大正屋グループ共通１，０００円商品券贈呈プラン,110,yes,public_bath;facility_wide,public_bath_hot_spring;water_texture;booking_confusion,sister_property_movement,温泉;大正屋,대욕장/공용탕 이용 경험 언급; 우레시노 물성/피부감 또는 온천수 언급; 주의 신호: sister_property_movement,mixed,caution_or_issue_tag,high,issue_caution_calibration_needed
219,Jalan,https://www.jalan.net/yad387276/kuchikomi/archive/7.HTML,archive_7,Jalan_11685722,ja,2020/12/16,2020年11月宿泊,5,5,5,毎回のおもてなしありがとう,和洋室 【じゃらんスペシャルウィーク】５％OFF■生ビール１ジョッキ付きプランが大好評！,72,no,unclear,,,,온천 언급 없는 숙박 경험 리뷰.,neutral,neutral_or_lodging_context,medium,issue_caution_calibration_needed
220,Jalan,https://www.jalan.net/yad387276/kuchikomi/archive/7.HTML,archive_7,Jalan_11676106,ja,2020/12/12,2020年11月宿泊,4,5,5,父の還暦で2家族で行きました,和洋室 【じゃらんスペシャルウィーク】５％OFF■生ビール１ジョッキ付きプランが大好評！,926,yes,public_bath;facility_wide,public_bath_hot_spring;water_texture;crowding;booking_confusion,,温泉;椎葉山荘,대욕장/공용탕 이용 경험 언급; 우레시노 물성/피부감 또는 온천수 언급,mixed,conditional_signal_tag,medium,issue_caution_calibration_needed
221,Jalan,https://www.jalan.net/yad387276/kuchikomi/archive/7.HTML,archive_7,Jalan_11670856,ja,2020/12/8,2020年11月宿泊,4,4,5,嬉野温泉堪能,和洋室 ◆毎年ご好評をいただいております！ ★嬉野清流育ち天日仕上げ棚田米のお土産付きプラン,93,yes,open_air_public_bath;public_bath;facility_wide,public_bath_hot_spring;water_texture;booking_confusion,sister_property_movement,温泉;椎葉の湯;椎葉山荘;大正屋,계류/공용 노천탕 경험 언급; 대욕장/공용탕 이용 경험 언급; 우레시노 물성/피부감 또는 온천수 언급; 주의 신호: sister_property_movement,mixed,caution_or_issue_tag,high,issue_caution_calibration_needed
222,Jalan,https://www.jalan.net/yad387276/kuchikomi/archive/7.HTML,archive_7,Jalan_11652912,ja,2020/11/29,2020年11月宿泊,5,5,5,全て素晴らしい宿でした,和洋室 ◇大正屋グループ共通１，０００円商品券贈呈プラン,258,yes,open_air_public_bath;public_bath;facility_wide,public_bath_hot_spring;water_texture;booking_confusion,sister_property_movement,温泉;露天;露天風呂;椎葉山荘;大正屋,계류/공용 노천탕 경험 언급; 대욕장/공용탕 이용 경험 언급; 우레시노 물성/피부감 또는 온천수 언급; 주의 신호: sister_property_movement,mixed,caution_or_issue_tag,high,issue_caution_calibration_needed
223,Jalan,https://www.jalan.net/yad387276/kuchikomi/archive/7.HTML,archive_7,Jalan_11646940,ja,2020/11/26,2020年11月宿泊,4,3,4,さすが大正屋,和洋室 【じゃらん秋SALE】５％OFF■生ビール１ジョッキ付きプランが大好評(メインは網焼き）,193,yes,room_open_air_bath;open_air_public_bath;public_bath,room_bath_hot_spring;public_bath_hot_spring;water_texture;weak_onsen_feeling;chlorine_smell;booking_confusion,sister_property_movement;temperature;cleanliness,露天;しいばの湯;塩素;大正屋,"계류/공용 노천탕 경험 언급; 대욕장/공용탕 이용 경험 언급; 객실 노천탕 맥락 언급; 우레시노 물성/피부감 또는 온천수 언급; 주의 신호: sister_property_movement,temperature,cleanliness",negative,negative_signal_tag,high,issue_caution_calibration_needed
224,Jalan,https://www.jalan.net/yad387276/kuchikomi/archive/7.HTML,archive_7,Jalan_11596990,ja,2020/11/7,2020年10月宿泊,4,5,5,素敵なお宿でした,和洋室 【じゃらん秋SALE】５％OFF■生ビール１ジョッキ付きプランが大好評(メインは網焼き）,135,no,unclear,,,,온천 언급 없는 숙박 경험 리뷰.,neutral,neutral_or_lodging_context,medium,issue_caution_calibration_needed
225,Jalan,https://www.jalan.net/yad387276/kuchikomi/archive/7.HTML,archive_7,Jalan_11591575,ja,2020/11/4,2020年11月宿泊,5,5,5,念願の椎葉山荘、思っていた以上に最高でした。,和洋室 ◎人気ブランド牛・佐賀牛の陶板焼き会席プラン,153,yes,open_air_public_bath;public_bath;facility_wide,public_bath_hot_spring;water_texture,aging_or_access,温泉;露天;露天風呂;大浴場;椎葉山荘,계류/공용 노천탕 경험 언급; 대욕장/공용탕 이용 경험 언급; 우레시노 물성/피부감 또는 온천수 언급; 주의 신호: aging_or_access,mixed,caution_or_issue_tag,high,issue_caution_calibration_needed
226,Jalan,https://www.jalan.net/yad387276/kuchikomi/archive/7.HTML,archive_7,Jalan_11574736,ja,2020/10/28,2020年10月宿泊,5,5,5,温泉が最高！接客も最高！,和洋室 【じゃらん秋SALE】５％OFF■生ビール１ジョッキ付きプランが大好評(メインは網焼き）,217,yes,public_bath;facility_wide,public_bath_hot_spring;water_texture,,温泉;椎葉山荘;美肌,대욕장/공용탕 이용 경험 언급; 우레시노 물성/피부감 또는 온천수 언급,positive,body_positive,high,issue_caution_calibration_needed
227,Jalan,https://www.jalan.net/yad387276/kuchikomi/archive/7.HTML,archive_7,Jalan_11564374,ja,2020/10/24,2020年10月宿泊,5,5,5,癒やされ宿,和洋室 【生ビール１ジョッキ付きプラン】大好評！(メインは網焼き）,136,yes,facility_wide,water_texture;crowding,crowding,温泉,우레시노 물성/피부감 또는 온천수 언급; 주의 신호: crowding,mixed,caution_or_issue_tag,high,issue_caution_calibration_needed
228,Jalan,https://www.jalan.net/yad387276/kuchikomi/archive/7.HTML,archive_7,Jalan_11560375,ja,2020/10/22,2020年10月宿泊,4,4,4,山荘で癒されました。,和洋室 【じゃらんスペシャルウィーク】５％OFF■生ビール１ジョッキ付きプランが大好評！,170,yes,open_air_public_bath;public_bath,public_bath_hot_spring,,露天;露天風呂,계류/공용 노천탕 경험 언급; 대욕장/공용탕 이용 경험 언급,positive,body_positive,high,issue_caution_calibration_needed
229,Jalan,https://www.jalan.net/yad387276/kuchikomi/archive/7.HTML,archive_7,Jalan_11535220,ja,2020/10/12,2020年8月宿泊,5,5,5,おもてなしが良い！,和洋室 【直前割】 ★お部屋タイプおまかせプラン（メインは網焼き）,102,no,unclear,,,,온천 언급 없는 숙박 경험 리뷰.,neutral,neutral_or_lodging_context,medium,issue_caution_calibration_needed
230,Jalan,https://www.jalan.net/yad387276/kuchikomi/archive/7.HTML,archive_7,Jalan_11510267,ja,2020/9/29,2020年9月宿泊,5,4,4,初嬉野お泊まり,和洋室 ◎人気ブランド牛・佐賀牛の陶板焼き会席プラン,200,yes,public_bath,public_bath_hot_spring;booking_confusion,sister_property_movement,椎葉山荘;シャトル;大正屋,대욕장/공용탕 이용 경험 언급; 주의 신호: sister_property_movement,mixed,caution_or_issue_tag,high,issue_caution_calibration_needed
231,Jalan,https://www.jalan.net/yad387276/kuchikomi/archive/7.HTML,archive_7,Jalan_11478393,ja,2020/9/15,2020年9月宿泊,5,5,5,良い宿です,和洋室 椎葉山荘で大切な人と過ごす想いでの☆記念日プラン☆,202,yes,unclear,booking_confusion,sister_property_movement;cleanliness,椎葉山荘;大正屋,"주의 신호: sister_property_movement,cleanliness",mixed,caution_or_issue_tag,high,issue_caution_calibration_needed
232,Jalan,https://www.jalan.net/yad387276/kuchikomi/archive/7.HTML,archive_7,Jalan_11465725,ja,2020/9/9,2020年8月宿泊,5,5,5,リラックス,和洋室 【直前割】 ★お部屋タイプおまかせプラン（メインは網焼き）,141,yes,room_bath;public_bath;facility_wide,room_bath_hot_spring;public_bath_hot_spring;water_texture;booking_confusion,,温泉;部屋風呂,대욕장/공용탕 이용 경험 언급; 객실 내탕/檜風呂 맥락 언급; 우레시노 물성/피부감 또는 온천수 언급,mixed,conditional_signal_tag,medium,issue_caution_calibration_needed
233,Jalan,https://www.jalan.net/yad387276/kuchikomi/archive/7.HTML,archive_7,Jalan_11446011,ja,2020/8/28,2020年8月宿泊,5,5,5,ゴートゥーキャンペーンを利用,和洋室 ◇佐賀の銘品♪有田焼がもれなくついてるプラン（メインは網焼き）,272,yes,public_bath;facility_wide,public_bath_hot_spring;water_texture,insects,温泉;虫,대욕장/공용탕 이용 경험 언급; 우레시노 물성/피부감 또는 온천수 언급; 주의 신호: insects,mixed,body_negative_with_context,high,issue_caution_calibration_needed
234,Jalan,https://www.jalan.net/yad387276/kuchikomi/archive/7.HTML,archive_7,Jalan_11444775,ja,2020/8/27,2020年8月宿泊,5,4,5,娘と二人,和洋室 【直前割】 ★お部屋タイプおまかせプラン（メインは網焼き）,180,yes,public_bath,public_bath_hot_spring,,椎葉山荘,대욕장/공용탕 이용 경험 언급,positive,rating_positive_signal,medium,issue_caution_calibration_needed
235,Jalan,https://www.jalan.net/yad387276/kuchikomi/archive/7.HTML,archive_7,Jalan_11427274,ja,2020/8/18,2020年8月宿泊,5,5,5,自然いっぱいの温泉,和洋室 ◇大正屋グループ共通１，０００円商品券贈呈プラン　（メインは網焼き）,172,yes,public_bath;facility_wide,public_bath_hot_spring;water_texture;crowding;booking_confusion,sister_property_movement;cleanliness;crowding,温泉;大浴場;椎葉山荘;掃除;大正屋,"대욕장/공용탕 이용 경험 언급; 우레시노 물성/피부감 또는 온천수 언급; 주의 신호: sister_property_movement,cleanliness,crowding",mixed,body_negative_with_context,high,issue_caution_calibration_needed
236,Jalan,https://www.jalan.net/yad387276/kuchikomi/archive/7.HTML,archive_7,Jalan_11408418,ja,2020/8/10,2020年8月宿泊,5,5,4,良いお風呂とお料理,和洋室 【直前割】 ★お部屋タイプおまかせプラン（メインは網焼き）,242,yes,open_air_public_bath;public_bath,public_bath_hot_spring;crowding,,露天;露天風呂,계류/공용 노천탕 경험 언급; 대욕장/공용탕 이용 경험 언급,mixed,conditional_signal_tag,medium,issue_caution_calibration_needed
237,Jalan,https://www.jalan.net/yad387276/kuchikomi/archive/7.HTML,archive_7,Jalan_11391173,ja,2020/7/28,2020年7月宿泊,5,5,5,急に時間ができたので,和洋室 【直前割】 ★お部屋タイプおまかせプラン（メインは網焼き）,151,yes,facility_wide,water_texture;booking_confusion,,温泉;椎葉山荘,우레시노 물성/피부감 또는 온천수 언급,mixed,conditional_signal_tag,medium,issue_caution_calibration_needed
238,Jalan,https://www.jalan.net/yad387276/kuchikomi/archive/7.HTML,archive_7,Jalan_11325208,ja,2020/4/5,2020年3月宿泊,5,5,5,また、来たい宿です。,和洋室 焼肉食べ放題プラン★しいばの湯併設セルフ式レストラン『山法師』　～2019年10月以降のご予約はこちらで～,88,yes,unclear,water_texture;booking_confusion,,しいばの湯,우레시노 물성/피부감 또는 온천수 언급,mixed,conditional_signal_tag,medium,issue_caution_calibration_needed
239,Jalan,https://www.jalan.net/yad387276/kuchikomi/archive/7.HTML,archive_7,Jalan_11322960,ja,2020/4/1,2020年3月宿泊,4,4,5,温泉最高,和洋室 【 網焼きプラン 】 絶品！☆腕利きの料理人が大正屋特選牛を焼き上げる,184,yes,facility_wide,water_texture;booking_confusion,sister_property_movement,温泉;大正屋,우레시노 물성/피부감 또는 온천수 언급; 주의 신호: sister_property_movement,mixed,caution_or_issue_tag,high,issue_caution_calibration_needed
240,Jalan,https://www.jalan.net/yad387276/kuchikomi/archive/7.HTML,archive_7,Jalan_11253853,ja,2020/2/9,2020年1月宿泊,5,5,5,とてもいいお宿でした,和洋室 【生ビール１ジョッキ付きプラン】大好評！(メインは網焼き）,389,yes,open_air_public_bath;public_bath,public_bath_hot_spring;water_texture;booking_confusion,,しいばの湯,계류/공용 노천탕 경험 언급; 대욕장/공용탕 이용 경험 언급; 우레시노 물성/피부감 또는 온천수 언급,mixed,conditional_signal_tag,medium,issue_caution_calibration_needed
241,Jalan,https://www.jalan.net/yad387276/kuchikomi/archive/7.HTML,archive_7,Jalan_11253083,ja,2020/2/9,2020年2月宿泊,4,5,4,温泉三昧,和洋室 【直前割】 ★お部屋タイプおまかせプラン,228,yes,public_bath;facility_wide,public_bath_hot_spring;water_texture;crowding,,温泉;椎葉山荘,대욕장/공용탕 이용 경험 언급; 우레시노 물성/피부감 또는 온천수 언급,mixed,conditional_signal_tag,medium,issue_caution_calibration_needed
242,Jalan,https://www.jalan.net/yad387276/kuchikomi/archive/7.HTML,archive_7,Jalan_11243135,ja,2020/2/1,2020年1月宿泊,5,5,5,すべてが良かった,和洋室 椎葉山荘で大切な人と過ごす想いでの☆記念日プラン☆　～2019年10月以降のご予約はこちらで～,455,yes,room_bath;public_bath;facility_wide,room_bath_hot_spring;public_bath_hot_spring;water_texture;crowding;booking_confusion,sister_property_movement;crowding,温泉;椎葉山荘;内風呂;大正屋,"대욕장/공용탕 이용 경험 언급; 객실 내탕/檜風呂 맥락 언급; 우레시노 물성/피부감 또는 온천수 언급; 주의 신호: sister_property_movement,crowding",mixed,caution_or_issue_tag,high,issue_caution_calibration_needed
243,Jalan,https://www.jalan.net/yad387276/kuchikomi/archive/7.HTML,archive_7,Jalan_11233257,ja,2020/1/24,2020年1月宿泊,5,5,5,全てにおいて、良かった,和洋室 椎葉山荘で大切な人と過ごす想いでの☆記念日プラン☆　～2019年10月以降のご予約はこちらで～,63,yes,unclear,booking_confusion,,椎葉山荘,온천 언급 없는 숙박 경험 리뷰.,mixed,conditional_signal_tag,medium,issue_caution_calibration_needed
244,Jalan,https://www.jalan.net/yad387276/kuchikomi/archive/7.HTML,archive_7,Jalan_11190988,ja,2019/12/29,2019年12月宿泊,5,5,5,また泊まりたい宿,和洋室 ◇大正屋グループ共通１，０００円商品券贈呈プラン　～2019年10月以降のご予約はこちらで～,446,yes,room_bath;public_bath;facility_wide,room_bath_hot_spring;public_bath_hot_spring;water_texture;crowding;booking_confusion,sister_property_movement;aging_or_access;crowding,温泉;大正屋,"대욕장/공용탕 이용 경험 언급; 객실 내탕/檜風呂 맥락 언급; 우레시노 물성/피부감 또는 온천수 언급; 주의 신호: sister_property_movement,aging_or_access,crowding",mixed,caution_or_issue_tag,high,issue_caution_calibration_needed
245,Jalan,https://www.jalan.net/yad387276/kuchikomi/archive/8.HTML,archive_8,Jalan_11157159,ja,2019/12/1,2019年11月宿泊,5,5,4,初めての宿です,和洋室 【生ビール１ジョッキ付きプラン】大好評！(メインは網焼き）,65,yes,open_air_public_bath;public_bath,public_bath_hot_spring;water_texture,,露天;露天風呂,계류/공용 노천탕 경험 언급; 대욕장/공용탕 이용 경험 언급; 우레시노 물성/피부감 또는 온천수 언급,positive,rating_positive_signal,medium,issue_caution_calibration_needed
246,Jalan,https://www.jalan.net/yad387276/kuchikomi/archive/8.HTML,archive_8,Jalan_11157130,ja,2019/12/1,2019年11月宿泊,5,4,5,自然豊かな宿でした,和洋室 ◇大正屋グループ共通１，０００円商品券贈呈プラン　～2019年10月以降のご予約はこちらで～,334,yes,private_bath;open_air_public_bath;public_bath;facility_wide,public_bath_hot_spring;water_texture;private_bath_experience;booking_confusion,sister_property_movement;aging_or_access,温泉;露天;しいばの湯;山の湯;貸切;送迎;大正屋,"계류/공용 노천탕 경험 언급; 대욕장/공용탕 이용 경험 언급; 대절탕/프라이빗탕 맥락 언급; 우레시노 물성/피부감 또는 온천수 언급; 주의 신호: sister_property_movement,aging_or_access",mixed,caution_or_issue_tag,high,issue_caution_calibration_needed
247,Jalan,https://www.jalan.net/yad387276/kuchikomi/archive/8.HTML,archive_8,Jalan_11143147,ja,2019/11/20,2019年10月宿泊,4,4,4,バリアフリーのお部屋,和洋室 『バリアフリープラン』車椅子でも安心 （湯豆腐セットプレゼント）～2019年10月以降のご予約はこちらで～,250,no,unclear,water_texture;booking_confusion,aging_or_access,,우레시노 물성/피부감 또는 온천수 언급; 주의 신호: aging_or_access,mixed,caution_or_issue_tag,high,issue_caution_calibration_needed
248,Jalan,https://www.jalan.net/yad387276/kuchikomi/archive/8.HTML,archive_8,Jalan_11137375,ja,2019/11/15,2019年11月宿泊,5,5,5,perfection itself,和洋室 焼肉食べ放題プラン★しいばの湯併設セルフ式レストラン『山法師』　～2019年10月以降のご予約はこちらで～,962,yes,unclear,water_texture;booking_confusion,,しいばの湯,우레시노 물성/피부감 또는 온천수 언급,mixed,conditional_signal_tag,medium,issue_caution_calibration_needed
249,Jalan,https://www.jalan.net/yad387276/kuchikomi/archive/8.HTML,archive_8,Jalan_11130958,ja,2019/11/11,2019年11月宿泊,4,5,4,いい思い出になりました,和室 椎葉山荘で大切な人と過ごす想いでの☆記念日プラン☆　～2019年10月以降のご予約はこちらで～,107,yes,public_bath,public_bath_hot_spring;water_texture;booking_confusion,,椎葉山荘;山の湯,대욕장/공용탕 이용 경험 언급; 우레시노 물성/피부감 또는 온천수 언급,mixed,conditional_signal_tag,medium,issue_caution_calibration_needed
250,Jalan,https://www.jalan.net/yad387276/kuchikomi/archive/8.HTML,archive_8,Jalan_11114910,ja,2019/10/31,2019年10月宿泊,4,4,3,朝ご飯がおいしい,和洋室 【生ビール１ジョッキ付きプラン】大好評！(メインは網焼き）～2019年10月以降のご予約はこちらで～,118,no,unclear,booking_confusion,,,온천 언급 없는 숙박 경험 리뷰.,mixed,conditional_signal_tag,medium,issue_caution_calibration_needed
251,Jalan,https://www.jalan.net/yad387276/kuchikomi/archive/8.HTML,archive_8,Jalan_11088831,ja,2019/10/13,2019年10月宿泊,3,5,3,お湯のなめらかさ最高！,和洋室 【生ビール１ジョッキ付きプラン】大好評！(メインは網焼き）～2019年10月以降のご予約はこちらで～,66,yes,public_bath;facility_wide,public_bath_hot_spring;water_texture;booking_confusion,cleanliness,温泉,대욕장/공용탕 이용 경험 언급; 우레시노 물성/피부감 또는 온천수 언급; 주의 신호: cleanliness,mixed,caution_or_issue_tag,high,issue_caution_calibration_needed
252,Jalan,https://www.jalan.net/yad387276/kuchikomi/archive/8.HTML,archive_8,Jalan_11088230,ja,2019/10/12,2019年10月宿泊,4,4,5,母との旅行,和洋室 『バリアフリープラン』車椅子でも安心 （湯豆腐セットプレゼント）,70,yes,open_air_public_bath;public_bath,public_bath_hot_spring;water_texture,aging_or_access,椎葉の湯,계류/공용 노천탕 경험 언급; 대욕장/공용탕 이용 경험 언급; 우레시노 물성/피부감 또는 온천수 언급; 주의 신호: aging_or_access,mixed,caution_or_issue_tag,high,issue_caution_calibration_needed
253,Jalan,https://www.jalan.net/yad387276/kuchikomi/archive/8.HTML,archive_8,Jalan_11087804,ja,2019/10/12,2019年8月宿泊,4,5,4,温泉が最高です。,和洋室 【直前割】 ★お部屋タイプおまかせプラン,90,yes,facility_wide,water_texture,,温泉,우레시노 물성/피부감 또는 온천수 언급,positive,body_positive,high,issue_caution_calibration_needed
254,Jalan,https://www.jalan.net/yad387276/kuchikomi/archive/8.HTML,archive_8,Jalan_11015784,ja,2019/8/25,2019年8月宿泊,5,5,5,お世話になりました！,和洋室 【生ビール１ジョッキ付きプラン】料金そのままで大好評♪（お肉は網焼き）,364,yes,open_air_public_bath;public_bath,public_bath_hot_spring;water_texture;crowding;booking_confusion,sister_property_movement;cleanliness;crowding,椎葉の湯;椎葉山荘;山の湯;掃除;大正屋,"계류/공용 노천탕 경험 언급; 대욕장/공용탕 이용 경험 언급; 우레시노 물성/피부감 또는 온천수 언급; 주의 신호: sister_property_movement,cleanliness,crowding",mixed,body_negative_with_context,high,issue_caution_calibration_needed
255,Jalan,https://www.jalan.net/yad387276/kuchikomi/archive/8.HTML,archive_8,Jalan_10966097,ja,2019/8/1,2019年7月宿泊,5,4,5,北九州から両親・子供と家族旅行,和洋室 【生ビール１ジョッキ付きプラン】料金そのままで大好評♪（お肉は網焼き）,998,yes,room_bath;open_air_public_bath;public_bath,room_bath_hot_spring;public_bath_hot_spring;water_texture;crowding,aging_or_access;crowding,露天;露天風呂,"계류/공용 노천탕 경험 언급; 대욕장/공용탕 이용 경험 언급; 객실 내탕/檜風呂 맥락 언급; 우레시노 물성/피부감 또는 온천수 언급; 주의 신호: aging_or_access,crowding",mixed,caution_or_issue_tag,high,issue_caution_calibration_needed
256,Jalan,https://www.jalan.net/yad387276/kuchikomi/archive/8.HTML,archive_8,Jalan_10963842,ja,2019/7/30,2019年7月宿泊,5,5,5,全てに素晴らしいお宿,和洋室 【直前割】 ★お部屋タイプおまかせプラン,145,yes,unclear,booking_confusion,sister_property_movement,送迎,주의 신호: sister_property_movement,mixed,caution_or_issue_tag,high,issue_caution_calibration_needed
257,Jalan,https://www.jalan.net/yad387276/kuchikomi/archive/8.HTML,archive_8,Jalan_10925310,ja,2019/7/3,2019年7月宿泊,3,4,4,残念、、、,和洋室 【 網焼きプラン 】 絶品！☆腕利きの料理人が焼き上げた大正屋特選牛を網焼きで食す,507,yes,public_bath;facility_wide,public_bath_hot_spring;water_texture;booking_confusion,sister_property_movement,温泉;大正屋,대욕장/공용탕 이용 경험 언급; 우레시노 물성/피부감 또는 온천수 언급; 주의 신호: sister_property_movement,mixed,body_negative_with_context,high,issue_caution_calibration_needed
258,Jalan,https://www.jalan.net/yad387276/kuchikomi/archive/8.HTML,archive_8,Jalan_10913520,ja,2019/6/24,2019年5月宿泊,5,5,5,素敵な環境と美味しいお料理,和洋室 【生ビール１ジョッキ付きプラン】料金そのままで大好評♪（お肉は網焼き）,407,yes,public_bath;facility_wide,public_bath_hot_spring;water_texture,temperature,温泉;椎葉山荘,대욕장/공용탕 이용 경험 언급; 우레시노 물성/피부감 또는 온천수 언급; 주의 신호: temperature,mixed,caution_or_issue_tag,high,issue_caution_calibration_needed
259,Jalan,https://www.jalan.net/yad387276/kuchikomi/archive/8.HTML,archive_8,Jalan_10882937,ja,2019/6/4,2019年5月宿泊,4,4,4,お料理が美味しい！,和洋室 【生ビール１ジョッキ付きプラン】料金そのままで大好評♪（お肉は網焼き）,441,yes,room_bath;open_air_public_bath;public_bath;facility_wide,room_bath_hot_spring;public_bath_hot_spring;water_texture;weak_onsen_feeling;chlorine_smell;booking_confusion,sister_property_movement;aging_or_access,温泉;大浴場;しいばの湯;塩素;送迎,"계류/공용 노천탕 경험 언급; 대욕장/공용탕 이용 경험 언급; 객실 내탕/檜風呂 맥락 언급; 우레시노 물성/피부감 또는 온천수 언급; 주의 신호: sister_property_movement,aging_or_access",negative,negative_signal_tag,high,issue_caution_calibration_needed
260,Jalan,https://www.jalan.net/yad387276/kuchikomi/archive/8.HTML,archive_8,Jalan_10860062,ja,2019/5/20,2019年5月宿泊,3,4,4,期待していたのですが。,和洋室 【直前割】 ★お部屋タイプおまかせプラン,272,yes,public_bath;facility_wide,public_bath_hot_spring;water_texture,,温泉,대욕장/공용탕 이용 경험 언급; 우레시노 물성/피부감 또는 온천수 언급,positive,rating_positive_signal,medium,issue_caution_calibration_needed
261,Jalan,https://www.jalan.net/yad387276/kuchikomi/archive/8.HTML,archive_8,Jalan_10854986,ja,2019/5/16,2019年5月宿泊,5,5,5,とても気持ち良い森林浴,和室 焼肉食べ放題プラン★しいばの湯併設セルフ式レストラン『山法師』にて,84,yes,open_air_public_bath;public_bath,public_bath_hot_spring;water_texture,,露天;露天風呂;しいばの湯,계류/공용 노천탕 경험 언급; 대욕장/공용탕 이용 경험 언급; 우레시노 물성/피부감 또는 온천수 언급,positive,body_positive,high,issue_caution_calibration_needed
262,Jalan,https://www.jalan.net/yad387276/kuchikomi/archive/8.HTML,archive_8,Jalan_10847423,ja,2019/5/13,2019年4月宿泊,5,4,5,美味しい夕食,和洋室 ◇佐賀の銘品♪有田焼がもれなくついてるプラン,111,yes,public_bath,public_bath_hot_spring;booking_confusion,sister_property_movement,送迎,대욕장/공용탕 이용 경험 언급; 주의 신호: sister_property_movement,mixed,caution_or_issue_tag,high,issue_caution_calibration_needed
263,Jalan,https://www.jalan.net/yad387276/kuchikomi/archive/8.HTML,archive_8,Jalan_10810502,ja,2019/4/30,2019年4月宿泊,5,5,5,また行きたいと思える宿,和室 【得割和室プラン】《カップルにおすすめ》和室のみだから料金お得な部屋プラン『景観度優』,223,no,unclear,,,,온천 언급 없는 숙박 경험 리뷰.,positive,body_positive,high,issue_caution_calibration_needed
264,Jalan,https://www.jalan.net/yad387276/kuchikomi/archive/8.HTML,archive_8,Jalan_10784875,ja,2019/4/13,2019年4月宿泊,5,5,5,幸せな休日,和洋室 【直前割】 ★お部屋タイプおまかせプラン,220,yes,public_bath;facility_wide,public_bath_hot_spring;water_texture,,温泉,대욕장/공용탕 이용 경험 언급; 우레시노 물성/피부감 또는 온천수 언급,positive,rating_positive_signal,medium,issue_caution_calibration_needed
265,Jalan,https://www.jalan.net/yad387276/kuchikomi/archive/8.HTML,archive_8,Jalan_10769419,ja,2019/4/3,2019年4月宿泊,4,4,4,バリアフリーのお部屋,和洋室 ◇大正屋グループ共通１，０００円商品券贈呈プラン,72,yes,room_bath;public_bath,room_bath_hot_spring;public_bath_hot_spring;booking_confusion,sister_property_movement,内風呂;大正屋,대욕장/공용탕 이용 경험 언급; 객실 내탕/檜風呂 맥락 언급; 주의 신호: sister_property_movement,mixed,caution_or_issue_tag,high,issue_caution_calibration_needed
266,Jalan,https://www.jalan.net/yad387276/kuchikomi/archive/8.HTML,archive_8,Jalan_10768213,ja,2019/4/2,2019年3月宿泊,5,4,4,ゆっくり出来ます,和洋室 【生ビール１ジョッキ付きプラン】料金そのままで大好評♪（お肉は網焼き）,98,yes,open_air_public_bath;public_bath,public_bath_hot_spring;water_texture,,大浴場;しいばの湯,계류/공용 노천탕 경험 언급; 대욕장/공용탕 이용 경험 언급; 우레시노 물성/피부감 또는 온천수 언급,positive,body_positive,high,issue_caution_calibration_needed
267,Jalan,https://www.jalan.net/yad387276/kuchikomi/archive/8.HTML,archive_8,Jalan_10741196,ja,2019/3/18,2019年2月宿泊,4,5,5,また泊まりたい宿,和洋室 【期間限定】《日本茶アワード2018受賞記念》 嬉野茶受賞銘茶１パック付きプラン,101,yes,public_bath,public_bath_hot_spring;water_texture,,,대욕장/공용탕 이용 경험 언급; 우레시노 물성/피부감 또는 온천수 언급,positive,body_positive,high,issue_caution_calibration_needed
268,Jalan,https://www.jalan.net/yad387276/kuchikomi/archive/8.HTML,archive_8,Jalan_10672635,ja,2019/2/4,2019年1月宿泊,4,4,4,家族旅行。バリアフリー室利用。,和洋室 『専用客室』で車椅子でも安全に動ける温泉入浴プラン （湯豆腐セット付きプラン）,189,yes,public_bath;facility_wide,public_bath_hot_spring;water_texture,aging_or_access,温泉,대욕장/공용탕 이용 경험 언급; 우레시노 물성/피부감 또는 온천수 언급; 주의 신호: aging_or_access,mixed,caution_or_issue_tag,high,issue_caution_calibration_needed
269,Jalan,https://www.jalan.net/yad387276/kuchikomi/archive/8.HTML,archive_8,Jalan_10652595,ja,2019/1/20,2019年1月宿泊,5,5,5,ゆったりできます,和洋室 【直前割】 ★お部屋タイプおまかせプラン,115,no,unclear,,,,온천 언급 없는 숙박 경험 리뷰.,neutral,neutral_or_lodging_context,medium,issue_caution_calibration_needed
270,Jalan,https://www.jalan.net/yad387276/kuchikomi/archive/8.HTML,archive_8,Jalan_10651678,ja,2019/1/20,2019年1月宿泊,5,5,4,肩のこらないおもてなし料理が素晴らしい山の中の宿,和洋室 【期間限定】《日本茶アワード2018受賞記念》 嬉野茶受賞銘茶１パック付きプラン,274,yes,unclear,booking_confusion,,椎葉山荘,온천 언급 없는 숙박 경험 리뷰.,mixed,conditional_signal_tag,medium,issue_caution_calibration_needed
271,Jalan,https://www.jalan.net/yad387276/kuchikomi/archive/8.HTML,archive_8,Jalan_10648057,ja,2019/1/17,2019年1月宿泊,5,5,5,ゆっくりできました。,和洋室 【大地の恵み】嬉野産棚田米お土産１キロ付きプラン,87,no,unclear,,,,온천 언급 없는 숙박 경험 리뷰.,positive,body_positive,high,issue_caution_calibration_needed
272,Jalan,https://www.jalan.net/yad387276/kuchikomi/archive/8.HTML,archive_8,Jalan_10635458,ja,2019/1/10,2018年11月宿泊,5,5,5,椎葉山荘で忘年会旅行,和洋室 【生ビール１ジョッキ付きプラン】料金そのままで大好評♪（お肉は網焼き）,444,yes,open_air_public_bath;public_bath;facility_wide,public_bath_hot_spring;water_texture;booking_confusion,,温泉;椎葉の湯;椎葉山荘;山の湯,계류/공용 노천탕 경험 언급; 대욕장/공용탕 이용 경험 언급; 우레시노 물성/피부감 또는 온천수 언급,mixed,conditional_signal_tag,medium,issue_caution_calibration_needed
273,Jalan,https://www.jalan.net/yad387276/kuchikomi/archive/8.HTML,archive_8,Jalan_10574904,ja,2018/12/8,2018年12月宿泊,5,5,5,景色も 温泉もいい,和洋室 ◇大正屋グループ共通１，０００円商品券贈呈プラン,48,yes,facility_wide,water_texture;booking_confusion,sister_property_movement,温泉;大正屋,우레시노 물성/피부감 또는 온천수 언급; 주의 신호: sister_property_movement,mixed,caution_or_issue_tag,high,issue_caution_calibration_needed
274,Jalan,https://www.jalan.net/yad387276/kuchikomi/archive/8.HTML,archive_8,Jalan_10537330,ja,2018/11/15,2018年11月宿泊,5,5,5,家族旅行,和洋室 【 網焼きプラン 】 絶品！☆腕利きの料理人が焼き上げた大正屋特選牛を網焼きで食す,75,yes,unclear,booking_confusion,sister_property_movement,大正屋,주의 신호: sister_property_movement,mixed,caution_or_issue_tag,high,issue_caution_calibration_needed
275,Jalan,https://www.jalan.net/yad387276/kuchikomi/archive/9.HTML,archive_9,Jalan_10464540,ja,2018/10/3,2018年10月宿泊,1,3,1,部屋の匂い,和洋室 【直前割】 ★お部屋タイプおまかせプラン,170,yes,public_bath,public_bath_hot_spring,insects;cleanliness,椎葉山荘;虫,"대욕장/공용탕 이용 경험 언급; 주의 신호: insects,cleanliness",mixed,body_negative_with_context,high,issue_caution_calibration_needed
276,Jalan,https://www.jalan.net/yad387276/kuchikomi/archive/9.HTML,archive_9,Jalan_10452401,ja,2018/9/25,2018年9月宿泊,5,5,5,最高の時間,和洋室 【直前割】 ★お部屋タイプおまかせプラン,433,yes,public_bath,public_bath_hot_spring;booking_confusion,insects;cleanliness,虫;清掃,"대욕장/공용탕 이용 경험 언급; 주의 신호: insects,cleanliness",mixed,body_positive_and_negative,high,issue_caution_calibration_needed
277,Jalan,https://www.jalan.net/yad387276/kuchikomi/archive/9.HTML,archive_9,Jalan_10449110,ja,2018/9/24,2018年9月宿泊,5,5,5,温泉最高のゆっくり出来るホテルです。,和洋室 【 網焼きプラン 】 絶品！☆腕利きの料理人が焼き上げた大正屋特選牛を網焼きで食す,107,yes,public_bath;facility_wide,public_bath_hot_spring;water_texture;booking_confusion,sister_property_movement,温泉;大正屋,대욕장/공용탕 이용 경험 언급; 우레시노 물성/피부감 또는 온천수 언급; 주의 신호: sister_property_movement,mixed,caution_or_issue_tag,high,issue_caution_calibration_needed
278,Jalan,https://www.jalan.net/yad387276/kuchikomi/archive/9.HTML,archive_9,Jalan_10440068,ja,2018/9/19,2018年9月宿泊,5,5,5,期待通り、再度訪れたくなる宿。,和洋室 ◇大正屋グループ共通１，０００円商品券贈呈プラン,166,yes,unclear,booking_confusion,sister_property_movement;insects;aging_or_access,虫;大正屋,"주의 신호: sister_property_movement,insects,aging_or_access",mixed,body_negative_with_context,high,issue_caution_calibration_needed
279,Jalan,https://www.jalan.net/yad387276/kuchikomi/archive/9.HTML,archive_9,Jalan_10437547,ja,2018/9/18,2018年9月宿泊,5,5,5,３世代の旅行。,和洋室 【直前割】 ★お部屋タイプおまかせプラン,105,yes,public_bath,public_bath_hot_spring;booking_confusion,,,대욕장/공용탕 이용 경험 언급,mixed,conditional_signal_tag,medium,issue_caution_calibration_needed
280,Jalan,https://www.jalan.net/yad387276/kuchikomi/archive/9.HTML,archive_9,Jalan_10429755,ja,2018/9/13,2018年7月宿泊,3,4,4,古希祝いに,和洋室 椎葉山荘で大切な人と過ごす想いでの☆記念日プラン,187,yes,facility_wide,water_texture,insects,温泉;椎葉山荘;虫,우레시노 물성/피부감 또는 온천수 언급; 주의 신호: insects,mixed,body_negative_with_context,high,issue_caution_calibration_needed
281,Jalan,https://www.jalan.net/yad387276/kuchikomi/archive/9.HTML,archive_9,Jalan_10408246,ja,2018/9/1,2018年8月宿泊,5,4,4,ゆっくりできました,和洋室 【 網焼きプラン 】 絶品！☆腕利きの料理人が焼き上げた大正屋特選牛を網焼きで食す,73,yes,unclear,booking_confusion,sister_property_movement,大正屋,주의 신호: sister_property_movement,mixed,caution_or_issue_tag,high,issue_caution_calibration_needed
282,Jalan,https://www.jalan.net/yad387276/kuchikomi/archive/9.HTML,archive_9,Jalan_10327227,ja,2018/7/26,2018年7月宿泊,5,5,5,最高の思い出です。,和洋室 【生ビール１ジョッキ付きプラン】料金そのままで大好評♪（お肉は網焼き）,125,no,unclear,,,,온천 언급 없는 숙박 경험 리뷰.,positive,body_positive,high,issue_caution_calibration_needed
283,Jalan,https://www.jalan.net/yad387276/kuchikomi/archive/9.HTML,archive_9,Jalan_10310706,ja,2018/7/16,2018年7月宿泊,4,5,5,のんびりできました。,和洋室 【 網焼きプラン 】 絶品！☆腕利きの料理人が焼き上げた大正屋特選牛を網焼きで食す,118,yes,room_bath;open_air_public_bath;public_bath;facility_wide,room_bath_hot_spring;public_bath_hot_spring;water_texture;booking_confusion,sister_property_movement,温泉;露天;露天風呂;内風呂;大正屋,계류/공용 노천탕 경험 언급; 대욕장/공용탕 이용 경험 언급; 객실 내탕/檜風呂 맥락 언급; 우레시노 물성/피부감 또는 온천수 언급; 주의 신호: sister_property_movement,mixed,caution_or_issue_tag,high,issue_caution_calibration_needed
284,Jalan,https://www.jalan.net/yad387276/kuchikomi/archive/9.HTML,archive_9,Jalan_10309858,ja,2018/7/15,2018年7月宿泊,5,4,5,対応に感謝です。,和洋室 【生ビール１ジョッキ付きプラン】料金そのままで大好評♪（お肉は網焼き）,96,no,unclear,,,,온천 언급 없는 숙박 경험 리뷰.,neutral,neutral_or_lodging_context,medium,issue_caution_calibration_needed
285,Jalan,https://www.jalan.net/yad387276/kuchikomi/archive/9.HTML,archive_9,Jalan_10296476,ja,2018/7/5,2018年6月宿泊,5,4,5,還暦のお祝いに家族旅行,和洋室 ◇大正屋グループ共通１，０００円商品券贈呈プラン,293,yes,public_bath,public_bath_hot_spring;water_texture;booking_confusion,sister_property_movement;insects;cleanliness,虫;清掃;大正屋,"대욕장/공용탕 이용 경험 언급; 우레시노 물성/피부감 또는 온천수 언급; 주의 신호: sister_property_movement,insects,cleanliness",mixed,body_negative_with_context,high,issue_caution_calibration_needed
286,Jalan,https://www.jalan.net/yad387276/kuchikomi/archive/9.HTML,archive_9,Jalan_10263249,ja,2018/6/11,2018年6月宿泊,5,5,5,蛍鑑賞の旅。,和室 【得割和室プラン】《カップルにおすすめ》和室のみだから料金お得な部屋プラン『景観度優』,131,yes,unclear,booking_confusion,,椎葉山荘,온천 언급 없는 숙박 경험 리뷰.,mixed,conditional_signal_tag,medium,issue_caution_calibration_needed
287,Jalan,https://www.jalan.net/yad387276/kuchikomi/archive/9.HTML,archive_9,Jalan_10247806,ja,2018/5/31,2018年4月宿泊,4,4,4,いい宿でした。,和室 【直前予約】焼肉食べ放題プラン★しいばの湯併設セルフ式レストラン『山法師』にて,67,yes,unclear,water_texture;booking_confusion,,しいばの湯;椎葉山荘,우레시노 물성/피부감 또는 온천수 언급,mixed,conditional_signal_tag,medium,issue_caution_calibration_needed
288,Jalan,https://www.jalan.net/yad387276/kuchikomi/archive/9.HTML,archive_9,Jalan_10239596,ja,2018/5/26,2018年4月宿泊,5,4,5,感動しました,和洋室 【 網焼きプラン 】 絶品！☆腕利きの料理人が焼き上げた大正屋特選牛を網焼きで食す,656,yes,room_bath;open_air_public_bath;public_bath;facility_wide,room_bath_hot_spring;public_bath_hot_spring;water_texture;booking_confusion,sister_property_movement,温泉;椎葉の湯;檜風呂;大正屋,계류/공용 노천탕 경험 언급; 대욕장/공용탕 이용 경험 언급; 객실 내탕/檜風呂 맥락 언급; 우레시노 물성/피부감 또는 온천수 언급; 주의 신호: sister_property_movement,mixed,caution_or_issue_tag,high,issue_caution_calibration_needed
289,Jalan,https://www.jalan.net/yad387276/kuchikomi/archive/9.HTML,archive_9,Jalan_10227755,ja,2018/5/17,2018年5月宿泊,5,5,4,おちつきました。,和洋室 【 網焼きプラン 】 絶品！☆腕利きの料理人が焼き上げた大正屋特選牛を網焼きで食す,54,yes,unclear,booking_confusion,sister_property_movement,大正屋,주의 신호: sister_property_movement,mixed,caution_or_issue_tag,high,issue_caution_calibration_needed
290,Jalan,https://www.jalan.net/yad387276/kuchikomi/archive/9.HTML,archive_9,Jalan_10214955,ja,2018/5/10,2018年5月宿泊,5,5,5,森のなかの、癒しの宿,和洋室 【 網焼きプラン 】 絶品！☆腕利きの料理人が焼き上げた大正屋特選牛を網焼きで食す,402,yes,facility_wide,water_texture;crowding;booking_confusion,sister_property_movement;crowding,温泉;大正屋,"우레시노 물성/피부감 또는 온천수 언급; 주의 신호: sister_property_movement,crowding",mixed,caution_or_issue_tag,high,issue_caution_calibration_needed
291,Jalan,https://www.jalan.net/yad387276/kuchikomi/archive/9.HTML,archive_9,Jalan_10185375,ja,2018/4/28,2018年4月宿泊,5,5,5,癒されました,和洋室 【直前割】 ★お部屋タイプおまかせプラン,385,yes,public_bath,public_bath_hot_spring;water_texture,cleanliness,椎葉山荘;清掃,대욕장/공용탕 이용 경험 언급; 우레시노 물성/피부감 또는 온천수 언급; 주의 신호: cleanliness,mixed,caution_or_issue_tag,high,issue_caution_calibration_needed
292,Jalan,https://www.jalan.net/yad387276/kuchikomi/archive/9.HTML,archive_9,Jalan_10181631,ja,2018/4/25,2018年4月宿泊,5,4,5,65歳の記念旅行,和洋室 椎葉山荘で大切な人と過ごす想いでの☆記念日プラン,199,yes,room_bath;open_air_public_bath;public_bath;facility_wide,room_bath_hot_spring;public_bath_hot_spring;water_texture;booking_confusion,,温泉;露天;露天風呂;大浴場;椎葉山荘;檜風呂,계류/공용 노천탕 경험 언급; 대욕장/공용탕 이용 경험 언급; 객실 내탕/檜風呂 맥락 언급; 우레시노 물성/피부감 또는 온천수 언급,mixed,conditional_signal_tag,medium,issue_caution_calibration_needed
293,Jalan,https://www.jalan.net/yad387276/kuchikomi/archive/9.HTML,archive_9,Jalan_10149155,ja,2018/4/3,2018年4月宿泊,5,5,5,今まで泊まったホテルの中で、ベスト3に入ります,和洋室 【直前割】 ★お部屋タイプおまかせプラン,89,no,unclear,,,,온천 언급 없는 숙박 경험 리뷰.,neutral,neutral_or_lodging_context,medium,issue_caution_calibration_needed
294,Jalan,https://www.jalan.net/yad387276/kuchikomi/archive/9.HTML,archive_9,Jalan_10138045,ja,2018/3/28,2018年3月宿泊,5,4,4,大満足です,和洋室 ◇佐賀の銘品♪有田焼がもれなくついてるプラン,414,yes,room_bath;open_air_public_bath;public_bath;facility_wide,room_bath_hot_spring;public_bath_hot_spring;water_texture,,温泉;しいばの湯;山の湯;内風呂,계류/공용 노천탕 경험 언급; 대욕장/공용탕 이용 경험 언급; 객실 내탕/檜風呂 맥락 언급; 우레시노 물성/피부감 또는 온천수 언급,positive,body_positive,high,issue_caution_calibration_needed
295,Jalan,https://www.jalan.net/yad387276/kuchikomi/archive/9.HTML,archive_9,Jalan_10134644,ja,2018/3/26,2018年3月宿泊,5,4,5,家族旅行でした,和洋室 『専用客室』で車椅子でも安全に動ける温泉入浴プラン （湯豆腐セット付きプラン）,231,yes,public_bath;facility_wide,public_bath_hot_spring;water_texture,aging_or_access,温泉,대욕장/공용탕 이용 경험 언급; 우레시노 물성/피부감 또는 온천수 언급; 주의 신호: aging_or_access,mixed,caution_or_issue_tag,high,issue_caution_calibration_needed
296,Jalan,https://www.jalan.net/yad387276/kuchikomi/archive/9.HTML,archive_9,Jalan_10131061,ja,2018/3/24,2018年3月宿泊,5,5,5,おもてなしの心,和洋室 【大好評につき通年プランに昇格！】　料金そのまま♪生ビール１ジョッキ付きプラン（お肉は網焼き）,257,yes,unclear,booking_confusion,,椎葉山荘,온천 언급 없는 숙박 경험 리뷰.,mixed,conditional_signal_tag,medium,issue_caution_calibration_needed
297,Jalan,https://www.jalan.net/yad387276/kuchikomi/archive/9.HTML,archive_9,Jalan_10094407,ja,2018/2/28,2018年2月宿泊,5,4,5,美肌湯,和洋室 椎葉山荘で大切な人と過ごす想いでの☆記念日プラン,273,yes,room_bath;open_air_public_bath;public_bath;facility_wide,room_bath_hot_spring;public_bath_hot_spring;water_texture,,温泉;露天;露天風呂;椎葉山荘;檜風呂;美肌;とろとろ,계류/공용 노천탕 경험 언급; 대욕장/공용탕 이용 경험 언급; 객실 내탕/檜風呂 맥락 언급; 우레시노 물성/피부감 또는 온천수 언급,positive,body_positive,high,issue_caution_calibration_needed
298,Jalan,https://www.jalan.net/yad387276/kuchikomi/archive/9.HTML,archive_9,Jalan_10072254,ja,2018/2/14,2017年12月宿泊,5,3,5,父と車椅子で,和洋室 『専用客室』で車椅子でも安全に動ける温泉入浴プラン （湯豆腐セット付きプラン）,195,yes,public_bath;facility_wide,public_bath_hot_spring;water_texture,temperature;aging_or_access,温泉;ぬるい,"대욕장/공용탕 이용 경험 언급; 우레시노 물성/피부감 또는 온천수 언급; 주의 신호: temperature,aging_or_access",mixed,body_negative_with_context,high,issue_caution_calibration_needed
299,Jalan,https://www.jalan.net/yad387276/kuchikomi/archive/9.HTML,archive_9,Jalan_10048587,ja,2018/2/1,2018年1月宿泊,5,5,5,非日常感と素敵な温泉！,和室 椎葉山荘で大切な人と過ごす想いでの☆記念日プラン,355,yes,room_bath;open_air_public_bath;public_bath;facility_wide,room_bath_hot_spring;public_bath_hot_spring;water_texture,aging_or_access,温泉;露天;露天風呂;大浴場;椎葉山荘;檜風呂,계류/공용 노천탕 경험 언급; 대욕장/공용탕 이용 경험 언급; 객실 내탕/檜風呂 맥락 언급; 우레시노 물성/피부감 또는 온천수 언급; 주의 신호: aging_or_access,mixed,caution_or_issue_tag,high,issue_caution_calibration_needed
300,Jalan,https://www.jalan.net/yad387276/kuchikomi/archive/9.HTML,archive_9,Jalan_10046161,ja,2018/1/30,2018年1月宿泊,4,4,3,おすすめです。,和室 【得割和室プラン】《カップルにおすすめ》和室のみだから料金お得な部屋プラン『景観度優』,112,yes,open_air_public_bath;public_bath;facility_wide,public_bath_hot_spring;water_texture;booking_confusion,sister_property_movement,温泉;しいばの湯;大正屋,계류/공용 노천탕 경험 언급; 대욕장/공용탕 이용 경험 언급; 우레시노 물성/피부감 또는 온천수 언급; 주의 신호: sister_property_movement,mixed,caution_or_issue_tag,high,issue_caution_calibration_needed
301,Jalan,https://www.jalan.net/yad387276/kuchikomi/archive/9.HTML,archive_9,Jalan_10023080,ja,2018/1/16,2018年1月宿泊,5,4,5,全て満足です,和洋室 【 網焼きプラン 】 絶品！☆調理のプロが焼き上げた大正屋特選牛を網焼きで食す,191,yes,room_bath;public_bath;facility_wide,room_bath_hot_spring;public_bath_hot_spring;water_texture;booking_confusion,sister_property_movement;temperature,温泉;檜風呂;大正屋,"대욕장/공용탕 이용 경험 언급; 객실 내탕/檜風呂 맥락 언급; 우레시노 물성/피부감 또는 온천수 언급; 주의 신호: sister_property_movement,temperature",mixed,caution_or_issue_tag,high,issue_caution_calibration_needed
302,Jalan,https://www.jalan.net/yad387276/kuchikomi/archive/9.HTML,archive_9,Jalan_10018263,ja,2018/1/13,2018年1月宿泊,2,5,5,残念,和洋室 ◇佐賀の銘品♪有田焼がもれなくついてるプラン,350,yes,facility_wide,water_texture;booking_confusion,cleanliness,温泉;掃除,우레시노 물성/피부감 또는 온천수 언급; 주의 신호: cleanliness,mixed,body_negative_with_context,high,issue_caution_calibration_needed
303,Jalan,https://www.jalan.net/yad387276/kuchikomi/archive/9.HTML,archive_9,Jalan_09987895,ja,2018/1/2,2017年12月宿泊,5,5,5,最高の展望だ,和洋室 【 網焼きプラン 】 絶品！☆調理のプロが焼き上げた大正屋特選牛を網焼きで食す,70,yes,facility_wide,water_texture;booking_confusion,sister_property_movement,温泉;大正屋,우레시노 물성/피부감 또는 온천수 언급; 주의 신호: sister_property_movement,mixed,caution_or_issue_tag,high,issue_caution_calibration_needed
304,Jalan,https://www.jalan.net/yad387276/kuchikomi/archive/9.HTML,archive_9,Jalan_09942248,ja,2017/12/4,2017年11月宿泊,5,5,5,また泊まりたい！,和洋室 【直前割】 ★お部屋タイプおまかせプラン,271,yes,public_bath;facility_wide,public_bath_hot_spring;water_texture,,温泉,대욕장/공용탕 이용 경험 언급; 우레시노 물성/피부감 또는 온천수 언급,positive,body_positive,high,issue_caution_calibration_needed
305,Rakuten,https://travel.rakuten.co.jp/HOTEL/40293/review.html,api_offset_0,Rakuten_33123477970570,ja,2026-06-27,2026-06-20,5,5,5,部屋からの眺めと食事が最高で大満足,渓流沿いの離れ和洋室‐源泉100％かけ流し檜温泉内風呂付‐ 【いつもより贅沢に】大正屋特選牛の陶板焼プラン《四季の彩を味わう椎葉会席》,54,yes,room_bath;facility_wide,room_bath_hot_spring;water_texture;booking_confusion,sister_property_movement,温泉;内風呂;源泉;かけ流し;大正屋,객실 내탕/檜風呂 맥락 언급; 우레시노 물성/피부감 또는 온천수 언급; 주의 신호: sister_property_movement,mixed,caution_or_issue_tag,high,issue_caution_calibration_needed
306,Rakuten,https://travel.rakuten.co.jp/HOTEL/40293/review.html,api_offset_0,Rakuten_33123477794670,ja,2026-06-06,2026-04-13,4,4,3,ラウンジに急須と茶葉、部屋に椅子とティーテーブルがあれば最高,和室(2階) ‐源泉100％かけ流し檜温泉内風呂付‐ 当館人気No1◆佐賀牛陶板焼き付プラン《選りすぐりの厳選食材満載》,297,yes,room_bath;facility_wide,room_bath_hot_spring;water_texture,aging_or_access,温泉;内風呂;源泉;かけ流し,객실 내탕/檜風呂 맥락 언급; 우레시노 물성/피부감 또는 온천수 언급; 주의 신호: aging_or_access,mixed,caution_or_issue_tag,high,issue_caution_calibration_needed
307,Rakuten,https://travel.rakuten.co.jp/HOTEL/40293/review.html,api_offset_0,Rakuten_33123477785354,ja,2026-06-04,2026-05-18,4,4,4,,メゾネット和洋室　‐源泉100％かけ流し檜温泉内風呂付‐ 【記念日プラン】大切な日を椎葉山荘で◆ハッピーアニバーサリー◆大正屋特選牛陶板焼《ケーキなど特典付》,25,yes,room_bath;facility_wide,room_bath_hot_spring;water_texture;booking_confusion,sister_property_movement,温泉;椎葉山荘;内風呂;源泉;かけ流し;大正屋,객실 내탕/檜風呂 맥락 언급; 우레시노 물성/피부감 또는 온천수 언급; 주의 신호: sister_property_movement,mixed,caution_or_issue_tag,high,issue_caution_calibration_needed
308,Rakuten,https://travel.rakuten.co.jp/HOTEL/40293/review.html,api_offset_0,Rakuten_33123477783582,ja,2026-06-04,2026-06-02,5,5,5,台風接近も自然の音とホタルに癒された,１階和洋室　‐源泉100％かけ流し檜温泉内風呂付‐ 【当館スタンダード】大正屋特選牛をメインとした椎葉会席プラン《佐賀の厳選食材を愉しむ》,191,yes,room_bath;public_bath;facility_wide,room_bath_hot_spring;public_bath_hot_spring;water_texture;booking_confusion,sister_property_movement,温泉;内風呂;源泉;かけ流し;大正屋,대욕장/공용탕 이용 경험 언급; 객실 내탕/檜風呂 맥락 언급; 우레시노 물성/피부감 또는 온천수 언급; 주의 신호: sister_property_movement,mixed,caution_or_issue_tag,high,issue_caution_calibration_needed
309,Rakuten,https://travel.rakuten.co.jp/HOTEL/40293/review.html,api_offset_0,Rakuten_33123477725176,ja,2026-05-28,2026-05-26,5,5,5,スタッフのおもてなしと料理に感謝、再訪したい,１階和洋室　‐源泉100％かけ流し檜温泉内風呂付‐ 【当館スタンダード】大正屋特選牛をメインとした椎葉会席プラン《佐賀の厳選食材を愉しむ》,77,yes,room_bath;facility_wide,room_bath_hot_spring;water_texture;booking_confusion,sister_property_movement,温泉;内風呂;源泉;かけ流し;大正屋,객실 내탕/檜風呂 맥락 언급; 우레시노 물성/피부감 또는 온천수 언급; 주의 신호: sister_property_movement,mixed,caution_or_issue_tag,high,issue_caution_calibration_needed
310,Rakuten,https://travel.rakuten.co.jp/HOTEL/40293/review.html,api_offset_0,Rakuten_33123477687799,ja,2026-05-23,2026-05-22,5,5,5,山道は怖かったが、温泉と食事に満足,おまかせ和洋室　‐源泉100％かけ流し温泉内風呂付‐ ◆お部屋おまかせでお得◆佐賀牛陶板焼き付プラン《選りすぐりの厳選食材満載》,79,yes,room_bath;facility_wide,room_bath_hot_spring;water_texture,,温泉;内風呂;源泉;かけ流し,객실 내탕/檜風呂 맥락 언급; 우레시노 물성/피부감 또는 온천수 언급,positive,body_positive,high,issue_caution_calibration_needed
311,Rakuten,https://travel.rakuten.co.jp/HOTEL/40293/review.html,api_offset_0,Rakuten_33123477679380,ja,2026-05-22,2026-05-20,4,5,4,,１階和洋室　‐源泉100％かけ流し檜温泉内風呂付‐ 【当館スタンダード】大正屋特選牛をメインとした椎葉会席プラン《佐賀の厳選食材を愉しむ》,84,yes,room_bath;public_bath;facility_wide,room_bath_hot_spring;public_bath_hot_spring;water_texture;booking_confusion,sister_property_movement;aging_or_access,温泉;大浴場;内風呂;源泉;かけ流し;大正屋,"대욕장/공용탕 이용 경험 언급; 객실 내탕/檜風呂 맥락 언급; 우레시노 물성/피부감 또는 온천수 언급; 주의 신호: sister_property_movement,aging_or_access",mixed,caution_or_issue_tag,high,issue_caution_calibration_needed
312,Rakuten,https://travel.rakuten.co.jp/HOTEL/40293/review.html,api_offset_0,Rakuten_33123477652604,ja,2026-05-18,2026-05-08,4,5,4,全室離れで静かに過ごせるバリアフリーの宿,メゾネット和洋室　‐源泉100％かけ流し檜温泉内風呂付‐ 【いつもより贅沢に】大正屋特選牛の陶板焼プラン《四季の彩を味わう椎葉会席》,93,yes,room_bath;facility_wide,room_bath_hot_spring;water_texture;booking_confusion,sister_property_movement;aging_or_access,温泉;内風呂;源泉;かけ流し;大正屋,"객실 내탕/檜風呂 맥락 언급; 우레시노 물성/피부감 또는 온천수 언급; 주의 신호: sister_property_movement,aging_or_access",mixed,caution_or_issue_tag,high,issue_caution_calibration_needed
313,Google native,Aside Browser Google Hotels review tab: https://www.google.com/travel/search?q=Shiibasanso%20Ureshino%20reviews,aside_google_hotels_review_tab,Google_native_1,ko,2025-11 approx,,4,,4,,,visible_in_aside_snapshot,yes,open_air_public_bath;facility_wide,public_bath_hot_spring;water_texture,,숲;아침;노천탕,밤 숲 조명과 아침 숲 배경의 노천탕 경험을 긍정적으로 언급.,positive,positive_signal_no_caution,medium,issue_caution_calibration_needed
314,Google native,Aside Browser Google Hotels review tab: https://www.google.com/travel/search?q=Shiibasanso%20Ureshino%20reviews,aside_google_hotels_review_tab,Google_native_2,ko,2024 approx,,5,,,,,visible_in_aside_snapshot,yes,open_air_public_bath;facility_wide,public_bath_hot_spring;water_texture,,산뷰;노천탕;료칸,산 전망 노천탕을 핵심 만족 요소로 짧게 평가.,positive,body_positive,high,issue_caution_calibration_needed
315,Google native,Aside Browser Google Hotels review tab: https://www.google.com/travel/search?q=Shiibasanso%20Ureshino%20reviews,aside_google_hotels_review_tab,Google_native_3,ko,2025 approx,day_use_context,5,,,,,visible_in_aside_snapshot,yes,open_air_public_bath;public_bath,public_bath_hot_spring;water_texture;booking_confusion,aging_or_access,당일온천;택시;수건;온천,"당일온천 이용 경험과 접근/택시 비용, 수건 대여 정보를 함께 기록.",mixed,caution_or_issue_tag,high,issue_caution_calibration_needed
316,Google native,Aside Browser Google Hotels review tab: https://www.google.com/travel/search?q=Shiibasanso%20Ureshino%20reviews,aside_google_hotels_review_tab,Google_native_4,ko,2024 approx,,5,,,,,visible_in_aside_snapshot,no,unclear,,,,재방문 추억과 식사 중심의 Google 리뷰. visible 본문에서 온천 직접 신호는 부족.,neutral,neutral_or_lodging_context,medium,issue_caution_calibration_needed
317,Google native,Aside Browser Google Hotels review tab: https://www.google.com/travel/search?q=Shiibasanso%20Ureshino%20reviews,aside_google_hotels_review_tab,Google_native_5,ko,2024 approx,,1,,5,,,visible_in_aside_snapshot,no,unclear,,aging_or_access,위치;자연;휴식,"시내에서 떨어진 자연 속 휴식, 식사/서비스 중심 리뷰. 온천 본문 신호는 없음.",mixed,caution_or_issue_tag,high,issue_caution_calibration_needed
318,Google native,Aside Browser Google Hotels review tab: https://www.google.com/travel/search?q=Shiibasanso%20Ureshino%20reviews,aside_google_hotels_review_tab,Google_native_6,ko,2020 approx,day_use_context,5,,,,,visible_in_aside_snapshot,yes,public_bath;open_air_public_bath,public_bath_hot_spring;booking_confusion,,온천;숙소 분리;수건,"숙박동과 온천 이용 공간이 분리된 구조, 당일 온천 이용 맥락을 언급.",mixed,conditional_signal_tag,medium,issue_caution_calibration_needed
319,Naver Blog,https://blog.naver.com/kiha16/224217880018,aside_naver_blog_direct_body,Naver_blog_1,ko,2026-03-16,2026 stay_series_context,,,,우레시노 온천) 시이바산소 료칸 (3) - 둘째날 저녁 및 셋째날 체크아웃,,direct_body_read_in_aside,yes,public_bath;open_air_public_bath;facility_wide,public_bath_hot_spring;water_texture;crowding;booking_confusion,crowding;sister_property_movement,山の湯;대욕장;실내탕;야외 노천탕;송영,"숙박 중 山の湯를 여러 차례 이용하고, 아침 시간 혼잡 차이와 실내탕/야외 노천탕, 역 송영을 기록.",mixed,caution_or_issue_tag,high,issue_caution_calibration_needed
