sample_id,platform,provider,review_date,rating,source_url,language,author_hash,lodging_context,onsen_related,bath_area_tags,signal_tags,caution_tags,original_keywords,paraphrase_ko,source_access,included_in_lodging_direct_count,signal_direction,direction_backfill_rule,direction_backfill_confidence,direction_backfill_candidate_type
shuhokan-0001,Jalan,,2026/6/29,,https://www.jalan.net/yad343812/kuchikomi/,ja,890ef88c44a4," 時期 2026年5月宿泊 プラン 【1泊2食／亜李蘭離宮コラボ】人気の焼肉店で楽しむ「極上おおいた和牛焼肉コース」と和朝食付プラン 和室 朝・夕 価格帯 29,001～30,000円(大人１名あたり/税込)",true,facility_wide,onsen_related,temperature,温泉;ぬる,노후감·청결·온도 등 운영 주의 신호가 포함된 직접 리뷰.,direct_readable,true,mixed,caution_or_issue_tag,high,issue_caution_calibration_needed
shuhokan-0002,Jalan,,2026/6/15,,https://www.jalan.net/yad343812/kuchikomi/,ja,a0277583e063," 時期 2026年6月宿泊 プラン 【1泊朝食】心も身体も温まる♪炊き立てご飯と大分の郷土料理を楽しむ朝食付きプラン 和室 朝のみ 価格帯 13,001～14,000円(大人１名あたり/税込)",true,facility_wide,onsen_related,,温泉;湯,숙박 경험을 평가한 직접 리뷰 표본.,direct_readable,true,positive,positive_signal_no_caution,medium,issue_caution_calibration_needed
shuhokan-0003,Jalan,,2026/5/27,,https://www.jalan.net/yad343812/kuchikomi/,ja,bfb3b9b028dd," 時期 2026年5月宿泊 プラン 【じゃらんのお得な10日間】1泊夕食／好きなラーメンをチョイス「ラーメンごくまる」夕食セット付きプラン 和室 夕のみ 価格帯 14,001～15,000円(大人１名あたり/税込)",true,facility_wide,onsen_related,,露天;風呂;お風呂;湯,숙박 경험을 평가한 직접 리뷰 표본.,direct_readable,true,positive,positive_signal_no_caution,medium,issue_caution_calibration_needed
shuhokan-0004,Jalan,,2026/5/19,,https://www.jalan.net/yad343812/kuchikomi/,ja,ae2175204222," 時期 2026年5月宿泊 プラン 【1泊朝食】心も身体も温まる♪炊き立てご飯と大分の郷土料理を楽しむ朝食付きプラン 和室 朝のみ 価格帯 14,001～15,000円(大人１名あたり/税込)",true,facility_wide,onsen_related,,温泉,숙박 경험을 평가한 직접 리뷰 표본.,direct_readable,true,positive,positive_signal_no_caution,medium,issue_caution_calibration_needed
shuhokan-0005,Jalan,,2026/5/18,,https://www.jalan.net/yad343812/kuchikomi/,ja,a83134f16fb5," 時期 2026年3月宿泊 プラン 【1泊2食】◆豊後牛ステーキ弁当◆精肉店が創るこだわり弁当と大分郷土料理がメインの和朝食付プラン 和室 朝・夕 夕/部屋出し 価格帯 16,001～17,000円(大人１名あたり/税込)",true,facility_wide,onsen_related,,温泉;露天;風呂;露天風呂,숙박 경험을 평가한 직접 리뷰 표본.,direct_readable,true,positive,positive_signal_no_caution,medium,issue_caution_calibration_needed
shuhokan-0006,Jalan,,2026/5/1,,https://www.jalan.net/yad343812/kuchikomi/,ja,ee20dfe99610," 時期 2026年4月宿泊 プラン 【1泊2食／亜李蘭離宮コラボ】人気の焼肉店で楽しむ「極上おおいた和牛焼肉コース」と和朝食付プラン 和室 朝・夕 価格帯 30,001円以上(大人１名あたり/税込)",false,unclear,booking_confusion,,送迎,"역 접근, 도보, 택시, 송영 등 이동 동선을 함께 언급한 직접 리뷰.",direct_readable,true,mixed,conditional_signal_tag,medium,issue_caution_calibration_needed
shuhokan-0007,Jalan,,2026/4/5,,https://www.jalan.net/yad343812/kuchikomi/,ja,0e581a846745," 時期 2026年2月宿泊 プラン 【じゃらんスペシャルウィーク】素泊りプラン◆展望露天風呂から由布岳を眺めてゆったりと♪ 和洋室 食事なし 価格帯 14,001～15,000円(大人１名あたり/税込)",true,facility_wide,booking_confusion;onsen_related,,露天;風呂;お風呂;露天風呂;駅,"역 접근, 도보, 택시, 송영 등 이동 동선을 함께 언급한 직접 리뷰.",direct_readable,true,mixed,conditional_signal_tag,medium,issue_caution_calibration_needed
shuhokan-0008,Jalan,,2026/3/21,,https://www.jalan.net/yad343812/kuchikomi/,ja,8d556af8e863," 時期 2026年2月宿泊 プラン 【素泊りプラン】展望露天風呂から由布岳を眺めてゆったりと♪ 和室 食事なし 価格帯 14,001～15,000円(大人１名あたり/税込)",true,open_air_public_bath;public_bath,onsen_related;public_bath_hot_spring,,温泉;露天;風呂;大浴場;露天風呂,전망 대욕장과 공용 노천탕을 함께 언급한 직접 리뷰.,direct_readable,true,positive,positive_signal_no_caution,medium,issue_caution_calibration_needed
shuhokan-0009,Jalan,,2026/3/10,,https://www.jalan.net/yad343812/kuchikomi/,ja,2cbc5fa937f5," 時期 2026年3月宿泊 プラン 【1泊朝食】心も身体も温まる♪炊き立てご飯と大分の郷土料理を楽しむ朝食付きプラン ツイン 朝のみ 価格帯 17,001～18,000円(大人１名あたり/税込)",true,facility_wide,onsen_related,,露天;風呂;露天風呂,숙박 경험을 평가한 직접 리뷰 표본.,direct_readable,true,positive,positive_signal_no_caution,medium,issue_caution_calibration_needed
shuhokan-0010,Jalan,,2026/3/8,,https://www.jalan.net/yad343812/kuchikomi/,ja,ad3afb8fc89c," 時期 2026年2月宿泊 プラン 【じゃらんのお得な10日間】素泊りプラン◆展望露天風呂から由布岳を眺めてゆったりと♪ 和室 食事なし 価格帯 17,001～18,000円(大人１名あたり/税込)",true,open_air_public_bath;public_bath,booking_confusion;onsen_related;public_bath_hot_spring,,露天;風呂;大浴場;湯;露天風呂;駅,전망 대욕장과 공용 노천탕을 함께 언급한 직접 리뷰.,direct_readable,true,mixed,conditional_signal_tag,medium,issue_caution_calibration_needed
shuhokan-0011,Jalan,,2026/3/3,,https://www.jalan.net/yad343812/kuchikomi/,ja,0d7a148a3ea2," 時期 2026年2月宿泊 プラン 【1泊2食】「ラーメンごくまる」の夕食セットと大分郷土料理がメインの和朝食付プラン ツイン 朝・夕 価格帯 19,001～20,000円(大人１名あたり/税込)",true,facility_wide,onsen_related;water_texture,,温泉;露天;風呂;露天風呂;泉質,숙박 경험을 평가한 직접 리뷰 표본.,direct_readable,true,positive,positive_signal_no_caution,medium,issue_caution_calibration_needed
shuhokan-0012,Jalan,,2026/2/28,,https://www.jalan.net/yad343812/kuchikomi/,ja,7db1bbbb7be2," 時期 2026年2月宿泊 プラン 【1泊朝食】心も身体も温まる♪炊き立てご飯と大分の郷土料理を楽しむ朝食付きプラン 和室 朝のみ 価格帯 15,001～16,000円(大人１名あたり/税込)",true,facility_wide,onsen_related,,温泉;湯,숙박 경험을 평가한 직접 리뷰 표본.,direct_readable,true,positive,positive_signal_no_caution,medium,issue_caution_calibration_needed
shuhokan-0013,Jalan,,2026/2/23,,https://www.jalan.net/yad343812/kuchikomi/,ja,1d2634e84d26," 時期 2026年2月宿泊 プラン 【じゃらんスペシャルウィーク】1泊夕食／亜李蘭離宮コラボ★「極上おおいた和牛焼肉コース」プラン♪ 和室 夕のみ 価格帯 26,001～27,000円(大人１名あたり/税込)",true,facility_wide,booking_confusion;onsen_related,,温泉;送迎,"역 접근, 도보, 택시, 송영 등 이동 동선을 함께 언급한 직접 리뷰.",direct_readable,true,mixed,conditional_signal_tag,medium,issue_caution_calibration_needed
shuhokan-0014,Jalan,,2026/2/12,,https://www.jalan.net/yad343812/kuchikomi/,ja,a02cdb0115ac," 時期 2026年2月宿泊 プラン 【1泊朝食】心も身体も温まる♪炊き立てご飯と大分の郷土料理を楽しむ朝食付きプラン ツイン 朝のみ 価格帯 17,001～18,000円(大人１名あたり/税込)",true,open_air_public_bath;public_bath,onsen_related;public_bath_hot_spring,cleanliness_or_age,露天;風呂;大浴場;湯;サウナ;露天風呂;臭,전망 대욕장과 공용 노천탕을 함께 언급한 직접 리뷰.,direct_readable,true,mixed,body_negative_with_context,high,issue_caution_calibration_needed
shuhokan-0015,Jalan,,2026/1/30,,https://www.jalan.net/yad343812/kuchikomi/,ja,fea83fade321," 時期 2025年11月宿泊 プラン 【じゃらんスペシャルウィーク】【1泊朝食】炊き立てご飯と大分の郷土料理を楽しむ朝食付きプラン ツイン 朝のみ 価格帯 16,001～17,000円(大人１名あたり/税込)",true,public_bath,onsen_related;public_bath_hot_spring,,大浴場;サウナ,유후다케 전망 대욕장 또는 공용 온천을 언급한 직접 리뷰.,direct_readable,true,positive,positive_signal_no_caution,medium,issue_caution_calibration_needed
shuhokan-0016,Jalan,,2026/1/24,,https://www.jalan.net/yad343812/kuchikomi/,ja,7fd673599779," 時期 2026年1月宿泊 プラン 【1泊2食】「ラーメンごくまる」の夕食セットと大分郷土料理がメインの和朝食付プラン ツイン 朝・夕 価格帯 15,001～16,000円(大人１名あたり/税込)",true,facility_wide,onsen_related,,風呂;お風呂;湯,숙박 경험을 평가한 직접 리뷰 표본.,direct_readable,true,positive,positive_signal_no_caution,medium,issue_caution_calibration_needed
shuhokan-0017,Jalan,,2026/1/6,,https://www.jalan.net/yad343812/kuchikomi/,ja,c1ca3d38b2bf," 時期 2025年11月宿泊 プラン 【1泊朝食】心も身体も温まる♪炊き立てご飯と大分の郷土料理を楽しむ朝食付きプラン ツイン 朝のみ 価格帯 20,001～21,000円(大人１名あたり/税込)",true,facility_wide,onsen_related,,温泉;湯,숙박 경험을 평가한 직접 리뷰 표본.,direct_readable,true,positive,positive_signal_no_caution,medium,issue_caution_calibration_needed
shuhokan-0018,Jalan,,2025/12/22,,https://www.jalan.net/yad343812/kuchikomi/,ja,6bcbbf6d7075," 時期 2025年11月宿泊 プラン 【1泊朝食】心も身体も温まる♪炊き立てご飯と大分の郷土料理を楽しむ朝食付きプラン ツイン 朝のみ 価格帯 13,001～14,000円(大人１名あたり/税込)",false,unclear,,,,숙박 경험을 평가한 직접 리뷰 표본.,direct_readable,true,neutral,neutral_or_lodging_context,medium,issue_caution_calibration_needed
shuhokan-0019,Jalan,,2025/12/10,,https://www.jalan.net/yad343812/kuchikomi/,ja,6aabf0183b22," 時期 2025年11月宿泊 プラン 【1泊2食】◆黒毛和牛焼肉弁当◆精肉店が創るこだわり弁当と大分郷土料理がメインの和朝食付プラン 和室 朝・夕 夕/部屋出し 価格帯 17,001～18,000円(大人１名あたり/税込)",false,unclear,,,,숙박 경험을 평가한 직접 리뷰 표본.,direct_readable,true,neutral,neutral_or_lodging_context,medium,issue_caution_calibration_needed
shuhokan-0020,Jalan,,2025/12/7,,https://www.jalan.net/yad343812/kuchikomi/,ja,2a15cb85df7d," 時期 2025年11月宿泊 プラン 【1泊2食】◆豊後牛ステーキ弁当◆精肉店が創るこだわり弁当と大分郷土料理がメインの和朝食付プラン ツイン 朝・夕 夕/部屋出し 価格帯 22,001～23,000円(大人１名あたり/税込)",false,unclear,,,,숙박 경험을 평가한 직접 리뷰 표본.,direct_readable,true,neutral,neutral_or_lodging_context,medium,issue_caution_calibration_needed
shuhokan-0021,Jalan,,2025/11/10,,https://www.jalan.net/yad343812/kuchikomi/,ja,d1a9b1ec8b52," 時期 2025年11月宿泊 プラン 【1泊2食】「ラーメンごくまる」の夕食セットと大分郷土料理がメインの和朝食付プラン 和洋室 朝・夕 価格帯 17,001～18,000円(大人１名あたり/税込)",true,public_bath,booking_confusion;onsen_related;public_bath_hot_spring,,大浴場;湯;駅,유후다케 전망 대욕장 또는 공용 온천을 언급한 직접 리뷰.,direct_readable,true,mixed,conditional_signal_tag,medium,issue_caution_calibration_needed
shuhokan-0022,Jalan,,2025/10/31,,https://www.jalan.net/yad343812/kuchikomi/,ja,cb6966af7ab8," 時期 2025年10月宿泊 プラン 【じゃらんのお得な10日間】5％オフ【1泊2食】◆豊後牛ステーキ弁当◆こだわり弁当と和朝食付プラン ツイン 朝・夕 夕/部屋出し 価格帯 24,001～25,000円(大人１名あたり/税込)",true,facility_wide,onsen_related,,風呂;お風呂,숙박 경험을 평가한 직접 리뷰 표본.,direct_readable,true,positive,positive_signal_no_caution,medium,issue_caution_calibration_needed
shuhokan-0023,Jalan,,2025/10/26,,https://www.jalan.net/yad343812/kuchikomi/,ja,574b1831c6a5," 時期 2025年10月宿泊 プラン 【じゃらんスペシャルウィーク】【1泊朝食】炊き立てご飯と大分の郷土料理を楽しむ朝食付きプラン 和洋室 朝のみ 価格帯 16,001～17,000円(大人１名あたり/税込)",true,facility_wide,onsen_related,,風呂;お風呂,숙박 경험을 평가한 직접 리뷰 표본.,direct_readable,true,positive,positive_signal_no_caution,medium,issue_caution_calibration_needed
shuhokan-0024,Jalan,,2025/10/20,,https://www.jalan.net/yad343812/kuchikomi/,ja,768e037308d4," 時期 2025年10月宿泊 プラン 【1泊朝食】心も身体も温まる♪炊き立てご飯と大分の郷土料理を楽しむ朝食付きプラン 和室 朝のみ 価格帯 19,001～20,000円(大人１名あたり/税込)",true,open_air_public_bath;public_bath,booking_confusion;onsen_related;public_bath_hot_spring,,露天;風呂;大浴場;露天風呂;駅,전망 대욕장과 공용 노천탕을 함께 언급한 직접 리뷰.,direct_readable,true,mixed,conditional_signal_tag,medium,issue_caution_calibration_needed
shuhokan-0025,Jalan,,2025/10/17,,https://www.jalan.net/yad343812/kuchikomi/,ja,069936d2da9a," 時期 2025年10月宿泊 プラン 【1泊朝食】心も身体も温まる♪炊き立てご飯と大分の郷土料理を楽しむ朝食付きプラン ツイン 朝のみ 価格帯 14,001～15,000円(大人１名あたり/税込)",true,facility_wide,onsen_related,,露天;風呂;露天風呂,숙박 경험을 평가한 직접 리뷰 표본.,direct_readable,true,positive,positive_signal_no_caution,medium,issue_caution_calibration_needed
shuhokan-0026,Jalan,,2025/10/3,,https://www.jalan.net/yad343812/kuchikomi/,ja,cc3eaa6c116d," 時期 2025年10月宿泊 プラン 【1泊朝食】心も身体も温まる♪炊き立てご飯と大分の郷土料理を楽しむ朝食付きプラン ツイン 朝のみ 価格帯 14,001～15,000円(大人１名あたり/税込)",false,unclear,,,,숙박 경험을 평가한 직접 리뷰 표본.,direct_readable,true,neutral,neutral_or_lodging_context,medium,issue_caution_calibration_needed
shuhokan-0027,Jalan,,2025/9/29,,https://www.jalan.net/yad343812/kuchikomi/,ja,a7d37a2660fa," 時期 2025年9月宿泊 プラン 【1泊朝食】心も身体も温まる♪炊き立てご飯と大分の郷土料理を楽しむ朝食付きプラン ツイン 朝のみ 価格帯 16,001～17,000円(大人１名あたり/税込)",true,facility_wide,onsen_related,temperature,温泉;温度,노후감·청결·온도 등 운영 주의 신호가 포함된 직접 리뷰.,direct_readable,true,mixed,caution_or_issue_tag,high,issue_caution_calibration_needed
shuhokan-0028,Jalan,,2025/9/23,,https://www.jalan.net/yad343812/kuchikomi/,ja,6d8defb0c37f," 時期 2025年8月宿泊 プラン 【1泊朝食】心も身体も温まる♪炊き立てご飯と大分の郷土料理を楽しむ朝食付きプラン ツイン 朝のみ 価格帯 17,001～18,000円(大人１名あたり/税込)",true,facility_wide,onsen_related,,風呂;湯,숙박 경험을 평가한 직접 리뷰 표본.,direct_readable,true,positive,positive_signal_no_caution,medium,issue_caution_calibration_needed
shuhokan-0029,Jalan,,2025/9/19,,https://www.jalan.net/yad343812/kuchikomi/,ja,4dd0e160b144," 時期 2025年9月宿泊 プラン 【1泊朝食】心も身体も温まる♪炊き立てご飯と大分の郷土料理を楽しむ朝食付きプラン ツイン 朝のみ 価格帯 15,001～16,000円(大人１名あたり/税込)",true,facility_wide,onsen_related,,温泉,숙박 경험을 평가한 직접 리뷰 표본.,direct_readable,true,positive,positive_signal_no_caution,medium,issue_caution_calibration_needed
shuhokan-0030,Jalan,,2025/9/18,,https://www.jalan.net/yad343812/kuchikomi/,ja,a9219369f94a," 時期 2025年9月宿泊 プラン 【1泊朝食】心も身体も温まる♪炊き立てご飯と大分の郷土料理を楽しむ朝食付きプラン ツイン 朝のみ 価格帯 12,001～13,000円(大人１名あたり/税込)",true,facility_wide,onsen_related,,風呂;湯,숙박 경험을 평가한 직접 리뷰 표본.,direct_readable,true,positive,positive_signal_no_caution,medium,issue_caution_calibration_needed
shuhokan-0031,Jalan,,2025/9/15,5,https://www.jalan.net/yad343812/kuchikomi/2.HTML,ja,a3d4caee98b2,ゆっくり過ごせます,true,public_bath,onsen_related;public_bath_hot_spring,,大浴場;湯;足湯,유후다케 전망 대욕장 또는 공용 온천을 언급한 직접 리뷰.,direct_readable,true,positive,rating_positive_signal,medium,issue_caution_calibration_needed
shuhokan-0032,Jalan,,2025/9/8,4,https://www.jalan.net/yad343812/kuchikomi/2.HTML,ja,ce77bd1e1575,大きなお風呂でのんびり,true,open_air_public_bath;public_bath,crowding;onsen_related;public_bath_hot_spring,,露天;風呂;お風呂;大浴場;湯;露天風呂;混雑,전망 대욕장과 공용 노천탕을 함께 언급한 직접 리뷰.,direct_readable,true,mixed,conditional_signal_tag,medium,issue_caution_calibration_needed
shuhokan-0033,Jalan,,2025/9/7,5,https://www.jalan.net/yad343812/kuchikomi/2.HTML,ja,1f2a8c52467c,細やかな配慮がある温かい宿,true,facility_wide,onsen_related,,露天;風呂;露天風呂,숙박 경험을 평가한 직접 리뷰 표본.,direct_readable,true,positive,rating_positive_signal,medium,issue_caution_calibration_needed
shuhokan-0034,Jalan,,2025/9/5,4,https://www.jalan.net/yad343812/kuchikomi/2.HTML,ja,4b2643b6a099,絶景由布岳ビュー,true,facility_wide,onsen_related,,風呂,숙박 경험을 평가한 직접 리뷰 표본.,direct_readable,true,positive,rating_positive_signal,medium,issue_caution_calibration_needed
shuhokan-0035,Jalan,,2025/9/4,5,https://www.jalan.net/yad343812/kuchikomi/2.HTML,ja,66d9ef9c1622,おもてなしが最高,true,open_air_public_bath;public_bath,onsen_related;public_bath_hot_spring,,露天;風呂;大浴場;露天風呂,전망 대욕장과 공용 노천탕을 함께 언급한 직접 리뷰.,direct_readable,true,positive,rating_positive_signal,medium,issue_caution_calibration_needed
shuhokan-0036,Jalan,,2025/9/2,4,https://www.jalan.net/yad343812/kuchikomi/2.HTML,ja,d6ddcece5f34,いつも別府だったのでたまには湯布院,true,facility_wide,onsen_related,,温泉;湯,숙박 경험을 평가한 직접 리뷰 표본.,direct_readable,true,positive,rating_positive_signal,medium,issue_caution_calibration_needed
shuhokan-0037,Jalan,,2025/9/2,5,https://www.jalan.net/yad343812/kuchikomi/2.HTML,ja,bf2ee208e954,部屋・温泉からの景色が良かったです,true,facility_wide,booking_confusion;onsen_related;water_texture,,温泉;露天;風呂;湯;泉質;駅,"역 접근, 도보, 택시, 송영 등 이동 동선을 함께 언급한 직접 리뷰.",direct_readable,true,mixed,conditional_signal_tag,medium,issue_caution_calibration_needed
shuhokan-0038,Jalan,,2025/8/19,4,https://www.jalan.net/yad343812/kuchikomi/2.HTML,ja,424269c48589,喧騒から離れた宿,true,facility_wide,onsen_related,,露天;風呂;露天風呂,숙박 경험을 평가한 직접 리뷰 표본.,direct_readable,true,positive,rating_positive_signal,medium,issue_caution_calibration_needed
shuhokan-0039,Jalan,,2025/8/5,5,https://www.jalan.net/yad343812/kuchikomi/2.HTML,ja,ec350d4bde3d,暑い夏でもお勧めの宿,true,open_air_public_bath;public_bath,onsen_related;public_bath_hot_spring,,露天;風呂;お風呂;大浴場;湯;露天風呂,전망 대욕장과 공용 노천탕을 함께 언급한 직접 리뷰.,direct_readable,true,positive,rating_positive_signal,medium,issue_caution_calibration_needed
shuhokan-0040,Jalan,,2025/7/17,3,https://www.jalan.net/yad343812/kuchikomi/2.HTML,ja,ffb1e619815a,外国の研修生の接客が本当に一所懸命で好感度,true,facility_wide,crowding;onsen_related,,温泉;湯;少ない,숙박 경험을 평가한 직접 리뷰 표본.,direct_readable,true,mixed,conditional_signal_tag,medium,issue_caution_calibration_needed
shuhokan-0041,Jalan,,2025/7/9,5,https://www.jalan.net/yad343812/kuchikomi/2.HTML,ja,a1b4c375d998,喧騒から少し離れた程よい宿,true,public_bath,onsen_related;public_bath_hot_spring,,大浴場,유후다케 전망 대욕장 또는 공용 온천을 언급한 직접 리뷰.,direct_readable,true,positive,rating_positive_signal,medium,issue_caution_calibration_needed
shuhokan-0042,Rakuten Travel,,2026-06-13,5,https://travel.rakuten.co.jp/HOTEL/28141/review.html,ja,8f71dbf323f2,洋室ツイン（1〜2名様） 【1泊2食】〜大分和牛と旬菜の贅沢宴〜2時間飲み放題付◆夕食18時〜「秀峰会席」と和朝食付プラン,true,facility_wide,onsen_related,,温泉,숙박 경험을 평가한 직접 리뷰 표본.,direct_readable,true,positive,rating_positive_signal,medium,issue_caution_calibration_needed
shuhokan-0043,Rakuten Travel,,2026-05-20,4,https://travel.rakuten.co.jp/HOTEL/28141/review.html,ja,10e45860f85a,洋室ツイン（1〜2名様）■由布岳ビュー■ 【おおいたパワーチャージ】【1泊朝食】心も身体も温まる♪炊き立てご飯と大分の郷土料理を楽しむ朝食付き,false,unclear,,,,숙박 경험을 평가한 직접 리뷰 표본.,direct_readable,true,neutral,neutral_or_lodging_context,medium,issue_caution_calibration_needed
shuhokan-0044,Rakuten Travel,,2026-05-04,5,https://travel.rakuten.co.jp/HOTEL/28141/review.html,ja,517ab9cec87e,和室９畳（1〜2名様） 【春SALE】【素泊りプラン】展望露天風呂から由布岳を眺めてゆったりと♪,true,facility_wide,onsen_related,,露天;風呂;湯;露天風呂,숙박 경험을 평가한 직접 리뷰 표본.,direct_readable,true,positive,rating_positive_signal,medium,issue_caution_calibration_needed
shuhokan-0045,Rakuten Travel,,2026-05-02,5,https://travel.rakuten.co.jp/HOTEL/28141/review.html,ja,bf714cdf61bd,和室９畳（1〜2名様） 【春SALE】【素泊りプラン】展望露天風呂から由布岳を眺めてゆったりと♪,true,facility_wide,onsen_related,,温泉;露天;風呂;露天風呂,숙박 경험을 평가한 직접 리뷰 표본.,direct_readable,true,positive,rating_positive_signal,medium,issue_caution_calibration_needed
shuhokan-0046,Rakuten Travel,,2026-05-17,5,https://travel.rakuten.co.jp/HOTEL/28141/review.html,ja,cac499680320,和室９畳（1〜2名様）■由布岳ビュー■ 【直前割★10％OFF】見つけてお得！ 素泊り／展望露天風呂から由布岳を眺めてゆったりと♪,true,facility_wide,booking_confusion;onsen_related,,露天;風呂;露天風呂;駅,"역 접근, 도보, 택시, 송영 등 이동 동선을 함께 언급한 직접 리뷰.",direct_readable,true,mixed,conditional_signal_tag,medium,issue_caution_calibration_needed
shuhokan-0047,Rakuten Travel,,2026-04-25,4,https://travel.rakuten.co.jp/HOTEL/28141/review.html,ja,62b50991119f,洋室ツイン（1〜2名様）■由布岳ビュー■ 【おおいたパワーチャージ】【素泊りプラン】展望露天風呂から由布岳を眺めてゆったりと♪,true,facility_wide,booking_confusion;onsen_related,,温泉;露天;風呂;露天風呂;送迎;駅,"역 접근, 도보, 택시, 송영 등 이동 동선을 함께 언급한 직접 리뷰.",direct_readable,true,mixed,conditional_signal_tag,medium,issue_caution_calibration_needed
shuhokan-0048,Rakuten Travel,,2026-06-28,5,https://travel.rakuten.co.jp/HOTEL/28141/review.html,ja,8686f52b9ead,和室９畳（1〜2名様） 【おおいたパワーチャージ】【素泊りプラン】展望露天風呂から由布岳を眺めてゆったりと♪,true,open_air_public_bath;public_bath,onsen_related;public_bath_hot_spring,,露天;風呂;大浴場;露天風呂,전망 대욕장과 공용 노천탕을 함께 언급한 직접 리뷰.,direct_readable,true,positive,rating_positive_signal,medium,issue_caution_calibration_needed
shuhokan-0049,Rakuten Travel,,2026-04-01,5,https://travel.rakuten.co.jp/HOTEL/28141/review.html,ja,21e6b5418663,和室１２畳（1〜4名様）■由布岳ビュー■ 【楽天スーパーSALE】【素泊りプラン】展望露天風呂から由布岳を眺めてゆったりと♪,true,facility_wide,onsen_related,,露天;風呂;お風呂;露天風呂,숙박 경험을 평가한 직접 리뷰 표본.,direct_readable,true,positive,rating_positive_signal,medium,issue_caution_calibration_needed
shuhokan-0050,Rakuten Travel,,2026-06-22,3,https://travel.rakuten.co.jp/HOTEL/28141/review.html,ja,fd92320e67b7,洋室ツイン（1〜2名様）■由布岳ビュー■ 【おおいたパワーチャージ】【1泊2食】「ラーメンごくまる」夕食セットと大分郷土料理がメインの和朝食付,false,unclear,,,,숙박 경험을 평가한 직접 리뷰 표본.,direct_readable,true,neutral,neutral_or_lodging_context,medium,issue_caution_calibration_needed
shuhokan-0051,Rakuten Travel,,2026-05-27,3,https://travel.rakuten.co.jp/HOTEL/28141/review.html,ja,5e066ac833ab,洋室ツイン（1〜2名様）■由布岳ビュー■ 【楽天スーパーSALE】【1泊夕食／亜李蘭離宮コラボ】人気焼肉店での「極上おおいた和牛焼肉コース」,true,facility_wide,onsen_related,,湯,숙박 경험을 평가한 직접 리뷰 표본.,direct_readable,true,positive,positive_signal_no_caution,medium,issue_caution_calibration_needed
shuhokan-0052,Rakuten Travel,,2026-02-10,4,https://travel.rakuten.co.jp/HOTEL/28141/review.html,ja,5bd0a68230c8,和室９畳（1〜2名様）■由布岳ビュー■ 【おおいたパワーチャージ】【素泊りプラン】展望露天風呂から由布岳を眺めてゆったりと♪,true,open_air_public_bath;public_bath,booking_confusion;onsen_related;public_bath_hot_spring,,温泉;露天;風呂;お風呂;最上階;露天風呂;駅,전망 대욕장과 공용 노천탕을 함께 언급한 직접 리뷰.,direct_readable,true,mixed,conditional_signal_tag,medium,issue_caution_calibration_needed
shuhokan-0053,Rakuten Travel,,2026-03-26,5,https://travel.rakuten.co.jp/HOTEL/28141/review.html,ja,efab0adee6e1,和室９畳（1〜2名様） 【直前割★10％OFF】見つけてお得！ 素泊り／展望露天風呂から由布岳を眺めてゆったりと♪,true,facility_wide,onsen_related,,露天;風呂;露天風呂,숙박 경험을 평가한 직접 리뷰 표본.,direct_readable,true,positive,rating_positive_signal,medium,issue_caution_calibration_needed
shuhokan-0054,Rakuten Travel,,2026-03-24,5,https://travel.rakuten.co.jp/HOTEL/28141/review.html,ja,7ee73605213c,和室９畳（1〜2名様） 【1泊夕食／亜李蘭離宮コラボ】人気の焼肉店で楽しむ「極上おおいた和牛焼肉コース」プラン♪,true,open_air_public_bath;public_bath,booking_confusion;onsen_related;public_bath_hot_spring,,温泉;露天;風呂;お風呂;最上階;送迎;駅,전망 대욕장과 공용 노천탕을 함께 언급한 직접 리뷰.,direct_readable,true,mixed,conditional_signal_tag,medium,issue_caution_calibration_needed
shuhokan-0055,Rakuten Travel,,2026-03-18,4,https://travel.rakuten.co.jp/HOTEL/28141/review.html,ja,ffc8bfd92a52,和室９畳（1〜2名様）■由布岳ビュー■ 【直前割★10％OFF】1泊朝食◆心も温まる！炊き立てご飯と大分の郷土料理を楽しむ朝食付きプラン,true,open_air_public_bath;public_bath;room_bath,booking_confusion;onsen_related;public_bath_hot_spring;room_bath_hot_spring,,露天;風呂;大浴場;湯;露天風呂;部屋風呂;送迎;駅,전망 대욕장과 공용 노천탕을 함께 언급한 직접 리뷰.,direct_readable,true,mixed,conditional_signal_tag,medium,issue_caution_calibration_needed
shuhokan-0056,Rakuten Travel,,2026-03-09,5,https://travel.rakuten.co.jp/HOTEL/28141/review.html,ja,ace824f58d4e,和室９畳（1〜2名様）■由布岳ビュー■ 【おおいたパワーチャージ】【1泊朝食】心も身体も温まる♪炊き立てご飯と大分の郷土料理を楽しむ朝食付き,true,facility_wide,booking_confusion;onsen_related,,風呂;お風呂;駅,"역 접근, 도보, 택시, 송영 등 이동 동선을 함께 언급한 직접 리뷰.",direct_readable,true,mixed,conditional_signal_tag,medium,issue_caution_calibration_needed
shuhokan-0057,Rakuten Travel,,2026-01-02,4,https://travel.rakuten.co.jp/HOTEL/28141/review.html,ja,d1359673ce9a,和室１２畳（1〜4名様）■由布岳ビュー■ 【1泊朝食】心も身体も温まる♪炊き立てご飯と大分の郷土料理を楽しむ朝食付きプラン,true,facility_wide,onsen_related,,温泉;湯,숙박 경험을 평가한 직접 리뷰 표본.,direct_readable,true,positive,rating_positive_signal,medium,issue_caution_calibration_needed
shuhokan-0058,Rakuten Travel,,2026-03-13,4,https://travel.rakuten.co.jp/HOTEL/28141/review.html,ja,e56ac7d07279,洋室ツイン（1〜2名様）■由布岳ビュー■ 【春SALE】【素泊りプラン】展望露天風呂から由布岳を眺めてゆったりと♪,true,open_air_public_bath;public_bath,onsen_related;public_bath_hot_spring,,露天;風呂;大浴場;露天風呂,전망 대욕장과 공용 노천탕을 함께 언급한 직접 리뷰.,direct_readable,true,positive,rating_positive_signal,medium,issue_caution_calibration_needed
shuhokan-0059,Rakuten Travel,,2026-03-08,4,https://travel.rakuten.co.jp/HOTEL/28141/review.html,ja,eb79d5b3cef6,和室９畳（1〜2名様） 【おおいたパワーチャージ】【素泊りプラン】展望露天風呂から由布岳を眺めてゆったりと♪,true,facility_wide,onsen_related,,露天;風呂;露天風呂,숙박 경험을 평가한 직접 리뷰 표본.,direct_readable,true,positive,rating_positive_signal,medium,issue_caution_calibration_needed
shuhokan-0060,Rakuten Travel,,2026-01-03,3,https://travel.rakuten.co.jp/HOTEL/28141/review.html,ja,5cf64079c106,和室９畳（1〜2名様）■由布岳ビュー■ 【おおいたパワーチャージ】【1泊2食】◆黒毛和牛焼肉弁当◆精肉店が創るこだわり弁当と和朝食付プラン,true,facility_wide,booking_confusion;onsen_related,cleanliness_or_age,温泉;駅;臭,"역 접근, 도보, 택시, 송영 등 이동 동선을 함께 언급한 직접 리뷰.",direct_readable,true,mixed,body_negative_with_context,high,issue_caution_calibration_needed
shuhokan-0061,Rakuten Travel,,2026-01-17,3,https://travel.rakuten.co.jp/HOTEL/28141/review.html,ja,8d35244277c8,和室１２畳（1〜4名様）■由布岳ビュー■ 【直前割★10％OFF】見つけてお得！ 素泊り／展望露天風呂から由布岳を眺めてゆったりと♪,true,facility_wide,onsen_related,temperature,露天;風呂;サウナ;露天風呂;温度,노후감·청결·온도 등 운영 주의 신호가 포함된 직접 리뷰.,direct_readable,true,mixed,caution_or_issue_tag,high,issue_caution_calibration_needed
shuhokan-0062,Rakuten Travel,,2025-12-23,4,https://travel.rakuten.co.jp/HOTEL/28141/review.html,ja,5eef705e5555,和室１２畳（1〜4名様）■由布岳ビュー■ 【楽天月末セール】【1泊朝食】心も身体も温まる♪炊き立てご飯と大分の郷土料理を楽しむ朝食付き,true,public_bath,onsen_related;public_bath_hot_spring,,風呂;大浴場,유후다케 전망 대욕장 또는 공용 온천을 언급한 직접 리뷰.,direct_readable,true,positive,rating_positive_signal,medium,issue_caution_calibration_needed
shuhokan-0063,Rakuten Travel,,2025-12-14,4,https://travel.rakuten.co.jp/HOTEL/28141/review.html,ja,abe351491a04,洋室ツイン（1〜2名様） 【10％OFF】【楽天スーパーSALE】【1泊朝食】炊き立てご飯と大分郷土料理を楽しむ朝食付きプラン,true,facility_wide,onsen_related,,風呂;お風呂,숙박 경험을 평가한 직접 리뷰 표본.,direct_readable,true,positive,rating_positive_signal,medium,issue_caution_calibration_needed
shuhokan-0064,Rakuten Travel,,2025-11-13,4,https://travel.rakuten.co.jp/HOTEL/28141/review.html,ja,cd7b328961bc,和室１２畳（1〜4名様）■由布岳ビュー■ 【おおいたパワーチャージ】【1泊夕食】お好きなラーメンをチョイス！「ラーメンごくまる」夕食セット付き,true,open_air_public_bath;public_bath,onsen_related;public_bath_hot_spring,,露天;風呂;大浴場;露天風呂,전망 대욕장과 공용 노천탕을 함께 언급한 직접 리뷰.,direct_readable,true,positive,rating_positive_signal,medium,issue_caution_calibration_needed
shuhokan-0065,Rakuten Travel,,2025-11-09,4,https://travel.rakuten.co.jp/HOTEL/28141/review.html,ja,803e5fed00a7,洋室ツイン（1〜2名様）■由布岳ビュー■ 【おおいたパワーチャージ】【1泊2食】◆黒毛和牛焼肉弁当◆精肉店が創るこだわり弁当と和朝食付プラン,true,facility_wide,onsen_related,cleanliness_or_age,露天;風呂;露天風呂;古,노후감·청결·온도 등 운영 주의 신호가 포함된 직접 리뷰.,direct_readable,true,mixed,caution_or_issue_tag,high,issue_caution_calibration_needed
shuhokan-0066,Rakuten Travel,,2025-11-03,4,https://travel.rakuten.co.jp/HOTEL/28141/review.html,ja,106256f23555,和室９畳（1〜2名様） 【おおいたパワーチャージ】【1泊朝食】心も身体も温まる♪炊き立てご飯と大分の郷土料理を楽しむ朝食付き,true,public_bath,crowding;onsen_related;public_bath_hot_spring,temperature,大浴場;湯;熱;混雑,유후다케 전망 대욕장 또는 공용 온천을 언급한 직접 리뷰.,direct_readable,true,mixed,caution_or_issue_tag,high,issue_caution_calibration_needed
shuhokan-0067,Rakuten Travel,,2025-10-25,5,https://travel.rakuten.co.jp/HOTEL/28141/review.html,ja,fe7bfa6c126c,和室９畳（1〜2名様） 【おおいたパワーチャージ】【1泊朝食】心も身体も温まる♪炊き立てご飯と大分の郷土料理を楽しむ朝食付き,true,facility_wide,onsen_related,,露天;風呂;お風呂;湯;露天風呂,숙박 경험을 평가한 직접 리뷰 표본.,direct_readable,true,positive,rating_positive_signal,medium,issue_caution_calibration_needed
shuhokan-0068,Rakuten Travel,,2025-10-18,4,https://travel.rakuten.co.jp/HOTEL/28141/review.html,ja,c64d1416ce7e,洋室ツイン（1〜2名様） 【直前割★10％OFF】見つけてお得！ 素泊り／展望露天風呂から由布岳を眺めてゆったりと♪,true,open_air_public_bath;public_bath,onsen_related;public_bath_hot_spring,,露天;風呂;お風呂;大浴場;湯;露天風呂,전망 대욕장과 공용 노천탕을 함께 언급한 직접 리뷰.,direct_readable,true,positive,rating_positive_signal,medium,issue_caution_calibration_needed
shuhokan-0069,Rakuten Travel,,2025-07-31,5,https://travel.rakuten.co.jp/HOTEL/28141/review.html,ja,cc16a7eecbd6,和室９畳（1〜2名様）■由布岳ビュー■ 【おおいたパワーチャージ】【1泊夕食】お好きなラーメンをチョイス！「ラーメンごくまる」夕食セット付き,true,facility_wide,booking_confusion;onsen_related,,露天;風呂;湯;露天風呂;駅,"역 접근, 도보, 택시, 송영 등 이동 동선을 함께 언급한 직접 리뷰.",direct_readable,true,mixed,conditional_signal_tag,medium,issue_caution_calibration_needed
shuhokan-0070,Rakuten Travel,,2025-07-27,5,https://travel.rakuten.co.jp/HOTEL/28141/review.html,ja,e5442cf7dcc0,和室９畳（1〜2名様） 【10％OFF】【楽天スーパーSALE】1泊2食◆黒毛和牛焼肉御膳◆こだわり弁当と和朝食付プラン,true,open_air_public_bath;public_bath,booking_confusion;onsen_related;public_bath_hot_spring;water_texture,,露天;風呂;大浴場;露天風呂;泉質;駅,전망 대욕장과 공용 노천탕을 함께 언급한 직접 리뷰.,direct_readable,true,mixed,conditional_signal_tag,medium,issue_caution_calibration_needed
shuhokan-0071,Rakuten Travel,,2025-10-08,5,https://travel.rakuten.co.jp/HOTEL/28141/review.html,ja,9927a9a63ce7,洋室ツイン（1〜2名様） 【おおいたパワーチャージ】【素泊りプラン】展望露天風呂から由布岳を眺めてゆったりと♪,true,facility_wide,onsen_related,,露天;風呂;露天風呂,숙박 경험을 평가한 직접 리뷰 표본.,direct_readable,true,positive,rating_positive_signal,medium,issue_caution_calibration_needed
shuhokan-0072,Rakuten Travel,,2025-09-16,5,https://travel.rakuten.co.jp/HOTEL/28141/review.html,ja,e28f05822595,洋室ツイン（1〜2名様） 【直前割★10％OFF】見つけてお得！ 素泊り／展望露天風呂から由布岳を眺めてゆったりと♪,true,facility_wide,onsen_related,,露天;風呂;お風呂;露天風呂,숙박 경험을 평가한 직접 리뷰 표본.,direct_readable,true,positive,rating_positive_signal,medium,issue_caution_calibration_needed
shuhokan-0073,Rakuten Travel,,2025-08-21,5,https://travel.rakuten.co.jp/HOTEL/28141/review.html,ja,f990e6212e62,和室９畳（1〜2名様） 【10％OFF】【楽天スーパーSALE】【1泊朝食】炊き立てご飯と大分郷土料理を楽しむ朝食付きプラン,false,unclear,,,,숙박 경험을 평가한 직접 리뷰 표본.,direct_readable,true,neutral,neutral_or_lodging_context,medium,issue_caution_calibration_needed
shuhokan-0074,Rakuten Travel,,2025-07-27,5,https://travel.rakuten.co.jp/HOTEL/28141/review.html,ja,27438e8ee1e5,和室９畳（1〜2名様） 【おおいたパワーチャージ】【1泊夕食】お好きなラーメンをチョイス！「ラーメンごくまる」夕食セット付き,true,facility_wide,onsen_related,,露天;風呂;露天風呂,숙박 경험을 평가한 직접 리뷰 표본.,direct_readable,true,positive,rating_positive_signal,medium,issue_caution_calibration_needed
shuhokan-0075,Rakuten Travel,,2025-07-19,4,https://travel.rakuten.co.jp/HOTEL/28141/review.html,ja,141b7bcf9203,和室９畳（1〜2名様） 【10％OFF】【楽天スーパーSALE】【1泊朝食】炊き立てご飯と大分郷土料理を楽しむ朝食付きプラン,false,unclear,,,,숙박 경험을 평가한 직접 리뷰 표본.,direct_readable,true,neutral,neutral_or_lodging_context,medium,issue_caution_calibration_needed
shuhokan-0076,Rakuten Travel,,2025-07-03,5,https://travel.rakuten.co.jp/HOTEL/28141/review.html,ja,6cbffb5326fe,和室９畳（1〜2名様）■由布岳ビュー■ 【おおいたパワーチャージ】【素泊りプラン】展望露天風呂から由布岳を眺めてゆったりと♪,true,facility_wide,onsen_related,,露天;風呂;お風呂;サウナ;露天風呂,숙박 경험을 평가한 직접 리뷰 표본.,direct_readable,true,positive,rating_positive_signal,medium,issue_caution_calibration_needed
shuhokan-0077,Rakuten Travel,,2025-11-07,3,https://travel.rakuten.co.jp/HOTEL/28141/review.html,ja,91f981a2e23d,和室１２畳（1〜4名様）■由布岳ビュー■ 【直前割★10％OFF】見つけてお得！ 素泊り／展望露天風呂から由布岳を眺めてゆったりと♪,true,open_air_public_bath;public_bath,onsen_related;public_bath_hot_spring,,露天;風呂;大浴場;露天風呂,전망 대욕장과 공용 노천탕을 함께 언급한 직접 리뷰.,direct_readable,true,positive,positive_signal_no_caution,medium,issue_caution_calibration_needed
shuhokan-0078,Rakuten Travel,,2026-03-15,2,https://travel.rakuten.co.jp/HOTEL/28141/review.html,ja,d7433cdc050d,和室１２畳（1〜4名様）■由布岳ビュー■ 【春SALE】【素泊りプラン】展望露天風呂から由布岳を眺めてゆったりと♪,true,facility_wide,onsen_related,,温泉;露天;風呂;露天風呂,숙박 경험을 평가한 직접 리뷰 표본.,direct_readable,true,positive,positive_signal_no_caution,medium,issue_caution_calibration_needed
shuhokan-0079,Agoda API,Agoda,"June 06, 2026",9.6,https://www.agoda.com/yufuin-hotel-shuhokan/hotel/yufu-jp.html,ko,e13a0aa85fa9,,true,facility_wide,booking_confusion;onsen_related,cleanliness_or_age,hot spring;온천;hot;walk;캐리어;clean,"역 접근, 도보, 택시, 송영 등 이동 동선을 함께 언급한 직접 리뷰.",direct_readable,true,mixed,caution_or_issue_tag,high,issue_caution_calibration_needed
shuhokan-0080,Agoda API,Booking.com,"May 29, 2026",9.0,https://www.agoda.com/yufuin-hotel-shuhokan/hotel/yufu-jp.html,en,dea089106c97,,false,unclear,booking_confusion,,location,"역 접근, 도보, 택시, 송영 등 이동 동선을 함께 언급한 직접 리뷰.",direct_readable,true,mixed,conditional_signal_tag,medium,issue_caution_calibration_needed
shuhokan-0081,Agoda API,Agoda,"April 14, 2026",10.0,https://www.agoda.com/yufuin-hotel-shuhokan/hotel/yufu-jp.html,ko,8596591c154f,,true,facility_wide,onsen_related;water_texture,cleanliness_or_age,hot spring;온천;hot spring is truly;hot;clean;깨끗,노후감·청결·온도 등 운영 주의 신호가 포함된 직접 리뷰.,direct_readable,true,mixed,caution_or_issue_tag,high,issue_caution_calibration_needed
shuhokan-0082,Agoda API,Booking.com,"May 19, 2026",6.0,https://www.agoda.com/yufuin-hotel-shuhokan/hotel/yufu-jp.html,en,972397e8c33f,,true,public_bath,onsen_related;public_bath_hot_spring,cleanliness_or_age,onsen;top floor;thin;smell,유후다케 전망 대욕장 또는 공용 온천을 언급한 직접 리뷰.,direct_readable,true,mixed,body_negative_with_context,high,issue_caution_calibration_needed
shuhokan-0083,Agoda API,Agoda,"October 26, 2025",9.2,https://www.agoda.com/yufuin-hotel-shuhokan/hotel/yufu-jp.html,ko,f3b3149f8138,,true,facility_wide,booking_confusion;onsen_related,cleanliness_or_age;temperature,hot spring;bath;open-air;온천;노천탕;탕;thin;cold;hot;station,"역 접근, 도보, 택시, 송영 등 이동 동선을 함께 언급한 직접 리뷰.",direct_readable,true,mixed,body_negative_with_context,high,issue_caution_calibration_needed
shuhokan-0084,Agoda API,Booking.com,"April 24, 2026",8.0,https://www.agoda.com/yufuin-hotel-shuhokan/hotel/yufu-jp.html,en,2421c75a400b,,false,unclear,booking_confusion,temperature,temperature;location,"역 접근, 도보, 택시, 송영 등 이동 동선을 함께 언급한 직접 리뷰.",direct_readable,true,mixed,caution_or_issue_tag,high,issue_caution_calibration_needed
shuhokan-0085,Agoda API,Agoda,"October 26, 2025",9.2,https://www.agoda.com/yufuin-hotel-shuhokan/hotel/yufu-jp.html,ko,ab1ff3344754,,true,facility_wide,booking_confusion;onsen_related,cleanliness_or_age;temperature,hot spring;bath;온천;노천탕;탕;thin;cold;hot;station;walk,"역 접근, 도보, 택시, 송영 등 이동 동선을 함께 언급한 직접 리뷰.",direct_readable,true,mixed,body_negative_with_context,high,issue_caution_calibration_needed
shuhokan-0086,Agoda API,Booking.com,"February 21, 2026",8.0,https://www.agoda.com/yufuin-hotel-shuhokan/hotel/yufu-jp.html,en,6de2677df7e0,,true,room_bath,onsen_related;room_bath_hot_spring,cleanliness_or_age;temperature,onsen;ensuite;thin;temperature;hot;clean,객실 욕실 관련 표현이 포함된 직접 리뷰.,direct_readable,true,mixed,caution_or_issue_tag,high,issue_caution_calibration_needed
shuhokan-0087,Agoda API,Agoda,"March 18, 2026",10.0,https://www.agoda.com/yufuin-hotel-shuhokan/hotel/yufu-jp.html,ja,7d961e9c0732,,false,unclear,booking_confusion,,hot;location,"역 접근, 도보, 택시, 송영 등 이동 동선을 함께 언급한 직접 리뷰.",direct_readable,true,mixed,conditional_signal_tag,medium,issue_caution_calibration_needed
shuhokan-0088,Agoda API,Booking.com,"November 24, 2025",8.0,https://www.agoda.com/yufuin-hotel-shuhokan/hotel/yufu-jp.html,en,1950574a70b8,,false,unclear,booking_confusion;crowding,cleanliness_or_age,hot;quiet;station;walk;location;old,"역 접근, 도보, 택시, 송영 등 이동 동선을 함께 언급한 직접 리뷰.",direct_readable,true,mixed,caution_or_issue_tag,high,issue_caution_calibration_needed
shuhokan-0089,Agoda API,Agoda,"May 20, 2026",10.0,https://www.agoda.com/yufuin-hotel-shuhokan/hotel/yufu-jp.html,ko,3eb85ae5a7af,,true,public_bath,onsen_related;public_bath_hot_spring,,bath;대욕장;hot,유후다케 전망 대욕장 또는 공용 온천을 언급한 직접 리뷰.,direct_readable,true,positive,rating_positive_signal,medium,issue_caution_calibration_needed
shuhokan-0090,Agoda API,Booking.com,"November 23, 2025",10.0,https://www.agoda.com/yufuin-hotel-shuhokan/hotel/yufu-jp.html,en,8fc69b0e7d54,,false,unclear,,,,숙박 경험을 평가한 직접 리뷰 표본.,direct_readable,true,neutral,neutral_or_lodging_context,medium,issue_caution_calibration_needed
shuhokan-0091,Agoda API,Agoda,"May 09, 2026",10.0,https://www.agoda.com/yufuin-hotel-shuhokan/hotel/yufu-jp.html,ja,5c5477c3e832,,true,public_bath,booking_confusion;onsen_related;public_bath_hot_spring,,大浴場;bath;public bath;hot;駅;station;walk,유후다케 전망 대욕장 또는 공용 온천을 언급한 직접 리뷰.,direct_readable,true,mixed,conditional_signal_tag,medium,issue_caution_calibration_needed
shuhokan-0092,Agoda API,Booking.com,"November 22, 2025",8.0,https://www.agoda.com/yufuin-hotel-shuhokan/hotel/yufu-jp.html,en,1f3578b3f139,,true,facility_wide,booking_confusion;onsen_related,cleanliness_or_age,onsen;thin;location;clean,"역 접근, 도보, 택시, 송영 등 이동 동선을 함께 언급한 직접 리뷰.",direct_readable,true,mixed,caution_or_issue_tag,high,issue_caution_calibration_needed
shuhokan-0093,Agoda API,Agoda,"February 25, 2026",8.8,https://www.agoda.com/yufuin-hotel-shuhokan/hotel/yufu-jp.html,ko,2e20ccc1c4ea,,true,open_air_public_bath;public_bath,booking_confusion;onsen_related;public_bath_hot_spring,cleanliness_or_age,bath;노천탕;대욕장;탕;thin;walk;캐리어;location;위치;clean,전망 대욕장과 공용 노천탕을 함께 언급한 직접 리뷰.,direct_readable,true,mixed,caution_or_issue_tag,high,issue_caution_calibration_needed
shuhokan-0094,Agoda API,Booking.com,"October 30, 2025",7.0,https://www.agoda.com/yufuin-hotel-shuhokan/hotel/yufu-jp.html,en,d8dcbdb9939c,,true,facility_wide,onsen_related,,onsen;hot,노후감·청결·온도 등 운영 주의 신호가 포함된 직접 리뷰.,direct_readable,true,positive,rating_positive_signal,medium,issue_caution_calibration_needed
shuhokan-0095,Agoda API,Agoda,"June 04, 2026",8.8,https://www.agoda.com/yufuin-hotel-shuhokan/hotel/yufu-jp.html,ja,bf1257ddc2f0,,true,facility_wide,booking_confusion;onsen_related,,風呂;お風呂;bath;thin;walk;location,"역 접근, 도보, 택시, 송영 등 이동 동선을 함께 언급한 직접 리뷰.",direct_readable,true,mixed,conditional_signal_tag,medium,issue_caution_calibration_needed
shuhokan-0096,Agoda API,Booking.com,"April 08, 2025",8.0,https://www.agoda.com/yufuin-hotel-shuhokan/hotel/yufu-jp.html,en,c7688f8377dc,,true,facility_wide,booking_confusion;onsen_related,,onsen;bath;station;walk;location,"역 접근, 도보, 택시, 송영 등 이동 동선을 함께 언급한 직접 리뷰.",direct_readable,true,mixed,conditional_signal_tag,medium,issue_caution_calibration_needed
shuhokan-0097,Agoda API,Agoda,"April 08, 2026",10.0,https://www.agoda.com/yufuin-hotel-shuhokan/hotel/yufu-jp.html,en,0ac4830c251a,,true,facility_wide,booking_confusion;onsen_related,cleanliness_or_age,hot spring;onsen;hot;location;clean,"역 접근, 도보, 택시, 송영 등 이동 동선을 함께 언급한 직접 리뷰.",direct_readable,true,mixed,caution_or_issue_tag,high,issue_caution_calibration_needed
shuhokan-0098,Agoda API,Booking.com,"February 25, 2025",10.0,https://www.agoda.com/yufuin-hotel-shuhokan/hotel/yufu-jp.html,en,c1cbbf1c7c27,,true,facility_wide,onsen_related,,onsen;hot,노후감·청결·온도 등 운영 주의 신호가 포함된 직접 리뷰.,direct_readable,true,positive,rating_positive_signal,medium,issue_caution_calibration_needed
shuhokan-0099,Agoda API,Agoda,"June 14, 2026",10.0,https://www.agoda.com/yufuin-hotel-shuhokan/hotel/yufu-jp.html,ko,0cbe7f4a4e41,,true,public_bath,onsen_related;public_bath_hot_spring,cleanliness_or_age,bath;public bath;대욕장;탕;clean;깨끗,유후다케 전망 대욕장 또는 공용 온천을 언급한 직접 리뷰.,direct_readable,true,mixed,caution_or_issue_tag,high,issue_caution_calibration_needed
shuhokan-0100,Agoda API,Booking.com,"February 16, 2025",9.0,https://www.agoda.com/yufuin-hotel-shuhokan/hotel/yufu-jp.html,en,562c2b698e81,,true,facility_wide,booking_confusion;onsen_related,cleanliness_or_age,onsen;station;walk;clean,"역 접근, 도보, 택시, 송영 등 이동 동선을 함께 언급한 직접 리뷰.",direct_readable,true,mixed,caution_or_issue_tag,high,issue_caution_calibration_needed
shuhokan-0101,Agoda API,Agoda,"June 21, 2026",9.6,https://www.agoda.com/yufuin-hotel-shuhokan/hotel/yufu-jp.html,ko,f3b758808b85,,true,public_bath,crowding;onsen_related;public_bath_hot_spring,cleanliness_or_age,bath;대욕장;quiet;clean;깨끗,유후다케 전망 대욕장 또는 공용 온천을 언급한 직접 리뷰.,direct_readable,true,mixed,caution_or_issue_tag,high,issue_caution_calibration_needed
shuhokan-0102,Agoda API,Booking.com,"January 29, 2025",10.0,https://www.agoda.com/yufuin-hotel-shuhokan/hotel/yufu-jp.html,en,f15bdb30724e,,true,facility_wide,onsen_related,,bath;thin,숙박 경험을 평가한 직접 리뷰 표본.,direct_readable,true,positive,rating_positive_signal,medium,issue_caution_calibration_needed
shuhokan-0103,Agoda API,Agoda,"May 16, 2026",9.2,https://www.agoda.com/yufuin-hotel-shuhokan/hotel/yufu-jp.html,ja,d6311ff9b4eb,,false,unclear,,cleanliness_or_age,clean,노후감·청결·온도 등 운영 주의 신호가 포함된 직접 리뷰.,direct_readable,true,mixed,caution_or_issue_tag,high,issue_caution_calibration_needed
shuhokan-0104,Agoda API,Booking.com,"December 27, 2024",10.0,https://www.agoda.com/yufuin-hotel-shuhokan/hotel/yufu-jp.html,en,506ab07b1dce,,true,facility_wide,onsen_related,,onsen;hot,노후감·청결·온도 등 운영 주의 신호가 포함된 직접 리뷰.,direct_readable,true,positive,rating_positive_signal,medium,issue_caution_calibration_needed
shuhokan-0105,Agoda API,Agoda,"February 13, 2026",9.2,https://www.agoda.com/yufuin-hotel-shuhokan/hotel/yufu-jp.html,ko,90b4a19ef79a,,true,facility_wide,booking_confusion;onsen_related,cleanliness_or_age,hot spring;bath;open-air;온천;노천탕;탕;thin;hot;walk;캐리어,"역 접근, 도보, 택시, 송영 등 이동 동선을 함께 언급한 직접 리뷰.",direct_readable,true,mixed,caution_or_issue_tag,high,issue_caution_calibration_needed
shuhokan-0106,Agoda API,Booking.com,"November 11, 2024",7.0,https://www.agoda.com/yufuin-hotel-shuhokan/hotel/yufu-jp.html,en,1a01bb2c6c8f,,true,facility_wide,onsen_related,,onsen;hot,노후감·청결·온도 등 운영 주의 신호가 포함된 직접 리뷰.,direct_readable,true,positive,rating_positive_signal,medium,issue_caution_calibration_needed
shuhokan-0107,Agoda API,Agoda,"May 10, 2026",8.4,https://www.agoda.com/yufuin-hotel-shuhokan/hotel/yufu-jp.html,ja,4612458b7f62,,true,facility_wide,booking_confusion;onsen_related,,風呂;お風呂;湯;bath;thin;駅;station;walk;location,"역 접근, 도보, 택시, 송영 등 이동 동선을 함께 언급한 직접 리뷰.",direct_readable,true,mixed,conditional_signal_tag,medium,issue_caution_calibration_needed
shuhokan-0108,Agoda API,Booking.com,"October 30, 2024",10.0,https://www.agoda.com/yufuin-hotel-shuhokan/hotel/yufu-jp.html,en,3748e7818ff6,,false,unclear,crowding,,quiet,숙박 경험을 평가한 직접 리뷰 표본.,direct_readable,true,mixed,conditional_signal_tag,medium,issue_caution_calibration_needed
shuhokan-0109,Agoda API,Agoda,"March 26, 2026",10.0,https://www.agoda.com/yufuin-hotel-shuhokan/hotel/yufu-jp.html,ko,e55ad7d542ca,,true,public_bath,booking_confusion;onsen_related;public_bath_hot_spring,cleanliness_or_age,bath;public bath;대욕장;thin;station;캐리어;clean;깨끗,유후다케 전망 대욕장 또는 공용 온천을 언급한 직접 리뷰.,direct_readable,true,mixed,caution_or_issue_tag,high,issue_caution_calibration_needed
shuhokan-0110,Agoda API,Booking.com,"April 25, 2024",10.0,https://www.agoda.com/yufuin-hotel-shuhokan/hotel/yufu-jp.html,en,7937aa24645b,,false,unclear,,,hot,노후감·청결·온도 등 운영 주의 신호가 포함된 직접 리뷰.,direct_readable,true,neutral,neutral_or_lodging_context,medium,issue_caution_calibration_needed
shuhokan-0111,Agoda API,Agoda,"January 03, 2025",10.0,https://www.agoda.com/yufuin-hotel-shuhokan/hotel/yufu-jp.html,ko,57f1ad113e53,,true,open_air_public_bath;public_bath;room_bath,booking_confusion;onsen_related;public_bath_hot_spring;room_bath_hot_spring,cleanliness_or_age,hot spring;bath;public bath;온천;노천탕;목욕;탕;room bath;thin;hot,전망 대욕장과 공용 노천탕을 함께 언급한 직접 리뷰.,direct_readable,true,mixed,caution_or_issue_tag,high,issue_caution_calibration_needed
shuhokan-0112,Agoda API,Booking.com,"April 20, 2024",5.0,https://www.agoda.com/yufuin-hotel-shuhokan/hotel/yufu-jp.html,en,518c6c6d36c5,,false,unclear,,,,숙박 경험을 평가한 직접 리뷰 표본.,direct_readable,true,neutral,neutral_or_lodging_context,medium,issue_caution_calibration_needed
shuhokan-0113,Agoda API,Agoda,"February 19, 2026",9.6,https://www.agoda.com/yufuin-hotel-shuhokan/hotel/yufu-jp.html,ko,d433ca589118,,true,facility_wide,booking_confusion;onsen_related,cleanliness_or_age,bath;노천탕;탕;thin;station;walk;clean;청결,"역 접근, 도보, 택시, 송영 등 이동 동선을 함께 언급한 직접 리뷰.",direct_readable,true,mixed,caution_or_issue_tag,high,issue_caution_calibration_needed
shuhokan-0114,Agoda API,Booking.com,"April 09, 2024",10.0,https://www.agoda.com/yufuin-hotel-shuhokan/hotel/yufu-jp.html,en,1f5884338905,,true,facility_wide,onsen_related,,bath;hot,노후감·청결·온도 등 운영 주의 신호가 포함된 직접 리뷰.,direct_readable,true,positive,rating_positive_signal,medium,issue_caution_calibration_needed
shuhokan-0115,Agoda API,Agoda,"April 28, 2026",8.4,https://www.agoda.com/yufuin-hotel-shuhokan/hotel/yufu-jp.html,ja,69e4d43ed47d,,true,facility_wide,onsen_related,cleanliness_or_age,風呂;お風呂;bath;open-air;hot;clean,노후감·청결·온도 등 운영 주의 신호가 포함된 직접 리뷰.,direct_readable,true,mixed,caution_or_issue_tag,high,issue_caution_calibration_needed
shuhokan-0116,Agoda API,Booking.com,"April 01, 2024",10.0,https://www.agoda.com/yufuin-hotel-shuhokan/hotel/yufu-jp.html,en,40570a80440b,,true,facility_wide,crowding;onsen_related,cleanliness_or_age,onsen;hot;crowd;crowded;quiet;clean,노후감·청결·온도 등 운영 주의 신호가 포함된 직접 리뷰.,direct_readable,true,mixed,caution_or_issue_tag,high,issue_caution_calibration_needed
shuhokan-0117,Agoda API,Agoda,"November 04, 2025",9.2,https://www.agoda.com/yufuin-hotel-shuhokan/hotel/yufu-jp.html,ja,3cf81852297d,,true,facility_wide,booking_confusion;onsen_related,,温泉;hot spring;bath;hot;station;walk,"역 접근, 도보, 택시, 송영 등 이동 동선을 함께 언급한 직접 리뷰.",direct_readable,true,mixed,conditional_signal_tag,medium,issue_caution_calibration_needed
shuhokan-0118,Agoda API,Booking.com,"March 20, 2024",9.0,https://www.agoda.com/yufuin-hotel-shuhokan/hotel/yufu-jp.html,en,6960a02e4fc6,,false,unclear,booking_confusion,,location,"역 접근, 도보, 택시, 송영 등 이동 동선을 함께 언급한 직접 리뷰.",direct_readable,true,mixed,conditional_signal_tag,medium,issue_caution_calibration_needed
shuhokan-0119,Agoda API,Agoda,"August 11, 2025",10.0,https://www.agoda.com/yufuin-hotel-shuhokan/hotel/yufu-jp.html,ja,7777af00b0f0,,true,facility_wide,onsen_related,cleanliness_or_age,露天;風呂;お風呂;湯;サウナ;bath;露天風呂;thin;hot;clean,노후감·청결·온도 등 운영 주의 신호가 포함된 직접 리뷰.,direct_readable,true,mixed,caution_or_issue_tag,high,issue_caution_calibration_needed
shuhokan-0120,Agoda API,Booking.com,"March 19, 2024",8.0,https://www.agoda.com/yufuin-hotel-shuhokan/hotel/yufu-jp.html,en,f471be517ec6,,false,unclear,,cleanliness_or_age,old,노후감·청결·온도 등 운영 주의 신호가 포함된 직접 리뷰.,direct_readable,true,mixed,caution_or_issue_tag,high,issue_caution_calibration_needed
shuhokan-0121,Agoda API,Agoda,"March 20, 2026",10.0,https://www.agoda.com/yufuin-hotel-shuhokan/hotel/yufu-jp.html,ko,5028e4e997b9,,false,unclear,booking_confusion,,hot;walk;location;위치,"역 접근, 도보, 택시, 송영 등 이동 동선을 함께 언급한 직접 리뷰.",direct_readable,true,mixed,conditional_signal_tag,medium,issue_caution_calibration_needed
shuhokan-0122,Agoda API,Booking.com,"February 18, 2024",10.0,https://www.agoda.com/yufuin-hotel-shuhokan/hotel/yufu-jp.html,en,4ca75551dad4,,true,facility_wide,booking_confusion;crowding;onsen_related,,hot spring;hot;quiet;walk,"역 접근, 도보, 택시, 송영 등 이동 동선을 함께 언급한 직접 리뷰.",direct_readable,true,mixed,conditional_signal_tag,medium,issue_caution_calibration_needed
shuhokan-0123,Agoda API,Agoda,"February 01, 2026",9.6,https://www.agoda.com/yufuin-hotel-shuhokan/hotel/yufu-jp.html,ja,8283032ec357,,true,public_bath,onsen_related;public_bath_hot_spring,cleanliness_or_age,風呂;湯;bath;public bath;hot;clean,유후다케 전망 대욕장 또는 공용 온천을 언급한 직접 리뷰.,direct_readable,true,mixed,caution_or_issue_tag,high,issue_caution_calibration_needed
shuhokan-0124,Agoda API,Booking.com,"February 14, 2024",10.0,https://www.agoda.com/yufuin-hotel-shuhokan/hotel/yufu-jp.html,en,6e7bb5c799f6,,false,unclear,,,hot,노후감·청결·온도 등 운영 주의 신호가 포함된 직접 리뷰.,direct_readable,true,neutral,neutral_or_lodging_context,medium,issue_caution_calibration_needed
shuhokan-0125,Agoda API,Agoda,"March 02, 2026",9.6,https://www.agoda.com/yufuin-hotel-shuhokan/hotel/yufu-jp.html,ko,3b07c0e76c6d,,true,open_air_public_bath;public_bath,booking_confusion;onsen_related;public_bath_hot_spring,cleanliness_or_age,hot spring;bath;public bath;노천탕;대욕장;탕;public baths;hot;station;walk,전망 대욕장과 공용 노천탕을 함께 언급한 직접 리뷰.,direct_readable,true,mixed,caution_or_issue_tag,high,issue_caution_calibration_needed
shuhokan-0126,Agoda API,Booking.com,"December 27, 2023",8.0,https://www.agoda.com/yufuin-hotel-shuhokan/hotel/yufu-jp.html,en,37800566ef00,,true,facility_wide,crowding;onsen_related,,onsen;quiet,숙박 경험을 평가한 직접 리뷰 표본.,direct_readable,true,mixed,conditional_signal_tag,medium,issue_caution_calibration_needed
shuhokan-0127,Agoda API,Agoda,"March 14, 2026",8.8,https://www.agoda.com/yufuin-hotel-shuhokan/hotel/yufu-jp.html,ja,b788ed288b07,,true,facility_wide,onsen_related,cleanliness_or_age,温泉;サウナ;hot spring;hot;古;old;clean,노후감·청결·온도 등 운영 주의 신호가 포함된 직접 리뷰.,direct_readable,true,mixed,caution_or_issue_tag,high,issue_caution_calibration_needed
shuhokan-0128,Agoda API,Booking.com,"December 07, 2023",8.0,https://www.agoda.com/yufuin-hotel-shuhokan/hotel/yufu-jp.html,en,de552b9d778d,,true,facility_wide,onsen_related,,onsen,숙박 경험을 평가한 직접 리뷰 표본.,direct_readable,true,positive,rating_positive_signal,medium,issue_caution_calibration_needed
shuhokan-0129,Agoda API,Agoda,"January 13, 2026",9.6,https://www.agoda.com/yufuin-hotel-shuhokan/hotel/yufu-jp.html,ja,2d4b5823dc3a,,true,facility_wide,crowding;onsen_related,cleanliness_or_age;temperature,湯;bath;cold;hot;quiet;old;clean,노후감·청결·온도 등 운영 주의 신호가 포함된 직접 리뷰.,direct_readable,true,mixed,body_negative_with_context,high,issue_caution_calibration_needed
shuhokan-0130,Agoda API,Booking.com,"December 06, 2023",7.0,https://www.agoda.com/yufuin-hotel-shuhokan/hotel/yufu-jp.html,en,4ce8e42efd8f,,false,unclear,,,,숙박 경험을 평가한 직접 리뷰 표본.,direct_readable,true,neutral,neutral_or_lodging_context,medium,issue_caution_calibration_needed
shuhokan-0131,Agoda API,Agoda,"May 08, 2025",8.8,https://www.agoda.com/yufuin-hotel-shuhokan/hotel/yufu-jp.html,ko,2dc8c8770303,,true,public_bath,booking_confusion;onsen_related;public_bath_hot_spring,cleanliness_or_age,bath;public bath;탕;thin;hot;station;walk;예약;booking;smell,유후다케 전망 대욕장 또는 공용 온천을 언급한 직접 리뷰.,direct_readable,true,mixed,body_negative_with_context,high,issue_caution_calibration_needed
shuhokan-0132,Agoda API,Booking.com,"December 02, 2023",6.0,https://www.agoda.com/yufuin-hotel-shuhokan/hotel/yufu-jp.html,en,56630977df2d,,true,facility_wide,booking_confusion;onsen_related,cleanliness_or_age,onsen;location;old,"역 접근, 도보, 택시, 송영 등 이동 동선을 함께 언급한 직접 리뷰.",direct_readable,true,mixed,caution_or_issue_tag,high,issue_caution_calibration_needed
shuhokan-0133,Agoda API,Agoda,"February 22, 2026",8.4,https://www.agoda.com/yufuin-hotel-shuhokan/hotel/yufu-jp.html,ko,eb3c0966416e,,true,public_bath,booking_confusion;onsen_related;public_bath_hot_spring,cleanliness_or_age,hot spring;온천;top floor;hot;walk;clean,유후다케 전망 대욕장 또는 공용 온천을 언급한 직접 리뷰.,direct_readable,true,mixed,caution_or_issue_tag,high,issue_caution_calibration_needed
shuhokan-0134,Agoda API,Booking.com,"November 27, 2023",7.0,https://www.agoda.com/yufuin-hotel-shuhokan/hotel/yufu-jp.html,en,bc70c65770a6,,true,public_bath,booking_confusion;onsen_related;public_bath_hot_spring,cleanliness_or_age,bath;public bath;thin;location;old;smell,유후다케 전망 대욕장 또는 공용 온천을 언급한 직접 리뷰.,direct_readable,true,mixed,body_negative_with_context,high,issue_caution_calibration_needed
shuhokan-0135,Agoda API,Agoda,"July 28, 2025",8.4,https://www.agoda.com/yufuin-hotel-shuhokan/hotel/yufu-jp.html,ja,bc3ff23a96e3,,true,open_air_public_bath;public_bath,crowding;onsen_related;public_bath_hot_spring,cleanliness_or_age,露天;風呂;大浴場;bath;露天風呂;thin;混雑;crowd;crowded;古,전망 대욕장과 공용 노천탕을 함께 언급한 직접 리뷰.,direct_readable,true,mixed,caution_or_issue_tag,high,issue_caution_calibration_needed
shuhokan-0136,Agoda API,Booking.com,"November 14, 2023",10.0,https://www.agoda.com/yufuin-hotel-shuhokan/hotel/yufu-jp.html,en,102cfac41db5,,false,unclear,,,thin,숙박 경험을 평가한 직접 리뷰 표본.,direct_readable,true,neutral,neutral_or_lodging_context,medium,issue_caution_calibration_needed
shuhokan-0137,Agoda API,Agoda,"June 07, 2024",9.2,https://www.agoda.com/yufuin-hotel-shuhokan/hotel/yufu-jp.html,ko,c9d742540e9c,,true,facility_wide,booking_confusion;onsen_related,,温泉;露天;風呂;onsen;bath;온천;노천탕;탕;露天風呂;thin,"역 접근, 도보, 택시, 송영 등 이동 동선을 함께 언급한 직접 리뷰.",direct_readable,true,mixed,conditional_signal_tag,medium,issue_caution_calibration_needed
shuhokan-0138,Agoda API,Booking.com,"November 11, 2023",10.0,https://www.agoda.com/yufuin-hotel-shuhokan/hotel/yufu-jp.html,en,222bce56af3b,,true,facility_wide,booking_confusion;onsen_related,cleanliness_or_age;temperature,bath;thin;cold;hot;walk;old,"역 접근, 도보, 택시, 송영 등 이동 동선을 함께 언급한 직접 리뷰.",direct_readable,true,mixed,body_negative_with_context,high,issue_caution_calibration_needed
shuhokan-0139,Agoda API,Agoda,"July 04, 2025",9.6,https://www.agoda.com/yufuin-hotel-shuhokan/hotel/yufu-jp.html,ko,494a0d60ae8c,,true,facility_wide,booking_confusion;crowding;onsen_related,cleanliness_or_age,onsen;bath;온천;탕;quiet;walk;location;위치;old,"역 접근, 도보, 택시, 송영 등 이동 동선을 함께 언급한 직접 리뷰.",direct_readable,true,mixed,caution_or_issue_tag,high,issue_caution_calibration_needed
shuhokan-0140,Agoda API,Booking.com,"November 09, 2023",6.0,https://www.agoda.com/yufuin-hotel-shuhokan/hotel/yufu-jp.html,en,f52faff5e850,,false,unclear,booking_confusion,,location,"역 접근, 도보, 택시, 송영 등 이동 동선을 함께 언급한 직접 리뷰.",direct_readable,true,mixed,conditional_signal_tag,medium,issue_caution_calibration_needed
shuhokan-0141,Agoda API,Agoda,"September 17, 2024",10.0,https://www.agoda.com/yufuin-hotel-shuhokan/hotel/yufu-jp.html,ko,457dda7074fd,,true,facility_wide,booking_confusion;onsen_related,,노천탕;탕;위치,"역 접근, 도보, 택시, 송영 등 이동 동선을 함께 언급한 직접 리뷰.",direct_readable,true,mixed,conditional_signal_tag,medium,issue_caution_calibration_needed
shuhokan-0142,Agoda API,Booking.com,"June 27, 2026",10.0,https://www.agoda.com/yufuin-hotel-shuhokan/hotel/yufu-jp.html,en,78493179ef61,,false,unclear,,,hot,노후감·청결·온도 등 운영 주의 신호가 포함된 직접 리뷰.,direct_readable,true,neutral,neutral_or_lodging_context,medium,issue_caution_calibration_needed
shuhokan-0143,Agoda API,Agoda,"June 11, 2025",10.0,https://www.agoda.com/yufuin-hotel-shuhokan/hotel/yufu-jp.html,ja,21f0e7048e33,,true,facility_wide,crowding;onsen_related,cleanliness_or_age,露天;hot spring;bath;hot;quiet;clean,노후감·청결·온도 등 운영 주의 신호가 포함된 직접 리뷰.,direct_readable,true,mixed,caution_or_issue_tag,high,issue_caution_calibration_needed
shuhokan-0144,Agoda API,Booking.com,"October 03, 2025",8.0,https://www.agoda.com/yufuin-hotel-shuhokan/hotel/yufu-jp.html,en,8fcf96c42a55,,true,facility_wide,onsen_related,,onsen;hot,노후감·청결·온도 등 운영 주의 신호가 포함된 직접 리뷰.,direct_readable,true,positive,rating_positive_signal,medium,issue_caution_calibration_needed
shuhokan-0145,Agoda API,Agoda,"February 06, 2025",10.0,https://www.agoda.com/yufuin-hotel-shuhokan/hotel/yufu-jp.html,ko,1d81e95ce01d,,false,unclear,booking_confusion,cleanliness_or_age;temperature,cold;캐리어;old,"역 접근, 도보, 택시, 송영 등 이동 동선을 함께 언급한 직접 리뷰.",direct_readable,true,mixed,body_negative_with_context,high,issue_caution_calibration_needed
shuhokan-0146,Agoda API,Booking.com,"November 16, 2024",7.0,https://www.agoda.com/yufuin-hotel-shuhokan/hotel/yufu-jp.html,en,def0ff621e48,,false,unclear,,,,숙박 경험을 평가한 직접 리뷰 표본.,direct_readable,true,neutral,neutral_or_lodging_context,medium,issue_caution_calibration_needed
shuhokan-0147,Agoda API,Agoda,"May 29, 2025",8.8,https://www.agoda.com/yufuin-hotel-shuhokan/hotel/yufu-jp.html,ko,5c0e272c930c,,true,facility_wide,booking_confusion;onsen_related,cleanliness_or_age;temperature,onsen;bath;탕;temperature;hot;예약;location;smell,"역 접근, 도보, 택시, 송영 등 이동 동선을 함께 언급한 직접 리뷰.",direct_readable,true,mixed,body_negative_with_context,high,issue_caution_calibration_needed
shuhokan-0148,Agoda API,Booking.com,"July 28, 2024",9.0,https://www.agoda.com/yufuin-hotel-shuhokan/hotel/yufu-jp.html,en,760963af1ebb,,true,facility_wide,onsen_related,,onsen,숙박 경험을 평가한 직접 리뷰 표본.,direct_readable,true,positive,rating_positive_signal,medium,issue_caution_calibration_needed
shuhokan-0149,Agoda API,Agoda,"February 18, 2026",10.0,https://www.agoda.com/yufuin-hotel-shuhokan/hotel/yufu-jp.html,en,ce4162c3a58b,,true,facility_wide,booking_confusion;onsen_related,,onsen;hot;station;walk,"역 접근, 도보, 택시, 송영 등 이동 동선을 함께 언급한 직접 리뷰.",direct_readable,true,mixed,conditional_signal_tag,medium,issue_caution_calibration_needed
shuhokan-0150,Agoda API,Booking.com,"July 24, 2024",8.0,https://www.agoda.com/yufuin-hotel-shuhokan/hotel/yufu-jp.html,en,3dd6ec247217,,false,unclear,,,,숙박 경험을 평가한 직접 리뷰 표본.,direct_readable,true,neutral,neutral_or_lodging_context,medium,issue_caution_calibration_needed
shuhokan-0151,Agoda API,Agoda,"September 21, 2024",10.0,https://www.agoda.com/yufuin-hotel-shuhokan/hotel/yufu-jp.html,ko,088eb6427164,,true,facility_wide,booking_confusion;onsen_related,cleanliness_or_age,bath;목욕;thin;hot;예약;booking;clean;청결,"역 접근, 도보, 택시, 송영 등 이동 동선을 함께 언급한 직접 리뷰.",direct_readable,true,mixed,caution_or_issue_tag,high,issue_caution_calibration_needed
shuhokan-0152,Agoda API,Booking.com,"December 18, 2023",5.0,https://www.agoda.com/yufuin-hotel-shuhokan/hotel/yufu-jp.html,en,3a589ef788f6,,false,unclear,booking_confusion,,station,"역 접근, 도보, 택시, 송영 등 이동 동선을 함께 언급한 직접 리뷰.",direct_readable,true,mixed,conditional_signal_tag,medium,issue_caution_calibration_needed
shuhokan-0153,Agoda API,Agoda,"February 06, 2026",7.6,https://www.agoda.com/yufuin-hotel-shuhokan/hotel/yufu-jp.html,ja,afa8eb76bb75,,true,facility_wide,onsen_related;water_texture,,露天;風呂;bath;open-air;露天風呂;泉質;hot,노후감·청결·온도 등 운영 주의 신호가 포함된 직접 리뷰.,direct_readable,true,positive,rating_positive_signal,medium,issue_caution_calibration_needed
shuhokan-0154,Agoda API,Booking.com,"May 23, 2026",10.0,https://www.agoda.com/yufuin-hotel-shuhokan/hotel/yufu-jp.html,en,d7ce125ca0e9,,false,unclear,,,hot,노후감·청결·온도 등 운영 주의 신호가 포함된 직접 리뷰.,direct_readable,true,neutral,neutral_or_lodging_context,medium,issue_caution_calibration_needed
shuhokan-0155,Agoda API,Agoda,"January 12, 2025",9.6,https://www.agoda.com/yufuin-hotel-shuhokan/hotel/yufu-jp.html,ko,71a18bb0c438,,true,public_bath,booking_confusion;crowding;onsen_related;public_bath_hot_spring,cleanliness_or_age;temperature,bath;public bath;대욕장;thin;cold;hot;춥;quiet;station;walk,유후다케 전망 대욕장 또는 공용 온천을 언급한 직접 리뷰.,direct_readable,true,mixed,body_negative_with_context,high,issue_caution_calibration_needed
shuhokan-0156,Agoda API,Booking.com,"March 28, 2025",9.0,https://www.agoda.com/yufuin-hotel-shuhokan/hotel/yufu-jp.html,en,61334b84cb05,,false,unclear,,,,숙박 경험을 평가한 직접 리뷰 표본.,direct_readable,true,neutral,neutral_or_lodging_context,medium,issue_caution_calibration_needed
shuhokan-0157,Agoda API,Agoda,"January 12, 2025",9.6,https://www.agoda.com/yufuin-hotel-shuhokan/hotel/yufu-jp.html,ko,8f129dcb497f,,true,facility_wide,booking_confusion;onsen_related,cleanliness_or_age,bath;open-air;노천탕;탕;thin;hot;station;walk;예약;old,"역 접근, 도보, 택시, 송영 등 이동 동선을 함께 언급한 직접 리뷰.",direct_readable,true,mixed,caution_or_issue_tag,high,issue_caution_calibration_needed
shuhokan-0158,Agoda API,Booking.com,"May 11, 2024",7.0,https://www.agoda.com/yufuin-hotel-shuhokan/hotel/yufu-jp.html,en,1859a0b2cd51,,true,facility_wide,onsen_related,,onsen,숙박 경험을 평가한 직접 리뷰 표본.,direct_readable,true,positive,rating_positive_signal,medium,issue_caution_calibration_needed
shuhokan-0159,Agoda API,Agoda,"December 09, 2024",9.2,https://www.agoda.com/yufuin-hotel-shuhokan/hotel/yufu-jp.html,ko,9452f8545b87,,true,facility_wide,onsen_related,cleanliness_or_age,onsen;bath;온천;목욕;clean,노후감·청결·온도 등 운영 주의 신호가 포함된 직접 리뷰.,direct_readable,true,mixed,caution_or_issue_tag,high,issue_caution_calibration_needed
shuhokan-0160,Agoda API,Booking.com,"August 28, 2023",7.0,https://www.agoda.com/yufuin-hotel-shuhokan/hotel/yufu-jp.html,en,0863b318e7aa,,false,unclear,,,,숙박 경험을 평가한 직접 리뷰 표본.,direct_readable,true,neutral,neutral_or_lodging_context,medium,issue_caution_calibration_needed
shuhokan-0161,Agoda API,Agoda,"February 08, 2025",10.0,https://www.agoda.com/yufuin-hotel-shuhokan/hotel/yufu-jp.html,ko,8e9f2c9c187f,,true,open_air_public_bath;public_bath,booking_confusion;onsen_related;public_bath_hot_spring,cleanliness_or_age,hot spring;bath;public bath;온천;노천탕;대욕장;탕;thin;hot;station,전망 대욕장과 공용 노천탕을 함께 언급한 직접 리뷰.,direct_readable,true,mixed,caution_or_issue_tag,high,issue_caution_calibration_needed
shuhokan-0162,Agoda API,Booking.com,"May 28, 2026",9.0,https://www.agoda.com/yufuin-hotel-shuhokan/hotel/yufu-jp.html,ja,45b1c2ac2aad,,false,unclear,,,,숙박 경험을 평가한 직접 리뷰 표본.,direct_readable,true,neutral,neutral_or_lodging_context,medium,issue_caution_calibration_needed
shuhokan-0163,Agoda API,Agoda,"April 18, 2026",10.0,https://www.agoda.com/yufuin-hotel-shuhokan/hotel/yufu-jp.html,en,da4a76d32333,,true,facility_wide,onsen_related,,onsen;hot,노후감·청결·온도 등 운영 주의 신호가 포함된 직접 리뷰.,direct_readable,true,positive,rating_positive_signal,medium,issue_caution_calibration_needed
shuhokan-0164,Agoda API,Booking.com,"May 14, 2026",8.0,https://www.agoda.com/yufuin-hotel-shuhokan/hotel/yufu-jp.html,ja,0b30601fc959,,false,unclear,,,,숙박 경험을 평가한 직접 리뷰 표본.,direct_readable,true,neutral,neutral_or_lodging_context,medium,issue_caution_calibration_needed
shuhokan-0165,Agoda API,Agoda,"June 25, 2024",10.0,https://www.agoda.com/yufuin-hotel-shuhokan/hotel/yufu-jp.html,ko,82cf9856a6cb,,true,open_air_public_bath;public_bath,booking_confusion;onsen_related;public_bath_hot_spring,cleanliness_or_age,bath;public bath;노천탕;대욕장;탕;hot;walk;old,전망 대욕장과 공용 노천탕을 함께 언급한 직접 리뷰.,direct_readable,true,mixed,caution_or_issue_tag,high,issue_caution_calibration_needed
shuhokan-0166,Agoda API,Booking.com,"March 23, 2026",9.0,https://www.agoda.com/yufuin-hotel-shuhokan/hotel/yufu-jp.html,ja,4038d0b4a533,,true,facility_wide,onsen_related,,風呂,숙박 경험을 평가한 직접 리뷰 표본.,direct_readable,true,positive,rating_positive_signal,medium,issue_caution_calibration_needed
shuhokan-0167,Agoda API,Agoda,"July 07, 2025",10.0,https://www.agoda.com/yufuin-hotel-shuhokan/hotel/yufu-jp.html,ko,135e1bd8e914,,true,facility_wide,booking_confusion;onsen_related,,hot spring;온천;thin;hot;walk,"역 접근, 도보, 택시, 송영 등 이동 동선을 함께 언급한 직접 리뷰.",direct_readable,true,mixed,conditional_signal_tag,medium,issue_caution_calibration_needed
shuhokan-0168,Agoda API,Booking.com,"February 13, 2026",7.0,https://www.agoda.com/yufuin-hotel-shuhokan/hotel/yufu-jp.html,ja,d82e34bcef25,,true,facility_wide,onsen_related,cleanliness_or_age,風呂;お風呂;古,노후감·청결·온도 등 운영 주의 신호가 포함된 직접 리뷰.,direct_readable,true,mixed,caution_or_issue_tag,high,issue_caution_calibration_needed
shuhokan-0169,Agoda API,Agoda,"October 24, 2024",10.0,https://www.agoda.com/yufuin-hotel-shuhokan/hotel/yufu-jp.html,en,4e2af61f7b4f,,true,facility_wide,onsen_related,,onsen;hot,노후감·청결·온도 등 운영 주의 신호가 포함된 직접 리뷰.,direct_readable,true,positive,rating_positive_signal,medium,issue_caution_calibration_needed
shuhokan-0170,Agoda API,Booking.com,"November 26, 2025",8.0,https://www.agoda.com/yufuin-hotel-shuhokan/hotel/yufu-jp.html,ja,a1ae656e154e,,true,facility_wide,onsen_related,,温泉,숙박 경험을 평가한 직접 리뷰 표본.,direct_readable,true,positive,rating_positive_signal,medium,issue_caution_calibration_needed
shuhokan-0171,Agoda API,Agoda,"May 23, 2024",10.0,https://www.agoda.com/yufuin-hotel-shuhokan/hotel/yufu-jp.html,ko,a7cb0e237fe5,,true,public_bath,booking_confusion;onsen_related;public_bath_hot_spring,cleanliness_or_age,bath;public bath;대욕장;thin;station;walk;location;위치;clean,유후다케 전망 대욕장 또는 공용 온천을 언급한 직접 리뷰.,direct_readable,true,mixed,caution_or_issue_tag,high,issue_caution_calibration_needed
shuhokan-0172,Agoda API,Booking.com,"November 18, 2025",8.0,https://www.agoda.com/yufuin-hotel-shuhokan/hotel/yufu-jp.html,ja,50f51449a60f,,true,public_bath,booking_confusion;onsen_related;public_bath_hot_spring,,温泉;大浴場;駅,유후다케 전망 대욕장 또는 공용 온천을 언급한 직접 리뷰.,direct_readable,true,mixed,conditional_signal_tag,medium,issue_caution_calibration_needed
shuhokan-0173,Agoda API,Agoda,"June 14, 2026",9.6,https://www.agoda.com/yufuin-hotel-shuhokan/hotel/yufu-jp.html,en,ca71e371295f,,false,unclear,,,,숙박 경험을 평가한 직접 리뷰 표본.,direct_readable,true,neutral,neutral_or_lodging_context,medium,issue_caution_calibration_needed
shuhokan-0174,Agoda API,Booking.com,"November 11, 2025",6.0,https://www.agoda.com/yufuin-hotel-shuhokan/hotel/yufu-jp.html,ja,fc14b3bd8408,,true,facility_wide,onsen_related,,風呂;お風呂,숙박 경험을 평가한 직접 리뷰 표본.,direct_readable,true,positive,rating_positive_signal,medium,issue_caution_calibration_needed
shuhokan-0175,Agoda API,Agoda,"June 07, 2024",9.2,https://www.agoda.com/yufuin-hotel-shuhokan/hotel/yufu-jp.html,ko,73235cb17059,,true,facility_wide,booking_confusion;onsen_related,,温泉;露天;風呂;hot spring;onsen;bath;온천;노천탕;탕;露天風呂,"역 접근, 도보, 택시, 송영 등 이동 동선을 함께 언급한 직접 리뷰.",direct_readable,true,mixed,conditional_signal_tag,medium,issue_caution_calibration_needed
shuhokan-0176,Agoda API,Booking.com,"October 19, 2025",8.0,https://www.agoda.com/yufuin-hotel-shuhokan/hotel/yufu-jp.html,ja,34349b3d4d7a,,false,unclear,,,,숙박 경험을 평가한 직접 리뷰 표본.,direct_readable,true,neutral,neutral_or_lodging_context,medium,issue_caution_calibration_needed
shuhokan-0177,Agoda API,Agoda,"May 29, 2025",9.6,https://www.agoda.com/yufuin-hotel-shuhokan/hotel/yufu-jp.html,ko,c44846674351,,true,facility_wide,booking_confusion;onsen_related,cleanliness_or_age,hot spring;bath;온천;노천탕;탕;hot;예약;booking;clean;깨끗,"역 접근, 도보, 택시, 송영 등 이동 동선을 함께 언급한 직접 리뷰.",direct_readable,true,mixed,caution_or_issue_tag,high,issue_caution_calibration_needed
shuhokan-0178,Agoda API,Booking.com,"October 18, 2025",10.0,https://www.agoda.com/yufuin-hotel-shuhokan/hotel/yufu-jp.html,ja,889575977016,,false,unclear,booking_confusion,cleanliness_or_age,駅;古,"역 접근, 도보, 택시, 송영 등 이동 동선을 함께 언급한 직접 리뷰.",direct_readable,true,mixed,caution_or_issue_tag,high,issue_caution_calibration_needed
shuhokan-0179,Agoda API,Agoda,"December 09, 2024",9.6,https://www.agoda.com/yufuin-hotel-shuhokan/hotel/yufu-jp.html,ko,32d5e09fd90f,,true,open_air_public_bath;public_bath,booking_confusion;onsen_related;public_bath_hot_spring,cleanliness_or_age;temperature,hot spring;bath;온천;노천탕;대욕장;탕;cold;hot;춥;station,전망 대욕장과 공용 노천탕을 함께 언급한 직접 리뷰.,direct_readable,true,mixed,body_negative_with_context,high,issue_caution_calibration_needed
shuhokan-0180,Agoda API,Booking.com,"October 02, 2025",9.0,https://www.agoda.com/yufuin-hotel-shuhokan/hotel/yufu-jp.html,ja,6be3995c9ba0,,true,facility_wide,onsen_related,,温泉;露天;風呂;露天風呂,숙박 경험을 평가한 직접 리뷰 표본.,direct_readable,true,positive,rating_positive_signal,medium,issue_caution_calibration_needed
shuhokan-0181,Agoda API,Agoda,"March 06, 2026",10.0,https://www.agoda.com/yufuin-hotel-shuhokan/hotel/yufu-jp.html,en,6aa82ab6b5a8,,true,facility_wide,onsen_related,cleanliness_or_age,onsen;thin;hot;clean,노후감·청결·온도 등 운영 주의 신호가 포함된 직접 리뷰.,direct_readable,true,mixed,caution_or_issue_tag,high,issue_caution_calibration_needed
shuhokan-0182,Agoda API,Booking.com,"August 14, 2025",8.0,https://www.agoda.com/yufuin-hotel-shuhokan/hotel/yufu-jp.html,ja,d201b1261ad1,,true,facility_wide,onsen_related,,風呂;お風呂,숙박 경험을 평가한 직접 리뷰 표본.,direct_readable,true,positive,rating_positive_signal,medium,issue_caution_calibration_needed
shuhokan-0183,Agoda API,Agoda,"February 08, 2026",8.8,https://www.agoda.com/yufuin-hotel-shuhokan/hotel/yufu-jp.html,en,a0498fc2dd60,,true,facility_wide,booking_confusion;onsen_related,cleanliness_or_age,onsen;hot;walk;clean,"역 접근, 도보, 택시, 송영 등 이동 동선을 함께 언급한 직접 리뷰.",direct_readable,true,mixed,caution_or_issue_tag,high,issue_caution_calibration_needed
shuhokan-0184,Agoda API,Booking.com,"August 14, 2025",10.0,https://www.agoda.com/yufuin-hotel-shuhokan/hotel/yufu-jp.html,ja,44a5e794c604,,false,unclear,,,,숙박 경험을 평가한 직접 리뷰 표본.,direct_readable,true,neutral,neutral_or_lodging_context,medium,issue_caution_calibration_needed
shuhokan-0185,Agoda API,Agoda,"December 13, 2024",10.0,https://www.agoda.com/yufuin-hotel-shuhokan/hotel/yufu-jp.html,ko,c2619225b7e1,,true,facility_wide,onsen_related,cleanliness_or_age,hot spring;bath;온천;탕;thin;hot;clean;깨끗;청결;smell,노후감·청결·온도 등 운영 주의 신호가 포함된 직접 리뷰.,direct_readable,true,mixed,body_negative_with_context,high,issue_caution_calibration_needed
shuhokan-0186,Agoda API,Booking.com,"July 28, 2025",7.0,https://www.agoda.com/yufuin-hotel-shuhokan/hotel/yufu-jp.html,ja,4c403318e71d,,true,facility_wide,onsen_related,,風呂,숙박 경험을 평가한 직접 리뷰 표본.,direct_readable,true,positive,rating_positive_signal,medium,issue_caution_calibration_needed
shuhokan-0187,Agoda API,Agoda,"August 02, 2025",10.0,https://www.agoda.com/yufuin-hotel-shuhokan/hotel/yufu-jp.html,en,154cca6ca41a,,true,facility_wide,onsen_related,,onsen;hot,노후감·청결·온도 등 운영 주의 신호가 포함된 직접 리뷰.,direct_readable,true,positive,rating_positive_signal,medium,issue_caution_calibration_needed
shuhokan-0188,Agoda API,Booking.com,"July 26, 2025",7.0,https://www.agoda.com/yufuin-hotel-shuhokan/hotel/yufu-jp.html,ja,6d9716ceaf22,,false,unclear,,,,숙박 경험을 평가한 직접 리뷰 표본.,direct_readable,true,neutral,neutral_or_lodging_context,medium,issue_caution_calibration_needed
shuhokan-0189,Agoda API,Agoda,"December 21, 2024",10.0,https://www.agoda.com/yufuin-hotel-shuhokan/hotel/yufu-jp.html,en,f588e74b0dc1,,false,unclear,,cleanliness_or_age,clean,노후감·청결·온도 등 운영 주의 신호가 포함된 직접 리뷰.,direct_readable,true,mixed,caution_or_issue_tag,high,issue_caution_calibration_needed
shuhokan-0190,Agoda API,Booking.com,"June 14, 2025",10.0,https://www.agoda.com/yufuin-hotel-shuhokan/hotel/yufu-jp.html,ja,102b416e1cb2,,true,facility_wide,onsen_related,,温泉,숙박 경험을 평가한 직접 리뷰 표본.,direct_readable,true,positive,rating_positive_signal,medium,issue_caution_calibration_needed
shuhokan-0191,Agoda API,Agoda,"November 12, 2025",9.6,https://www.agoda.com/yufuin-hotel-shuhokan/hotel/yufu-jp.html,en,bd07a2763886,,true,facility_wide,booking_confusion;onsen_related,cleanliness_or_age,onsen;station;location;dated,"역 접근, 도보, 택시, 송영 등 이동 동선을 함께 언급한 직접 리뷰.",direct_readable,true,mixed,caution_or_issue_tag,high,issue_caution_calibration_needed
shuhokan-0192,Agoda API,Booking.com,"May 14, 2025",10.0,https://www.agoda.com/yufuin-hotel-shuhokan/hotel/yufu-jp.html,ja,435ad81d2385,,false,unclear,,,,숙박 경험을 평가한 직접 리뷰 표본.,direct_readable,true,neutral,neutral_or_lodging_context,medium,issue_caution_calibration_needed
shuhokan-0193,Agoda API,Agoda,"August 16, 2024",10.0,https://www.agoda.com/yufuin-hotel-shuhokan/hotel/yufu-jp.html,ja,efb9de6b0f8b,,true,facility_wide,booking_confusion;onsen_related,,温泉;湯;hot spring;onsen;hot;駅;station,"역 접근, 도보, 택시, 송영 등 이동 동선을 함께 언급한 직접 리뷰.",direct_readable,true,mixed,conditional_signal_tag,medium,issue_caution_calibration_needed
shuhokan-0194,Agoda API,Booking.com,"April 02, 2025",8.0,https://www.agoda.com/yufuin-hotel-shuhokan/hotel/yufu-jp.html,ja,941ebf49b79e,,false,unclear,,,,숙박 경험을 평가한 직접 리뷰 표본.,direct_readable,true,neutral,neutral_or_lodging_context,medium,issue_caution_calibration_needed
shuhokan-0195,Agoda API,Agoda,"June 16, 2026",8.4,https://www.agoda.com/yufuin-hotel-shuhokan/hotel/yufu-jp.html,en,0330b521ec56,,true,facility_wide,onsen_related,,onsen;hot,노후감·청결·온도 등 운영 주의 신호가 포함된 직접 리뷰.,direct_readable,true,positive,rating_positive_signal,medium,issue_caution_calibration_needed
shuhokan-0196,Agoda API,Booking.com,"March 24, 2025",6.0,https://www.agoda.com/yufuin-hotel-shuhokan/hotel/yufu-jp.html,ja,74971b0e311b,,true,public_bath,onsen_related;public_bath_hot_spring,temperature,大浴場;湯;温度,유후다케 전망 대욕장 또는 공용 온천을 언급한 직접 리뷰.,direct_readable,true,mixed,caution_or_issue_tag,high,issue_caution_calibration_needed
shuhokan-0197,Agoda API,Agoda,"January 02, 2026",9.2,https://www.agoda.com/yufuin-hotel-shuhokan/hotel/yufu-jp.html,en,edb08ee3fba5,,true,facility_wide,booking_confusion;onsen_related,,bath;thin;walk;location,"역 접근, 도보, 택시, 송영 등 이동 동선을 함께 언급한 직접 리뷰.",direct_readable,true,mixed,conditional_signal_tag,medium,issue_caution_calibration_needed
shuhokan-0198,Agoda API,Booking.com,"March 16, 2025",10.0,https://www.agoda.com/yufuin-hotel-shuhokan/hotel/yufu-jp.html,ja,d657c383551b,,false,unclear,,,,숙박 경험을 평가한 직접 리뷰 표본.,direct_readable,true,neutral,neutral_or_lodging_context,medium,issue_caution_calibration_needed
shuhokan-0199,Agoda API,Agoda,"June 06, 2025",10.0,https://www.agoda.com/yufuin-hotel-shuhokan/hotel/yufu-jp.html,en,11a6153c9db7,,true,facility_wide,onsen_related,,onsen,숙박 경험을 평가한 직접 리뷰 표본.,direct_readable,true,positive,rating_positive_signal,medium,issue_caution_calibration_needed
shuhokan-0200,Agoda API,Booking.com,"December 31, 2024",10.0,https://www.agoda.com/yufuin-hotel-shuhokan/hotel/yufu-jp.html,ja,c9694dfb3bd5,,true,facility_wide,onsen_related,,風呂;お風呂,숙박 경험을 평가한 직접 리뷰 표본.,direct_readable,true,positive,rating_positive_signal,medium,issue_caution_calibration_needed
shuhokan-0201,Agoda API,Agoda,"June 05, 2024",10.0,https://www.agoda.com/yufuin-hotel-shuhokan/hotel/yufu-jp.html,en,158bf84a3676,,true,facility_wide,booking_confusion;onsen_related,,onsen;hot;walk;location,"역 접근, 도보, 택시, 송영 등 이동 동선을 함께 언급한 직접 리뷰.",direct_readable,true,mixed,conditional_signal_tag,medium,issue_caution_calibration_needed
shuhokan-0202,Agoda API,Booking.com,"December 23, 2024",3.0,https://www.agoda.com/yufuin-hotel-shuhokan/hotel/yufu-jp.html,ja,37ce9df5293a,,false,unclear,,,,숙박 경험을 평가한 직접 리뷰 표본.,direct_readable,true,neutral,neutral_or_lodging_context,medium,issue_caution_calibration_needed
shuhokan-0203,Agoda API,Agoda,"May 08, 2026",10.0,https://www.agoda.com/yufuin-hotel-shuhokan/hotel/yufu-jp.html,en,0d0173934880,,true,facility_wide,booking_confusion;onsen_related,cleanliness_or_age,onsen;walk;old,"역 접근, 도보, 택시, 송영 등 이동 동선을 함께 언급한 직접 리뷰.",direct_readable,true,mixed,caution_or_issue_tag,high,issue_caution_calibration_needed
shuhokan-0204,Agoda API,Booking.com,"November 22, 2024",10.0,https://www.agoda.com/yufuin-hotel-shuhokan/hotel/yufu-jp.html,ja,a30c13bd777a,,true,facility_wide,onsen_related,,風呂;お風呂,숙박 경험을 평가한 직접 리뷰 표본.,direct_readable,true,positive,rating_positive_signal,medium,issue_caution_calibration_needed
shuhokan-0205,Agoda API,Agoda,"November 14, 2024",9.2,https://www.agoda.com/yufuin-hotel-shuhokan/hotel/yufu-jp.html,ko,dacc723f72b5,,true,public_bath,booking_confusion;onsen_related;public_bath_hot_spring,,bath;public bath;탕;thin;station;walk;캐리어,유후다케 전망 대욕장 또는 공용 온천을 언급한 직접 리뷰.,direct_readable,true,mixed,conditional_signal_tag,medium,issue_caution_calibration_needed
shuhokan-0206,Agoda API,Booking.com,"October 12, 2024",9.0,https://www.agoda.com/yufuin-hotel-shuhokan/hotel/yufu-jp.html,ja,c2d6ffd108c4,,false,unclear,,,,숙박 경험을 평가한 직접 리뷰 표본.,direct_readable,true,neutral,neutral_or_lodging_context,medium,issue_caution_calibration_needed
shuhokan-0207,Agoda API,Agoda,"October 12, 2025",10.0,https://www.agoda.com/yufuin-hotel-shuhokan/hotel/yufu-jp.html,en,be765e7d514b,,false,unclear,,cleanliness_or_age,clean,노후감·청결·온도 등 운영 주의 신호가 포함된 직접 리뷰.,direct_readable,true,mixed,caution_or_issue_tag,high,issue_caution_calibration_needed
shuhokan-0208,Agoda API,Booking.com,"September 15, 2024",8.0,https://www.agoda.com/yufuin-hotel-shuhokan/hotel/yufu-jp.html,ja,50abf194adfb,,true,facility_wide,onsen_related,,温泉,숙박 경험을 평가한 직접 리뷰 표본.,direct_readable,true,positive,rating_positive_signal,medium,issue_caution_calibration_needed
shuhokan-0209,Agoda API,Agoda,"January 09, 2026",9.6,https://www.agoda.com/yufuin-hotel-shuhokan/hotel/yufu-jp.html,en,de155d37037f,,true,facility_wide,onsen_related,temperature,onsen;thin;temperature;hot,노후감·청결·온도 등 운영 주의 신호가 포함된 직접 리뷰.,direct_readable,true,mixed,caution_or_issue_tag,high,issue_caution_calibration_needed
shuhokan-0210,Agoda API,Booking.com,"September 09, 2024",7.0,https://www.agoda.com/yufuin-hotel-shuhokan/hotel/yufu-jp.html,ja,16947787bdf4,,true,facility_wide,onsen_related,temperature,温泉;熱,노후감·청결·온도 등 운영 주의 신호가 포함된 직접 리뷰.,direct_readable,true,mixed,caution_or_issue_tag,high,issue_caution_calibration_needed
shuhokan-0211,Agoda API,Agoda,"June 06, 2025",10.0,https://www.agoda.com/yufuin-hotel-shuhokan/hotel/yufu-jp.html,ja,ffb1137ea1b3,,true,open_air_public_bath;public_bath,booking_confusion;onsen_related;public_bath_hot_spring,temperature,露天;風呂;お風呂;大浴場;bath;public bath;露天風呂;thin;hot;温度,전망 대욕장과 공용 노천탕을 함께 언급한 직접 리뷰.,direct_readable,true,mixed,caution_or_issue_tag,high,issue_caution_calibration_needed
shuhokan-0212,Agoda API,Booking.com,"July 26, 2024",8.0,https://www.agoda.com/yufuin-hotel-shuhokan/hotel/yufu-jp.html,ja,fb587699d8bd,,true,open_air_public_bath;public_bath,onsen_related;public_bath_hot_spring,,露天;風呂;大浴場;露天風呂,전망 대욕장과 공용 노천탕을 함께 언급한 직접 리뷰.,direct_readable,true,positive,rating_positive_signal,medium,issue_caution_calibration_needed
shuhokan-0213,Agoda API,Agoda,"October 13, 2024",9.2,https://www.agoda.com/yufuin-hotel-shuhokan/hotel/yufu-jp.html,ja,39f409881f79,,true,facility_wide,booking_confusion;onsen_related,cleanliness_or_age,hot spring;bath;thin;hot;walk;old,"역 접근, 도보, 택시, 송영 등 이동 동선을 함께 언급한 직접 리뷰.",direct_readable,true,mixed,caution_or_issue_tag,high,issue_caution_calibration_needed
shuhokan-0214,Agoda API,Booking.com,"July 20, 2024",9.0,https://www.agoda.com/yufuin-hotel-shuhokan/hotel/yufu-jp.html,ja,db6e52c94494,,true,facility_wide,onsen_related,,風呂;お風呂,숙박 경험을 평가한 직접 리뷰 표본.,direct_readable,true,positive,rating_positive_signal,medium,issue_caution_calibration_needed
shuhokan-0215,Agoda API,Agoda,"March 14, 2026",9.6,https://www.agoda.com/yufuin-hotel-shuhokan/hotel/yufu-jp.html,en,6cc59c87e588,,true,facility_wide,booking_confusion;crowding;onsen_related,,onsen;hot;quiet;station,"역 접근, 도보, 택시, 송영 등 이동 동선을 함께 언급한 직접 리뷰.",direct_readable,true,mixed,conditional_signal_tag,medium,issue_caution_calibration_needed
shuhokan-0216,Agoda API,Booking.com,"July 20, 2024",10.0,https://www.agoda.com/yufuin-hotel-shuhokan/hotel/yufu-jp.html,ja,6350e94eb645,,false,unclear,,,,숙박 경험을 평가한 직접 리뷰 표본.,direct_readable,true,neutral,neutral_or_lodging_context,medium,issue_caution_calibration_needed
shuhokan-0217,Agoda API,Agoda,"March 29, 2026",10.0,https://www.agoda.com/yufuin-hotel-shuhokan/hotel/yufu-jp.html,en,d397af9bf921,,true,facility_wide,onsen_related,cleanliness_or_age,hot spring;hot;clean,노후감·청결·온도 등 운영 주의 신호가 포함된 직접 리뷰.,direct_readable,true,mixed,caution_or_issue_tag,high,issue_caution_calibration_needed
shuhokan-0218,Agoda API,Booking.com,"July 10, 2024",3.0,https://www.agoda.com/yufuin-hotel-shuhokan/hotel/yufu-jp.html,ja,43986b359e65,,false,unclear,,,,숙박 경험을 평가한 직접 리뷰 표본.,direct_readable,true,neutral,neutral_or_lodging_context,medium,issue_caution_calibration_needed
shuhokan-0219,Agoda API,Agoda,"February 28, 2026",8.8,https://www.agoda.com/yufuin-hotel-shuhokan/hotel/yufu-jp.html,en,602f4bf59a7c,,true,facility_wide,booking_confusion;onsen_related,,onsen;bath;hot;walk,"역 접근, 도보, 택시, 송영 등 이동 동선을 함께 언급한 직접 리뷰.",direct_readable,true,mixed,conditional_signal_tag,medium,issue_caution_calibration_needed
shuhokan-0220,Agoda API,Booking.com,"June 26, 2024",7.0,https://www.agoda.com/yufuin-hotel-shuhokan/hotel/yufu-jp.html,ja,5a6f58b51275,,true,open_air_public_bath;public_bath,onsen_related;public_bath_hot_spring,,露天;風呂;大浴場;サウナ;露天風呂,전망 대욕장과 공용 노천탕을 함께 언급한 직접 리뷰.,direct_readable,true,positive,rating_positive_signal,medium,issue_caution_calibration_needed
shuhokan-0221,Agoda API,Agoda,"November 06, 2025",9.6,https://www.agoda.com/yufuin-hotel-shuhokan/hotel/yufu-jp.html,en,eff55bc2145c,,false,unclear,booking_confusion,cleanliness_or_age,hot;station;clean,"역 접근, 도보, 택시, 송영 등 이동 동선을 함께 언급한 직접 리뷰.",direct_readable,true,mixed,caution_or_issue_tag,high,issue_caution_calibration_needed
shuhokan-0222,Agoda API,Booking.com,"May 27, 2024",10.0,https://www.agoda.com/yufuin-hotel-shuhokan/hotel/yufu-jp.html,ja,cf9567e5d963,,false,unclear,,,,숙박 경험을 평가한 직접 리뷰 표본.,direct_readable,true,neutral,neutral_or_lodging_context,medium,issue_caution_calibration_needed
shuhokan-0223,Agoda API,Agoda,"April 01, 2025",10.0,https://www.agoda.com/yufuin-hotel-shuhokan/hotel/yufu-jp.html,en,602db6ec544e,,false,unclear,,,,숙박 경험을 평가한 직접 리뷰 표본.,direct_readable,true,neutral,neutral_or_lodging_context,medium,issue_caution_calibration_needed
shuhokan-0224,Agoda API,Booking.com,"May 18, 2024",7.0,https://www.agoda.com/yufuin-hotel-shuhokan/hotel/yufu-jp.html,ja,3f021f557a49,,false,unclear,,,,숙박 경험을 평가한 직접 리뷰 표본.,direct_readable,true,neutral,neutral_or_lodging_context,medium,issue_caution_calibration_needed
shuhokan-0225,Agoda API,Agoda,"January 04, 2026",9.6,https://www.agoda.com/yufuin-hotel-shuhokan/hotel/yufu-jp.html,ko,184912b4b90c,,true,open_air_public_bath;public_bath,booking_confusion;onsen_related;public_bath_hot_spring,cleanliness_or_age;temperature,hot spring;bath;온천;노천탕;대욕장;목욕;탕;thin;temperature;cold,전망 대욕장과 공용 노천탕을 함께 언급한 직접 리뷰.,direct_readable,true,mixed,body_negative_with_context,high,issue_caution_calibration_needed
shuhokan-0226,Agoda API,Booking.com,"May 12, 2024",7.0,https://www.agoda.com/yufuin-hotel-shuhokan/hotel/yufu-jp.html,ja,0ef321139740,,true,facility_wide,onsen_related,,温泉,숙박 경험을 평가한 직접 리뷰 표본.,direct_readable,true,positive,rating_positive_signal,medium,issue_caution_calibration_needed
shuhokan-0227,Agoda API,Agoda,"January 08, 2026",10.0,https://www.agoda.com/yufuin-hotel-shuhokan/hotel/yufu-jp.html,en,f8e84fe5dc4c,,true,facility_wide,booking_confusion;onsen_related,,onsen;thin;hot;walk;location,"역 접근, 도보, 택시, 송영 등 이동 동선을 함께 언급한 직접 리뷰.",direct_readable,true,mixed,conditional_signal_tag,medium,issue_caution_calibration_needed
shuhokan-0228,Agoda API,Booking.com,"May 10, 2024",8.0,https://www.agoda.com/yufuin-hotel-shuhokan/hotel/yufu-jp.html,ja,cd94fcf1dd26,,true,public_bath,onsen_related;public_bath_hot_spring,,大浴場,유후다케 전망 대욕장 또는 공용 온천을 언급한 직접 리뷰.,direct_readable,true,positive,rating_positive_signal,medium,issue_caution_calibration_needed
shuhokan-0229,Agoda API,Agoda,"January 11, 2026",10.0,https://www.agoda.com/yufuin-hotel-shuhokan/hotel/yufu-jp.html,en,055cadee3bb6,,true,facility_wide,booking_confusion;onsen_related,cleanliness_or_age,bath;thin;station;walk;location;clean,"역 접근, 도보, 택시, 송영 등 이동 동선을 함께 언급한 직접 리뷰.",direct_readable,true,mixed,caution_or_issue_tag,high,issue_caution_calibration_needed
shuhokan-0230,Agoda API,Booking.com,"May 05, 2024",7.0,https://www.agoda.com/yufuin-hotel-shuhokan/hotel/yufu-jp.html,ja,6a279899247f,,false,unclear,,,,숙박 경험을 평가한 직접 리뷰 표본.,direct_readable,true,neutral,neutral_or_lodging_context,medium,issue_caution_calibration_needed
shuhokan-0231,Agoda API,Agoda,"November 05, 2025",10.0,https://www.agoda.com/yufuin-hotel-shuhokan/hotel/yufu-jp.html,en,7f5ee0aaa2c5,,true,facility_wide,booking_confusion;crowding;onsen_related,cleanliness_or_age,onsen;hot;quiet;station;walk;clean,"역 접근, 도보, 택시, 송영 등 이동 동선을 함께 언급한 직접 리뷰.",direct_readable,true,mixed,caution_or_issue_tag,high,issue_caution_calibration_needed
shuhokan-0232,Agoda API,Booking.com,"May 03, 2024",8.0,https://www.agoda.com/yufuin-hotel-shuhokan/hotel/yufu-jp.html,ja,1fb5cc381f40,,false,unclear,,,,숙박 경험을 평가한 직접 리뷰 표본.,direct_readable,true,neutral,neutral_or_lodging_context,medium,issue_caution_calibration_needed
shuhokan-0233,Agoda API,Agoda,"October 31, 2025",10.0,https://www.agoda.com/yufuin-hotel-shuhokan/hotel/yufu-jp.html,en,b0db876cf07f,,false,unclear,,,hot,노후감·청결·온도 등 운영 주의 신호가 포함된 직접 리뷰.,direct_readable,true,neutral,neutral_or_lodging_context,medium,issue_caution_calibration_needed
shuhokan-0234,Agoda API,Booking.com,"April 18, 2024",9.0,https://www.agoda.com/yufuin-hotel-shuhokan/hotel/yufu-jp.html,ja,4f8fdcc3a063,,false,unclear,,,,숙박 경험을 평가한 직접 리뷰 표본.,direct_readable,true,neutral,neutral_or_lodging_context,medium,issue_caution_calibration_needed
shuhokan-0235,Agoda API,Agoda,"April 24, 2026",8.0,https://www.agoda.com/yufuin-hotel-shuhokan/hotel/yufu-jp.html,en,8ced14e45ea5,,false,unclear,,,,숙박 경험을 평가한 직접 리뷰 표본.,direct_readable,true,neutral,neutral_or_lodging_context,medium,issue_caution_calibration_needed
shuhokan-0236,Agoda API,Booking.com,"April 07, 2024",6.0,https://www.agoda.com/yufuin-hotel-shuhokan/hotel/yufu-jp.html,ja,921e84c3e0b4,,true,facility_wide,onsen_related,cleanliness_or_age,湯;古,노후감·청결·온도 등 운영 주의 신호가 포함된 직접 리뷰.,direct_readable,true,mixed,caution_or_issue_tag,high,issue_caution_calibration_needed
shuhokan-0237,Agoda API,Agoda,"October 03, 2025",10.0,https://www.agoda.com/yufuin-hotel-shuhokan/hotel/yufu-jp.html,en,a49c27c499e5,,true,facility_wide,booking_confusion;onsen_related,,onsen;walk,"역 접근, 도보, 택시, 송영 등 이동 동선을 함께 언급한 직접 리뷰.",direct_readable,true,mixed,conditional_signal_tag,medium,issue_caution_calibration_needed
shuhokan-0238,Agoda API,Booking.com,"April 02, 2024",8.0,https://www.agoda.com/yufuin-hotel-shuhokan/hotel/yufu-jp.html,ja,6ca10307a837,,false,unclear,,,,숙박 경험을 평가한 직접 리뷰 표본.,direct_readable,true,neutral,neutral_or_lodging_context,medium,issue_caution_calibration_needed
shuhokan-0239,Agoda API,Agoda,"April 07, 2026",10.0,https://www.agoda.com/yufuin-hotel-shuhokan/hotel/yufu-jp.html,en,0417af3537ea,,true,facility_wide,booking_confusion;crowding;onsen_related,,onsen;hot;quiet;station;walk;location,"역 접근, 도보, 택시, 송영 등 이동 동선을 함께 언급한 직접 리뷰.",direct_readable,true,mixed,conditional_signal_tag,medium,issue_caution_calibration_needed
shuhokan-0240,Agoda API,Booking.com,"March 21, 2024",10.0,https://www.agoda.com/yufuin-hotel-shuhokan/hotel/yufu-jp.html,ja,2fff243fec78,,false,unclear,,,,숙박 경험을 평가한 직접 리뷰 표본.,direct_readable,true,neutral,neutral_or_lodging_context,medium,issue_caution_calibration_needed
shuhokan-0241,Agoda API,Agoda,"June 16, 2026",7.6,https://www.agoda.com/yufuin-hotel-shuhokan/hotel/yufu-jp.html,en,6d3abe1eef43,,false,unclear,booking_confusion,cleanliness_or_age,hot;station;walk;dated;clean,"역 접근, 도보, 택시, 송영 등 이동 동선을 함께 언급한 직접 리뷰.",direct_readable,true,mixed,caution_or_issue_tag,high,issue_caution_calibration_needed
shuhokan-0242,Agoda API,Booking.com,"March 18, 2024",8.0,https://www.agoda.com/yufuin-hotel-shuhokan/hotel/yufu-jp.html,ja,ce22b4efbb01,,false,unclear,,,,숙박 경험을 평가한 직접 리뷰 표본.,direct_readable,true,neutral,neutral_or_lodging_context,medium,issue_caution_calibration_needed
shuhokan-0243,Agoda API,Agoda,"November 27, 2025",9.6,https://www.agoda.com/yufuin-hotel-shuhokan/hotel/yufu-jp.html,en,a68dda50c695,,true,facility_wide,booking_confusion;onsen_related,,hot spring;bath;thin;hot;station;walk,"역 접근, 도보, 택시, 송영 등 이동 동선을 함께 언급한 직접 리뷰.",direct_readable,true,mixed,conditional_signal_tag,medium,issue_caution_calibration_needed
shuhokan-0244,Agoda API,Booking.com,"March 17, 2024",7.0,https://www.agoda.com/yufuin-hotel-shuhokan/hotel/yufu-jp.html,ja,5040b48c8df7,,true,public_bath,onsen_related;public_bath_hot_spring,temperature,風呂;お風呂;大浴場;湯;ぬる;温度,유후다케 전망 대욕장 또는 공용 온천을 언급한 직접 리뷰.,direct_readable,true,mixed,caution_or_issue_tag,high,issue_caution_calibration_needed
shuhokan-0245,Agoda API,Agoda,"March 21, 2026",10.0,https://www.agoda.com/yufuin-hotel-shuhokan/hotel/yufu-jp.html,en,0675ab81fa30,,true,facility_wide,booking_confusion;crowding;onsen_related,,onsen;hot;quiet;walk;location,"역 접근, 도보, 택시, 송영 등 이동 동선을 함께 언급한 직접 리뷰.",direct_readable,true,mixed,conditional_signal_tag,medium,issue_caution_calibration_needed
shuhokan-0246,Agoda API,Booking.com,"March 16, 2024",10.0,https://www.agoda.com/yufuin-hotel-shuhokan/hotel/yufu-jp.html,ja,02d134fd6799,,true,facility_wide,chlorine_smell;onsen_related,,温泉;塩素,숙박 경험을 평가한 직접 리뷰 표본.,direct_readable,true,negative,negative_signal_tag,high,issue_caution_calibration_needed
shuhokan-0247,Agoda API,Agoda,"January 04, 2025",9.6,https://www.agoda.com/yufuin-hotel-shuhokan/hotel/yufu-jp.html,ja,f34f48bfb5c0,,true,facility_wide,booking_confusion;onsen_related,,onsen;bath;hot;station;walk;booking;location,"역 접근, 도보, 택시, 송영 등 이동 동선을 함께 언급한 직접 리뷰.",direct_readable,true,mixed,conditional_signal_tag,medium,issue_caution_calibration_needed
shuhokan-0248,Agoda API,Booking.com,"March 08, 2024",8.0,https://www.agoda.com/yufuin-hotel-shuhokan/hotel/yufu-jp.html,ja,3c193456dad0,,true,public_bath,onsen_related;public_bath_hot_spring,,大浴場,유후다케 전망 대욕장 또는 공용 온천을 언급한 직접 리뷰.,direct_readable,true,positive,rating_positive_signal,medium,issue_caution_calibration_needed
shuhokan-0249,Agoda API,Agoda,"April 21, 2025",8.8,https://www.agoda.com/yufuin-hotel-shuhokan/hotel/yufu-jp.html,en,91110b23a715,,true,facility_wide,booking_confusion;onsen_related,,onsen;bath;hot;booking,"역 접근, 도보, 택시, 송영 등 이동 동선을 함께 언급한 직접 리뷰.",direct_readable,true,mixed,conditional_signal_tag,medium,issue_caution_calibration_needed
shuhokan-0250,Agoda API,Booking.com,"March 08, 2024",6.0,https://www.agoda.com/yufuin-hotel-shuhokan/hotel/yufu-jp.html,ja,0949a6c1d4a9,,false,unclear,,cleanliness_or_age,臭,노후감·청결·온도 등 운영 주의 신호가 포함된 직접 리뷰.,direct_readable,true,mixed,body_negative_with_context,high,issue_caution_calibration_needed
shuhokan-0251,Agoda API,Agoda,"November 26, 2024",8.8,https://www.agoda.com/yufuin-hotel-shuhokan/hotel/yufu-jp.html,en,6ab1caaf78d2,,true,facility_wide,booking_confusion;onsen_related,cleanliness_or_age,onsen;thin;hot;station;walk;location;clean,"역 접근, 도보, 택시, 송영 등 이동 동선을 함께 언급한 직접 리뷰.",direct_readable,true,mixed,caution_or_issue_tag,high,issue_caution_calibration_needed
shuhokan-0252,Agoda API,Booking.com,"March 04, 2024",6.0,https://www.agoda.com/yufuin-hotel-shuhokan/hotel/yufu-jp.html,ja,99bbc5ead8b8,,true,facility_wide,onsen_related,,風呂,숙박 경험을 평가한 직접 리뷰 표본.,direct_readable,true,positive,rating_positive_signal,medium,issue_caution_calibration_needed
shuhokan-0253,Agoda API,Agoda,"October 31, 2025",10.0,https://www.agoda.com/yufuin-hotel-shuhokan/hotel/yufu-jp.html,en,782cab62cf93,,true,facility_wide,onsen_related,,hot spring;hot,노후감·청결·온도 등 운영 주의 신호가 포함된 직접 리뷰.,direct_readable,true,positive,rating_positive_signal,medium,issue_caution_calibration_needed
shuhokan-0254,Agoda API,Booking.com,"February 17, 2024",8.0,https://www.agoda.com/yufuin-hotel-shuhokan/hotel/yufu-jp.html,ja,42518031218c,,true,facility_wide,onsen_related,,風呂,숙박 경험을 평가한 직접 리뷰 표본.,direct_readable,true,positive,rating_positive_signal,medium,issue_caution_calibration_needed
shuhokan-0255,Agoda API,Agoda,"November 24, 2025",10.0,https://www.agoda.com/yufuin-hotel-shuhokan/hotel/yufu-jp.html,en,43864f972f57,,false,unclear,,cleanliness_or_age,hot;clean,노후감·청결·온도 등 운영 주의 신호가 포함된 직접 리뷰.,direct_readable,true,mixed,caution_or_issue_tag,high,issue_caution_calibration_needed
shuhokan-0256,Agoda API,Booking.com,"February 02, 2024",8.0,https://www.agoda.com/yufuin-hotel-shuhokan/hotel/yufu-jp.html,ja,2ad1d6187052,,true,facility_wide,onsen_related,,風呂;お風呂,숙박 경험을 평가한 직접 리뷰 표본.,direct_readable,true,positive,rating_positive_signal,medium,issue_caution_calibration_needed
shuhokan-0257,Agoda API,Agoda,"November 26, 2024",9.2,https://www.agoda.com/yufuin-hotel-shuhokan/hotel/yufu-jp.html,en,bbeb9e188200,,true,facility_wide,booking_confusion;onsen_related,cleanliness_or_age,onsen;thin;station;walk;location;clean,"역 접근, 도보, 택시, 송영 등 이동 동선을 함께 언급한 직접 리뷰.",direct_readable,true,mixed,caution_or_issue_tag,high,issue_caution_calibration_needed
shuhokan-0258,Agoda API,Booking.com,"January 25, 2024",9.0,https://www.agoda.com/yufuin-hotel-shuhokan/hotel/yufu-jp.html,ja,fc32a5f701f4,,true,facility_wide,onsen_related,,露天;風呂;露天風呂,숙박 경험을 평가한 직접 리뷰 표본.,direct_readable,true,positive,rating_positive_signal,medium,issue_caution_calibration_needed
shuhokan-0259,Agoda API,Agoda,"April 10, 2025",10.0,https://www.agoda.com/yufuin-hotel-shuhokan/hotel/yufu-jp.html,en,16f8173fd9b0,,true,public_bath,onsen_related;public_bath_hot_spring,cleanliness_or_age,onsen;top floor;hot;clean,유후다케 전망 대욕장 또는 공용 온천을 언급한 직접 리뷰.,direct_readable,true,mixed,caution_or_issue_tag,high,issue_caution_calibration_needed
shuhokan-0260,Agoda API,Booking.com,"January 25, 2024",8.0,https://www.agoda.com/yufuin-hotel-shuhokan/hotel/yufu-jp.html,ja,c4950e772aa9,,true,public_bath,onsen_related;public_bath_hot_spring,,大浴場,유후다케 전망 대욕장 또는 공용 온천을 언급한 직접 리뷰.,direct_readable,true,positive,rating_positive_signal,medium,issue_caution_calibration_needed
shuhokan-0261,Agoda API,Agoda,"June 03, 2025",9.6,https://www.agoda.com/yufuin-hotel-shuhokan/hotel/yufu-jp.html,en,ecc029f1c30c,,true,facility_wide,booking_confusion;onsen_related,cleanliness_or_age,onsen;hot;station;walk;clean,"역 접근, 도보, 택시, 송영 등 이동 동선을 함께 언급한 직접 리뷰.",direct_readable,true,mixed,caution_or_issue_tag,high,issue_caution_calibration_needed
shuhokan-0262,Agoda API,Booking.com,"January 24, 2024",10.0,https://www.agoda.com/yufuin-hotel-shuhokan/hotel/yufu-jp.html,ja,e1640852bf52,,true,facility_wide,onsen_related,,風呂;お風呂;湯,숙박 경험을 평가한 직접 리뷰 표본.,direct_readable,true,positive,rating_positive_signal,medium,issue_caution_calibration_needed
shuhokan-0263,Agoda API,Agoda,"November 22, 2025",10.0,https://www.agoda.com/yufuin-hotel-shuhokan/hotel/yufu-jp.html,en,d36c5d8b6b67,,false,unclear,booking_confusion,cleanliness_or_age,hot;station;walk;location;old;dated;clean,"역 접근, 도보, 택시, 송영 등 이동 동선을 함께 언급한 직접 리뷰.",direct_readable,true,mixed,caution_or_issue_tag,high,issue_caution_calibration_needed
shuhokan-0264,Agoda API,Booking.com,"January 22, 2024",8.0,https://www.agoda.com/yufuin-hotel-shuhokan/hotel/yufu-jp.html,ja,2bd1e9d1d8f8,,true,facility_wide,onsen_related,cleanliness_or_age,露天;風呂;お風呂;露天風呂;古,노후감·청결·온도 등 운영 주의 신호가 포함된 직접 리뷰.,direct_readable,true,mixed,caution_or_issue_tag,high,issue_caution_calibration_needed
shuhokan-0265,Agoda API,Agoda,"December 27, 2025",10.0,https://www.agoda.com/yufuin-hotel-shuhokan/hotel/yufu-jp.html,en,a846374b3a66,,true,facility_wide,crowding;onsen_related,cleanliness_or_age,hot spring;thin;hot;quiet;clean,노후감·청결·온도 등 운영 주의 신호가 포함된 직접 리뷰.,direct_readable,true,mixed,caution_or_issue_tag,high,issue_caution_calibration_needed
shuhokan-0266,Agoda API,Booking.com,"January 15, 2024",7.0,https://www.agoda.com/yufuin-hotel-shuhokan/hotel/yufu-jp.html,ja,d2f80064d8e6,,true,facility_wide,onsen_related,,温泉,숙박 경험을 평가한 직접 리뷰 표본.,direct_readable,true,positive,rating_positive_signal,medium,issue_caution_calibration_needed
shuhokan-0267,Agoda API,Agoda,"September 05, 2025",10.0,https://www.agoda.com/yufuin-hotel-shuhokan/hotel/yufu-jp.html,en,f82168b9a1fe,,false,unclear,booking_confusion,cleanliness_or_age,location;clean,"역 접근, 도보, 택시, 송영 등 이동 동선을 함께 언급한 직접 리뷰.",direct_readable,true,mixed,caution_or_issue_tag,high,issue_caution_calibration_needed
shuhokan-0268,Agoda API,Booking.com,"January 13, 2024",9.0,https://www.agoda.com/yufuin-hotel-shuhokan/hotel/yufu-jp.html,ja,80f09d6e796d,,false,unclear,booking_confusion,,駅,"역 접근, 도보, 택시, 송영 등 이동 동선을 함께 언급한 직접 리뷰.",direct_readable,true,mixed,conditional_signal_tag,medium,issue_caution_calibration_needed
shuhokan-0269,Agoda API,Agoda,"December 30, 2025",10.0,https://www.agoda.com/yufuin-hotel-shuhokan/hotel/yufu-jp.html,en,b5fb40925e85,,true,facility_wide,booking_confusion;crowding;onsen_related,,onsen;hot;quiet;walk;location,"역 접근, 도보, 택시, 송영 등 이동 동선을 함께 언급한 직접 리뷰.",direct_readable,true,mixed,conditional_signal_tag,medium,issue_caution_calibration_needed
shuhokan-0270,Agoda API,Booking.com,"January 09, 2024",10.0,https://www.agoda.com/yufuin-hotel-shuhokan/hotel/yufu-jp.html,ja,646d03f7e219,,false,unclear,,,,숙박 경험을 평가한 직접 리뷰 표본.,direct_readable,true,neutral,neutral_or_lodging_context,medium,issue_caution_calibration_needed
shuhokan-0271,Agoda API,Agoda,"October 10, 2025",8.0,https://www.agoda.com/yufuin-hotel-shuhokan/hotel/yufu-jp.html,en,932fb460fff0,,true,facility_wide,booking_confusion;onsen_related,,onsen;hot;station;walk;location,"역 접근, 도보, 택시, 송영 등 이동 동선을 함께 언급한 직접 리뷰.",direct_readable,true,mixed,conditional_signal_tag,medium,issue_caution_calibration_needed
shuhokan-0272,Agoda API,Booking.com,"December 28, 2023",5.0,https://www.agoda.com/yufuin-hotel-shuhokan/hotel/yufu-jp.html,ja,370c4074265f,,false,unclear,,,,숙박 경험을 평가한 직접 리뷰 표본.,direct_readable,true,neutral,neutral_or_lodging_context,medium,issue_caution_calibration_needed
shuhokan-0273,Agoda API,Agoda,"March 16, 2025",9.6,https://www.agoda.com/yufuin-hotel-shuhokan/hotel/yufu-jp.html,en,dd2fd1255f8a,,true,facility_wide,booking_confusion;crowding;onsen_related,cleanliness_or_age,onsen;quiet;station;location;smell,"역 접근, 도보, 택시, 송영 등 이동 동선을 함께 언급한 직접 리뷰.",direct_readable,true,mixed,body_negative_with_context,high,issue_caution_calibration_needed
shuhokan-0274,Agoda API,Booking.com,"December 11, 2023",8.0,https://www.agoda.com/yufuin-hotel-shuhokan/hotel/yufu-jp.html,ja,851bef09f258,,false,unclear,,,,숙박 경험을 평가한 직접 리뷰 표본.,direct_readable,true,neutral,neutral_or_lodging_context,medium,issue_caution_calibration_needed
shuhokan-0275,Agoda API,Agoda,"January 08, 2025",8.8,https://www.agoda.com/yufuin-hotel-shuhokan/hotel/yufu-jp.html,en,98bdf8119108,,true,facility_wide,booking_confusion;crowding;onsen_related,cleanliness_or_age,onsen;hot;quiet;walk;clean,"역 접근, 도보, 택시, 송영 등 이동 동선을 함께 언급한 직접 리뷰.",direct_readable,true,mixed,caution_or_issue_tag,high,issue_caution_calibration_needed
shuhokan-0276,Agoda API,Booking.com,"December 09, 2023",5.0,https://www.agoda.com/yufuin-hotel-shuhokan/hotel/yufu-jp.html,ja,71bc24bcf693,,false,unclear,,,,숙박 경험을 평가한 직접 리뷰 표본.,direct_readable,true,neutral,neutral_or_lodging_context,medium,issue_caution_calibration_needed
shuhokan-0277,Agoda API,Agoda,"November 10, 2025",10.0,https://www.agoda.com/yufuin-hotel-shuhokan/hotel/yufu-jp.html,en,5af4094f3847,,true,facility_wide,onsen_related,cleanliness_or_age,onsen;thin;hot;clean,노후감·청결·온도 등 운영 주의 신호가 포함된 직접 리뷰.,direct_readable,true,mixed,caution_or_issue_tag,high,issue_caution_calibration_needed
shuhokan-0278,Agoda API,Booking.com,"December 09, 2023",10.0,https://www.agoda.com/yufuin-hotel-shuhokan/hotel/yufu-jp.html,ja,773007697465,,true,facility_wide,onsen_related,,露天;風呂;露天風呂,숙박 경험을 평가한 직접 리뷰 표본.,direct_readable,true,positive,rating_positive_signal,medium,issue_caution_calibration_needed
shuhokan-0279,Agoda API,Agoda,"October 28, 2025",9.2,https://www.agoda.com/yufuin-hotel-shuhokan/hotel/yufu-jp.html,en,82d3a540a7bf,,true,facility_wide,booking_confusion;crowding;onsen_related,,onsen;quiet;station;walk;location,"역 접근, 도보, 택시, 송영 등 이동 동선을 함께 언급한 직접 리뷰.",direct_readable,true,mixed,conditional_signal_tag,medium,issue_caution_calibration_needed
shuhokan-0280,Agoda API,Booking.com,"December 04, 2023",7.0,https://www.agoda.com/yufuin-hotel-shuhokan/hotel/yufu-jp.html,ja,1b6e260c5b9a,,true,public_bath,onsen_related;public_bath_hot_spring,cleanliness_or_age,温泉;風呂;お風呂;大浴場;湯;古,유후다케 전망 대욕장 또는 공용 온천을 언급한 직접 리뷰.,direct_readable,true,mixed,caution_or_issue_tag,high,issue_caution_calibration_needed
shuhokan-0281,Agoda API,Agoda,"July 18, 2025",10.0,https://www.agoda.com/yufuin-hotel-shuhokan/hotel/yufu-jp.html,en,74dd02dbf344,,true,facility_wide,booking_confusion;onsen_related,cleanliness_or_age,onsen;hot;walk;clean,"역 접근, 도보, 택시, 송영 등 이동 동선을 함께 언급한 직접 리뷰.",direct_readable,true,mixed,caution_or_issue_tag,high,issue_caution_calibration_needed
shuhokan-0282,Agoda API,Booking.com,"December 03, 2023",8.0,https://www.agoda.com/yufuin-hotel-shuhokan/hotel/yufu-jp.html,ja,b15f80c5915f,,false,unclear,,,,숙박 경험을 평가한 직접 리뷰 표본.,direct_readable,true,neutral,neutral_or_lodging_context,medium,issue_caution_calibration_needed
shuhokan-0283,Agoda API,Agoda,"May 07, 2025",10.0,https://www.agoda.com/yufuin-hotel-shuhokan/hotel/yufu-jp.html,en,dd655e3327d0,,false,unclear,,,hot,노후감·청결·온도 등 운영 주의 신호가 포함된 직접 리뷰.,direct_readable,true,neutral,neutral_or_lodging_context,medium,issue_caution_calibration_needed
shuhokan-0284,Agoda API,Booking.com,"November 30, 2023",5.0,https://www.agoda.com/yufuin-hotel-shuhokan/hotel/yufu-jp.html,ja,0b7be7d1a1ee,,false,unclear,,,,숙박 경험을 평가한 직접 리뷰 표본.,direct_readable,true,neutral,neutral_or_lodging_context,medium,issue_caution_calibration_needed
shuhokan-0285,Agoda API,Agoda,"May 08, 2025",6.8,https://www.agoda.com/yufuin-hotel-shuhokan/hotel/yufu-jp.html,en,5d461ef0efed,,false,unclear,,cleanliness_or_age,hot;old;dated;clean,노후감·청결·온도 등 운영 주의 신호가 포함된 직접 리뷰.,direct_readable,true,mixed,caution_or_issue_tag,high,issue_caution_calibration_needed
shuhokan-0286,Agoda API,Booking.com,"November 26, 2023",6.0,https://www.agoda.com/yufuin-hotel-shuhokan/hotel/yufu-jp.html,ja,8c8057bf6eb9,,true,facility_wide,onsen_related,temperature,温泉;温度,노후감·청결·온도 등 운영 주의 신호가 포함된 직접 리뷰.,direct_readable,true,mixed,caution_or_issue_tag,high,issue_caution_calibration_needed
shuhokan-0287,Agoda API,Agoda,"January 21, 2026",9.2,https://www.agoda.com/yufuin-hotel-shuhokan/hotel/yufu-jp.html,ja,ececdde30378,,true,facility_wide,booking_confusion;onsen_related,cleanliness_or_age;temperature,hot spring;bath;cold;hot;walk;old,"역 접근, 도보, 택시, 송영 등 이동 동선을 함께 언급한 직접 리뷰.",direct_readable,true,mixed,body_negative_with_context,high,issue_caution_calibration_needed
shuhokan-0288,Agoda API,Booking.com,"November 21, 2023",8.0,https://www.agoda.com/yufuin-hotel-shuhokan/hotel/yufu-jp.html,ja,cc3317587252,,false,unclear,booking_confusion,,駅,"역 접근, 도보, 택시, 송영 등 이동 동선을 함께 언급한 직접 리뷰.",direct_readable,true,mixed,conditional_signal_tag,medium,issue_caution_calibration_needed
shuhokan-0289,Agoda API,Agoda,"June 24, 2026",6.4,https://www.agoda.com/yufuin-hotel-shuhokan/hotel/yufu-jp.html,en,85e1af976dac,,false,unclear,,cleanliness_or_age,hot;old,노후감·청결·온도 등 운영 주의 신호가 포함된 직접 리뷰.,direct_readable,true,mixed,caution_or_issue_tag,high,issue_caution_calibration_needed
shuhokan-0290,Agoda API,Booking.com,"November 20, 2023",6.0,https://www.agoda.com/yufuin-hotel-shuhokan/hotel/yufu-jp.html,ja,dfe49872fc91,,false,unclear,,,,숙박 경험을 평가한 직접 리뷰 표본.,direct_readable,true,neutral,neutral_or_lodging_context,medium,issue_caution_calibration_needed
shuhokan-0291,Agoda API,Agoda,"June 04, 2026",10.0,https://www.agoda.com/yufuin-hotel-shuhokan/hotel/yufu-jp.html,en,88bfb09229bd,,true,facility_wide,crowding;onsen_related,,onsen;hot;quiet,노후감·청결·온도 등 운영 주의 신호가 포함된 직접 리뷰.,direct_readable,true,mixed,conditional_signal_tag,medium,issue_caution_calibration_needed
shuhokan-0292,Agoda API,Booking.com,"November 11, 2023",8.0,https://www.agoda.com/yufuin-hotel-shuhokan/hotel/yufu-jp.html,ja,ecc6e8f5f397,,true,facility_wide,onsen_related,,風呂,숙박 경험을 평가한 직접 리뷰 표본.,direct_readable,true,positive,rating_positive_signal,medium,issue_caution_calibration_needed
shuhokan-0293,Agoda API,Agoda,"May 26, 2026",5.2,https://www.agoda.com/yufuin-hotel-shuhokan/hotel/yufu-jp.html,en,3729f5871441,,true,facility_wide,booking_confusion;onsen_related,cleanliness_or_age,hot spring;hot;walk;clean,"역 접근, 도보, 택시, 송영 등 이동 동선을 함께 언급한 직접 리뷰.",direct_readable,true,mixed,caution_or_issue_tag,high,issue_caution_calibration_needed
shuhokan-0294,Agoda API,Booking.com,"November 11, 2023",10.0,https://www.agoda.com/yufuin-hotel-shuhokan/hotel/yufu-jp.html,ja,c3159d2b4740,,false,unclear,,,,숙박 경험을 평가한 직접 리뷰 표본.,direct_readable,true,neutral,neutral_or_lodging_context,medium,issue_caution_calibration_needed
shuhokan-0295,Agoda API,Agoda,"May 05, 2026",7.2,https://www.agoda.com/yufuin-hotel-shuhokan/hotel/yufu-jp.html,en,c3ad6852884d,,false,unclear,,,,숙박 경험을 평가한 직접 리뷰 표본.,direct_readable,true,neutral,neutral_or_lodging_context,medium,issue_caution_calibration_needed
shuhokan-0296,Agoda API,Booking.com,"November 10, 2023",5.0,https://www.agoda.com/yufuin-hotel-shuhokan/hotel/yufu-jp.html,ja,e07f0ee63b13,,false,unclear,,,,숙박 경험을 평가한 직접 리뷰 표본.,direct_readable,true,neutral,neutral_or_lodging_context,medium,issue_caution_calibration_needed
shuhokan-0297,Agoda API,Agoda,"April 21, 2026",10.0,https://www.agoda.com/yufuin-hotel-shuhokan/hotel/yufu-jp.html,en,6e3f4e29abba,,true,facility_wide,booking_confusion;onsen_related,,onsen;walk,"역 접근, 도보, 택시, 송영 등 이동 동선을 함께 언급한 직접 리뷰.",direct_readable,true,mixed,conditional_signal_tag,medium,issue_caution_calibration_needed
shuhokan-0298,Agoda API,Booking.com,"November 06, 2023",7.0,https://www.agoda.com/yufuin-hotel-shuhokan/hotel/yufu-jp.html,ja,6e907307273f,,true,facility_wide,onsen_related,,温泉;湯,숙박 경험을 평가한 직접 리뷰 표본.,direct_readable,true,positive,rating_positive_signal,medium,issue_caution_calibration_needed
shuhokan-0299,Agoda API,Agoda,"April 08, 2026",9.6,https://www.agoda.com/yufuin-hotel-shuhokan/hotel/yufu-jp.html,en,a1a3b4f9fa38,,false,unclear,booking_confusion,,hot;station;walk,"역 접근, 도보, 택시, 송영 등 이동 동선을 함께 언급한 직접 리뷰.",direct_readable,true,mixed,conditional_signal_tag,medium,issue_caution_calibration_needed
shuhokan-0300,Agoda API,Booking.com,"October 29, 2023",10.0,https://www.agoda.com/yufuin-hotel-shuhokan/hotel/yufu-jp.html,ja,7f6cec0f0dd4,,true,facility_wide,onsen_related,temperature,湯;ぬる,노후감·청결·온도 등 운영 주의 신호가 포함된 직접 리뷰.,direct_readable,true,mixed,caution_or_issue_tag,high,issue_caution_calibration_needed
shuhokan-0301,Agoda API,Agoda,"April 08, 2026",10.0,https://www.agoda.com/yufuin-hotel-shuhokan/hotel/yufu-jp.html,en,88927a6cd1c9,,false,unclear,,,hot,노후감·청결·온도 등 운영 주의 신호가 포함된 직접 리뷰.,direct_readable,true,neutral,neutral_or_lodging_context,medium,issue_caution_calibration_needed
shuhokan-0302,Agoda API,Booking.com,"October 26, 2023",8.0,https://www.agoda.com/yufuin-hotel-shuhokan/hotel/yufu-jp.html,ja,4c32c054a0c5,,true,facility_wide,onsen_related,,温泉,숙박 경험을 평가한 직접 리뷰 표본.,direct_readable,true,positive,rating_positive_signal,medium,issue_caution_calibration_needed
shuhokan-0303,Agoda API,Agoda,"April 06, 2026",7.2,https://www.agoda.com/yufuin-hotel-shuhokan/hotel/yufu-jp.html,en,4fcd98587e08,,false,unclear,booking_confusion,cleanliness_or_age,hot;station;walk;smell,"역 접근, 도보, 택시, 송영 등 이동 동선을 함께 언급한 직접 리뷰.",direct_readable,true,mixed,body_negative_with_context,high,issue_caution_calibration_needed
shuhokan-0304,Agoda API,Booking.com,"October 24, 2023",5.0,https://www.agoda.com/yufuin-hotel-shuhokan/hotel/yufu-jp.html,ja,9941331052ce,,false,unclear,,,,숙박 경험을 평가한 직접 리뷰 표본.,direct_readable,true,neutral,neutral_or_lodging_context,medium,issue_caution_calibration_needed
shuhokan-0305,Agoda API,Agoda,"March 24, 2026",10.0,https://www.agoda.com/yufuin-hotel-shuhokan/hotel/yufu-jp.html,en,69a712f54f01,,false,unclear,,,,숙박 경험을 평가한 직접 리뷰 표본.,direct_readable,true,neutral,neutral_or_lodging_context,medium,issue_caution_calibration_needed
shuhokan-0306,Agoda API,Booking.com,"October 24, 2023",8.0,https://www.agoda.com/yufuin-hotel-shuhokan/hotel/yufu-jp.html,ja,39d4cd18ae5d,,true,facility_wide,booking_confusion;onsen_related,,湯;駅,"역 접근, 도보, 택시, 송영 등 이동 동선을 함께 언급한 직접 리뷰.",direct_readable,true,mixed,conditional_signal_tag,medium,issue_caution_calibration_needed
shuhokan-0307,Agoda API,Agoda,"March 17, 2026",9.6,https://www.agoda.com/yufuin-hotel-shuhokan/hotel/yufu-jp.html,en,b5b542bff188,,false,unclear,,,,숙박 경험을 평가한 직접 리뷰 표본.,direct_readable,true,neutral,neutral_or_lodging_context,medium,issue_caution_calibration_needed
shuhokan-0308,Agoda API,Booking.com,"October 20, 2023",9.0,https://www.agoda.com/yufuin-hotel-shuhokan/hotel/yufu-jp.html,ja,c042751087e8,,true,facility_wide,crowding;onsen_related,cleanliness_or_age,風呂;お風呂;湯;少ない;古,노후감·청결·온도 등 운영 주의 신호가 포함된 직접 리뷰.,direct_readable,true,mixed,caution_or_issue_tag,high,issue_caution_calibration_needed
shuhokan-0309,Agoda API,Agoda,"March 11, 2026",10.0,https://www.agoda.com/yufuin-hotel-shuhokan/hotel/yufu-jp.html,ko,927672b5de2c,,false,unclear,,,,숙박 경험을 평가한 직접 리뷰 표본.,direct_readable,true,neutral,neutral_or_lodging_context,medium,issue_caution_calibration_needed
shuhokan-0310,Agoda API,Booking.com,"October 19, 2023",5.0,https://www.agoda.com/yufuin-hotel-shuhokan/hotel/yufu-jp.html,ja,465b0bff6aa4,,true,facility_wide,onsen_related,,温泉,숙박 경험을 평가한 직접 리뷰 표본.,direct_readable,true,positive,rating_positive_signal,medium,issue_caution_calibration_needed
shuhokan-0311,Agoda API,Agoda,"March 05, 2026",9.2,https://www.agoda.com/yufuin-hotel-shuhokan/hotel/yufu-jp.html,en,5d45083431d7,,false,unclear,booking_confusion;crowding,cleanliness_or_age,hot;quiet;location;clean,"역 접근, 도보, 택시, 송영 등 이동 동선을 함께 언급한 직접 리뷰.",direct_readable,true,mixed,caution_or_issue_tag,high,issue_caution_calibration_needed
shuhokan-0312,Agoda API,Booking.com,"October 18, 2023",9.0,https://www.agoda.com/yufuin-hotel-shuhokan/hotel/yufu-jp.html,ja,ca736f95420f,,true,facility_wide,onsen_related,,温泉,숙박 경험을 평가한 직접 리뷰 표본.,direct_readable,true,positive,rating_positive_signal,medium,issue_caution_calibration_needed
shuhokan-0313,Agoda API,Agoda,"March 05, 2026",9.2,https://www.agoda.com/yufuin-hotel-shuhokan/hotel/yufu-jp.html,en,15a07c04bf47,,false,unclear,booking_confusion,,station;walk,"역 접근, 도보, 택시, 송영 등 이동 동선을 함께 언급한 직접 리뷰.",direct_readable,true,mixed,conditional_signal_tag,medium,issue_caution_calibration_needed
shuhokan-0314,Agoda API,Booking.com,"October 12, 2023",7.0,https://www.agoda.com/yufuin-hotel-shuhokan/hotel/yufu-jp.html,ja,c0f6ac03f2b3,,false,unclear,,,,숙박 경험을 평가한 직접 리뷰 표본.,direct_readable,true,neutral,neutral_or_lodging_context,medium,issue_caution_calibration_needed
shuhokan-0315,Agoda API,Agoda,"January 04, 2026",10.0,https://www.agoda.com/yufuin-hotel-shuhokan/hotel/yufu-jp.html,en,442f63f478c9,,false,unclear,,,,숙박 경험을 평가한 직접 리뷰 표본.,direct_readable,true,neutral,neutral_or_lodging_context,medium,issue_caution_calibration_needed
shuhokan-0316,Agoda API,Booking.com,"September 15, 2023",10.0,https://www.agoda.com/yufuin-hotel-shuhokan/hotel/yufu-jp.html,ja,570f12cfbbb9,,true,facility_wide,onsen_related,,温泉;露天;風呂;露天風呂,숙박 경험을 평가한 직접 리뷰 표본.,direct_readable,true,positive,rating_positive_signal,medium,issue_caution_calibration_needed
shuhokan-0317,Agoda API,Agoda,"January 02, 2026",9.2,https://www.agoda.com/yufuin-hotel-shuhokan/hotel/yufu-jp.html,en,6b9b6c2894c0,,true,facility_wide,onsen_related,,onsen,숙박 경험을 평가한 직접 리뷰 표본.,direct_readable,true,positive,rating_positive_signal,medium,issue_caution_calibration_needed
shuhokan-0318,Agoda API,Booking.com,"September 03, 2023",10.0,https://www.agoda.com/yufuin-hotel-shuhokan/hotel/yufu-jp.html,ja,0a553fd56808,,true,facility_wide,onsen_related,,温泉,숙박 경험을 평가한 직접 리뷰 표본.,direct_readable,true,positive,rating_positive_signal,medium,issue_caution_calibration_needed
shuhokan-0319,Google Maps,,1개월 전,4,https://www.google.com/maps/search/ゆふいんホテル秀峰館,ko,ec1b54566485,Google-native review tab,true,public_bath,booking_confusion;onsen_related;public_bath_hot_spring,,대욕장;도보;캐리어,유후다케 전망 대욕장 또는 공용 온천을 언급한 직접 리뷰.,direct_readable,true,mixed,conditional_signal_tag,medium,issue_caution_calibration_needed
shuhokan-0320,Google Maps,,2개월 전,5,https://www.google.com/maps/search/ゆふいんホテル秀峰館,en,f52a5d283ca3,Google-native review tab,true,facility_wide,onsen_related,,hot spring;bath;hot,노후감·청결·온도 등 운영 주의 신호가 포함된 직접 리뷰.,direct_readable,true,positive,rating_positive_signal,medium,issue_caution_calibration_needed
shuhokan-0321,Google Maps,,6개월 전,5,https://www.google.com/maps/search/ゆふいんホテル秀峰館,ko,3495398a7964,Google-native review tab,false,unclear,,,,숙박 경험을 평가한 직접 리뷰 표본.,direct_readable,true,neutral,neutral_or_lodging_context,medium,issue_caution_calibration_needed
shuhokan-0322,Google Maps,,2개월 전,4,https://www.google.com/maps/search/ゆふいんホテル秀峰館,ko,4276c30aaa61,Google-native review tab,false,unclear,booking_confusion,,택시;도보,"역 접근, 도보, 택시, 송영 등 이동 동선을 함께 언급한 직접 리뷰.",direct_readable,true,mixed,conditional_signal_tag,medium,issue_caution_calibration_needed
shuhokan-0323,Google Maps,,4개월 전,5,https://www.google.com/maps/search/ゆふいんホテル秀峰館,ko,f7cad21888d9,Google-native review tab,false,unclear,booking_confusion,,택시,"역 접근, 도보, 택시, 송영 등 이동 동선을 함께 언급한 직접 리뷰.",direct_readable,true,mixed,conditional_signal_tag,medium,issue_caution_calibration_needed
shuhokan-0324,Google Maps,,3개월 전,5,https://www.google.com/maps/search/ゆふいんホテル秀峰館,ko,5b4e0989d2ac,Google-native review tab,true,facility_wide,onsen_related,,온천;노천탕;탕,숙박 경험을 평가한 직접 리뷰 표본.,direct_readable,true,positive,rating_positive_signal,medium,issue_caution_calibration_needed
shuhokan-0325,Google Maps,,3개월 전,5,https://www.google.com/maps/search/ゆふいんホテル秀峰館,ko,8cfb03c82c8e,Google-native review tab,true,facility_wide,onsen_related,,노천탕;탕,숙박 경험을 평가한 직접 리뷰 표본.,direct_readable,true,positive,rating_positive_signal,medium,issue_caution_calibration_needed
shuhokan-0326,Google Maps,,1개월 전,5,https://www.google.com/maps/search/ゆふいんホテル秀峰館,ko,ac28b930b9a6,Google-native review tab,true,public_bath,onsen_related;public_bath_hot_spring,cleanliness_or_age,료칸뷰;4층옥상;세월,유후다케 전망 대욕장 또는 공용 온천을 언급한 직접 리뷰.,direct_readable,true,mixed,caution_or_issue_tag,high,issue_caution_calibration_needed
shuhokan-0327,Google Maps,,5개월 전,4,https://www.google.com/maps/search/ゆふいんホテル秀峰館,ko,d36620ea1c4c,Google-native review tab,false,unclear,,,,숙박 경험을 평가한 직접 리뷰 표본.,direct_readable,true,neutral,neutral_or_lodging_context,medium,issue_caution_calibration_needed
shuhokan-0328,Google Maps,,1년 전,5,https://www.google.com/maps/search/ゆふいんホテル秀峰館,ko,1a3e06462822,Google-native review tab,true,facility_wide,crowding;onsen_related;water_texture,cleanliness_or_age,온천;물도 깨끗;전세;깨끗,노후감·청결·온도 등 운영 주의 신호가 포함된 직접 리뷰.,direct_readable,true,mixed,caution_or_issue_tag,high,issue_caution_calibration_needed
shuhokan-0329,Google Maps,,8개월 전,4,https://www.google.com/maps/search/ゆふいんホテル秀峰館,ko,57755f13dd6d,Google-native review tab,true,open_air_public_bath;public_bath,onsen_related;public_bath_hot_spring,,온천;노천탕;탕;4층 온천,전망 대욕장과 공용 노천탕을 함께 언급한 직접 리뷰.,direct_readable,true,positive,rating_positive_signal,medium,issue_caution_calibration_needed
