queue_rank,research_batch,slug,name_ja,name_ko_or_en,area_slug,prefecture,property_type,initial_tier,initial_bath_signals,verification_status,source_basis,official_url,google_maps_url,rakuten_url,jalan_url,ikkyu_url,agoda_or_booking_url,naver_search_url,visible_review_pool_google,visible_review_pool_japanese_ota,visible_review_pool_global_ota,visible_review_pool_korean,required_checks,deep_research_priority,notes,source_files
1,T1-01,arima-gekkoen-korokan,月光園 鴻朧館,Gekkoen Korokan,arima,兵庫県,ryokan,Tier 1,"금천/노천/객실탕 후보, 리뷰풀 가치",needs_official_crosscheck,Arima accommodation exposure,,,,,,,,,,,,official_site_check; bath_or_product_detail_check; map_listing_check; review_pool_count_check,P1,candidate-stage row; do not publish before URL/review-pool verification,nationwide_accommodation_batch_a_v0_2_2026-07-03.csv
2,T1-01,arima-hanamusubi,有馬温泉 御幸荘 花結び,Miyukiso Hanamusubi,arima,兵庫県,ryokan,Tier 1,금천 객실 노천탕 5실 신호,needs_official_crosscheck,Rakuten Arima room-open-air article,,,,,,,,,,,,official_site_check; bath_or_product_detail_check; map_listing_check; review_pool_count_check,P1,candidate-stage row; do not publish before URL/review-pool verification,nationwide_accommodation_batch_a_v0_2_2026-07-03.csv
3,T1-01,arima-hatago,有馬温泉 四季の彩 旅篭,Shiki no Irodori Hatago,arima,兵庫県,luxury ryokan,Tier 1,전실 금천 노천탕 신호,needs_official_crosscheck,Ikkyu Arima room-open-air ranking,,,,,,,,,,,,official_site_check; bath_or_product_detail_check; map_listing_check; review_pool_count_check,P1,candidate-stage row; do not publish before URL/review-pool verification,nationwide_accommodation_batch_a_v0_2_2026-07-03.csv
4,T1-01,arima-kinzan,有馬温泉 欽山,Kinzan,arima,兵庫県,luxury ryokan,Tier 1,"아리마 고급 료칸, 금천/은천 후보",needs_official_crosscheck,Rakuten Top20 area seed,,,,,,,,,,,,official_site_check; bath_or_product_detail_check; map_listing_check; review_pool_count_check,P1,candidate-stage row; do not publish before URL/review-pool verification,nationwide_accommodation_seed_v0_1_2026-07-03.csv;nationwide_accommodation_batch_a_v0_2_2026-07-03.csv
5,T1-01,arima-kosenkaku,有馬温泉 元湯 古泉閣,Kosenkaku,arima,兵庫県,traditional ryokan,Tier 1,"자가원천/금천 후보, 로지·료칸 혼합형",needs_official_crosscheck,Arima accommodation exposure,,,,,,,,,,,,official_site_check; bath_or_product_detail_check; map_listing_check; review_pool_count_check,P1,candidate-stage row; do not publish before URL/review-pool verification,nationwide_accommodation_batch_a_v0_2_2026-07-03.csv
6,T1-01,arima-maruyama,有馬温泉 竹取亭円山,Taketoritei Maruyama,arima,兵庫県,ryokan,Tier 1,"대절탕/객실탕 후보, 한국어 수요 가능성",needs_official_crosscheck,Arima accommodation exposure,,,,,,,,,,,,official_site_check; bath_or_product_detail_check; map_listing_check; review_pool_count_check,P1,candidate-stage row; do not publish before URL/review-pool verification,nationwide_accommodation_batch_a_v0_2_2026-07-03.csv
7,T1-01,arima-nakanobo,中の坊瑞苑,Nakanobo Zuien,arima,兵庫県,luxury ryokan,Tier 1,"아리마 최고급 숙소, 대욕장·객실탕 후보",needs_official_crosscheck,MyBest/Ikkyu Arima exposure,,,,,,,,,,,,official_site_check; bath_or_product_detail_check; map_listing_check; review_pool_count_check,P1,candidate-stage row; do not publish before URL/review-pool verification,nationwide_accommodation_batch_a_v0_2_2026-07-03.csv
8,T1-01,arima-okuno-hosomichi,天地の宿 奥の細道,Okuno Hosomichi,arima,兵庫県,luxury ryokan,Tier 1,객실 노천탕·자가원천/금천 신호,needs_official_crosscheck,Ikkyu Arima room-open-air ranking,,,,,,,,,,,,official_site_check; bath_or_product_detail_check; map_listing_check; review_pool_count_check,P1,candidate-stage row; do not publish before URL/review-pool verification,nationwide_accommodation_batch_a_v0_2_2026-07-03.csv
9,T1-01,arima-shisui,SPA TERRACE紫翠,SPA TERRACE Shisui,arima,兵庫県,modern ryokan,Tier 1,"객실 노천탕 후보, 현대형 스파 숙소",needs_official_crosscheck,MyBest Arima room-open-air ranking,,,,,,,,,,,,official_site_check; bath_or_product_detail_check; map_listing_check; review_pool_count_check,P1,candidate-stage row; do not publish before URL/review-pool verification,nationwide_accommodation_batch_a_v0_2_2026-07-03.csv
10,T1-01,kinosaki-kawaguchiya-riverside,川口屋城崎リバーサイドホテル,Kawaguchiya Kinosaki Riverside Hotel,kinosaki,兵庫県,ryokan hotel,Tier 1,객실 노천탕과 강변 대욕장 후보,needs_official_crosscheck,Jalan Kinosaki room-open-air source,,,,,,,,,,,,official_site_check; bath_or_product_detail_check; map_listing_check; review_pool_count_check,P1,candidate-stage row; do not publish before URL/review-pool verification,nationwide_accommodation_batch_d_v0_5_2026-07-03.csv
11,T1-01,kinosaki-nishimuraya-honkan,西村屋本館,Nishimuraya Honkan,kinosaki,兵庫県,luxury ryokan,Tier 1,기노사키 대표 고급 료칸과 외탕 접근성 후보,needs_official_crosscheck,Ikkyu Kinosaki source,,,,,,,,,,,,official_site_check; bath_or_product_detail_check; map_listing_check; review_pool_count_check,P1,candidate-stage row; do not publish before URL/review-pool verification,nationwide_accommodation_batch_d_v0_5_2026-07-03.csv
12,T1-01,kinosaki-nishimuraya-shogetsutei,西村屋ホテル招月庭,Nishimuraya Hotel Shogetsutei,kinosaki,兵庫県,luxury ryokan hotel,Tier 1,정원 노천과 객실 노천탕 후보,needs_official_crosscheck,Ikkyu and Jalan Kinosaki sources,,,,,,,,,,,,official_site_check; bath_or_product_detail_check; map_listing_check; review_pool_count_check,P1,candidate-stage row; do not publish before URL/review-pool verification,nationwide_accommodation_batch_d_v0_5_2026-07-03.csv
13,T1-01,kinosaki-ryokufukaku,きのさきの宿 緑風閣,Ryokufukaku,kinosaki,兵庫県,ryokan,Tier 1,객실 노천탕과 외탕 접근성 후보,needs_official_crosscheck,Ikkyu and Jalan Kinosaki sources,,,,,,,,,,,,official_site_check; bath_or_product_detail_check; map_listing_check; review_pool_count_check,P1,candidate-stage row; do not publish before URL/review-pool verification,nationwide_accommodation_batch_d_v0_5_2026-07-03.csv
14,T1-01,gero-kawakamiya,下呂温泉 川上屋花水亭,Kawakamiya Kasuitei,gero,岐阜県,traditional ryokan,Tier 1,"소형 고급 료칸, 객실 노천탕 후보",needs_official_crosscheck,Ikkyu Gero room-open-air ranking,,,,,,,,,,,,official_site_check; bath_or_product_detail_check; map_listing_check; review_pool_count_check,P1,candidate-stage row; do not publish before URL/review-pool verification,nationwide_accommodation_batch_a_v0_2_2026-07-03.csv
15,T1-01,gero-miyako,下呂温泉 こころをなでる静寂 みやこ,Miyako,gero,岐阜県,small ryokan,Tier 1,전 16실 중 노천풍로 객실/離れ 신호,needs_official_crosscheck,Ikkyu Gero room-open-air list,,,,,,,,,,,,official_site_check; bath_or_product_detail_check; map_listing_check; review_pool_count_check,P1,candidate-stage row; do not publish before URL/review-pool verification,nationwide_accommodation_batch_a_v0_2_2026-07-03.csv
16,T1-01,gero-shogetsu,下呂温泉 今宵 天空に遊ぶ しょうげつ,Shogetsu,gero,岐阜県,small luxury ryokan,Tier 1,"고지대 전망형 료칸, 객실 노천탕 후보",needs_official_crosscheck,Ikkyu/Jalan Gero room-open-air lists,,,,,,,,,,,,official_site_check; bath_or_product_detail_check; map_listing_check; review_pool_count_check,P1,candidate-stage row; do not publish before URL/review-pool verification,nationwide_accommodation_batch_a_v0_2_2026-07-03.csv
17,T1-01,gero-suihoen,下呂温泉 懐石宿 水鳳園,Suihoen,gero,岐阜県,kaiseki ryokan,Tier 1,"고평점, 객실 노천탕 충실 신호",needs_official_crosscheck,"Rakuten Gero listing, Ikkyu Gero ranking",,,,,,,,,,,,official_site_check; bath_or_product_detail_check; map_listing_check; review_pool_count_check,P1,candidate-stage row; do not publish before URL/review-pool verification,nationwide_accommodation_batch_a_v0_2_2026-07-03.csv
18,T1-01,gero-tsukinoakari,下呂温泉 離れの宿 月のあかり,Tsuki no Akari,gero,岐阜県,detached ryokan,Tier 1,"전실 노천풍로離れ, 내탕·노천·족탕 신호",needs_official_crosscheck,Rakuten Gero room-open-air article,,,,,,,,,,,,official_site_check; bath_or_product_detail_check; map_listing_check; review_pool_count_check,P1,candidate-stage row; do not publish before URL/review-pool verification,nationwide_accommodation_batch_a_v0_2_2026-07-03.csv
19,T1-01,gero-yunoshimakan,下呂温泉 湯之島館,Yunoshimakan,gero,岐阜県,traditional ryokan,Tier 1,"역사형 노포, 객실 노천탕 후보",needs_official_crosscheck,Ikkyu/Yahoo Gero room-open-air ranking,,,,,,,,,,,,official_site_check; bath_or_product_detail_check; map_listing_check; review_pool_count_check,P1,candidate-stage row; do not publish before URL/review-pool verification,nationwide_accommodation_batch_a_v0_2_2026-07-03.csv
20,T1-01,kurokawa-gekkoujyu,黒川温泉御処 月洸樹,Gekkoju,kurokawa,熊本県,luxury ryokan,Tier 1,고급 객실 노천탕과 프라이빗 체류 신호,needs_official_crosscheck,Ikkyu Kurokawa room-open-air source,,,,,,,,,,,,official_site_check; bath_or_product_detail_check; map_listing_check; review_pool_count_check,P1,candidate-stage row; do not publish before URL/review-pool verification,nationwide_accommodation_batch_d_v0_5_2026-07-03.csv
21,T1-01,kurokawa-kiyashiki,黒川温泉 いやしの里 樹やしき,Iyashi no Sato Kiyashiki,kurokawa,熊本県,ryokan,Tier 1,전망 노천과 대절탕 후보 신호,needs_official_crosscheck,Kurokawa official day-use status source,,,,,,,,,,,,official_site_check; bath_or_product_detail_check; map_listing_check; review_pool_count_check,P1,candidate-stage row; do not publish before URL/review-pool verification,nationwide_accommodation_batch_d_v0_5_2026-07-03.csv
22,T1-01,kurokawa-kounoyu,黒川温泉 こうの湯,Kounoyu,kurokawa,熊本県,ryokan,Tier 1,노천탕과 대절탕 후보 신호,needs_official_crosscheck,Kurokawa day-use status and regional ranking,,,,,,,,,,,,official_site_check; bath_or_product_detail_check; map_listing_check; review_pool_count_check,P1,candidate-stage row; do not publish before URL/review-pool verification,nationwide_accommodation_batch_d_v0_5_2026-07-03.csv
23,T1-01,kurokawa-kurokawaso,黒川温泉 黒川荘,Kurokawaso,kurokawa,熊本県,ryokan,Tier 1,대형 노천과 자연 온천경험 후보,needs_official_crosscheck,Kurokawa official day-use status source,,,,,,,,,,,,official_site_check; bath_or_product_detail_check; map_listing_check; review_pool_count_check,P1,candidate-stage row; do not publish before URL/review-pool verification,nationwide_accommodation_batch_d_v0_5_2026-07-03.csv
24,T1-01,kurokawa-okunoyu,黒川温泉 旅館奥の湯,Ryokan Okunoyu,kurokawa,熊本県,ryokan,Tier 1,대형 노천과 객실탕 후보 신호,needs_official_crosscheck,MyBest and Rakuten Kurokawa sources,,,,,,,,,,,,official_site_check; bath_or_product_detail_check; map_listing_check; review_pool_count_check,P1,candidate-stage row; do not publish before URL/review-pool verification,nationwide_accommodation_batch_d_v0_5_2026-07-03.csv
25,T1-01,kurokawa-senomoto-kogen-hotel,瀬の本高原ホテル,Senomoto Kogen Hotel,kurokawa,熊本県,resort hotel,Tier 1,고원 전망 노천탕과 객실탕 후보,needs_official_crosscheck,MyBest and Kurokawa day-use status source,,,,,,,,,,,,official_site_check; bath_or_product_detail_check; map_listing_check; review_pool_count_check,P1,candidate-stage row; do not publish before URL/review-pool verification,nationwide_accommodation_batch_d_v0_5_2026-07-03.csv
26,T1-01,kurokawa-takefue,竹ふえ,Takefue,kurokawa,熊本県,luxury ryokan,Tier 1,고급 객실탕/대절탕 후보,needs_official_crosscheck,regional high-value seed,,,,,,,,,,,,official_site_check; bath_or_product_detail_check; map_listing_check; review_pool_count_check,P1,candidate-stage row; do not publish before URL/review-pool verification,nationwide_accommodation_seed_v0_1_2026-07-03.csv
27,T1-01,kurokawa-yusai,黒川温泉 湯峡の響き 優彩,Yukyo no Hibiki Yusai,kurokawa,熊本県,ryokan hotel,Tier 1,복수 대욕장과 노천탕 원천가케나가시 신호,needs_official_crosscheck,Jalan Kurokawa ranking snippet,,,,,,,,,,,,official_site_check; bath_or_product_detail_check; map_listing_check; review_pool_count_check,P1,candidate-stage row; do not publish before URL/review-pool verification,nationwide_accommodation_batch_d_v0_5_2026-07-03.csv
28,T1-01,hakone-byakudan,箱根強羅 白檀,Hakone Gora Byakudan,hakone,神奈川県,luxury ryokan,Tier 1,"강라 고급 료칸, 객실 노천탕 후보",needs_official_crosscheck,Ikkyu Hakone room-open-air list,,,,,,,,,,,,official_site_check; bath_or_product_detail_check; map_listing_check; review_pool_count_check,P1,candidate-stage row; do not publish before URL/review-pool verification,nationwide_accommodation_batch_a_v0_2_2026-07-03.csv
29,T1-01,hakone-fontainebleau,オーベルジュ 箱根フォンテーヌ・ブロー仙石亭,Hakone Fontaine Bleau Sengokutei,hakone,神奈川県,auberge ryokan,Tier 1,"전 13실 노천풍로 객실 신호, 음식 평가 강함",needs_official_crosscheck,Ikkyu Hakone room-open-air dining list,,,,,,,,,,,,official_site_check; bath_or_product_detail_check; map_listing_check; review_pool_count_check,P1,candidate-stage row; do not publish before URL/review-pool verification,nationwide_accommodation_batch_a_v0_2_2026-07-03.csv
30,T1-01,hakone-gen-gora,玄 箱根強羅,Gen Hakone Gora,hakone,神奈川県,luxury ryokan,Tier 1,객실 노천탕 추천 숙소 신호,needs_official_crosscheck,Jalan 2026 rotsuki article,,,,,,,,,,,,official_site_check; bath_or_product_detail_check; map_listing_check; review_pool_count_check,P1,candidate-stage row; do not publish before URL/review-pool verification,nationwide_accommodation_seed_v0_1_2026-07-03.csv;nationwide_accommodation_batch_a_v0_2_2026-07-03.csv
31,T1-01,hakone-ginyu,箱根吟遊,Hakone Ginyu,hakone,神奈川県,luxury ryokan,Tier 1,객실 노천탕/전망형 대표 후보,needs_official_crosscheck,Jalan 2026 top area seed,,,,,,,,,,,,official_site_check; bath_or_product_detail_check; map_listing_check; review_pool_count_check,P1,candidate-stage row; do not publish before URL/review-pool verification,nationwide_accommodation_seed_v0_1_2026-07-03.csv;nationwide_accommodation_batch_a_v0_2_2026-07-03.csv
32,T1-01,hakone-gora-kadan,強羅花壇,Gora Kadan,hakone,神奈川県,luxury ryokan,Tier 1,"하코네 고급 료칸 대표, 객실탕/대욕장 후보",needs_official_crosscheck,Jalan/Ikkyu top area seed,,,,,,,,,,,,official_site_check; bath_or_product_detail_check; map_listing_check; review_pool_count_check,P1,candidate-stage row; do not publish before URL/review-pool verification,nationwide_accommodation_seed_v0_1_2026-07-03.csv;nationwide_accommodation_batch_a_v0_2_2026-07-03.csv
33,T1-01,hakone-gora-karaku,箱根・強羅 佳ら久,Hakone Gora Karaku,hakone,神奈川県,luxury ryokan,Tier 1,"전실 온천 노천풍로 완비 신호, 리뷰풀 큼",needs_official_crosscheck,Ikkyu Hakone room-open-air listing,,,,,,,,,,,,official_site_check; bath_or_product_detail_check; map_listing_check; review_pool_count_check,P1,candidate-stage row; do not publish before URL/review-pool verification,nationwide_accommodation_batch_a_v0_2_2026-07-03.csv
34,T1-01,hakone-kanaya-resort,KANAYA RESORT HAKONE,KANAYA RESORT HAKONE,hakone,神奈川県,luxury resort ryokan,Tier 1,센고쿠하라 고급 객실 노천탕 후보,needs_official_crosscheck,Ikkyu Hakone room-open-air list,,,,,,,,,,,,official_site_check; bath_or_product_detail_check; map_listing_check; review_pool_count_check,P1,candidate-stage row; do not publish before URL/review-pool verification,nationwide_accommodation_batch_a_v0_2_2026-07-03.csv
35,T1-01,hakone-kowakien-tenyu,箱根小涌園 天悠,Hakone Kowakien Ten-yu,hakone,神奈川県,large resort ryokan,Tier 1,"전 객실 온천 노천풍로 계열 신호, 대형 리뷰풀 후보",needs_official_crosscheck,Hakone room-open-air lists,,,,,,,,,,,,official_site_check; bath_or_product_detail_check; map_listing_check; review_pool_count_check,P1,candidate-stage row; do not publish before URL/review-pool verification,nationwide_accommodation_batch_a_v0_2_2026-07-03.csv
36,T1-01,hakone-matsuzakaya,箱根の名湯 松坂屋本店,Matsuzakaya Honten,hakone,神奈川県,traditional ryokan,Tier 1,하코네 명탕·원천 신호 강함,needs_official_crosscheck,Ikkyu nationwide onsen ranking snippet,,,,,,,,,,,,official_site_check; bath_or_product_detail_check; map_listing_check; review_pool_count_check,P1,candidate-stage row; do not publish before URL/review-pool verification,nationwide_accommodation_seed_v0_1_2026-07-03.csv;nationwide_accommodation_batch_a_v0_2_2026-07-03.csv
37,T1-01,hakone-suisyoen,箱根・翠松園,Hakone Suishoen,hakone,神奈川県,luxury ryokan,Tier 1,전 객실 스위트·객실 노천탕 후보,needs_official_crosscheck,Ikkyu/Hakone luxury seed,,,,,,,,,,,,official_site_check; bath_or_product_detail_check; map_listing_check; review_pool_count_check,P1,candidate-stage row; do not publish before URL/review-pool verification,nationwide_accommodation_seed_v0_1_2026-07-03.csv;nationwide_accommodation_batch_a_v0_2_2026-07-03.csv
38,T1-01,hakone-yama-no-chaya,山の茶屋,Yama no Chaya,hakone,神奈川県,traditional ryokan,Tier 1,"탑노사와 고급 료칸, 객실 노천탕 후보",needs_official_crosscheck,Hakone luxury/room-open-air exposure,,,,,,,,,,,,official_site_check; bath_or_product_detail_check; map_listing_check; review_pool_count_check,P1,candidate-stage row; do not publish before URL/review-pool verification,nationwide_accommodation_batch_a_v0_2_2026-07-03.csv
39,T1-01,hakone-yuyado-zen,箱根湯宿 然-ZEN-,Hakone Yuyado Zen,hakone,神奈川県,small ryokan,Tier 1,"전 10실 반노천 객실 신호, 후지산 조망 후보",needs_official_crosscheck,Ikkyu Hakone room-open-air list,,,,,,,,,,,,official_site_check; bath_or_product_detail_check; map_listing_check; review_pool_count_check,P1,candidate-stage row; do not publish before URL/review-pool verification,nationwide_accommodation_batch_a_v0_2_2026-07-03.csv
40,T1-01,kusatsu-lavista-hills,ラビスタ草津ヒルズ,La Vista Kusatsu Hills,kusatsu,群馬県,resort ryokan,Tier 1,"전실 히노키 노천풍로, 대욕장·대절탕 신호",needs_official_crosscheck,Rakuten Kusatsu room-open-air article,,,,,,,,,,,,official_site_check; bath_or_product_detail_check; map_listing_check; review_pool_count_check,P1,candidate-stage row; do not publish before URL/review-pool verification,nationwide_accommodation_batch_a_v0_2_2026-07-03.csv
41,T1-01,kusatsu-now-resort,草津ナウリゾートホテル,Kusatsu Now Resort Hotel,kusatsu,群馬県,resort hotel,Tier 1,"객실 노천탕 후보, 리조트형 온천 비교군",needs_official_crosscheck,Kusatsu room-open-air ranking exposure,,,,,,,,,,,,official_site_check; bath_or_product_detail_check; map_listing_check; review_pool_count_check,P1,candidate-stage row; do not publish before URL/review-pool verification,nationwide_accommodation_batch_a_v0_2_2026-07-03.csv
42,T1-01,kusatsu-sakurai,草津温泉 ホテル櫻井,Hotel Sakurai,kusatsu,群馬県,large ryokan hotel,Tier 1,"객실 노천탕 목록 노출, 대형 리뷰풀 후보",needs_official_crosscheck,MyBest/Rakuten Kusatsu room-open-air exposure,,,,,,,,,,,,official_site_check; bath_or_product_detail_check; map_listing_check; review_pool_count_check,P1,candidate-stage row; do not publish before URL/review-pool verification,nationwide_accommodation_batch_a_v0_2_2026-07-03.csv
43,T1-01,kusatsu-tokino-niwa,湯宿 季の庭,Yuyado Tokinoniwa,kusatsu,群馬県,ryokan,Tier 1,객실 노천탕/대욕장/유황천 후보,needs_official_crosscheck,"Jalan 2026 top area, 5-star ryokan list",,,,,,,,,,,,official_site_check; bath_or_product_detail_check; map_listing_check; review_pool_count_check,P1,candidate-stage row; do not publish before URL/review-pool verification,nationwide_accommodation_seed_v0_1_2026-07-03.csv;nationwide_accommodation_batch_a_v0_2_2026-07-03.csv
44,T1-01,kusatsu-tsutsujitei,草津温泉 つつじ亭,Tsutsujitei,kusatsu,群馬県,luxury ryokan,Tier 1,"고급 료칸, 객실탕/대욕장 후보",needs_official_crosscheck,Kusatsu luxury lodging exposure,,,,,,,,,,,,official_site_check; bath_or_product_detail_check; map_listing_check; review_pool_count_check,P1,candidate-stage row; do not publish before URL/review-pool verification,nationwide_accommodation_batch_a_v0_2_2026-07-03.csv
45,T1-01,unzen-fukudaya,雲仙福田屋,Unzen Fukudaya,unzen,長崎県,ryokan,Tier 1,별저 객실 원천가케나가시 노천탕 강한 후보,needs_official_crosscheck,Ikkyu Unzen open-air source,,,,,,,,,,,,official_site_check; bath_or_product_detail_check; map_listing_check; review_pool_count_check,P1,candidate-stage row; do not publish before URL/review-pool verification,nationwide_accommodation_batch_d_v0_5_2026-07-03.csv
46,T1-01,unzen-hanzuiryo,旅亭 半水盧,Hanzuiryo,unzen,長崎県,luxury ryokan,Tier 1,고급 별저형 온천 체류 후보,needs_official_crosscheck,regional high-end source,,,,,,,,,,,,official_site_check; bath_or_product_detail_check; map_listing_check; review_pool_count_check,P1,candidate-stage row; do not publish before URL/review-pool verification,nationwide_accommodation_batch_d_v0_5_2026-07-03.csv
47,T1-01,unzen-kanko-hotel,雲仙観光ホテル,Unzen Kanko Hotel,unzen,長崎県,classical hotel,Tier 1,클래식 호텔 온천 체류와 고급 수요 후보,needs_official_crosscheck,regional high-end source,,,,,,,,,,,,official_site_check; bath_or_product_detail_check; map_listing_check; review_pool_count_check,P1,candidate-stage row; do not publish before URL/review-pool verification,nationwide_accommodation_batch_d_v0_5_2026-07-03.csv
48,T1-01,unzen-kyushu-hotel,雲仙九州ホテル,Unzen Kyushu Hotel,unzen,長崎県,luxury hotel,Tier 1,운젠 유황천 고급 숙소 후보,needs_official_crosscheck,regional high-value seed,,,,,,,,,,,,official_site_check; bath_or_product_detail_check; map_listing_check; review_pool_count_check,P1,candidate-stage row; do not publish before URL/review-pool verification,nationwide_accommodation_seed_v0_1_2026-07-03.csv
49,T1-01,unzen-miyazaki-ryokan,雲仙宮崎旅館,Unzen Miyazaki Ryokan,unzen,長崎県,luxury ryokan,Tier 1,백탁 유황 원천가케나가시와 객실 노천탕 후보,needs_official_crosscheck,Ikkyu Unzen room-open-air source,,,,,,,,,,,,official_site_check; bath_or_product_detail_check; map_listing_check; review_pool_count_check,P1,candidate-stage row; do not publish before URL/review-pool verification,nationwide_accommodation_batch_d_v0_5_2026-07-03.csv
50,T1-01,unzen-shinyu,雲仙温泉 ゆやど雲仙新湯,Yuyado Unzen Shinyu,unzen,長崎県,ryokan,Tier 1,자사 원천과 다종 유황천 후보,needs_official_crosscheck,regional OTA source,,,,,,,,,,,,official_site_check; bath_or_product_detail_check; map_listing_check; review_pool_count_check,P1,candidate-stage row; do not publish before URL/review-pool verification,nationwide_accommodation_batch_d_v0_5_2026-07-03.csv
51,T1-02,atami-kaihourou,ATAMI 海峯楼,ATAMI Kaihourou,atami,静岡県,luxury ryokan,Tier 1,"소형 초고급 숙소, 객실탕/온천 세부 확인 후보",needs_official_crosscheck,Atami luxury exposure,,,,,,,,,,,,official_site_check; bath_or_product_detail_check; map_listing_check; review_pool_count_check,P1,candidate-stage row; do not publish before URL/review-pool verification,nationwide_accommodation_batch_a_v0_2_2026-07-03.csv
52,T1-02,atami-karaku,熱海・伊豆山 佳ら久,Atami Izusan Karaku,atami,静岡県,luxury ryokan,Tier 1,"객실 노천탕 인기 고급숙, 리뷰풀 큼",needs_official_crosscheck,Ikkyu Atami room-open-air list,,,,,,,,,,,,official_site_check; bath_or_product_detail_check; map_listing_check; review_pool_count_check,P1,candidate-stage row; do not publish before URL/review-pool verification,nationwide_accommodation_batch_a_v0_2_2026-07-03.csv
53,T1-02,atami-new-tomiyoshi,味と湯の宿 ニューとみよし,New Tomiyoshi,atami,静岡県,seaside ryokan,Tier 1,객실 노천탕 많은 대중형 후보,needs_official_crosscheck,MyBest Atami room-open-air ranking,,,,,,,,,,,,official_site_check; bath_or_product_detail_check; map_listing_check; review_pool_count_check,P1,candidate-stage row; do not publish before URL/review-pool verification,nationwide_accommodation_batch_a_v0_2_2026-07-03.csv
54,T1-02,atami-pearl-star,熱海パールスターホテル,Atami Pearl Star Hotel,atami,静岡県,luxury hotel,Tier 1,전실 오션뷰·객실탕/온천 후보,needs_official_crosscheck,Atami luxury exposure,,,,,,,,,,,,official_site_check; bath_or_product_detail_check; map_listing_check; review_pool_count_check,P1,candidate-stage row; do not publish before URL/review-pool verification,nationwide_accommodation_batch_a_v0_2_2026-07-03.csv
55,T1-02,atami-sekaie,ATAMI せかいえ,ATAMI Sekaie,atami,静岡県,luxury ryokan,Tier 1,바다 전망 객실 노천탕 후보,needs_official_crosscheck,Rakuten/YuKoyuko top area seed,,,,,,,,,,,,official_site_check; bath_or_product_detail_check; map_listing_check; review_pool_count_check,P1,candidate-stage row; do not publish before URL/review-pool verification,nationwide_accommodation_seed_v0_1_2026-07-03.csv;nationwide_accommodation_batch_a_v0_2_2026-07-03.csv
56,T1-02,atami-sekitei,あたみ石亭,Atami Sekitei,atami,静岡県,luxury ryokan,Tier 1,"노포 고급 료칸, 객실탕/대욕장 후보",needs_official_crosscheck,Atami luxury exposure,,,,,,,,,,,,official_site_check; bath_or_product_detail_check; map_listing_check; review_pool_count_check,P1,candidate-stage row; do not publish before URL/review-pool verification,nationwide_accommodation_batch_a_v0_2_2026-07-03.csv
57,T1-02,atami-soki,SOKI ATAMI,SOKI Atami,atami,静岡県,modern ryokan,Tier 1,"현대형 온천 숙소, 객실탕/대욕장 후보",needs_official_crosscheck,Atami luxury/new lodging exposure,,,,,,,,,,,,official_site_check; bath_or_product_detail_check; map_listing_check; review_pool_count_check,P1,candidate-stage row; do not publish before URL/review-pool verification,nationwide_accommodation_batch_a_v0_2_2026-07-03.csv
58,T1-02,atami-watei-kazekomichi,WA亭 風こみち,Watei Kazekomichi,atami,静岡県,small luxury ryokan,Tier 1,"객실 노천탕 후보, 소형 고급숙",needs_official_crosscheck,Atami room-open-air exposure,,,,,,,,,,,,official_site_check; bath_or_product_detail_check; map_listing_check; review_pool_count_check,P1,candidate-stage row; do not publish before URL/review-pool verification,nationwide_accommodation_batch_a_v0_2_2026-07-03.csv
59,T1-02,ito-akazawa-geihinkan,赤沢迎賓館,Akazawa Geihinkan,ito-izu,静岡県,luxury ryokan,Tier 1,"이즈고원 고급 숙소, 객실탕/대욕장 후보",needs_official_crosscheck,Ikkyu Izu Kogen room-open-air page,,,,,,,,,,,,official_site_check; bath_or_product_detail_check; map_listing_check; review_pool_count_check,P1,candidate-stage row; do not publish before URL/review-pool verification,nationwide_accommodation_batch_b_v0_3_2026-07-03.csv
60,T1-02,ito-atagawa-suiko,伊豆リトリート 熱川粋光 by 温故知新,Izu Retreat Atagawa Suiko,ito-izu,静岡県,luxury ryokan,Tier 1,"자가원천·정원형 고급숙, 객실 노천탕 후보",needs_official_crosscheck,Ikkyu Izu room-open-air ranking,,,,,,,,,,,,official_site_check; bath_or_product_detail_check; map_listing_check; review_pool_count_check,P1,candidate-stage row; do not publish before URL/review-pool verification,nationwide_accommodation_batch_b_v0_3_2026-07-03.csv
61,T1-02,ito-fugetsumuhen,御宿 風月無辺,Fugaku Muhen / Fugetsu Muhen,ito-izu,静岡県,luxury ryokan,Tier 1,"전실 자가원천 노천풍로, 바다 조망 후보",needs_official_crosscheck,Rakuten Izu luxury room-open-air article,,,,,,,,,,,,official_site_check; bath_or_product_detail_check; map_listing_check; review_pool_count_check,P1,candidate-stage row; do not publish before URL/review-pool verification,nationwide_accommodation_batch_b_v0_3_2026-07-03.csv
62,T1-02,ito-futarikomorebi,ホテルふたり木もれ陽,Hotel Futari Komorebi,ito-izu,静岡県,luxury hotel,Tier 1,"이토 고평점 온천 숙소, 객실탕 후보",needs_official_crosscheck,Ikkyu nationwide onsen ranking snippet,,,,,,,,,,,,official_site_check; bath_or_product_detail_check; map_listing_check; review_pool_count_check,P1,candidate-stage row; do not publish before URL/review-pool verification,nationwide_accommodation_seed_v0_1_2026-07-03.csv;nationwide_accommodation_batch_b_v0_3_2026-07-03.csv
63,T1-02,ito-gensen-tsuki,伊東温泉 源泉と離れのお宿 月,Gensen to Hanare no Oyado Tsuki,ito-izu,静岡県,detached ryokan,Tier 1,"전 9동 오션뷰 노천풍로離れ, Rakuten 1300건급 리뷰풀",needs_official_crosscheck,Rakuten Ito lodging and room-open-air pages,,,,,,,,,,,,official_site_check; bath_or_product_detail_check; map_listing_check; review_pool_count_check,P1,candidate-stage row; do not publish before URL/review-pool verification,nationwide_accommodation_batch_b_v0_3_2026-07-03.csv
64,T1-02,ito-il-azzurri,il azzurri,Il Azzurri,ito-izu,静岡県,seaside hotel,Tier 1,"이즈 객실 노천탕 랭킹 노출, 바다 전망 후보",needs_official_crosscheck,Ikkyu Izu room-open-air ranking,,,,,,,,,,,,official_site_check; bath_or_product_detail_check; map_listing_check; review_pool_count_check,P1,candidate-stage row; do not publish before URL/review-pool verification,nationwide_accommodation_batch_b_v0_3_2026-07-03.csv
65,T1-02,ito-kazenokaori-umi,伊東温泉 ラグジュアリー 和 ホテル 風の薫UMI,Kaze no Kaori UMI,ito-izu,静岡県,luxury hotel ryokan,Tier 1,"Rakuten 1470건급 리뷰풀, 객실 노천탕 후보",needs_official_crosscheck,Rakuten Ito room-open-air page,,,,,,,,,,,,official_site_check; bath_or_product_detail_check; map_listing_check; review_pool_count_check,P1,candidate-stage row; do not publish before URL/review-pool verification,nationwide_accommodation_batch_b_v0_3_2026-07-03.csv
66,T1-02,ito-uchiyama,お宿うち山 伊豆高原 全室露天風呂付き隠れ宿,Oyado Uchiyama,ito-izu,静岡県,luxury ryokan,Tier 1,"전실 노천풍로離れ, Rakuten 고평점/리뷰풀 신호",needs_official_crosscheck,Rakuten Izu Kogen ranking,,,,,,,,,,,,official_site_check; bath_or_product_detail_check; map_listing_check; review_pool_count_check,P1,candidate-stage row; do not publish before URL/review-pool verification,nationwide_accommodation_batch_b_v0_3_2026-07-03.csv
67,T1-02,ito-yumenoya,全室半露天付 離れ御宿 夢のや,Yume no Ya,ito-izu,静岡県,detached ryokan,Tier 1,"전실 반노천풍로離れ, 고평점 소형 숙소",needs_official_crosscheck,Ikkyu Izu Kogen room-open-air page,,,,,,,,,,,,official_site_check; bath_or_product_detail_check; map_listing_check; review_pool_count_check,P1,candidate-stage row; do not publish before URL/review-pool verification,nationwide_accommodation_batch_b_v0_3_2026-07-03.csv
68,T1-02,ito-zagyo-so,ABBA RESORTS IZU - 坐漁荘,ABBA Resorts Izu Zagyosoh,ito-izu,静岡県,luxury ryokan,Tier 1,"이즈 고급 료칸, 객실 노천탕 후보",needs_official_crosscheck,Relux Izu room-open-air exposure,,,,,,,,,,,,official_site_check; bath_or_product_detail_check; map_listing_check; review_pool_count_check,P1,candidate-stage row; do not publish before URL/review-pool verification,nationwide_accommodation_batch_b_v0_3_2026-07-03.csv
69,T1-02,izu-yumotokan,全室半露天付 離れ御宿 夢のや,Yume no Ya,ito-izu,静岡県,detached ryokan,Tier 1,전실 반노천 객실 후보,needs_official_crosscheck,Ikkyu nationwide ranking snippet,,,,,,,,,,,,official_site_check; bath_or_product_detail_check; map_listing_check; review_pool_count_check,P1,candidate-stage row; do not publish before URL/review-pool verification,nationwide_accommodation_seed_v0_1_2026-07-03.csv
70,T1-02,ibusuki-ginsyo,夫婦露天風呂の宿 吟松,Ginsyo,ibusuki,鹿児島県,ryokan,Tier 1,부부 노천탕과 객실 노천탕 강한 후보,needs_official_crosscheck,Jalan Ibusuki room-open-air source,,,,,,,,,,,,official_site_check; bath_or_product_detail_check; map_listing_check; review_pool_count_check,P1,candidate-stage row; do not publish before URL/review-pool verification,nationwide_accommodation_batch_d_v0_5_2026-07-03.csv
71,T1-02,ibusuki-hakusuikan,指宿白水館,Ibusuki Hakusuikan,ibusuki,鹿児島県,large ryokan hotel,Tier 1,"이부스키 대표 대형 숙소, 모래찜질/대욕장 후보",needs_official_crosscheck,regional facility/accommodation seed,,,,,,,,,,,,official_site_check; bath_or_product_detail_check; map_listing_check; review_pool_count_check,P1,candidate-stage row; do not publish before URL/review-pool verification,nationwide_accommodation_seed_v0_1_2026-07-03.csv
72,T1-02,ibusuki-kinkouro,こらんの湯 錦江楼,Koran no Yu Kinkouro,ibusuki,鹿児島県,ryokan hotel,Tier 1,객실 노천탕과 바다 전망 온천 후보,needs_official_crosscheck,Jalan Ibusuki room-open-air source,,,,,,,,,,,,official_site_check; bath_or_product_detail_check; map_listing_check; review_pool_count_check,P1,candidate-stage row; do not publish before URL/review-pool verification,nationwide_accommodation_batch_d_v0_5_2026-07-03.csv
73,T1-02,ibusuki-shusuien,いぶすき秀水園,Ibusuki Syusuien,ibusuki,鹿児島県,ryokan,Tier 1,고급 료칸 대욕장과 모래찜질 접근성 후보,needs_official_crosscheck,regional high-demand source,,,,,,,,,,,,official_site_check; bath_or_product_detail_check; map_listing_check; review_pool_count_check,P1,candidate-stage row; do not publish before URL/review-pool verification,nationwide_accommodation_batch_d_v0_5_2026-07-03.csv
74,T1-02,ibusuki-yurian,温泉水プール＆夫婦露天風呂の離れ宿 悠離庵,Yurian,ibusuki,鹿児島県,villa ryokan,Tier 1,전동 객실 노천탕과 온천수풀 후보,needs_official_crosscheck,Jalan and Rakuten Ibusuki room-open-air sources,,,,,,,,,,,,official_site_check; bath_or_product_detail_check; map_listing_check; review_pool_count_check,P1,candidate-stage row; do not publish before URL/review-pool verification,nationwide_accommodation_batch_d_v0_5_2026-07-03.csv
75,T1-02,arima-goshoboh,陶泉 御所坊,Tocen Goshoboh,arima,兵庫県,traditional ryokan,Tier 1,"노포 료칸, 금천/대욕장 후보",needs_bath_detail_crosscheck,Arima luxury/traditional exposure,,,,,,,,,,,,source_url_check; map_listing_check; review_pool_count_check,P2,candidate-stage row; do not publish before URL/review-pool verification,nationwide_accommodation_batch_a_v0_2_2026-07-03.csv
76,T1-02,arima-grand-hotel,有馬グランドホテル,Arima Grand Hotel,arima,兵庫県,large ryokan hotel,Tier 1,"대형 아리마 온천호텔, 대욕장/전망탕 후보",needs_bath_detail_crosscheck,Rakuten Top20 area seed,,,,,,,,,,,,source_url_check; map_listing_check; review_pool_count_check,P2,candidate-stage row; do not publish before URL/review-pool verification,nationwide_accommodation_seed_v0_1_2026-07-03.csv;nationwide_accommodation_batch_a_v0_2_2026-07-03.csv
77,T1-02,arima-hyoe-koyokaku,兵衛向陽閣,Hyoe Koyokaku,arima,兵庫県,large ryokan hotel,Tier 1,"아리마 대형 노포, 금천 대욕장 리뷰풀 후보",needs_bath_detail_crosscheck,Arima popular ryokan exposure,,,,,,,,,,,,source_url_check; map_listing_check; review_pool_count_check,P2,candidate-stage row; do not publish before URL/review-pool verification,nationwide_accommodation_batch_a_v0_2_2026-07-03.csv
78,T1-02,gero-ogawaya,下呂温泉 小川屋,Ogawaya,gero,岐阜県,large ryokan,Tier 1,"게로 대형 료칸, 대욕장/객실탕 후보",needs_bath_detail_crosscheck,Rakuten Top20 area seed,,,,,,,,,,,,source_url_check; map_listing_check; review_pool_count_check,P2,candidate-stage row; do not publish before URL/review-pool verification,nationwide_accommodation_seed_v0_1_2026-07-03.csv;nationwide_accommodation_batch_a_v0_2_2026-07-03.csv
79,T1-02,gero-suimeikan,下呂温泉 水明館,Suimeikan,gero,岐阜県,large ryokan hotel,Tier 1,"게로 대표 대형 숙소, 대욕장 리뷰풀 후보",needs_bath_detail_crosscheck,Rakuten Top20 area seed,,,,,,,,,,,,source_url_check; map_listing_check; review_pool_count_check,P2,candidate-stage row; do not publish before URL/review-pool verification,nationwide_accommodation_seed_v0_1_2026-07-03.csv;nationwide_accommodation_batch_a_v0_2_2026-07-03.csv
80,T1-02,hakone-kai,星野リゾート 界 箱根,Hoshino Resorts KAI Hakone,hakone,神奈川県,brand ryokan,Tier 1,"하코네 브랜드 료칸, 대욕장·온천감 리뷰풀 후보",needs_bath_detail_crosscheck,Jalan/Hakone lodging exposure,,,,,,,,,,,,source_url_check; map_listing_check; review_pool_count_check,P2,candidate-stage row; do not publish before URL/review-pool verification,nationwide_accommodation_batch_a_v0_2_2026-07-03.csv
81,T1-02,kusatsu-boun,草津温泉 望雲,Boun,kusatsu,群馬県,traditional ryokan,Tier 1,"구사쓰 대표 료칸, 다원천/대욕장 후보",needs_bath_detail_crosscheck,Kusatsu popular ryokan exposure,,,,,,,,,,,,source_url_check; map_listing_check; review_pool_count_check,P2,candidate-stage row; do not publish before URL/review-pool verification,nationwide_accommodation_batch_a_v0_2_2026-07-03.csv
82,T1-02,kusatsu-hotel-ichii,草津温泉 ホテル一井,Hotel Ichii,kusatsu,群馬県,large ryokan hotel,Tier 1,"湯畑 인접 대형 숙소, 대욕장 리뷰풀 후보",needs_bath_detail_crosscheck,"Jalan 2026 top area, 5-star ryokan list",,,,,,,,,,,,source_url_check; map_listing_check; review_pool_count_check,P2,candidate-stage row; do not publish before URL/review-pool verification,nationwide_accommodation_seed_v0_1_2026-07-03.csv
83,T1-02,kusatsu-ichii,草津温泉 ホテル一井,Hotel Ichii,kusatsu,群馬県,large ryokan hotel,Tier 1,"湯畑 인접 대형 숙소, 대욕장 리뷰풀 후보",needs_bath_detail_crosscheck,Kusatsu popular ryokan lists,,,,,,,,,,,,source_url_check; map_listing_check; review_pool_count_check,P2,candidate-stage row; do not publish before URL/review-pool verification,nationwide_accommodation_batch_a_v0_2_2026-07-03.csv
84,T1-02,kusatsu-konoha,お宿 木の葉,Oyado Konoha,kusatsu,群馬県,ryokan,Tier 1,대욕장·대절탕·탕 종류 다양성 후보,needs_bath_detail_crosscheck,Kusatsu popular ryokan lists,,,,,,,,,,,,source_url_check; map_listing_check; review_pool_count_check,P2,candidate-stage row; do not publish before URL/review-pool verification,nationwide_accommodation_batch_a_v0_2_2026-07-03.csv
85,T1-02,kusatsu-naraya,草津温泉 奈良屋,Naraya,kusatsu,群馬県,traditional ryokan,Tier 1,"구사쓰 노포 료칸, 유황천/대욕장 신호",needs_bath_detail_crosscheck,"Jalan 2026 top area, 5-star ryokan list",,,,,,,,,,,,source_url_check; map_listing_check; review_pool_count_check,P2,candidate-stage row; do not publish before URL/review-pool verification,nationwide_accommodation_seed_v0_1_2026-07-03.csv;nationwide_accommodation_batch_a_v0_2_2026-07-03.csv
86,T1-02,atami-kamenoi,亀の井ホテル 熱海,Kamenoi Hotel Atami,atami,静岡県,large hotel ryokan,Tier 1,"객실 노천탕 목록 노출, 대형 리뷰풀 후보",needs_bath_detail_crosscheck,MyBest Atami room-open-air ranking,,,,,,,,,,,,source_url_check; map_listing_check; review_pool_count_check,P2,candidate-stage row; do not publish before URL/review-pool verification,nationwide_accommodation_batch_a_v0_2_2026-07-03.csv
87,T1-02,atami-korakuen,熱海後楽園ホテル,Atami Korakuen Hotel,atami,静岡県,large resort hotel,Tier 1,"대형 리조트, Fuua 연계 온천시설 신호",needs_bath_detail_crosscheck,Atami day-use/spa official exposure,,,,,,,,,,,,source_url_check; map_listing_check; review_pool_count_check,P2,candidate-stage row; do not publish before URL/review-pool verification,nationwide_accommodation_batch_a_v0_2_2026-07-03.csv
88,T1-02,atami-new-akao,ホテルニューアカオ,Hotel New Akao,atami,静岡県,large seaside hotel,Tier 1,"대형 바다 전망 온천호텔, 리뷰풀/부정신호 분석 가치",needs_bath_detail_crosscheck,Atami lodging exposure,,,,,,,,,,,,source_url_check; map_listing_check; review_pool_count_check,P2,candidate-stage row; do not publish before URL/review-pool verification,nationwide_accommodation_batch_a_v0_2_2026-07-03.csv
89,T1-02,ito-anda-resort,ホテル＆スパ アンダリゾート伊豆高原,Anda Resort Izu Kogen,ito-izu,静岡県,wellness resort hotel,Tier 1,"Jalan 4475건급 리뷰풀, 해변 조망 노천·반노천 객실 후보",needs_bath_detail_crosscheck,Jalan Anda Resort page,,,,,,,,,,,,source_url_check; map_listing_check; review_pool_count_check,P2,candidate-stage row; do not publish before URL/review-pool verification,nationwide_accommodation_batch_b_v0_3_2026-07-03.csv
90,T1-02,ito-juraku,伊東ホテルジュラク,Ito Hotel Juraku,ito-izu,静岡県,large hotel ryokan,Tier 1,"伊東 온천 대형호텔, 객실 노천탕 목록 노출",needs_bath_detail_crosscheck,Rakuten Ito room-open-air page,,,,,,,,,,,,source_url_check; map_listing_check; review_pool_count_check,P2,candidate-stage row; do not publish before URL/review-pool verification,nationwide_accommodation_batch_b_v0_3_2026-07-03.csv
91,T1-02,ito-kamenoi-izukogen,亀の井ホテル 伊豆高原,Kamenoi Hotel Izu Kogen,ito-izu,静岡県,resort hotel,Tier 1,"전실 오션뷰, 객실 노천탕 플랜·대욕장 후보",needs_bath_detail_crosscheck,Jalan Izu Kogen room-open-air page,,,,,,,,,,,,source_url_check; map_listing_check; review_pool_count_check,P2,candidate-stage row; do not publish before URL/review-pool verification,nationwide_accommodation_batch_b_v0_3_2026-07-03.csv
92,T1-02,arima-goshobessho,有馬山叢 御所別墅,Goshobessho,arima,兵庫県,luxury villa ryokan,Tier 1,아리마 고급 빌라형 온천 후보,needs_source_crosscheck,Rakuten Top20 area seed,,,,,,,,,,,,source_url_check; map_listing_check; review_pool_count_check,P2,candidate-stage row; do not publish before URL/review-pool verification,nationwide_accommodation_seed_v0_1_2026-07-03.csv;nationwide_accommodation_batch_a_v0_2_2026-07-03.csv
93,T1-02,kinosaki-mikiya,城崎温泉 三木屋,Mikiya,kinosaki,兵庫県,historic ryokan,Tier 1,문학성 있는 전통 료칸과 외탕 접근성 후보,needs_source_crosscheck,regional high-value source,,,,,,,,,,,,source_url_check; map_listing_check; review_pool_count_check,P2,candidate-stage row; do not publish before URL/review-pool verification,nationwide_accommodation_batch_d_v0_5_2026-07-03.csv
94,T1-02,kurokawa-ikoi,黒川温泉 いこい旅館,Ikoi Ryokan,kurokawa,熊本県,ryokan,Tier 1,명물 노천탕과 탕순례 후보 신호,needs_source_crosscheck,Kurokawa regional ranking source,,,,,,,,,,,,source_url_check; map_listing_check; review_pool_count_check,P2,candidate-stage row; do not publish before URL/review-pool verification,nationwide_accommodation_batch_d_v0_5_2026-07-03.csv
95,T1-02,kurokawa-noshiyu,黒川温泉 お宿 のし湯,Oyado Noshiyu,kurokawa,熊本県,ryokan,Tier 1,정원형 노천과 숙박자 온천경험 후보,needs_source_crosscheck,Kurokawa regional ranking source,,,,,,,,,,,,source_url_check; map_listing_check; review_pool_count_check,P2,candidate-stage row; do not publish before URL/review-pool verification,nationwide_accommodation_batch_d_v0_5_2026-07-03.csv
96,T1-02,kurokawa-sanga,黒川温泉 旅館山河,Ryokan Sanga,kurokawa,熊本県,ryokan,Tier 1,자연형 노천탕과 탕순례 후보 신호,needs_source_crosscheck,Kurokawa regional ranking source,,,,,,,,,,,,source_url_check; map_listing_check; review_pool_count_check,P2,candidate-stage row; do not publish before URL/review-pool verification,nationwide_accommodation_batch_d_v0_5_2026-07-03.csv
97,T1-02,kurokawa-yamamizuki,黒川温泉 山みず木,Yamamizuki,kurokawa,熊本県,ryokan,Tier 1,노천탕/자연형 온천 신호 강함,needs_source_crosscheck,regional high-value seed,,,,,,,,,,,,source_url_check; map_listing_check; review_pool_count_check,P2,candidate-stage row; do not publish before URL/review-pool verification,nationwide_accommodation_seed_v0_1_2026-07-03.csv
98,T1-02,unzen-azumaen,雲仙温泉 東園,Azumaen,unzen,長崎県,ryokan,Tier 1,호수 전망 온천과 고급 료칸 후보,needs_source_crosscheck,regional OTA source,,,,,,,,,,,,source_url_check; map_listing_check; review_pool_count_check,P2,candidate-stage row; do not publish before URL/review-pool verification,nationwide_accommodation_batch_d_v0_5_2026-07-03.csv
99,T1-02,atami-fufu,ふふ 熱海,Fufu Atami,atami,静岡県,luxury ryokan,Tier 1,고급 객실탕/대욕장 후보,needs_source_crosscheck,Rakuten/YuKoyuko top area seed,,,,,,,,,,,,source_url_check; map_listing_check; review_pool_count_check,P2,candidate-stage row; do not publish before URL/review-pool verification,nationwide_accommodation_seed_v0_1_2026-07-03.csv;nationwide_accommodation_batch_a_v0_2_2026-07-03.csv
100,T1-02,ito-kissho-carens,吉祥CAREN,Kissho Caren,ito-izu,静岡県,luxury ryokan,Tier 1,"이즈 북천/열천계 고급숙, 노천/객실탕 후보",needs_source_crosscheck,Izu luxury exposure,,,,,,,,,,,,source_url_check; map_listing_check; review_pool_count_check,P2,candidate-stage row; do not publish before URL/review-pool verification,nationwide_accommodation_batch_b_v0_3_2026-07-03.csv
101,T1-03,yunokawa-bourou-noguchi,HAKODATE 海峡の風 / 望楼NOGUCHI函館候補,Bourou Noguchi Hakodate / Kaikyo no Kaze,yunokawa-hakodate,北海道,luxury hotel ryokan,Tier 1,"유노카와 고급 숙소군, 객실탕/대욕장 후보",needs_identity_crosscheck,Yunokawa luxury lodging exposure,,,,,,,,,,,,identity_merge_check; official_site_check; map_listing_check; ota_or_review_pool_check,P0,candidate-stage row; do not publish before URL/review-pool verification,nationwide_accommodation_batch_b_v0_3_2026-07-03.csv
102,T1-03,takeo-koyokaku,武雄温泉 懐石宿 扇屋,Kaiseki Yado Ogiya,takeo,佐賀県,luxury ryokan,Tier 1,요리 료칸과 온천 체류 후보,needs_official_crosscheck,regional OTA source,,,,,,,,,,,,official_site_check; bath_or_product_detail_check; map_listing_check; review_pool_count_check,P1,candidate-stage row; do not publish before URL/review-pool verification,nationwide_accommodation_batch_e_v0_6_2026-07-03.csv
103,T1-03,takeo-mifuneyama-rakuen,御船山楽園ホテル,Mifuneyama Rakuen Hotel,takeo,佐賀県,hotel ryokan,Tier 1,사우나와 온천 리조트 수요 후보,needs_official_crosscheck,regional high-demand source,,,,,,,,,,,,official_site_check; bath_or_product_detail_check; map_listing_check; review_pool_count_check,P1,candidate-stage row; do not publish before URL/review-pool verification,nationwide_accommodation_batch_e_v0_6_2026-07-03.csv
104,T1-03,ureshino-oyado-nonoka,嬉野温泉 大正屋,Taishoya,ureshino,佐賀県,ryokan,Tier 1,우레시노 대표 료칸과 대욕장 후보,needs_official_crosscheck,regional high-demand source,,,,,,,,,,,,official_site_check; bath_or_product_detail_check; map_listing_check; review_pool_count_check,P1,candidate-stage row; do not publish before URL/review-pool verification,nationwide_accommodation_batch_e_v0_6_2026-07-03.csv
105,T1-03,ureshino-shiibasanso,嬉野温泉 椎葉山荘,Shiibasanso,ureshino,佐賀県,ryokan,Tier 1,계곡 노천탕과 조용한 체류 후보,needs_official_crosscheck,regional OTA source,,,,,,,,,,,,official_site_check; bath_or_product_detail_check; map_listing_check; review_pool_count_check,P1,candidate-stage row; do not publish before URL/review-pool verification,nationwide_accommodation_batch_e_v0_6_2026-07-03.csv
106,T1-03,ureshino-wataya-besso,嬉野温泉 和多屋別荘,Wataya Besso,ureshino,佐賀県,large ryokan,Tier 1,미인탕과 대형 료칸 후보,needs_official_crosscheck,regional OTA source,,,,,,,,,,,,official_site_check; bath_or_product_detail_check; map_listing_check; review_pool_count_check,P1,candidate-stage row; do not publish before URL/review-pool verification,nationwide_accommodation_batch_e_v0_6_2026-07-03.csv
107,T1-03,jozankei-chalet-ivy,シャレーアイビー定山渓,Chalet Ivy Jozankei,jozankei,北海道,luxury ryokan,Tier 1,"Ikkyu 고평점 고급숙, 객실탕 후보",needs_official_crosscheck,Ikkyu Jozankei ranking,,,,,,,,,,,,official_site_check; bath_or_product_detail_check; map_listing_check; review_pool_count_check,P1,candidate-stage row; do not publish before URL/review-pool verification,nationwide_accommodation_batch_b_v0_3_2026-07-03.csv
108,T1-03,jozankei-furukawa,ぬくもりの宿 ふる川,Nukumori no Yado Furukawa,jozankei,北海道,traditional ryokan,Tier 1,객실 노천탕 추천·대욕장/온천감 후보,needs_official_crosscheck,"MyBest Jozankei room-open-air, Rakuten ranking",,,,,,,,,,,,official_site_check; bath_or_product_detail_check; map_listing_check; review_pool_count_check,P1,candidate-stage row; do not publish before URL/review-pool verification,nationwide_accommodation_batch_b_v0_3_2026-07-03.csv
109,T1-03,jozankei-morino-uta,定山渓鶴雅リゾートスパ 森の謌,Jozankei Tsuruga Resort Spa Mori no Uta,jozankei,北海道,resort spa ryokan,Tier 1,"스파 리조트형, 온천·식음·당일치기 신호",needs_official_crosscheck,"MyBest Jozankei room-open-air, official site",,,,,,,,,,,,official_site_check; bath_or_product_detail_check; map_listing_check; review_pool_count_check,P1,candidate-stage row; do not publish before URL/review-pool verification,nationwide_accommodation_batch_b_v0_3_2026-07-03.csv
110,T1-03,jozankei-suigetsu,翠巌,Suigan,jozankei,北海道,luxury ryokan,Tier 1,"고급 소형 숙소, 객실탕/온천 세부 확인 후보",needs_official_crosscheck,Ikkyu Jozankei ranking,,,,,,,,,,,,official_site_check; bath_or_product_detail_check; map_listing_check; review_pool_count_check,P1,candidate-stage row; do not publish before URL/review-pool verification,nationwide_accommodation_batch_b_v0_3_2026-07-03.csv
111,T1-03,noboribetsu-daiichi-takimotokan,第一滝本館,Dai-ichi Takimotokan,noboribetsu,北海道,large ryokan hotel,Tier 1,"登別 대표 대형 온천호텔, 31湯めぐり/대욕장·객실 노천탕 후보",needs_official_crosscheck,"Jalan Noboribetsu room-open-air, Ikkyu couple list",,,,,,,,,,,,official_site_check; bath_or_product_detail_check; map_listing_check; review_pool_count_check,P1,candidate-stage row; do not publish before URL/review-pool verification,nationwide_accommodation_batch_b_v0_3_2026-07-03.csv
112,T1-03,noboribetsu-grand,祝いの宿 登別グランドホテル,Noboribetsu Grand Hotel,noboribetsu,北海道,large ryokan hotel,Tier 1,"硫黄泉·食塩泉·鉄泉 3泉질, 객실 노천탕·鬼サウナ 신호",needs_official_crosscheck,"Ikkyu Noboribetsu room-open-air, official day-use page",,,,,,,,,,,,official_site_check; bath_or_product_detail_check; map_listing_check; review_pool_count_check,P1,candidate-stage row; do not publish before URL/review-pool verification,nationwide_accommodation_batch_b_v0_3_2026-07-03.csv
113,T1-03,noboribetsu-hanayura,旅亭 花ゆら,Ryotei Hanayura,noboribetsu,北海道,ryokan,Tier 1,원천을 끌어온 히노키 객실 노천탕 신호,needs_official_crosscheck,Ikkyu Noboribetsu room-open-air list,,,,,,,,,,,,official_site_check; bath_or_product_detail_check; map_listing_check; review_pool_count_check,P1,candidate-stage row; do not publish before URL/review-pool verification,nationwide_accommodation_batch_b_v0_3_2026-07-03.csv
114,T1-03,noboribetsu-manseikaku,登別万世閣,Noboribetsu Manseikaku,noboribetsu,北海道,large hotel ryokan,Tier 1,"객실 노천탕 목록 노출, 올인클루시브/대욕장 후보",needs_official_crosscheck,Jalan Noboribetsu room-open-air page,,,,,,,,,,,,official_site_check; bath_or_product_detail_check; map_listing_check; review_pool_count_check,P1,candidate-stage row; do not publish before URL/review-pool verification,nationwide_accommodation_batch_b_v0_3_2026-07-03.csv
115,T1-03,noboribetsu-takinoya,登別温泉郷 滝乃家,Takinoya,noboribetsu,北海道,luxury ryokan,Tier 1,"고급 료칸, 객실 노천탕·대욕장 후보",needs_official_crosscheck,Ikkyu Noboribetsu room-open-air list,,,,,,,,,,,,official_site_check; bath_or_product_detail_check; map_listing_check; review_pool_count_check,P1,candidate-stage row; do not publish before URL/review-pool verification,nationwide_accommodation_batch_b_v0_3_2026-07-03.csv
116,T1-03,yunokawa-hanabishi,函館・湯の川温泉 花びしホテル,Hanabishi Hotel,yunokawa-hakodate,北海道,large ryokan hotel,Tier 1,"리뉴얼 노천풍로 스위트 신호, 대욕장 후보",needs_official_crosscheck,Jalan Yunokawa room-open-air page,,,,,,,,,,,,official_site_check; bath_or_product_detail_check; map_listing_check; review_pool_count_check,P1,candidate-stage row; do not publish before URL/review-pool verification,nationwide_accommodation_batch_b_v0_3_2026-07-03.csv
117,T1-03,yunokawa-heiseikan-hanatsuki,平成館 しおさい亭 別館 花月,Heiseikan Shiosaitei Bettei Hanatsuki,yunokawa-hakodate,北海道,luxury ryokan hotel,Tier 1,전실 쓰가루해협 조망 객실 노천탕 신호,needs_official_crosscheck,Jalan Yunokawa room-open-air page,,,,,,,,,,,,official_site_check; bath_or_product_detail_check; map_listing_check; review_pool_count_check,P1,candidate-stage row; do not publish before URL/review-pool verification,nationwide_accommodation_batch_b_v0_3_2026-07-03.csv
118,T1-03,yunokawa-nagisatei,湯の川プリンスホテル渚亭,Yunokawa Prince Hotel Nagisatei,yunokawa-hakodate,北海道,onsen hotel,Tier 1,객실 노천탕 수량이 큰 유노카와 대표 후보,needs_official_crosscheck,Rakuten Top20 area seed,,,,,,,,,,,,official_site_check; bath_or_product_detail_check; map_listing_check; review_pool_count_check,P1,candidate-stage row; do not publish before URL/review-pool verification,nationwide_accommodation_seed_v0_1_2026-07-03.csv;nationwide_accommodation_batch_b_v0_3_2026-07-03.csv
119,T1-03,ginzan-fujiya,銀山温泉 藤屋,Fujiya,ginzan,山形県,luxury ryokan,Tier 1,건축성 높은 온천료칸과 객실탕 후보,needs_official_crosscheck,regional high-demand source,,,,,,,,,,,,official_site_check; bath_or_product_detail_check; map_listing_check; review_pool_count_check,P1,candidate-stage row; do not publish before URL/review-pool verification,nationwide_accommodation_batch_e_v0_6_2026-07-03.csv
120,T1-03,ginzan-notoya,銀山温泉 能登屋旅館,Notoya Ryokan,ginzan,山形県,historic ryokan,Tier 1,상징적 목조 료칸과 온천가 후보,needs_official_crosscheck,regional high-demand source,,,,,,,,,,,,official_site_check; bath_or_product_detail_check; map_listing_check; review_pool_count_check,P1,candidate-stage row; do not publish before URL/review-pool verification,nationwide_accommodation_batch_e_v0_6_2026-07-03.csv
121,T1-03,zao-lucent,蔵王温泉 蔵王国際ホテル,Zao Kokusai Hotel,zao-yamagata,山形県,ryokan hotel,Tier 1,백탁 유황 대욕장과 스키 수요 후보,needs_official_crosscheck,regional OTA source,,,,,,,,,,,,official_site_check; bath_or_product_detail_check; map_listing_check; review_pool_count_check,P1,candidate-stage row; do not publish before URL/review-pool verification,nationwide_accommodation_batch_e_v0_6_2026-07-03.csv
122,T1-03,zao-miyagiya,蔵王温泉 深山荘高見屋,Miyamaso Takamiya,zao-yamagata,山形県,ryokan,Tier 1,강산성 유황천과 전통 료칸 후보,needs_official_crosscheck,regional OTA source,,,,,,,,,,,,official_site_check; bath_or_product_detail_check; map_listing_check; review_pool_count_check,P1,candidate-stage row; do not publish before URL/review-pool verification,nationwide_accommodation_batch_e_v0_6_2026-07-03.csv
123,T1-03,tamatsukuri-chorakuen,玉造温泉 湯之助の宿 長楽園,Chorakuen,tamatsukuri,島根県,ryokan,Tier 1,대형 혼욕 노천과 미인탕 후보,needs_official_crosscheck,regional high-demand source,,,,,,,,,,,,official_site_check; bath_or_product_detail_check; map_listing_check; review_pool_count_check,P1,candidate-stage row; do not publish before URL/review-pool verification,nationwide_accommodation_batch_e_v0_6_2026-07-03.csv
124,T1-03,tamatsukuri-kasuien-minami,玉造温泉 佳翠苑皆美,Kasuien Minami,tamatsukuri,島根県,luxury ryokan,Tier 1,옥상 노천탕과 미인탕 후보,needs_official_crosscheck,Jalan Chugoku room-open-air source,,,,,,,,,,,,official_site_check; bath_or_product_detail_check; map_listing_check; review_pool_count_check,P1,candidate-stage row; do not publish before URL/review-pool verification,nationwide_accommodation_batch_e_v0_6_2026-07-03.csv
125,T1-03,tamatsukuri-yunosuke,玉造グランドホテル長生閣,Choseikaku,tamatsukuri,島根県,ryokan hotel,Tier 1,메노우 욕조와 미인탕 후보,needs_official_crosscheck,regional OTA source,,,,,,,,,,,,official_site_check; bath_or_product_detail_check; map_listing_check; review_pool_count_check,P1,candidate-stage row; do not publish before URL/review-pool verification,nationwide_accommodation_batch_e_v0_6_2026-07-03.csv
126,T1-03,echigo-yuzawa-nakaya,越後湯沢温泉 一望千里 御湯宿 中屋,Oyado Nakaya,echigo-yuzawa,新潟県,ryokan,Tier 1,객실 노천탕과 전망 온천 후보,needs_official_crosscheck,Rakuten Echigo Yuzawa room-open-air source,,,,,,,,,,,,official_site_check; bath_or_product_detail_check; map_listing_check; review_pool_count_check,P1,candidate-stage row; do not publish before URL/review-pool verification,nationwide_accommodation_batch_e_v0_6_2026-07-03.csv
127,T1-03,echigo-yuzawa-quattro,四季Yuzawa QUATTRO,Shiki Yuzawa Quattro,echigo-yuzawa,新潟県,luxury suite ryokan,Tier 1,전실 원천가케나가시 노천과 내탕 후보,needs_official_crosscheck,Rakuten MyTrip Niigata source,,,,,,,,,,,,official_site_check; bath_or_product_detail_check; map_listing_check; review_pool_count_check,P1,candidate-stage row; do not publish before URL/review-pool verification,nationwide_accommodation_batch_e_v0_6_2026-07-03.csv
128,T1-03,echigo-yuzawa-ryugon,ryugon,ryugon,echigo-yuzawa,新潟県,luxury ryokan,Tier 1,설국 고택형 료칸과 온천 체류 후보,needs_official_crosscheck,Rakuten Echigo Yuzawa source,,,,,,,,,,,,official_site_check; bath_or_product_detail_check; map_listing_check; review_pool_count_check,P1,candidate-stage row; do not publish before URL/review-pool verification,nationwide_accommodation_batch_e_v0_6_2026-07-03.csv
129,T1-03,echigo-yuzawa-takahan,越後湯沢温泉 雪国の宿 高半,Takahan,echigo-yuzawa,新潟県,historic ryokan,Tier 1,원천가케나가시와 설국 문학성 후보,needs_official_crosscheck,regional high-demand source,,,,,,,,,,,,official_site_check; bath_or_product_detail_check; map_listing_check; review_pool_count_check,P1,candidate-stage row; do not publish before URL/review-pool verification,nationwide_accommodation_batch_e_v0_6_2026-07-03.csv
130,T1-03,senami-haginoya,瀬波温泉 瀬波グランドホテル はぎのや,Haginoya,senami,新潟県,ryokan hotel,Tier 1,객실 노천탕 다수와 일본해 해안 온천 후보,needs_official_crosscheck,Rakuten Kaetsu source,,,,,,,,,,,,official_site_check; bath_or_product_detail_check; map_listing_check; review_pool_count_check,P1,candidate-stage row; do not publish before URL/review-pool verification,nationwide_accommodation_batch_e_v0_6_2026-07-03.csv
131,T1-03,senami-seiunsou,瀬波温泉 くつろぎの宿 旅館 静雲荘,Seiunsou,senami,新潟県,ryokan,Tier 1,해변 객실 노천탕 후보,needs_official_crosscheck,Rakuten Niigata rotsuki source,,,,,,,,,,,,official_site_check; bath_or_product_detail_check; map_listing_check; review_pool_count_check,P1,candidate-stage row; do not publish before URL/review-pool verification,nationwide_accommodation_batch_e_v0_6_2026-07-03.csv
132,T1-03,senami-taikanso,瀬波温泉 大観荘せなみの湯,Taikanso Senami no Yu,senami,新潟県,large ryokan,Tier 1,일본해 전망 노천탕 후보,needs_official_crosscheck,regional OTA source,,,,,,,,,,,,official_site_check; bath_or_product_detail_check; map_listing_check; review_pool_count_check,P1,candidate-stage row; do not publish before URL/review-pool verification,nationwide_accommodation_batch_e_v0_6_2026-07-03.csv
133,T1-03,tsukioka-kahou,月岡温泉 白玉の湯 華鳳,Kahou,tsukioka,新潟県,luxury ryokan,Tier 1,에메랄드 온천과 대형 고급 대욕장 후보,needs_official_crosscheck,regional OTA source,,,,,,,,,,,,official_site_check; bath_or_product_detail_check; map_listing_check; review_pool_count_check,P1,candidate-stage row; do not publish before URL/review-pool verification,nationwide_accommodation_batch_e_v0_6_2026-07-03.csv
134,T1-03,tsukioka-senkei,月岡温泉 摩周,Mashu,tsukioka,新潟県,ryokan,Tier 1,황화수소계 미인탕과 고급 료칸 후보,needs_official_crosscheck,regional OTA source,,,,,,,,,,,,official_site_check; bath_or_product_detail_check; map_listing_check; review_pool_count_check,P1,candidate-stage row; do not publish before URL/review-pool verification,nationwide_accommodation_batch_e_v0_6_2026-07-03.csv
135,T1-03,wakura-kagaya,和倉温泉 加賀屋,Kagaya,wakura,石川県,luxury ryokan,Tier 1,전국 인지도 높은 대형 고급 온천 료칸 후보,needs_official_crosscheck,regional high-demand source,,,,,,,,,,,,official_site_check; bath_or_product_detail_check; map_listing_check; review_pool_count_check,P1,candidate-stage row; do not publish before URL/review-pool verification,nationwide_accommodation_batch_e_v0_6_2026-07-03.csv
136,T1-03,yamanaka-kagari-kisshotei,山中温泉 かがり吉祥亭,Kagari Kisshotei,yamanaka,石川県,ryokan,Tier 1,계곡 노천탕과 가족 수요 후보,needs_official_crosscheck,regional OTA source,,,,,,,,,,,,official_site_check; bath_or_product_detail_check; map_listing_check; review_pool_count_check,P1,candidate-stage row; do not publish before URL/review-pool verification,nationwide_accommodation_batch_e_v0_6_2026-07-03.csv
137,T1-03,yamanaka-kayotei,山中温泉 花紫,Hanamurasaki,yamanaka,石川県,luxury ryokan,Tier 1,계곡 전망 고급 료칸과 객실 노천탕 후보,needs_official_crosscheck,regional OTA source,,,,,,,,,,,,official_site_check; bath_or_product_detail_check; map_listing_check; review_pool_count_check,P1,candidate-stage row; do not publish before URL/review-pool verification,nationwide_accommodation_batch_e_v0_6_2026-07-03.csv
138,T1-03,yamanaka-kissho-yamanaka,山中温泉 吉祥やまなか,Kissho Yamanaka,yamanaka,石川県,ryokan,Tier 1,대욕장과 대절탕 후보,needs_official_crosscheck,regional OTA source,,,,,,,,,,,,official_site_check; bath_or_product_detail_check; map_listing_check; review_pool_count_check,P1,candidate-stage row; do not publish before URL/review-pool verification,nationwide_accommodation_batch_e_v0_6_2026-07-03.csv
139,T1-03,yamashiro-araya-totoan,山代温泉 あらや滔々庵,Araya Totoan,yamashiro,石川県,luxury ryokan,Tier 1,야마시로 대표 고급 료칸과 원천 후보,needs_official_crosscheck,Ikkyu Yamashiro ranking source,,,,,,,,,,,,official_site_check; bath_or_product_detail_check; map_listing_check; review_pool_count_check,P1,candidate-stage row; do not publish before URL/review-pool verification,nationwide_accommodation_batch_e_v0_6_2026-07-03.csv
140,T1-03,yamashiro-beniya-mukayu,山代温泉 べにや無何有,Beniya Mukayu,yamashiro,石川県,luxury ryokan,Tier 1,객실 노천탕과 고급 온천 체류 후보,needs_official_crosscheck,Ikkyu Yamashiro ranking source,,,,,,,,,,,,official_site_check; bath_or_product_detail_check; map_listing_check; review_pool_count_check,P1,candidate-stage row; do not publish before URL/review-pool verification,nationwide_accommodation_batch_e_v0_6_2026-07-03.csv
141,T1-03,yamashiro-rurikoh,山代温泉 瑠璃光,Rurikoh,yamashiro,石川県,ryokan hotel,Tier 1,대욕장과 노천 객실 후보,needs_official_crosscheck,Ikkyu Yamashiro ranking source,,,,,,,,,,,,official_site_check; bath_or_product_detail_check; map_listing_check; review_pool_count_check,P1,candidate-stage row; do not publish before URL/review-pool verification,nationwide_accommodation_batch_e_v0_6_2026-07-03.csv
142,T1-03,yamashiro-yunokuni-tensyo,山代温泉 ゆのくに天祥,Yunokuni Tensyo,yamashiro,石川県,large ryokan,Tier 1,복수 대욕장과 객실 노천탕 후보,needs_official_crosscheck,Ikkyu Yamashiro ranking source,,,,,,,,,,,,official_site_check; bath_or_product_detail_check; map_listing_check; review_pool_count_check,P1,candidate-stage row; do not publish before URL/review-pool verification,nationwide_accommodation_batch_e_v0_6_2026-07-03.csv
143,T1-03,nyuto-ganiba,乳頭温泉郷 蟹場温泉,Ganiba Onsen,nyuto,秋田県,ryokan,Tier 1,숲속 노천탕과 탕순례 후보,needs_official_crosscheck,Nyuto official source,,,,,,,,,,,,official_site_check; bath_or_product_detail_check; map_listing_check; review_pool_count_check,P1,candidate-stage row; do not publish before URL/review-pool verification,nationwide_accommodation_batch_d_v0_5_2026-07-03.csv
144,T1-03,nyuto-kuroyu,乳頭温泉郷 黒湯温泉,Kuroyu Onsen,nyuto,秋田県,ryokan,Tier 1,비탕형 원천 온천과 계절 운영 후보,needs_official_crosscheck,Nyuto official source,,,,,,,,,,,,official_site_check; bath_or_product_detail_check; map_listing_check; review_pool_count_check,P1,candidate-stage row; do not publish before URL/review-pool verification,nationwide_accommodation_batch_d_v0_5_2026-07-03.csv
145,T1-03,nyuto-kyukamura,休暇村 乳頭温泉郷,Kyukamura Nyuto Onsenkyo,nyuto,秋田県,public resort hotel,Tier 1,두 종류 원천과 접근성 좋은 숙박 후보,needs_official_crosscheck,Jalan and Qkamura source,,,,,,,,,,,,official_site_check; bath_or_product_detail_check; map_listing_check; review_pool_count_check,P1,candidate-stage row; do not publish before URL/review-pool verification,nationwide_accommodation_batch_d_v0_5_2026-07-03.csv
146,T1-03,nyuto-taenoyu,乳頭温泉郷 妙乃湯,Taenoyu,nyuto,秋田県,ryokan,Tier 1,금탕은탕과 노천탕 순례 후보,needs_official_crosscheck,Nyuto official source,,,,,,,,,,,,official_site_check; bath_or_product_detail_check; map_listing_check; review_pool_count_check,P1,candidate-stage row; do not publish before URL/review-pool verification,nationwide_accommodation_batch_d_v0_5_2026-07-03.csv
147,T1-03,nyuto-tsurunoyu,乳頭温泉郷 鶴の湯温泉,Tsurunoyu Onsen,nyuto,秋田県,historic ryokan,Tier 1,상징적 혼욕 노천과 탕치형 온천 후보,needs_official_crosscheck,Nyuto official and ranking sources,,,,,,,,,,,,official_site_check; bath_or_product_detail_check; map_listing_check; review_pool_count_check,P1,candidate-stage row; do not publish before URL/review-pool verification,nationwide_accommodation_batch_d_v0_5_2026-07-03.csv
148,T1-03,nyuto-tsurunoyu-yamanoyado,鶴の湯別館 山の宿,Tsurunoyu Yamanoyado,nyuto,秋田県,ryokan,Tier 1,츠루노유 계열 산장형 온천 체류 후보,needs_official_crosscheck,Rakuten Nyuto nearby source,,,,,,,,,,,,official_site_check; bath_or_product_detail_check; map_listing_check; review_pool_count_check,P1,candidate-stage row; do not publish before URL/review-pool verification,nationwide_accommodation_batch_d_v0_5_2026-07-03.csv
149,T1-03,nozawa-grand-hotel,野沢温泉 野沢グランドホテル,Nozawa Grand Hotel,nozawa,長野県,ryokan hotel,Tier 1,전망 노천과 객실 노천탕 후보,needs_official_crosscheck,Jalan Nagano/Nozawa ranking source,,,,,,,,,,,,official_site_check; bath_or_product_detail_check; map_listing_check; review_pool_count_check,P1,candidate-stage row; do not publish before URL/review-pool verification,nationwide_accommodation_batch_e_v0_6_2026-07-03.csv
150,T1-03,nozawa-kawamotoya,野沢温泉 河一屋旅館,Kawamotoya,nozawa,長野県,ryokan,Tier 1,객실 노천탕과 외탕 접근성 후보,needs_official_crosscheck,regional OTA source,,,,,,,,,,,,official_site_check; bath_or_product_detail_check; map_listing_check; review_pool_count_check,P1,candidate-stage row; do not publish before URL/review-pool verification,nationwide_accommodation_batch_e_v0_6_2026-07-03.csv
151,T1-04,nozawa-sakaya,野沢温泉 旅館さかや,Ryokan Sakaya,nozawa,長野県,ryokan,Tier 1,자가원천과 전통 대욕장 후보,needs_official_crosscheck,regional high-demand source,,,,,,,,,,,,official_site_check; bath_or_product_detail_check; map_listing_check; review_pool_count_check,P1,candidate-stage row; do not publish before URL/review-pool verification,nationwide_accommodation_batch_e_v0_6_2026-07-03.csv
152,T1-04,shirahonet-onsen-awano-yu,白骨温泉 泡の湯,Awanoyu,shirahonet,長野県,ryokan,Tier 1,대형 혼욕 노천과 백탁 온천 신호,needs_official_crosscheck,regional high-demand source,,,,,,,,,,,,official_site_check; bath_or_product_detail_check; map_listing_check; review_pool_count_check,P1,candidate-stage row; do not publish before URL/review-pool verification,nationwide_accommodation_batch_e_v0_6_2026-07-03.csv
153,T1-04,shirahonet-sasaya,白骨温泉 湯元齋藤旅館,Yumoto Saito Ryokan,shirahonet,長野県,ryokan,Tier 1,백탁 원천과 고급 료칸 후보,needs_official_crosscheck,regional OTA source,,,,,,,,,,,,official_site_check; bath_or_product_detail_check; map_listing_check; review_pool_count_check,P1,candidate-stage row; do not publish before URL/review-pool verification,nationwide_accommodation_batch_e_v0_6_2026-07-03.csv
154,T1-04,shibu-kanaguya,渋温泉 歴史の宿 金具屋,Kanaguya,yudanaka-shibu,長野県,historic ryokan,Tier 1,역사 건축과 다욕장 온천 후보,needs_official_crosscheck,regional high-demand source,,,,,,,,,,,,official_site_check; bath_or_product_detail_check; map_listing_check; review_pool_count_check,P1,candidate-stage row; do not publish before URL/review-pool verification,nationwide_accommodation_batch_e_v0_6_2026-07-03.csv
155,T1-04,shibu-kokuya,渋温泉 古久屋,Kokuya,yudanaka-shibu,長野県,ryokan,Tier 1,다원천 내탕과 객실탕 후보,needs_official_crosscheck,regional high-value source,,,,,,,,,,,,official_site_check; bath_or_product_detail_check; map_listing_check; review_pool_count_check,P1,candidate-stage row; do not publish before URL/review-pool verification,nationwide_accommodation_batch_e_v0_6_2026-07-03.csv
156,T1-04,shibu-sakaeya,渋温泉 春蘭の宿さかえや,Sakaeya,yudanaka-shibu,長野県,ryokan,Tier 1,객실 노천탕과 외탕 순례 후보,needs_official_crosscheck,regional OTA source,,,,,,,,,,,,official_site_check; bath_or_product_detail_check; map_listing_check; review_pool_count_check,P1,candidate-stage row; do not publish before URL/review-pool verification,nationwide_accommodation_batch_e_v0_6_2026-07-03.csv
157,T1-04,yudanaka-aburaya-tousen,湯田中温泉 あぶらや燈千,Aburaya Tousen,yudanaka-shibu,長野県,ryokan,Tier 1,객실 노천탕과 옥상 노천탕 후보,needs_official_crosscheck,regional OTA source,,,,,,,,,,,,official_site_check; bath_or_product_detail_check; map_listing_check; review_pool_count_check,P1,candidate-stage row; do not publish before URL/review-pool verification,nationwide_accommodation_batch_e_v0_6_2026-07-03.csv
158,T1-04,yudanaka-tsubakino,湯田中温泉 ホテル椿野,Hotel Tsubakino,yudanaka-shibu,長野県,ryokan hotel,Tier 1,객실 노천탕과 전망 대욕장 후보,needs_official_crosscheck,Jalan Nagano keyword source,,,,,,,,,,,,official_site_check; bath_or_product_detail_check; map_listing_check; review_pool_count_check,P1,candidate-stage row; do not publish before URL/review-pool verification,nationwide_accommodation_batch_e_v0_6_2026-07-03.csv
159,T1-04,misasa-izanro-iwasaki,三朝温泉 依山楼岩崎,Izanro Iwasaki,misasa,鳥取県,ryokan,Tier 1,라듐 온천과 대형 회유식 대욕장 후보,needs_official_crosscheck,Jalan Chugoku/Shikoku source,,,,,,,,,,,,official_site_check; bath_or_product_detail_check; map_listing_check; review_pool_count_check,P1,candidate-stage row; do not publish before URL/review-pool verification,nationwide_accommodation_batch_e_v0_6_2026-07-03.csv
160,T1-04,misasa-mansuirou,三朝温泉 万翆楼,Mansuirou,misasa,鳥取県,ryokan,Tier 1,객실 노천탕과 라듐 온천 후보,needs_official_crosscheck,regional OTA source,,,,,,,,,,,,official_site_check; bath_or_product_detail_check; map_listing_check; review_pool_count_check,P1,candidate-stage row; do not publish before URL/review-pool verification,nationwide_accommodation_batch_e_v0_6_2026-07-03.csv
161,T1-04,kirishima-aubegio-kanko,霧島観光ホテル,AUBEGIO Kirishima Kanko Hotel,kirishima,鹿児島県,ryokan hotel,Tier 1,객실 노천탕과 전망 대욕장 후보,needs_official_crosscheck,Rakuten Kirishima room-open-air source,,,,,,,,,,,,official_site_check; bath_or_product_detail_check; map_listing_check; review_pool_count_check,P1,candidate-stage row; do not publish before URL/review-pool verification,nationwide_accommodation_batch_d_v0_5_2026-07-03.csv
162,T1-04,kirishima-gajoen,忘れの里 雅叙苑,Wasureno Sato Gajoen,kirishima,鹿児島県,luxury ryokan,Tier 1,묘켄 온천 고급 객실탕 후보,needs_official_crosscheck,regional high-end source,,,,,,,,,,,,official_site_check; bath_or_product_detail_check; map_listing_check; review_pool_count_check,P1,candidate-stage row; do not publish before URL/review-pool verification,nationwide_accommodation_batch_d_v0_5_2026-07-03.csv
163,T1-04,kirishima-hotel,霧島ホテル,Kirishima Hotel,kirishima,鹿児島県,large ryokan hotel,Tier 1,대형 황산 계열 대욕장과 명물 온천 후보,needs_official_crosscheck,regional high-demand source,,,,,,,,,,,,official_site_check; bath_or_product_detail_check; map_listing_check; review_pool_count_check,P1,candidate-stage row; do not publish before URL/review-pool verification,nationwide_accommodation_batch_d_v0_5_2026-07-03.csv
164,T1-04,kirishima-lavista,ラビスタ霧島ヒルズ,La Vista Kirishima Hills,kirishima,鹿児島県,resort hotel,Tier 1,객실 노천탕 인기 신호,needs_official_crosscheck,Rakuten rotsuki ranking historic/source follow-up,,,,,,,,,,,,official_site_check; bath_or_product_detail_check; map_listing_check; review_pool_count_check,P1,candidate-stage row; do not publish before URL/review-pool verification,nationwide_accommodation_seed_v0_1_2026-07-03.csv
165,T1-04,kirishima-myoken-ishiharaso,妙見石原荘,Myoken Ishiharaso,kirishima,鹿児島県,luxury ryokan,Tier 1,계류 노천과 원천가케나가시 고급 후보,needs_official_crosscheck,Ikkyu Kirishima source,,,,,,,,,,,,official_site_check; bath_or_product_detail_check; map_listing_check; review_pool_count_check,P1,candidate-stage row; do not publish before URL/review-pool verification,nationwide_accommodation_batch_d_v0_5_2026-07-03.csv
166,T1-04,kirishima-ryokojin-sanso,旅行人山荘,Ryokojin Sanso,kirishima,鹿児島県,ryokan,Tier 1,전망 노천과 대절 노천탕 후보,needs_official_crosscheck,regional OTA source,,,,,,,,,,,,official_site_check; bath_or_product_detail_check; map_listing_check; review_pool_count_check,P1,candidate-stage row; do not publish before URL/review-pool verification,nationwide_accommodation_batch_d_v0_5_2026-07-03.csv
167,T1-04,kirishima-tenku-no-mori,天空の森,Tenku no Mori,kirishima,鹿児島県,luxury villa,Tier 1,초고급 빌라형 노천탕 후보,needs_official_crosscheck,Ikkyu Kirishima source,,,,,,,,,,,,official_site_check; bath_or_product_detail_check; map_listing_check; review_pool_count_check,P1,candidate-stage row; do not publish before URL/review-pool verification,nationwide_accommodation_batch_d_v0_5_2026-07-03.csv
168,T1-04,kirishima-yuyuan,霧島温泉郷 鳥遊ぶ森の宿 ふたり静,Futari Shizuka,kirishima,鹿児島県,luxury ryokan,Tier 1,전실 별동 노천탕 후보,needs_official_crosscheck,regional OTA source,,,,,,,,,,,,official_site_check; bath_or_product_detail_check; map_listing_check; review_pool_count_check,P1,candidate-stage row; do not publish before URL/review-pool verification,nationwide_accommodation_batch_d_v0_5_2026-07-03.csv
169,T1-04,jozankei-grand-blissen,グランドブリッセンホテル定山渓,Grand Blissen Hotel Jozankei,jozankei,北海道,hotel ryokan,Tier 1,"Rakuten 가족 온천 랭킹 고평점, 대욕장/객실탕 후보",needs_bath_detail_crosscheck,Rakuten Jozankei family bath ranking,,,,,,,,,,,,source_url_check; map_listing_check; review_pool_count_check,P2,candidate-stage row; do not publish before URL/review-pool verification,nationwide_accommodation_batch_b_v0_3_2026-07-03.csv
170,T1-04,noboribetsu-mahoroba,ホテルまほろば,Hotel Mahoroba,noboribetsu,北海道,large ryokan hotel,Tier 1,대형 대욕장·다양한 욕조·객실 노천탕 후보,needs_bath_detail_crosscheck,Jalan Noboribetsu room-open-air page,,,,,,,,,,,,source_url_check; map_listing_check; review_pool_count_check,P2,candidate-stage row; do not publish before URL/review-pool verification,nationwide_accommodation_batch_b_v0_3_2026-07-03.csv
171,T1-04,yunokawa-chikuba,Tabist 竹葉新葉亭,Chikuba Shinyotei,yunokawa-hakodate,北海道,traditional ryokan,Tier 1,"순수 일본식 료칸, 온천/식사 고평가 후보",needs_bath_detail_crosscheck,Jalan Yunokawa room-open-air page,,,,,,,,,,,,source_url_check; map_listing_check; review_pool_count_check,P2,candidate-stage row; do not publish before URL/review-pool verification,nationwide_accommodation_batch_b_v0_3_2026-07-03.csv
172,T1-04,yunokawa-heiseikan-shiosaitei,平成館 しおさい亭,Heiseikan Shiosaitei,yunokawa-hakodate,北海道,seaside ryokan hotel,Tier 1,"절경 바다 전망 온천숙소, 객실 노천탕 플랜 후보",needs_bath_detail_crosscheck,Jalan Yunokawa room-open-air page,,,,,,,,,,,,source_url_check; map_listing_check; review_pool_count_check,P2,candidate-stage row; do not publish before URL/review-pool verification,nationwide_accommodation_batch_b_v0_3_2026-07-03.csv
173,T1-04,jozankei-suizantei,定山渓第一寶亭留 翠山亭,Jozankei Daiichi Hotel Suizantei,jozankei,北海道,ryokan hotel,Tier 1,"조잔케이 대형 온천숙소, 객실탕 후보",needs_source_crosscheck,Rakuten Top20 area seed,,,,,,,,,,,,source_url_check; map_listing_check; review_pool_count_check,P2,candidate-stage row; do not publish before URL/review-pool verification,nationwide_accommodation_seed_v0_1_2026-07-03.csv;nationwide_accommodation_batch_b_v0_3_2026-07-03.csv
174,T1-04,noboribetsu-bourou-noguchi,望楼NOGUCHI登別,Bourou Noguchi Noboribetsu,noboribetsu,北海道,luxury ryokan,Tier 1,노보리베쓰 고급 객실탕/대욕장 후보,needs_source_crosscheck,regional high-demand seed,,,,,,,,,,,,source_url_check; map_listing_check; review_pool_count_check,P2,candidate-stage row; do not publish before URL/review-pool verification,nationwide_accommodation_seed_v0_1_2026-07-03.csv;nationwide_accommodation_batch_b_v0_3_2026-07-03.csv
175,T1-04,ginzan-kosekiya,銀山温泉 古勢起屋別館,Kosekiya Bekkan,ginzan,山形県,ryokan,Tier 1,온천가 중심 전통 료칸 후보,needs_source_crosscheck,regional OTA source,,,,,,,,,,,,source_url_check; map_listing_check; review_pool_count_check,P2,candidate-stage row; do not publish before URL/review-pool verification,nationwide_accommodation_batch_e_v0_6_2026-07-03.csv
176,T1-04,tamatsukuri-konya,玉造温泉 曲水の庭 ホテル玉泉,Hotel Gyokusen,tamatsukuri,島根県,large ryokan,Tier 1,대형 대욕장과 정원 온천 후보,needs_source_crosscheck,regional OTA source,,,,,,,,,,,,source_url_check; map_listing_check; review_pool_count_check,P2,candidate-stage row; do not publish before URL/review-pool verification,nationwide_accommodation_batch_e_v0_6_2026-07-03.csv
177,T1-04,echigo-yuzawa-hatago-isen,越後湯澤 HATAGO井仙,HATAGO Isen,echigo-yuzawa,新潟県,ryokan hotel,Tier 1,역앞 온천숙소와 대욕장 후보,needs_source_crosscheck,regional OTA source,,,,,,,,,,,,source_url_check; map_listing_check; review_pool_count_check,P2,candidate-stage row; do not publish before URL/review-pool verification,nationwide_accommodation_batch_e_v0_6_2026-07-03.csv
178,T1-04,wakura-niji-to-umi,和倉温泉 虹と海,Niji to Umi,wakura,石川県,ryokan hotel,Tier 1,바다 전망 대욕장과 현대형 료칸 후보,needs_source_crosscheck,regional OTA source,,,,,,,,,,,,source_url_check; map_listing_check; review_pool_count_check,P2,candidate-stage row; do not publish before URL/review-pool verification,nationwide_accommodation_batch_e_v0_6_2026-07-03.csv
179,T1-04,misasa-saiki-bekkan,三朝温泉 斉木別館,Saiki Bekkan,misasa,鳥取県,ryokan,Tier 1,정원 대욕장과 전통 료칸 후보,needs_source_crosscheck,regional OTA source,,,,,,,,,,,,source_url_check; map_listing_check; review_pool_count_check,P2,candidate-stage row; do not publish before URL/review-pool verification,nationwide_accommodation_batch_e_v0_6_2026-07-03.csv
180,T1-04,toba-kisara,季さら,Kisara,toba,三重県,private ryokan,Tier 1,객실 노천탕·프라이빗 숙소 후보,needs_official_crosscheck,Toba room-open-air exposure,,,,,,,,,,,,official_site_check; bath_or_product_detail_check; map_listing_check; review_pool_count_check,P1,candidate-stage row; do not publish before URL/review-pool verification,nationwide_accommodation_batch_c_v0_4_2026-07-03.csv
181,T1-04,toba-kisara-bettei-toki,季さら別邸 刻,Toki Kisara Bettei,toba,三重県,luxury ryokan,Tier 1,고급 별저형 객실탕 후보,needs_official_crosscheck,Toba luxury exposure,,,,,,,,,,,,official_site_check; bath_or_product_detail_check; map_listing_check; review_pool_count_check,P1,candidate-stage row; do not publish before URL/review-pool verification,nationwide_accommodation_batch_c_v0_4_2026-07-03.csv
182,T1-04,toyako-lake-suite-konosisu,ザ・レイクスイート湖の栖,The Lake Suite Ko no Sumika,hokkaido-toyako,北海道,lake resort ryokan,Tier 1,호수 전망 객실 노천탕 후보,needs_official_crosscheck,Rakuten rotsuki ranking historic/source follow-up,,,,,,,,,,,,official_site_check; bath_or_product_detail_check; map_listing_check; review_pool_count_check,P1,candidate-stage row; do not publish before URL/review-pool verification,nationwide_accommodation_seed_v0_1_2026-07-03.csv
183,T1-04,tokachigawa-seijakubou,全室源泉かけ流し露天風呂付きの宿 清寂房《十勝川モール温泉》,세이자쿠보 / Seijakubou,tokachigawa,北海道,luxury ryokan,Tier 1,전실 원천가케나가시 노천풍로 신호,needs_official_crosscheck,Ikkyu nationwide onsen ranking snippet,,,,,,,,,,,,official_site_check; bath_or_product_detail_check; map_listing_check; review_pool_count_check,P1,candidate-stage row; do not publish before URL/review-pool verification,nationwide_accommodation_seed_v0_1_2026-07-03.csv
184,T1-04,shirahama-kachofugetsu,南紀白浜 和みの湯 花鳥風月,Kachofugetsu,shirahama,和歌山県,ryokan,Tier 1,객실 노천탕/온천 숙소 후보,needs_official_crosscheck,Jalan Shirahama room-open-air page,,,,,,,,,,,,official_site_check; bath_or_product_detail_check; map_listing_check; review_pool_count_check,P1,candidate-stage row; do not publish before URL/review-pool verification,nationwide_accommodation_batch_c_v0_4_2026-07-03.csv
185,T1-04,shirahama-kaishu,白浜温泉 浜千鳥の湯 海舟,Hamachidori no Yu Kaishu,shirahama,和歌山県,seaside ryokan,Tier 1,바다 전망 노천/객실탕 인기 신호,needs_official_crosscheck,Rakuten rotsuki ranking historic/source follow-up,,,,,,,,,,,,official_site_check; bath_or_product_detail_check; map_listing_check; review_pool_count_check,P1,candidate-stage row; do not publish before URL/review-pool verification,nationwide_accommodation_seed_v0_1_2026-07-03.csv;nationwide_accommodation_batch_c_v0_4_2026-07-03.csv
186,T1-04,shirahama-sanrakuso,白浜温泉 ホテル三楽荘,Hotel Sanrakuso,shirahama,和歌山県,seaside hotel ryokan,Tier 1,객실 노천탕 인기 신호,needs_official_crosscheck,Rakuten rotsuki ranking historic/source follow-up,,,,,,,,,,,,official_site_check; bath_or_product_detail_check; map_listing_check; review_pool_count_check,P1,candidate-stage row; do not publish before URL/review-pool verification,nationwide_accommodation_seed_v0_1_2026-07-03.csv;nationwide_accommodation_batch_c_v0_4_2026-07-03.csv
187,T1-04,shirahama-xyz-speciale,海絶景とギネス認定の宿 全室露天風呂付離れ XYZスペチアーレ,XYZ Speciale,shirahama,和歌山県,detached ryokan,Tier 1,"전실 노천풍로離れ, 해절경·미라바스 신호",needs_official_crosscheck,Ikkyu Shirahama room-open-air ranking,,,,,,,,,,,,official_site_check; bath_or_product_detail_check; map_listing_check; review_pool_count_check,P1,candidate-stage row; do not publish before URL/review-pool verification,nationwide_accommodation_batch_c_v0_4_2026-07-03.csv
188,T1-04,akiu-sakurareikyu,仙台 秋保温泉 迎賓館 櫻離宮,Sakurareikyu,akiu,宮城県,large ryokan hotel,Tier 1,노천풍로 객실 인기 신호,needs_official_crosscheck,Rakuten rotsuki ranking historic/source follow-up,,,,,,,,,,,,official_site_check; bath_or_product_detail_check; map_listing_check; review_pool_count_check,P1,candidate-stage row; do not publish before URL/review-pool verification,nationwide_accommodation_seed_v0_1_2026-07-03.csv;nationwide_accommodation_batch_c_v0_4_2026-07-03.csv
189,T1-04,zao-daikon-no-hana,温泉山荘 だいこんの花,Daikon-no-Hana,miyagi-zao,宮城県,detached ryokan,Tier 1,노천풍로 객실 추천 숙소 신호,needs_official_crosscheck,Jalan 2026 rotsuki article,,,,,,,,,,,,official_site_check; bath_or_product_detail_check; map_listing_check; review_pool_count_check,P1,candidate-stage row; do not publish before URL/review-pool verification,nationwide_accommodation_seed_v0_1_2026-07-03.csv
190,T1-04,amaharashi-iso-hanabi,雨晴温泉 磯はなび,Iso Hanabi,amaharashi,富山県,ryokan hotel,Tier 1,바다 전망 노천탕과 도야마만 조망 후보,needs_official_crosscheck,Ikkyu Hokuriku source,,,,,,,,,,,,official_site_check; bath_or_product_detail_check; map_listing_check; review_pool_count_check,P1,candidate-stage row; do not publish before URL/review-pool verification,nationwide_accommodation_batch_e_v0_6_2026-07-03.csv
191,T1-04,unazuki-suginoi,宇奈月温泉 やまのは,Yamanoha,unazuki,富山県,ryokan hotel,Tier 1,협곡 전망 대형 온천호텔 후보,needs_official_crosscheck,regional OTA source,,,,,,,,,,,,official_site_check; bath_or_product_detail_check; map_listing_check; review_pool_count_check,P1,candidate-stage row; do not publish before URL/review-pool verification,nationwide_accommodation_batch_e_v0_6_2026-07-03.csv
192,T1-04,unazuki-yamanoi,宇奈月温泉 延楽,Enraku,unazuki,富山県,luxury ryokan,Tier 1,구로베 협곡 전망 노천탕 후보,needs_official_crosscheck,regional OTA source,,,,,,,,,,,,official_site_check; bath_or_product_detail_check; map_listing_check; review_pool_count_check,P1,candidate-stage row; do not publish before URL/review-pool verification,nationwide_accommodation_batch_e_v0_6_2026-07-03.csv
193,T1-04,yuda-matsudaya,湯田温泉 松田屋ホテル,Matsudaya Hotel,yuda,山口県,historic ryokan,Tier 1,정원 노천탕과 역사 료칸 후보,needs_official_crosscheck,regional high-value source,,,,,,,,,,,,official_site_check; bath_or_product_detail_check; map_listing_check; review_pool_count_check,P1,candidate-stage row; do not publish before URL/review-pool verification,nationwide_accommodation_batch_e_v0_6_2026-07-03.csv
194,T1-04,kaminoyama-koyo,かみのやま温泉 日本の宿 古窯,Koyo,kaminoyama,山形県,large ryokan,Tier 1,대형 고급 료칸과 전망 대욕장 후보,needs_official_crosscheck,regional OTA source,,,,,,,,,,,,official_site_check; bath_or_product_detail_check; map_listing_check; review_pool_count_check,P1,candidate-stage row; do not publish before URL/review-pool verification,nationwide_accommodation_batch_e_v0_6_2026-07-03.csv
195,T1-04,kaminoyama-meigetsuso,かみのやま温泉 名月荘,Meigetsuso,kaminoyama,山形県,luxury ryokan,Tier 1,고급 객실 노천탕 후보,needs_official_crosscheck,regional high-end source,,,,,,,,,,,,official_site_check; bath_or_product_detail_check; map_listing_check; review_pool_count_check,P1,candidate-stage row; do not publish before URL/review-pool verification,nationwide_accommodation_batch_e_v0_6_2026-07-03.csv
196,T1-04,isawa-fujinoya,シャトレーゼホテル 旅館 富士野屋,Fujinoya,isawa,山梨県,ryokan hotel,Tier 1,"객실탕도 온천, 최대 7개 탕巡り 신호",needs_official_crosscheck,Rakuten/Jalan Isawa room-open-air,,,,,,,,,,,,official_site_check; bath_or_product_detail_check; map_listing_check; review_pool_count_check,P1,candidate-stage row; do not publish before URL/review-pool verification,nationwide_accommodation_batch_c_v0_4_2026-07-03.csv
197,T1-04,isawa-itoyanagi,石和名湯館 糸柳,Itoyanagi,isawa,山梨県,traditional ryokan,Tier 1,"石和 명탕관, 객실 노천탕 후보",needs_official_crosscheck,Jalan Isawa room-open-air page,,,,,,,,,,,,official_site_check; bath_or_product_detail_check; map_listing_check; review_pool_count_check,P1,candidate-stage row; do not publish before URL/review-pool verification,nationwide_accommodation_batch_c_v0_4_2026-07-03.csv
198,T1-04,isawa-itoyanagi-yuwa,糸柳こやど ゆわ,Itoyanagi Koyado Yuwa,isawa,山梨県,small ryokan,Tier 1,소형 객실탕/온천숙소 후보,needs_official_crosscheck,Jalan Isawa room-open-air page,,,,,,,,,,,,official_site_check; bath_or_product_detail_check; map_listing_check; review_pool_count_check,P1,candidate-stage row; do not publish before URL/review-pool verification,nationwide_accommodation_batch_c_v0_4_2026-07-03.csv
199,T1-04,isawa-kagetsu,銘石の宿 かげつ,Kagetsu,isawa,山梨県,traditional ryokan,Tier 1,객실 노천/반노천·별저 The ONE 신호,needs_official_crosscheck,Jalan Isawa room-open-air page,,,,,,,,,,,,official_site_check; bath_or_product_detail_check; map_listing_check; review_pool_count_check,P1,candidate-stage row; do not publish before URL/review-pool verification,nationwide_accommodation_batch_c_v0_4_2026-07-03.csv
200,T1-04,isawa-keizan,石和温泉 華やぎの章 慶山,Keizan,isawa,山梨県,large ryokan,Tier 1,"Rakuten 1900건급 리뷰풀, 객실 노천탕 후보",needs_official_crosscheck,Rakuten Isawa room-open-air page,,,,,,,,,,,,official_site_check; bath_or_product_detail_check; map_listing_check; review_pool_count_check,P1,candidate-stage row; do not publish before URL/review-pool verification,nationwide_accommodation_batch_c_v0_4_2026-07-03.csv
201,T1-05,isawa-koshien,銘庭の宿 ホテル甲子園,Hotel Koshien,isawa,山梨県,ryokan hotel,Tier 1,"객실 노천/반노천 리뉴얼 신호, 리뷰풀 후보",needs_official_crosscheck,Rakuten/Jalan Isawa room-open-air,,,,,,,,,,,,official_site_check; bath_or_product_detail_check; map_listing_check; review_pool_count_check,P1,candidate-stage row; do not publish before URL/review-pool verification,nationwide_accommodation_batch_c_v0_4_2026-07-03.csv
202,T1-05,isawa-wajoen,糸柳別館 離れの邸 和穣苑,Wajoen,isawa,山梨県,detached ryokan,Tier 1,"離れ 숙소, 객실탕/고급숙 후보",needs_official_crosscheck,Jalan Isawa room-open-air page,,,,,,,,,,,,official_site_check; bath_or_product_detail_check; map_listing_check; review_pool_count_check,P1,candidate-stage row; do not publish before URL/review-pool verification,nationwide_accommodation_batch_c_v0_4_2026-07-03.csv
203,T1-05,fujiyoshida-kaneyamaen,庭園と感動の宿 富士山温泉 ホテル鐘山苑,Hotel Kaneyamaen,kawaguchiko,山梨県,large ryokan hotel,Tier 1,후지산 온천·정원·객실탕 후보,needs_official_crosscheck,Ikkyu rotsuki theme snippet,,,,,,,,,,,,official_site_check; bath_or_product_detail_check; map_listing_check; review_pool_count_check,P1,candidate-stage row; do not publish before URL/review-pool verification,nationwide_accommodation_seed_v0_1_2026-07-03.csv
204,T1-05,kawaguchiko-fufu,ふふ 河口湖,Fufu Kawaguchiko,kawaguchiko,山梨県,luxury resort ryokan,Tier 1,후지산/숲 전망 객실탕 후보,needs_official_crosscheck,"Ikkyu rotsuki theme snippet, Rakuten Top20 area",,,,,,,,,,,,official_site_check; bath_or_product_detail_check; map_listing_check; review_pool_count_check,P1,candidate-stage row; do not publish before URL/review-pool verification,nationwide_accommodation_seed_v0_1_2026-07-03.csv;nationwide_accommodation_batch_c_v0_4_2026-07-03.csv
205,T1-05,kawaguchiko-kaneyamaen,庭園と感動の宿 富士山温泉 ホテル鐘山苑,Hotel Kaneyamaen,kawaguchiko,山梨県,large ryokan hotel,Tier 1,후지산 온천·정원·객실 노천탕 후보,needs_official_crosscheck,Ikkyu Yamanashi room-open-air ranking,,,,,,,,,,,,official_site_check; bath_or_product_detail_check; map_listing_check; review_pool_count_check,P1,candidate-stage row; do not publish before URL/review-pool verification,nationwide_accommodation_batch_c_v0_4_2026-07-03.csv
206,T1-05,kawaguchiko-konanso,富士河口湖温泉 湖南荘,Konanso,kawaguchiko,山梨県,ryokan hotel,Tier 1,"후지산/호수 조망, 객실 노천탕 후보",needs_official_crosscheck,Rakuten keyword result,,,,,,,,,,,,official_site_check; bath_or_product_detail_check; map_listing_check; review_pool_count_check,P1,candidate-stage row; do not publish before URL/review-pool verification,nationwide_accommodation_batch_c_v0_4_2026-07-03.csv
207,T1-05,kawaguchiko-sunnide,Sunnide Resort ＜ホテル＆湖畔別邸 千一景＞,Sunnide Resort,kawaguchiko,山梨県,lake resort hotel,Tier 1,"호반 별저, 객실 노천탕 후보",needs_official_crosscheck,Rakuten Kawaguchiko room-open-air page,,,,,,,,,,,,official_site_check; bath_or_product_detail_check; map_listing_check; review_pool_count_check,P1,candidate-stage row; do not publish before URL/review-pool verification,nationwide_accommodation_batch_c_v0_4_2026-07-03.csv
208,T1-05,kawaguchiko-yumedono,河口湖温泉寺 露天風呂の宿 夢殿,Yumedono,kawaguchiko,山梨県,luxury ryokan,Tier 1,"노천풍로 숙소, 고급 료칸 후보",needs_official_crosscheck,Rakuten keyword result,,,,,,,,,,,,official_site_check; bath_or_product_detail_check; map_listing_check; review_pool_count_check,P1,candidate-stage row; do not publish before URL/review-pool verification,nationwide_accommodation_batch_c_v0_4_2026-07-03.csv
209,T1-05,yubara-aburaya,湯原温泉 八景,Hakkei,yubara,岡山県,ryokan,Tier 1,강변 노천과 스나유 접근성 후보,needs_official_crosscheck,regional OTA source,,,,,,,,,,,,official_site_check; bath_or_product_detail_check; map_listing_check; review_pool_count_check,P1,candidate-stage row; do not publish before URL/review-pool verification,nationwide_accommodation_batch_e_v0_6_2026-07-03.csv
210,T1-05,hanamaki-kashoen,花巻温泉 佳松園,Kashoen,hanamaki,岩手県,luxury ryokan,Tier 1,고급 료칸과 대욕장 후보,needs_official_crosscheck,regional OTA source,,,,,,,,,,,,official_site_check; bath_or_product_detail_check; map_listing_check; review_pool_count_check,P1,candidate-stage row; do not publish before URL/review-pool verification,nationwide_accommodation_batch_e_v0_6_2026-07-03.csv
211,T1-05,hanamaki-osawa-onsen,大沢温泉 山水閣,Osawa Onsen Sansuikaku,hanamaki,岩手県,ryokan,Tier 1,자취부 병설 탕치와 강변 노천 후보,needs_official_crosscheck,regional high-demand source,,,,,,,,,,,,official_site_check; bath_or_product_detail_check; map_listing_check; review_pool_count_check,P1,candidate-stage row; do not publish before URL/review-pool verification,nationwide_accommodation_batch_e_v0_6_2026-07-03.csv
212,T1-05,hanamaki-yusen-shidate,志戸平温泉 游泉志だて,Yusen Shidate,hanamaki,岩手県,luxury ryokan,Tier 1,전실 노천탕과 계류 온천 후보,needs_official_crosscheck,regional OTA source,,,,,,,,,,,,official_site_check; bath_or_product_detail_check; map_listing_check; review_pool_count_check,P1,candidate-stage row; do not publish before URL/review-pool verification,nationwide_accommodation_batch_e_v0_6_2026-07-03.csv
213,T1-05,tsunagi-shikitei,つなぎ温泉 四季亭,Shikitei,tsunagi,岩手県,ryokan,Tier 1,모리오카 접근성과 전통 료칸 후보,needs_official_crosscheck,regional OTA source,,,,,,,,,,,,official_site_check; bath_or_product_detail_check; map_listing_check; review_pool_count_check,P1,candidate-stage row; do not publish before URL/review-pool verification,nationwide_accommodation_batch_e_v0_6_2026-07-03.csv
214,T1-05,dogo-kotononiwa,道後温泉 琴の庭,Koto no Niwa,dogo,愛媛県,luxury ryokan,Tier 1,전 객실 원천가케나가시 노천풍로 신호,needs_official_crosscheck,Ikkyu Dogo room-open-air list,,,,,,,,,,,,official_site_check; bath_or_product_detail_check; map_listing_check; review_pool_count_check,P1,candidate-stage row; do not publish before URL/review-pool verification,nationwide_accommodation_batch_c_v0_4_2026-07-03.csv
215,T1-05,dogo-miyu,道後御湯,Dogo Miyu,dogo,愛媛県,luxury ryokan,Tier 1,"도고 고급 숙소, 온천 노천풍로 객실 후보",needs_official_crosscheck,Ikkyu Dogo room-open-air list,,,,,,,,,,,,official_site_check; bath_or_product_detail_check; map_listing_check; review_pool_count_check,P1,candidate-stage row; do not publish before URL/review-pool verification,nationwide_accommodation_batch_c_v0_4_2026-07-03.csv
216,T1-05,dogo-oborozukiyo,別邸 朧月夜,Bettei Oborozukiyo,dogo,愛媛県,luxury ryokan,Tier 1,"고급 소형 숙소, 객실 노천탕 후보",needs_official_crosscheck,Ikkyu Dogo room-open-air list,,,,,,,,,,,,official_site_check; bath_or_product_detail_check; map_listing_check; review_pool_count_check,P1,candidate-stage row; do not publish before URL/review-pool verification,nationwide_accommodation_batch_c_v0_4_2026-07-03.csv
217,T1-05,dogo-yachiyo,道後温泉 八千代,Yachiyo,dogo,愛媛県,ryokan,Tier 1,객실 노천탕 인기 신호,needs_official_crosscheck,Rakuten rotsuki ranking historic/source follow-up,,,,,,,,,,,,official_site_check; bath_or_product_detail_check; map_listing_check; review_pool_count_check,P1,candidate-stage row; do not publish before URL/review-pool verification,nationwide_accommodation_seed_v0_1_2026-07-03.csv;nationwide_accommodation_batch_c_v0_4_2026-07-03.csv
218,T1-05,myoko-akakura-kanko,赤倉観光ホテル,Akakura Kanko Hotel,myoko,新潟県,mountain resort,Tier 1,"묘코 고원 절경 온천 리조트, 객실탕 후보",needs_official_crosscheck,Ikkyu rotsuki theme snippet,,,,,,,,,,,,official_site_check; bath_or_product_detail_check; map_listing_check; review_pool_count_check,P1,candidate-stage row; do not publish before URL/review-pool verification,nationwide_accommodation_seed_v0_1_2026-07-03.csv
219,T1-05,kinugawa-asaya,鬼怒川温泉 あさや,Asaya,kinugawa,栃木県,large ryokan hotel,Tier 1,공중정원 노천탕·객실 노천탕·대형 리뷰풀 신호,needs_official_crosscheck,Jalan/Ikkyu Kinugawa room-open-air lists,,,,,,,,,,,,official_site_check; bath_or_product_detail_check; map_listing_check; review_pool_count_check,P1,candidate-stage row; do not publish before URL/review-pool verification,nationwide_accommodation_batch_b_v0_3_2026-07-03.csv
220,T1-05,kinugawa-fudotaki,きぬ川不動瀧,Kinugawa Fudotaki,kinugawa,栃木県,ryokan,Tier 1,계곡 조망 객실 노천탕/요리 숙소 후보,needs_official_crosscheck,Jalan Kinugawa room-open-air page,,,,,,,,,,,,official_site_check; bath_or_product_detail_check; map_listing_check; review_pool_count_check,P1,candidate-stage row; do not publish before URL/review-pool verification,nationwide_accommodation_batch_b_v0_3_2026-07-03.csv
221,T1-05,kinugawa-wakatake-sasane,鬼怒川温泉 旅館 若竹の庄 別邸笹音,Wakatake no Sho Bettei Sasane,kinugawa,栃木県,ryokan,Tier 1,"전실 계곡 조망, 객실 노천탕 후보",needs_official_crosscheck,Jalan/Ikkyu Kinugawa room-open-air lists,,,,,,,,,,,,official_site_check; bath_or_product_detail_check; map_listing_check; review_pool_count_check,P1,candidate-stage row; do not publish before URL/review-pool verification,nationwide_accommodation_batch_b_v0_3_2026-07-03.csv
222,T1-05,nasu-hoshino-akari,ぬくもりに心なごむ湯宿 星のあかり,Hoshi no Akari,nasu,栃木県,ryokan,Tier 1,"전실 온천 노천풍로, にごり湯 가케나가시 대욕장 신호",needs_official_crosscheck,Rakuten Nasu ranking snippet,,,,,,,,,,,,official_site_check; bath_or_product_detail_check; map_listing_check; review_pool_count_check,P1,candidate-stage row; do not publish before URL/review-pool verification,nationwide_accommodation_batch_b_v0_3_2026-07-03.csv
223,T1-05,nasu-key-highland,THE KEY HIGHLAND NASU,THE KEY HIGHLAND NASU,nasu,栃木県,resort hotel,Tier 1,"객실 노천탕 인기, 올인클루시브/리조트형 후보",needs_official_crosscheck,Ikkyu/MyBest Nasu room-open-air lists,,,,,,,,,,,,official_site_check; bath_or_product_detail_check; map_listing_check; review_pool_count_check,P1,candidate-stage row; do not publish before URL/review-pool verification,nationwide_accommodation_batch_b_v0_3_2026-07-03.csv
224,T1-05,nasu-sanraku,那須温泉 山楽,Nasu Onsen Sanraku,nasu,栃木県,luxury ryokan,Tier 1,"나스 노포 고급 료칸, 대욕장/객실탕 후보",needs_official_crosscheck,Ikkyu Nasu room-open-air ranking,,,,,,,,,,,,official_site_check; bath_or_product_detail_check; map_listing_check; review_pool_count_check,P1,candidate-stage row; do not publish before URL/review-pool verification,nationwide_accommodation_batch_b_v0_3_2026-07-03.csv
225,T1-05,katayamazu-morimoto,片山津温泉 湖畔の宿 森本,Kohan no Yado Morimoto,katayamazu,石川県,ryokan,Tier 1,호수 전망 온천과 객실 후보,needs_official_crosscheck,Ikkyu Hokuriku open-air source,,,,,,,,,,,,official_site_check; bath_or_product_detail_check; map_listing_check; review_pool_count_check,P1,candidate-stage row; do not publish before URL/review-pool verification,nationwide_accommodation_batch_e_v0_6_2026-07-03.csv
226,T1-05,yugawara-ashikari,懐石旅庵 阿しか里,Ashikari,yugawara,神奈川県,kaiseki ryokan,Tier 1,전실 원천가케나가시 객실 노천탕 신호,needs_official_crosscheck,Ikkyu rotsuki snippet,,,,,,,,,,,,official_site_check; bath_or_product_detail_check; map_listing_check; review_pool_count_check,P1,candidate-stage row; do not publish before URL/review-pool verification,nationwide_accommodation_seed_v0_1_2026-07-03.csv;nationwide_accommodation_batch_c_v0_4_2026-07-03.csv
227,T1-05,yugawara-miwa,三輪 湯河原,Miwa Yugawara,yugawara,神奈川県,luxury ryokan,Tier 1,"고평점 현대형 숙소, 객실 노천탕 후보",needs_official_crosscheck,Ikkyu Yugawara room-open-air list,,,,,,,,,,,,official_site_check; bath_or_product_detail_check; map_listing_check; review_pool_count_check,P1,candidate-stage row; do not publish before URL/review-pool verification,nationwide_accommodation_batch_c_v0_4_2026-07-03.csv
228,T1-05,yugawara-okuyugawara-yui,奥湯河原 結唯,Yui Okuyugawara,yugawara,神奈川県,luxury ryokan,Tier 1,"오쿠유가와라 고급숙, 객실탕/원천 세부 확인 후보",needs_official_crosscheck,Yugawara luxury exposure,,,,,,,,,,,,official_site_check; bath_or_product_detail_check; map_listing_check; review_pool_count_check,P1,candidate-stage row; do not publish before URL/review-pool verification,nationwide_accommodation_batch_c_v0_4_2026-07-03.csv
229,T1-05,yugawara-tsubaki,海石榴 つばき,Tsubaki,yugawara,神奈川県,luxury ryokan,Tier 1,"오쿠유가와라 고급 료칸, 객실 노천탕 후보",needs_official_crosscheck,Rakuten Yugawara room-open-air page,,,,,,,,,,,,official_site_check; bath_or_product_detail_check; map_listing_check; review_pool_count_check,P1,candidate-stage row; do not publish before URL/review-pool verification,nationwide_accommodation_batch_c_v0_4_2026-07-03.csv
230,T1-05,awara-beniya,あわら温泉 光風湯圃 べにや,Beniya,awara,福井県,luxury ryokan,Tier 1,전통 고급 료칸과 원천 온천 후보,needs_official_crosscheck,Ikkyu Awara source,,,,,,,,,,,,official_site_check; bath_or_product_detail_check; map_listing_check; review_pool_count_check,P1,candidate-stage row; do not publish before URL/review-pool verification,nationwide_accommodation_batch_d_v0_5_2026-07-03.csv
231,T1-05,awara-grandia-housen,あわら温泉 グランディア芳泉,Grandia Housen,awara,福井県,large ryokan,Tier 1,고급 대욕장과 객실 노천탕 후보,needs_official_crosscheck,Ikkyu Awara source,,,,,,,,,,,,official_site_check; bath_or_product_detail_check; map_listing_check; review_pool_count_check,P1,candidate-stage row; do not publish before URL/review-pool verification,nationwide_accommodation_batch_d_v0_5_2026-07-03.csv
232,T1-05,awara-matsuya-sensen,まつや千千,Matsuya Sensen,awara,福井県,large ryokan,Tier 1,대형 대욕장과 노천탕 경쟁력 후보,needs_official_crosscheck,Ikkyu Awara source,,,,,,,,,,,,official_site_check; bath_or_product_detail_check; map_listing_check; review_pool_count_check,P1,candidate-stage row; do not publish before URL/review-pool verification,nationwide_accommodation_batch_d_v0_5_2026-07-03.csv
233,T1-05,awara-mimatsu,あわら温泉 美松,Mimatsu,awara,福井県,ryokan,Tier 1,정원 노천 객실 다수와 대욕장 스파 신호,needs_official_crosscheck,Rakuten Awara room-open-air source,,,,,,,,,,,,official_site_check; bath_or_product_detail_check; map_listing_check; review_pool_count_check,P1,candidate-stage row; do not publish before URL/review-pool verification,nationwide_accommodation_batch_d_v0_5_2026-07-03.csv
234,T1-05,awara-tsuruya,あわら温泉 つるや,Tsuruya,awara,福井県,ryokan,Tier 1,전통 료칸 원천가케나가시 후보,needs_official_crosscheck,Ikkyu Awara source,,,,,,,,,,,,official_site_check; bath_or_product_detail_check; map_listing_check; review_pool_count_check,P1,candidate-stage row; do not publish before URL/review-pool verification,nationwide_accommodation_batch_d_v0_5_2026-07-03.csv
235,T1-05,higashiyama-mukaitaki,会津東山温泉 向瀧,Mukaitaki,higashiyama,福島県,historic ryokan,Tier 1,문화재급 목조 료칸과 원천탕 후보,needs_official_crosscheck,regional high-value source,,,,,,,,,,,,official_site_check; bath_or_product_detail_check; map_listing_check; review_pool_count_check,P1,candidate-stage row; do not publish before URL/review-pool verification,nationwide_accommodation_batch_e_v0_6_2026-07-03.csv
236,T1-05,higashiyama-shosuke,会津東山温泉 庄助の宿 瀧の湯,Takinoyu,higashiyama,福島県,ryokan,Tier 1,폭포 전망 노천탕과 대욕장 후보,needs_official_crosscheck,regional OTA source,,,,,,,,,,,,official_site_check; bath_or_product_detail_check; map_listing_check; review_pool_count_check,P1,candidate-stage row; do not publish before URL/review-pool verification,nationwide_accommodation_batch_e_v0_6_2026-07-03.csv
237,T1-05,ikaho-kaichoro,奥伊香保 旅邸 諧暢楼,Kaichoro,ikaho,群馬県,luxury ryokan,Tier 1,이카호 고급 객실탕 후보,needs_official_crosscheck,Ikkyu nationwide onsen ranking snippet,,,,,,,,,,,,official_site_check; bath_or_product_detail_check; map_listing_check; review_pool_count_check,P1,candidate-stage row; do not publish before URL/review-pool verification,nationwide_accommodation_seed_v0_1_2026-07-03.csv;nationwide_accommodation_batch_c_v0_4_2026-07-03.csv
238,T1-05,ikaho-kanouya,伊香保温泉 かのうや,Kanouya,ikaho,群馬県,ryokan,Tier 1,"露天風呂付客室 인기, 리뷰풀 큼",needs_official_crosscheck,Rakuten Ikaho hotel list,,,,,,,,,,,,official_site_check; bath_or_product_detail_check; map_listing_check; review_pool_count_check,P1,candidate-stage row; do not publish before URL/review-pool verification,nationwide_accommodation_batch_c_v0_4_2026-07-03.csv
239,T1-05,ikaho-kokuya,伊香保温泉 心に咲く花 古久家,Kokuya,ikaho,群馬県,traditional ryokan,Tier 1,黄金の湯 원천가케나가시 노천풍로 객실 신호,needs_official_crosscheck,Rakuten Ikaho room-open-air article,,,,,,,,,,,,official_site_check; bath_or_product_detail_check; map_listing_check; review_pool_count_check,P1,candidate-stage row; do not publish before URL/review-pool verification,nationwide_accommodation_batch_c_v0_4_2026-07-03.csv
240,T1-05,ikaho-oyado-tamaki,お宿玉樹,Oyado Tamaki,ikaho,群馬県,ryokan,Tier 1,객실 노천탕/식사 고평가 후보,needs_official_crosscheck,Ikkyu Ikaho room-open-air dinner list,,,,,,,,,,,,official_site_check; bath_or_product_detail_check; map_listing_check; review_pool_count_check,P1,candidate-stage row; do not publish before URL/review-pool verification,nationwide_accommodation_batch_c_v0_4_2026-07-03.csv
241,T1-05,minakami-senjuan,別邸 仙寿庵,Bettei Senjuan,minakami,群馬県,luxury ryokan,Tier 1,객실 노천탕 추천 숙소 신호,needs_official_crosscheck,Jalan 2026 rotsuki article,,,,,,,,,,,,official_site_check; bath_or_product_detail_check; map_listing_check; review_pool_count_check,P1,candidate-stage row; do not publish before URL/review-pool verification,nationwide_accommodation_seed_v0_1_2026-07-03.csv
242,T1-05,bessho-kashiwaya-honten,別所温泉 かしわや本店,Kashiwaya Honten,bessho,長野県,ryokan,Tier 1,객실 노천탕과 전통 료칸 후보,needs_official_crosscheck,regional OTA source,,,,,,,,,,,,official_site_check; bath_or_product_detail_check; map_listing_check; review_pool_count_check,P1,candidate-stage row; do not publish before URL/review-pool verification,nationwide_accommodation_batch_e_v0_6_2026-07-03.csv
243,T1-05,bessho-nanjo-ryokan,別所温泉 旅館花屋,Ryokan Hanaya,bessho,長野県,historic ryokan,Tier 1,문화재급 목조 료칸과 원천탕 후보,needs_official_crosscheck,regional high-value source,,,,,,,,,,,,official_site_check; bath_or_product_detail_check; map_listing_check; review_pool_count_check,P1,candidate-stage row; do not publish before URL/review-pool verification,nationwide_accommodation_batch_e_v0_6_2026-07-03.csv
244,T1-05,matsumoto-jujo,松本十帖,Matsumoto Jujo,matsumoto,長野県,design ryokan,Tier 1,전실 노천풍로 계열 신호,needs_official_crosscheck,Ikkyu rotsuki theme snippet,,,,,,,,,,,,official_site_check; bath_or_product_detail_check; map_listing_check; review_pool_count_check,P1,candidate-stage row; do not publish before URL/review-pool verification,nationwide_accommodation_seed_v0_1_2026-07-03.csv
245,T1-05,tobira-myojinkan,扉温泉 明神館,Tobira Onsen Myojinkan,matsumoto,長野県,luxury ryokan,Tier 1,"비경 온천 고급숙, 대욕장/객실탕 후보",needs_official_crosscheck,Ikkyu rotsuki theme snippet,,,,,,,,,,,,official_site_check; bath_or_product_detail_check; map_listing_check; review_pool_count_check,P1,candidate-stage row; do not publish before URL/review-pool verification,nationwide_accommodation_seed_v0_1_2026-07-03.csv
246,T1-05,katakura-silk,湖畔の洋館かたくらシルクホテル,Katakura Silk Hotel,suwa,長野県,luxury hotel,Tier 1,원천가케나가시 객실 노천탕 신호,needs_official_crosscheck,Ikkyu rotsuki theme snippet,,,,,,,,,,,,official_site_check; bath_or_product_detail_check; map_listing_check; review_pool_count_check,P1,candidate-stage row; do not publish before URL/review-pool verification,nationwide_accommodation_seed_v0_1_2026-07-03.csv
247,T1-05,asamushi-kaisenkaku,浅虫温泉 南部屋・海扇閣,Kaisenkaku,asamushi,青森県,ryokan hotel,Tier 1,무쓰만 전망 대욕장 후보,needs_official_crosscheck,regional OTA source,,,,,,,,,,,,official_site_check; bath_or_product_detail_check; map_listing_check; review_pool_count_check,P1,candidate-stage row; do not publish before URL/review-pool verification,nationwide_accommodation_batch_e_v0_6_2026-07-03.csv
248,T1-05,sukayu-onsen,酸ヶ湯温泉旅館,Sukayu Onsen Ryokan,sukayu,青森県,historic ryokan,Tier 1,히바센닌부로와 강산성 온천 후보,needs_official_crosscheck,regional high-demand source,,,,,,,,,,,,official_site_check; bath_or_product_detail_check; map_listing_check; review_pool_count_check,P1,candidate-stage row; do not publish before URL/review-pool verification,nationwide_accommodation_batch_e_v0_6_2026-07-03.csv
249,T1-05,izu-nagaoka-ishinoya,石のや 伊豆長岡,Ishinoya Izu Nagaoka,izu-nagaoka,静岡県,ryokan,Tier 1,일부 객실 노천탕과 정원형 온천 후보,needs_official_crosscheck,Ikkyu Izu Nagaoka source,,,,,,,,,,,,official_site_check; bath_or_product_detail_check; map_listing_check; review_pool_count_check,P1,candidate-stage row; do not publish before URL/review-pool verification,nationwide_accommodation_batch_d_v0_5_2026-07-03.csv
250,T1-05,izu-nagaoka-sanyo-so,三養荘,Sanyo-so,izu-nagaoka,静岡県,luxury ryokan,Tier 1,정원 별저형 고급 온천 후보,needs_official_crosscheck,Ikkyu Izu Nagaoka source,,,,,,,,,,,,official_site_check; bath_or_product_detail_check; map_listing_check; review_pool_count_check,P1,candidate-stage row; do not publish before URL/review-pool verification,nationwide_accommodation_batch_d_v0_5_2026-07-03.csv
251,T1-06,izu-nagaoka-yoshiharu,湯めぐりの宿 吉春,Yoshiharu,izu-nagaoka,静岡県,ryokan,Tier 1,복수 대절 노천과 객실 노천탕 강한 후보,needs_official_crosscheck,Rakuten Izu Nagaoka room-open-air source,,,,,,,,,,,,official_site_check; bath_or_product_detail_check; map_listing_check; review_pool_count_check,P1,candidate-stage row; do not publish before URL/review-pool verification,nationwide_accommodation_batch_d_v0_5_2026-07-03.csv
252,T1-06,kaike-kasuitei,皆生温泉 華水亭,Kasuitei,kaike,鳥取県,ryokan hotel,Tier 1,바다 전망 대욕장과 객실 노천탕 후보,needs_official_crosscheck,regional OTA source,,,,,,,,,,,,official_site_check; bath_or_product_detail_check; map_listing_check; review_pool_count_check,P1,candidate-stage row; do not publish before URL/review-pool verification,nationwide_accommodation_batch_e_v0_6_2026-07-03.csv
253,T1-06,kaike-shiontei,皆生温泉 やど紫苑亭,Yado Shiontei,kaike,鳥取県,luxury ryokan,Tier 1,고급 객실탕과 해안 온천 후보,needs_official_crosscheck,Jalan Chugoku/Shikoku source,,,,,,,,,,,,official_site_check; bath_or_product_detail_check; map_listing_check; review_pool_count_check,P1,candidate-stage row; do not publish before URL/review-pool verification,nationwide_accommodation_batch_e_v0_6_2026-07-03.csv
254,T1-06,kaike-yugetsu,皆生游月,Kaike Yugetsu,kaike,鳥取県,seaside ryokan,Tier 1,객실 노천탕 인기 신호,needs_official_crosscheck,Rakuten rotsuki ranking historic/source follow-up,,,,,,,,,,,,official_site_check; bath_or_product_detail_check; map_listing_check; review_pool_count_check,P1,candidate-stage row; do not publish before URL/review-pool verification,nationwide_accommodation_seed_v0_1_2026-07-03.csv
255,T1-06,kaike-yurari,皆生温泉 海色・湯の宿 松月,Shogetsu,kaike,鳥取県,ryokan,Tier 1,해안 객실탕과 전망 온천 후보,needs_official_crosscheck,regional OTA source,,,,,,,,,,,,official_site_check; bath_or_product_detail_check; map_listing_check; review_pool_count_check,P1,candidate-stage row; do not publish before URL/review-pool verification,nationwide_accommodation_batch_e_v0_6_2026-07-03.csv
256,T1-06,toba-todaya,戸田家,Todaya,toba,三重県,large ryokan hotel,Tier 1,"대형 온천호텔, 다양한 욕장/리뷰풀 후보",needs_bath_detail_crosscheck,Toba lodging exposure,,,,,,,,,,,,source_url_check; map_listing_check; review_pool_count_check,P2,candidate-stage row; do not publish before URL/review-pool verification,nationwide_accommodation_batch_c_v0_4_2026-07-03.csv
257,T1-06,shirahama-kawakyu,ホテル川久,Hotel Kawakyu,shirahama,和歌山県,luxury resort hotel,Tier 1,"객실 노천탕 인기, 대형 리조트형 후보",needs_bath_detail_crosscheck,MyBest/Jalan Shirahama room-open-air,,,,,,,,,,,,source_url_check; map_listing_check; review_pool_count_check,P2,candidate-stage row; do not publish before URL/review-pool verification,nationwide_accommodation_batch_c_v0_4_2026-07-03.csv
258,T1-06,shirahama-key-terrace,SHIRAHAMA KEY TERRACE HOTEL SEAMORE,Hotel Seamore,shirahama,和歌山県,large resort hotel,Tier 1,"바다 전망 대형 리조트, 온천·족탕·당일이용 후보",needs_bath_detail_crosscheck,Nanki Shirahama tourism onsen page,,,,,,,,,,,,source_url_check; map_listing_check; review_pool_count_check,P2,candidate-stage row; do not publish before URL/review-pool verification,nationwide_accommodation_batch_c_v0_4_2026-07-03.csv
259,T1-06,shirahama-yanagiya,白浜温泉 家族とすごす白浜の宿 柳屋,Yanagiya,shirahama,和歌山県,traditional ryokan,Tier 1,"가족형 료칸, 객실 노천탕 후보",needs_bath_detail_crosscheck,Jalan Shirahama room-open-air page,,,,,,,,,,,,source_url_check; map_listing_check; review_pool_count_check,P2,candidate-stage row; do not publish before URL/review-pool verification,nationwide_accommodation_batch_c_v0_4_2026-07-03.csv
260,T1-06,akiu-hotel-zuiho,仙台 秋保温泉 ホテル瑞鳳,Hotel Zuiho,akiu,宮城県,large ryokan hotel,Tier 1,"대형 온천호텔, 櫻離宮 연계/대욕장 리뷰풀 후보",needs_bath_detail_crosscheck,Ikkyu Akiu exposure,,,,,,,,,,,,source_url_check; map_listing_check; review_pool_count_check,P2,candidate-stage row; do not publish before URL/review-pool verification,nationwide_accommodation_batch_c_v0_4_2026-07-03.csv
261,T1-06,akiu-ryokusuitei,仙台 秋保温泉 篝火の湯 緑水亭,Ryokusuitei,akiu,宮城県,ryokan hotel,Tier 1,"객실 노천탕 인기, 대정원/대욕장 후보",needs_bath_detail_crosscheck,Ikkyu/MyBest Akiu room-open-air,,,,,,,,,,,,source_url_check; map_listing_check; review_pool_count_check,P2,candidate-stage row; do not publish before URL/review-pool verification,nationwide_accommodation_batch_c_v0_4_2026-07-03.csv
262,T1-06,isawa-hotel-fuji,ホテルふじ,Hotel Fuji,isawa,山梨県,large hotel ryokan,Tier 1,"현내 최대급 대암풍로, 대형 리뷰풀 후보",needs_bath_detail_crosscheck,Jalan Isawa room-open-air page,,,,,,,,,,,,source_url_check; map_listing_check; review_pool_count_check,P2,candidate-stage row; do not publish before URL/review-pool verification,nationwide_accommodation_batch_c_v0_4_2026-07-03.csv
263,T1-06,kawaguchiko-fuji-lake,FUJI LAKE HOTEL / 富士レークホテル,Fuji Lake Hotel,kawaguchiko,山梨県,lake hotel,Tier 1,"Rakuten 리뷰풀 큼, 객실 노천탕/후지산·호수 조망 후보",needs_bath_detail_crosscheck,Rakuten Kawaguchiko room-open-air page,,,,,,,,,,,,source_url_check; map_listing_check; review_pool_count_check,P2,candidate-stage row; do not publish before URL/review-pool verification,nationwide_accommodation_batch_c_v0_4_2026-07-03.csv
264,T1-06,kawaguchiko-kukuna,THE KUKUNA,The Kukuna,kawaguchiko,山梨県,resort hotel,Tier 1,전망 테라스/후지산 조망 온천 후보,needs_bath_detail_crosscheck,Ikkyu rotsuki theme snippet,,,,,,,,,,,,source_url_check; map_listing_check; review_pool_count_check,P2,candidate-stage row; do not publish before URL/review-pool verification,nationwide_accommodation_seed_v0_1_2026-07-03.csv;nationwide_accommodation_batch_c_v0_4_2026-07-03.csv
265,T1-06,kawaguchiko-ooya,富士河口湖温泉 花水庭 おおや,Kasuitei Ooya,kawaguchiko,山梨県,ryokan hotel,Tier 1,"후지카와구치코 온천, 객실 노천탕 후보",needs_bath_detail_crosscheck,Rakuten Kawaguchiko room-open-air page,,,,,,,,,,,,source_url_check; map_listing_check; review_pool_count_check,P2,candidate-stage row; do not publish before URL/review-pool verification,nationwide_accommodation_batch_c_v0_4_2026-07-03.csv
266,T1-06,dogo-dogokan,道後舘,Dogo Kan,dogo,愛媛県,large ryokan,Tier 1,"도고 대표 료칸, 객실 노천탕/대욕장 후보",needs_bath_detail_crosscheck,Ikkyu Dogo room-open-air list,,,,,,,,,,,,source_url_check; map_listing_check; review_pool_count_check,P2,candidate-stage row; do not publish before URL/review-pool verification,nationwide_accommodation_batch_c_v0_4_2026-07-03.csv
267,T1-06,dogo-funaya,道後温泉 ふなや,Funaya,dogo,愛媛県,traditional ryokan,Tier 1,"도고 노포 료칸, 대욕장/역사형 수요",needs_bath_detail_crosscheck,Jalan/Rakuten top area seed,,,,,,,,,,,,source_url_check; map_listing_check; review_pool_count_check,P2,candidate-stage row; do not publish before URL/review-pool verification,nationwide_accommodation_seed_v0_1_2026-07-03.csv;nationwide_accommodation_batch_c_v0_4_2026-07-03.csv
268,T1-06,dogo-kowakuen-haruka,ホテル古湧園 遥,Hotel Kowakuen Haruka,dogo,愛媛県,hotel ryokan,Tier 1,"도고 대형 현대형 숙소, 대욕장/객실탕 후보",needs_bath_detail_crosscheck,Ikkyu station ranking,,,,,,,,,,,,source_url_check; map_listing_check; review_pool_count_check,P2,candidate-stage row; do not publish before URL/review-pool verification,nationwide_accommodation_batch_c_v0_4_2026-07-03.csv
269,T1-06,kinugawa-kai,星野リゾート 界 鬼怒川,Hoshino Resorts KAI Kinugawa,kinugawa,栃木県,brand ryokan,Tier 1,"브랜드 료칸, 객실 노천탕/대욕장 후보",needs_bath_detail_crosscheck,Jalan Kinugawa room-open-air page,,,,,,,,,,,,source_url_check; map_listing_check; review_pool_count_check,P2,candidate-stage row; do not publish before URL/review-pool verification,nationwide_accommodation_batch_b_v0_3_2026-07-03.csv
270,T1-06,kinugawa-mikazuki,日光きぬ川ホテル三日月,Nikko Kinugawa Hotel Mikazuki,kinugawa,栃木県,large resort hotel,Tier 1,"객실 노천탕 목록 노출, 대형 리조트형 온천",needs_bath_detail_crosscheck,Jalan Kinugawa room-open-air page,,,,,,,,,,,,source_url_check; map_listing_check; review_pool_count_check,P2,candidate-stage row; do not publish before URL/review-pool verification,nationwide_accommodation_batch_b_v0_3_2026-07-03.csv
271,T1-06,kinugawa-yumenotoki,鬼怒川グランドホテル 夢の季,Kinugawa Grand Hotel Yumenotoki,kinugawa,栃木県,large ryokan hotel,Tier 1,"9つの湯めぐり, 대욕장/객실탕 후보",needs_bath_detail_crosscheck,Jalan Kinugawa room-open-air page,,,,,,,,,,,,source_url_check; map_listing_check; review_pool_count_check,P2,candidate-stage row; do not publish before URL/review-pool verification,nationwide_accommodation_batch_b_v0_3_2026-07-03.csv
272,T1-06,nasu-sunvalley,ホテルサンバレー那須,Hotel Sunvalley Nasu,nasu,栃木県,large resort hotel,Tier 1,"대형 리조트, 다욕장/가족형 리뷰풀 후보",needs_bath_detail_crosscheck,Ikkyu/MyBest Nasu exposure,,,,,,,,,,,,source_url_check; map_listing_check; review_pool_count_check,P2,candidate-stage row; do not publish before URL/review-pool verification,nationwide_accommodation_batch_b_v0_3_2026-07-03.csv
273,T1-06,yugawara-sansuirou,山翠楼SANSUIROU,Sansuirou,yugawara,神奈川県,luxury ryokan,Tier 1,"전망 노천/고급 료칸, 리뷰풀 후보",needs_bath_detail_crosscheck,Rakuten Yugawara listings,,,,,,,,,,,,source_url_check; map_listing_check; review_pool_count_check,P2,candidate-stage row; do not publish before URL/review-pool verification,nationwide_accommodation_batch_c_v0_4_2026-07-03.csv
274,T1-06,ikaho-chigira,千明仁泉亭,Chigira Jinsentei,ikaho,群馬県,traditional ryokan,Tier 1,"이카호 노포, 객실 노천탕 후보",needs_bath_detail_crosscheck,Rakuten Ikaho room-open-air article,,,,,,,,,,,,source_url_check; map_listing_check; review_pool_count_check,P2,candidate-stage row; do not publish before URL/review-pool verification,nationwide_accommodation_batch_c_v0_4_2026-07-03.csv
275,T1-06,ikaho-kogure,ホテル木暮,Hotel Kogure,ikaho,群馬県,large ryokan hotel,Tier 1,"고평점, 객실 노천탕·대욕장 후보",needs_bath_detail_crosscheck,Ikkyu/MyBest Ikaho room-open-air,,,,,,,,,,,,source_url_check; map_listing_check; review_pool_count_check,P2,candidate-stage row; do not publish before URL/review-pool verification,nationwide_accommodation_batch_c_v0_4_2026-07-03.csv
276,T1-06,toba-toba-kokusai,鳥羽国際ホテル 潮路亭,Toba Hotel International Shiojitei,toba,三重県,seaside ryokan hotel,Tier 1,"도바 바다 전망 온천숙소, 진주온천/대욕장 후보",needs_source_crosscheck,Toba top area seed,,,,,,,,,,,,source_url_check; map_listing_check; review_pool_count_check,P2,candidate-stage row; do not publish before URL/review-pool verification,nationwide_accommodation_batch_c_v0_4_2026-07-03.csv
277,T1-06,akiu-saryo-soen,茶寮宗園,Saryo Soen,akiu,宮城県,luxury ryokan,Tier 1,"아키우 고급 료칸, 객실 노천탕 후보",needs_source_crosscheck,Rakuten Top20 area seed,,,,,,,,,,,,source_url_check; map_listing_check; review_pool_count_check,P2,candidate-stage row; do not publish before URL/review-pool verification,nationwide_accommodation_seed_v0_1_2026-07-03.csv;nationwide_accommodation_batch_c_v0_4_2026-07-03.csv
278,T1-06,yuda-kamefuku,湯田温泉 ユウベルホテル松政,Yubell Hotel Matsumasa,yuda,山口県,ryokan hotel,Tier 1,대욕장과 도심 온천 접근성 후보,needs_source_crosscheck,regional OTA source,,,,,,,,,,,,source_url_check; map_listing_check; review_pool_count_check,P2,candidate-stage row; do not publish before URL/review-pool verification,nationwide_accommodation_batch_e_v0_6_2026-07-03.csv
279,T1-06,kinugawa-kanaya,鬼怒川金谷ホテル,Kinugawa Kanaya Hotel,kinugawa,栃木県,luxury hotel ryokan,Tier 1,기누가와 고급 온천호텔 후보,needs_source_crosscheck,Rakuten/YuKoyuko top area seed,,,,,,,,,,,,source_url_check; map_listing_check; review_pool_count_check,P2,candidate-stage row; do not publish before URL/review-pool verification,nationwide_accommodation_seed_v0_1_2026-07-03.csv;nationwide_accommodation_batch_b_v0_3_2026-07-03.csv
280,T1-06,nasu-bettei-kai,那須別邸 回,Nasu Bettei Kai,nasu,栃木県,luxury ryokan,Tier 1,나스 고급 온천 숙소 후보,needs_source_crosscheck,Rakuten Top20 area seed,,,,,,,,,,,,source_url_check; map_listing_check; review_pool_count_check,P2,candidate-stage row; do not publish before URL/review-pool verification,nationwide_accommodation_seed_v0_1_2026-07-03.csv;nationwide_accommodation_batch_b_v0_3_2026-07-03.csv
281,T1-06,nasu-omaru,那須温泉 大丸温泉旅館,Omaru Onsen Ryokan,nasu,栃木県,mountain ryokan,Tier 1,"강을 막은 야천풍로 계열, 비경 온천 후보",needs_source_crosscheck,Nasu high-value lodging exposure,,,,,,,,,,,,source_url_check; map_listing_check; review_pool_count_check,P2,candidate-stage row; do not publish before URL/review-pool verification,nationwide_accommodation_batch_b_v0_3_2026-07-03.csv
282,T1-06,awara-seifuso,あわら温泉 清風荘,Seifuso,awara,福井県,large ryokan hotel,Tier 1,극장형 뷔페와 대형 온천 수요 후보,needs_source_crosscheck,Rakuten Awara ranking source,,,,,,,,,,,,source_url_check; map_listing_check; review_pool_count_check,P2,candidate-stage row; do not publish before URL/review-pool verification,nationwide_accommodation_batch_d_v0_5_2026-07-03.csv
283,T1-06,iizaka-yoshikawaya,飯坂温泉 摺上亭大鳥,Surikamitei Ohtori,iizaka,福島県,ryokan hotel,Tier 1,대형 대욕장과 후쿠시마 접근성 후보,needs_source_crosscheck,regional OTA source,,,,,,,,,,,,source_url_check; map_listing_check; review_pool_count_check,P2,candidate-stage row; do not publish before URL/review-pool verification,nationwide_accommodation_batch_e_v0_6_2026-07-03.csv
284,T1-06,bessho-nakamatsuya,別所温泉 旅館中松屋,Nakamatsuya,bessho,長野県,ryokan,Tier 1,전망 대욕장과 가족 수요 후보,needs_source_crosscheck,regional OTA source,,,,,,,,,,,,source_url_check; map_listing_check; review_pool_count_check,P2,candidate-stage row; do not publish before URL/review-pool verification,nationwide_accommodation_batch_e_v0_6_2026-07-03.csv
