direct_read_sequence,platform,source_url,page_label,review_id,language,review_date,stay_date,rating,bath_rating,room_rating,title,room_or_plan,body_char_count,onsen_related,bath_area_tags,signal_tags,issue_tags,original_keywords_short,short_paraphrase,signal_direction,direction_backfill_rule,direction_backfill_confidence,direction_backfill_candidate_type
1,Jalan,https://www.jalan.net/yad318558/kuchikomi/,latest,Jalan_latest_1,ja,2026/6/4,2026年4月宿泊,5,5,5,心に残る宿,【季節プラン　3/10～4/30】　お花見プラン,75,yes,facility_wide,water_texture,,お風呂;貸切;風呂,무기질감/피부감/온천감 언급,positive,rating_positive_signal,medium,issue_caution_calibration_needed
2,Jalan,https://www.jalan.net/yad318558/kuchikomi/,latest,Jalan_latest_2,ja,2026/2/13,2026年2月宿泊,5,4,4,とてもよかった,【季節プラン　2/4～3/9】　おひな様プラン,115,yes,room_bath,room_bath_hot_spring;water_texture,,とろり;温泉;湯;美人の湯;肌;部屋の温泉,객실탕/객실 노천탕 맥락 언급; 무기질감/피부감/온천감 언급,positive,body_positive,high,issue_caution_calibration_needed
3,Jalan,https://www.jalan.net/yad318558/kuchikomi/,latest,Jalan_latest_3,ja,2025/9/30,2025年8月宿泊,5,5,4,嬉野武雄エリアで料理、サービス、温泉の三拍子揃って一級品の懐石割烹旅館です！。,【創業120周年記念】謝恩プラン◆露天風呂付きメゾネット客室を特別価格でご案内！,179,yes,facility_wide,water_texture,,お風呂;温泉;貸切;露天;風呂,무기질감/피부감/온천감 언급,positive,rating_positive_signal,medium,issue_caution_calibration_needed
4,Jalan,https://www.jalan.net/yad318558/kuchikomi/,latest,Jalan_latest_4,ja,2025/9/1,2025年8月宿泊,5,5,4,食事がすばらしい,季節プランの料理を１ランクUPした懐石コースを堪能,59,no,unclear,,,,온천 언급 없는 숙박 경험 리뷰.,positive,body_positive,high,issue_caution_calibration_needed
5,Jalan,https://www.jalan.net/yad318558/kuchikomi/,latest,Jalan_latest_5,ja,2025/8/25,2025年6月宿泊,5,5,4,料理がおいしい,【季節プラン　6/1～6/30】ホタル狩りプラン,384,yes,private_bath,private_bath_experience;water_texture,,温泉;貸切;貸切温泉,대절/프라이빗탕 이용 경험 언급; 무기질감/피부감/온천감 언급,positive,body_positive,high,issue_caution_calibration_needed
6,Jalan,https://www.jalan.net/yad318558/kuchikomi/,latest,Jalan_latest_6,ja,2025/7/4,2025年5月宿泊,4,4,4,飲み物の種類が豊富,懐石と伊勢海老のコラボ！伊勢海老プラン,93,yes,facility_wide,water_texture,room_coldness,冷;温泉,무기질감/피부감/온천감 언급; 주의 신호: room_coldness,mixed,body_negative_with_context,high,issue_caution_calibration_needed
7,Jalan,https://www.jalan.net/yad318558/kuchikomi/archive/,archive_1,Jalan_archive_1_1,ja,2025/3/12,2025年2月宿泊,5,5,5,いい宿でした,【季節プラン　2/4～3/10】　おひな様プラン,52,yes,private_bath,private_bath_experience;water_texture,,温泉;貸し切り;風呂,대절/프라이빗탕 이용 경험 언급; 무기질감/피부감/온천감 언급,positive,body_positive,high,issue_caution_calibration_needed
8,Jalan,https://www.jalan.net/yad318558/kuchikomi/archive/,archive_1,Jalan_archive_1_2,ja,2025/2/9,2025年2月宿泊,5,4,4,食事が素晴らしい,【季節プラン　2/4～3/10】　おひな様プラン,80,yes,unclear,,,古い,온천/욕장 관련 표현 포함.,positive,body_positive,high,issue_caution_calibration_needed
9,Jalan,https://www.jalan.net/yad318558/kuchikomi/archive/,archive_1,Jalan_archive_1_3,ja,2025/1/30,2025年1月宿泊,5,4,4,美味しい料理に感謝,【季節プラン　1/1～1/6】お正月プラン,319,yes,public_bath,public_bath_hot_spring;water_texture,stairs_access,お風呂;大浴場;温泉;貸切;階段;風呂,대욕장 유무 또는 대욕장 맥락 언급; 무기질감/피부감/온천감 언급; 주의 신호: stairs_access,mixed,caution_or_issue_tag,high,issue_caution_calibration_needed
10,Jalan,https://www.jalan.net/yad318558/kuchikomi/archive/,archive_1,Jalan_archive_1_4,ja,2024/8/12,2024年8月宿泊,4,3,3,久々の扇屋さん,【季節プラン　8/1～8/31】風鈴プラン,126,yes,unclear,,stairs_access,階段,주의 신호: stairs_access,mixed,caution_or_issue_tag,high,issue_caution_calibration_needed
11,Jalan,https://www.jalan.net/yad318558/kuchikomi/archive/,archive_1,Jalan_archive_1_5,ja,2024/7/1,2024年6月宿泊,5,5,5,夫婦旅行,"季節プランの料理を１ランクUPした懐石コースを堪能 
 和洋室",72,yes,facility_wide,water_texture,,露天;風呂,무기질감/피부감/온천감 언급,positive,rating_positive_signal,medium,issue_caution_calibration_needed
12,Jalan,https://www.jalan.net/yad318558/kuchikomi/archive/,archive_1,Jalan_archive_1_6,ja,2024/3/13,2024年3月宿泊,5,5,5,おもてなしも最高,季節プランの料理を１ランクUPした懐石コースを堪能 ／夕・朝 ともにお部屋食,143,yes,private_bath,private_bath_experience;water_texture,,湯;貸切;貸切風呂;風呂,대절/프라이빗탕 이용 경험 언급; 무기질감/피부감/온천감 언급,positive,body_positive,high,issue_caution_calibration_needed
13,Jalan,https://www.jalan.net/yad318558/kuchikomi/archive/,archive_1,Jalan_archive_1_7,ja,2023/12/8,2023年11月宿泊,5,5,5,食事が最高,【季節プラン　11/1～11/30】紅葉狩りプラン／夕・朝 ともにお部屋食,153,yes,private_bath,private_bath_experience,,お風呂;貸し切り;風呂,대절/프라이빗탕 이용 경험 언급,positive,body_positive,high,issue_caution_calibration_needed
14,Jalan,https://www.jalan.net/yad318558/kuchikomi/archive/,archive_1,Jalan_archive_1_8,ja,2023/12/3,2023年11月宿泊,5,4,5,料理の質、量共に充分満足,季節プランの料理を１ランクUPした懐石コースを堪能 ／夕・朝 ともにお部屋食,124,no,unclear,,,,온천 언급 없는 숙박 경험 리뷰.,positive,body_positive,high,issue_caution_calibration_needed
15,Jalan,https://www.jalan.net/yad318558/kuchikomi/archive/,archive_1,Jalan_archive_1_9,ja,2023/11/8,2023年9月宿泊,5,4,4,懐石料理が最高の宿,懐石と伊勢海老のコラボ！伊勢海老プラン　／夕・朝 ともにお部屋食,89,no,unclear,,,,온천 언급 없는 숙박 경험 리뷰.,positive,body_positive,high,issue_caution_calibration_needed
16,Jalan,https://www.jalan.net/yad318558/kuchikomi/archive/,archive_1,Jalan_archive_1_10,ja,2023/10/1,2023年9月宿泊,5,5,4,なかなか良かったです,季節プランの中の最上級グルメ懐石コースを堪能 ／夕・朝 ともにお部屋食,438,yes,facility_wide,water_texture,stairs_access;temperature,お風呂;温泉;階段;風呂,"무기질감/피부감/온천감 언급; 주의 신호: stairs_access,temperature",mixed,caution_or_issue_tag,high,issue_caution_calibration_needed
17,Jalan,https://www.jalan.net/yad318558/kuchikomi/archive/,archive_1,Jalan_archive_1_11,ja,2023/9/8,2023年8月宿泊,3,4,2,夫婦旅行,季節プランの中の最上級グルメ懐石コースを堪能 ／夕・朝 ともにお部屋食,90,yes,facility_wide,water_texture,,お風呂;風呂,무기질감/피부감/온천감 언급,positive,rating_positive_signal,medium,issue_caution_calibration_needed
18,Jalan,https://www.jalan.net/yad318558/kuchikomi/archive/,archive_1,Jalan_archive_1_12,ja,2023/7/23,2023年7月宿泊,4,5,4,レトロな感じが良い,季節プランの中の最上級グルメ懐石コースを堪能 ／夕・朝 ともにお部屋食,462,yes,private_bath,private_bath_experience,,貸切;貸切風呂;風呂,대절/프라이빗탕 이용 경험 언급,positive,body_positive,high,issue_caution_calibration_needed
19,Jalan,https://www.jalan.net/yad318558/kuchikomi/archive/,archive_1,Jalan_archive_1_13,ja,2023/7/15,2023年7月宿泊,5,5,4,美味しかったです！,【季節プラン　7/1～7/31】　七夕プラン　／夕・朝 ともにお部屋食,634,yes,facility_wide,water_texture,room_coldness,お風呂;冷;風呂,무기질감/피부감/온천감 언급; 주의 신호: room_coldness,mixed,body_negative_with_context,high,issue_caution_calibration_needed
20,Jalan,https://www.jalan.net/yad318558/kuchikomi/archive/,archive_1,Jalan_archive_1_14,ja,2023/7/7,2023年6月宿泊,5,4,5,大雨でした。,季節プランの中の最上級グルメ懐石コースを堪能 ／夕・朝 ともにお部屋食,63,yes,facility_wide,water_texture,,温泉,무기질감/피부감/온천감 언급,positive,rating_positive_signal,medium,issue_caution_calibration_needed
21,Jalan,https://www.jalan.net/yad318558/kuchikomi/archive/,archive_1,Jalan_archive_1_15,ja,2023/6/10,2023年6月宿泊,5,4,5,大人の旅行,【季節プラン　6/1～6/30】ホタル狩りプラン／夕・朝 ともにお部屋食,232,yes,facility_wide,water_texture,,湯;風呂,무기질감/피부감/온천감 언급,positive,rating_positive_signal,medium,issue_caution_calibration_needed
22,Jalan,https://www.jalan.net/yad318558/kuchikomi/archive/,archive_1,Jalan_archive_1_16,ja,2023/3/14,2023年3月宿泊,5,5,5,食事がすばらしい,【季節プラン　2/4～3/14】　おひな様プラン　／夕・朝 ともにお部屋食,299,yes,unclear,,stairs_access,不便;階段,주의 신호: stairs_access,mixed,body_positive_and_negative,high,issue_caution_calibration_needed
23,Jalan,https://www.jalan.net/yad318558/kuchikomi/archive/,archive_1,Jalan_archive_1_17,ja,2023/3/8,2023年3月宿泊,4,4,4,昔ながらの温泉旅館,【気まま一人旅】～季節プランの料理を１ランクUPした懐石を味わう～ ／夕・朝 ともにお部屋食,362,yes,facility_wide,water_texture,,温泉,무기질감/피부감/온천감 언급,positive,rating_positive_signal,medium,issue_caution_calibration_needed
24,Jalan,https://www.jalan.net/yad318558/kuchikomi/archive/,archive_1,Jalan_archive_1_18,ja,2023/3/5,2023年3月宿泊,5,5,5,落ち着いた空間、美味しい食事に癒されました,【気まま一人旅】～季節プランの料理を１ランクUPした懐石を味わう～ ／夕・朝 ともにお部屋食,173,yes,facility_wide,water_texture,,お風呂;貸切;風呂,무기질감/피부감/온천감 언급,positive,body_positive,high,issue_caution_calibration_needed
25,Jalan,https://www.jalan.net/yad318558/kuchikomi/archive/,archive_1,Jalan_archive_1_19,ja,2023/2/26,2023年2月宿泊,5,5,4,とにかく食事が最高！！,揚げたて☆季節の天麩羅をメインにした贅沢懐石プラン　／夕・朝 ともにお部屋食,281,yes,facility_wide,water_texture,,お風呂;貸切;風呂,무기질감/피부감/온천감 언급,positive,body_positive,high,issue_caution_calibration_needed
26,Jalan,https://www.jalan.net/yad318558/kuchikomi/archive/,archive_1,Jalan_archive_1_20,ja,2023/2/23,2023年2月宿泊,5,4,5,おもてなしが丁寧,季節プランの料理を２ランクUPした懐石コースを堪能 ／夕・朝 ともにお部屋食,120,yes,facility_wide,booking_confusion;water_texture,,温泉;露天;風呂,무기질감/피부감/온천감 언급,mixed,conditional_signal_tag,medium,issue_caution_calibration_needed
27,Jalan,https://www.jalan.net/yad318558/kuchikomi/archive/,archive_1,Jalan_archive_1_21,ja,2023/2/1,2022年12月宿泊,5,5,4,最高のお料理と最高の接客で、最高の思い出となりました!,季節プランの料理を１ランクUPした懐石コースを堪能 ／夕・朝 ともにお部屋食,292,yes,private_bath,private_bath_experience;water_texture,stairs_access,お風呂;温泉;貸切;貸切風呂;階段;露天;風呂,대절/프라이빗탕 이용 경험 언급; 무기질감/피부감/온천감 언급; 주의 신호: stairs_access,mixed,caution_or_issue_tag,high,issue_caution_calibration_needed
28,Jalan,https://www.jalan.net/yad318558/kuchikomi/archive/,archive_1,Jalan_archive_1_22,ja,2023/2/1,2023年1月宿泊,5,4,4,接客が良かった！,本格懐石＆地元ブランド佐賀牛のステーキ（150ｇ）を存分に堪能するプラン　／夕・朝 ともにお部屋食,169,yes,facility_wide,water_texture,,お風呂;貸切;露天;風呂,무기질감/피부감/온천감 언급,positive,body_positive,high,issue_caution_calibration_needed
29,Jalan,https://www.jalan.net/yad318558/kuchikomi/archive/,archive_1,Jalan_archive_1_23,ja,2023/1/21,2023年1月宿泊,5,4,5,素晴らしい宿でした,【季節プラン　1/8～2/3】節分プラン／夕・朝 ともにお部屋食,206,yes,facility_wide,water_texture,,温泉,무기질감/피부감/온천감 언급,positive,body_positive,high,issue_caution_calibration_needed
30,Jalan,https://www.jalan.net/yad318558/kuchikomi/archive/,archive_1,Jalan_archive_1_24,ja,2022/12/5,2022年10月宿泊,5,5,5,お食事が最高,【季節プラン　9/1～10/31】お月見プラン／夕・朝 ともにお部屋食,99,yes,facility_wide,water_texture,,お風呂;風呂,무기질감/피부감/온천감 언급,positive,body_positive,high,issue_caution_calibration_needed
31,Jalan,https://www.jalan.net/yad318558/kuchikomi/archive/,archive_1,Jalan_archive_1_25,ja,2022/11/25,2022年11月宿泊,5,5,5,さすが「懐石宿」,季節プランの料理を１ランクUPした懐石コースを堪能 ／夕・朝 ともにお部屋食,195,yes,private_bath,private_bath_experience,,お風呂;貸し切り;風呂,대절/프라이빗탕 이용 경험 언급,positive,body_positive,high,issue_caution_calibration_needed
32,Jalan,https://www.jalan.net/yad318558/kuchikomi/archive/,archive_1,Jalan_archive_1_26,ja,2022/10/8,2022年9月宿泊,5,4,5,風呂は貸し切りのみです。,【西九州新幹線記念×お土産付】扇屋伝統の味をプレゼント！ぶらり武雄温泉満喫旅／１ランクUP懐石コース,92,yes,private_bath;public_bath,private_bath_experience;public_bath_hot_spring;water_texture,,大浴場;温泉;貸し切り;露天;風呂,대절/프라이빗탕 이용 경험 언급; 대욕장 유무 또는 대욕장 맥락 언급; 무기질감/피부감/온천감 언급,positive,body_positive,high,issue_caution_calibration_needed
33,Jalan,https://www.jalan.net/yad318558/kuchikomi/archive/,archive_1,Jalan_archive_1_27,ja,2022/9/21,2022年8月宿泊,4,5,4,良かったです。,季節プランの料理を２ランクUPした懐石コースを堪能 ／夕・朝 ともにお部屋食,401,yes,facility_wide,booking_confusion;water_texture,,お風呂;温泉;風呂,무기질감/피부감/온천감 언급,mixed,conditional_signal_tag,medium,issue_caution_calibration_needed
34,Jalan,https://www.jalan.net/yad318558/kuchikomi/archive/,archive_1,Jalan_archive_1_28,ja,2022/8/23,2022年8月宿泊,4,3,4,数寄屋造りに感動,【季節プラン　8/1～8/31】風鈴プラン／夕・朝 ともにお部屋食,198,yes,facility_wide,water_texture,,お風呂;不便;貸切;風呂,무기질감/피부감/온천감 언급,mixed,body_negative_with_context,high,issue_caution_calibration_needed
35,Jalan,https://www.jalan.net/yad318558/kuchikomi/archive/,archive_1,Jalan_archive_1_29,ja,2022/7/9,2022年7月宿泊,4,4,3,お風呂三昧,【気まま一人旅】～季節プランの料理を２ランクUPした懐石を味わう～ ／夕・朝 ともにお部屋食,162,yes,private_bath,private_bath_experience;water_texture,,お風呂;温泉;貸し切り;風呂,대절/프라이빗탕 이용 경험 언급; 무기질감/피부감/온천감 언급,positive,body_positive,high,issue_caution_calibration_needed
36,Jalan,https://www.jalan.net/yad318558/kuchikomi/archive/,archive_1,Jalan_archive_1_30,ja,2022/6/8,2022年6月宿泊,5,5,4,食事を楽しみに,【季節プラン　6/1～6/30】ホタル狩りプラン／夕・朝 ともにお部屋食,109,no,unclear,,,,온천 언급 없는 숙박 경험 리뷰.,positive,body_positive,high,issue_caution_calibration_needed
37,Jalan,https://www.jalan.net/yad318558/kuchikomi/archive/2.HTML,archive_2,Jalan_archive_2_1,ja,2022/5/20,2022年5月宿泊,5,4,4,究極の料理,本格懐石＆地元ブランド佐賀牛のステーキ（150ｇ）を存分に堪能するプラン　／夕・朝 ともにお部屋食,58,no,unclear,,,,온천 언급 없는 숙박 경험 리뷰.,neutral,neutral_or_lodging_context,medium,issue_caution_calibration_needed
38,Jalan,https://www.jalan.net/yad318558/kuchikomi/archive/2.HTML,archive_2,Jalan_archive_2_2,ja,2022/4/10,2022年2月宿泊,3,3,3,料理宿,季節プランの料理を１ランクUPした懐石コースを堪能 ／夕・朝 ともにお部屋食,83,yes,public_bath,public_bath_hot_spring,,大浴場;貸切;露天;風呂,대욕장 유무 또는 대욕장 맥락 언급,positive,positive_signal_no_caution,medium,issue_caution_calibration_needed
39,Jalan,https://www.jalan.net/yad318558/kuchikomi/archive/2.HTML,archive_2,Jalan_archive_2_3,ja,2022/4/4,2022年3月宿泊,4,4,4,2年振りの訪問！,季節プランの料理を２ランクUPした懐石コースを堪能 ／夕・朝 ともにお部屋食,274,no,unclear,,,,온천 언급 없는 숙박 경험 리뷰.,neutral,neutral_or_lodging_context,medium,issue_caution_calibration_needed
40,Jalan,https://www.jalan.net/yad318558/kuchikomi/archive/2.HTML,archive_2,Jalan_archive_2_4,ja,2022/4/1,2022年3月宿泊,4,4,4,やっぱり部屋食は安心出来ました。,季節プランの料理を２ランクUPした懐石コースを堪能 ／夕・朝 ともにお部屋食,129,yes,private_bath,private_bath_experience;water_texture,,お風呂;温泉;貸し切り;露天;風呂,대절/프라이빗탕 이용 경험 언급; 무기질감/피부감/온천감 언급,positive,body_positive,high,issue_caution_calibration_needed
41,Jalan,https://www.jalan.net/yad318558/kuchikomi/archive/2.HTML,archive_2,Jalan_archive_2_5,ja,2022/3/5,2022年3月宿泊,5,5,5,大満足な宿,"揚げたて☆季節の天麩羅をメインにした贅沢懐石プラン　／夕・朝 ともにお部屋食 
 和洋室",122,yes,facility_wide,water_texture,room_coldness,冷;露天;風呂,무기질감/피부감/온천감 언급; 주의 신호: room_coldness,mixed,body_positive_and_negative,high,issue_caution_calibration_needed
42,Jalan,https://www.jalan.net/yad318558/kuchikomi/archive/2.HTML,archive_2,Jalan_archive_2_6,ja,2022/2/28,2022年1月宿泊,4,5,4,お風呂が良かったです,【季節プラン　1/1～1/14】お正月プラン／夕・朝 ともにお部屋食,164,yes,facility_wide,booking_confusion,stairs_access,お風呂;階段;風呂,주의 신호: stairs_access,mixed,caution_or_issue_tag,high,issue_caution_calibration_needed
43,Jalan,https://www.jalan.net/yad318558/kuchikomi/archive/2.HTML,archive_2,Jalan_archive_2_7,ja,2022/2/5,2022年1月宿泊,5,5,5,日頃のご褒美に…。,季節プランの料理を１ランクUPした懐石コースを堪能 ／夕・朝 ともにお部屋食,75,yes,private_bath,private_bath_experience;water_texture,,お風呂;温泉;貸し切り;風呂,대절/프라이빗탕 이용 경험 언급; 무기질감/피부감/온천감 언급,positive,body_positive,high,issue_caution_calibration_needed
44,Jalan,https://www.jalan.net/yad318558/kuchikomi/archive/2.HTML,archive_2,Jalan_archive_2_8,ja,2022/1/28,2022年1月宿泊,5,4,5,ご褒美旅行,"季節プランの中の最上級グルメ懐石コースを堪能 ／夕・朝 ともにお部屋食 
 和洋室",278,yes,private_bath,private_bath_experience,,お風呂;貸し切り;風呂,대절/프라이빗탕 이용 경험 언급,positive,body_positive,high,issue_caution_calibration_needed
45,Jalan,https://www.jalan.net/yad318558/kuchikomi/archive/2.HTML,archive_2,Jalan_archive_2_9,ja,2022/1/11,2022年1月宿泊,5,5,3,抹茶とおはぎ,【季節プラン　1/1～1/14】お正月プラン／夕・朝 ともにお部屋食,124,no,unclear,,,,온천 언급 없는 숙박 경험 리뷰.,neutral,neutral_or_lodging_context,medium,issue_caution_calibration_needed
46,Jalan,https://www.jalan.net/yad318558/kuchikomi/archive/2.HTML,archive_2,Jalan_archive_2_10,ja,2021/12/26,2021年12月宿泊,4,4,5,４回目の利用です！,"季節プランの中の最上級グルメ懐石コースを堪能 ／夕・朝 ともにお部屋食 
 和洋室",165,no,unclear,,,,온천 언급 없는 숙박 경험 리뷰.,neutral,neutral_or_lodging_context,medium,issue_caution_calibration_needed
47,Jalan,https://www.jalan.net/yad318558/kuchikomi/archive/2.HTML,archive_2,Jalan_archive_2_11,ja,2021/12/7,2021年11月宿泊,5,5,4,美味しくちょうど良い料理,【季節プラン　11/1～11/30】紅葉狩りプラン／夕・朝 ともにお部屋食,152,no,unclear,,,,온천 언급 없는 숙박 경험 리뷰.,neutral,neutral_or_lodging_context,medium,issue_caution_calibration_needed
48,Jalan,https://www.jalan.net/yad318558/kuchikomi/archive/2.HTML,archive_2,Jalan_archive_2_12,ja,2021/11/25,2021年11月宿泊,5,5,5,満足出来る宿,【気まま一人旅】～最上級懐石を味わい極上のひとときを～ ／夕・朝 ともにお部屋食,166,yes,facility_wide,water_texture,,温泉,무기질감/피부감/온천감 언급,positive,body_positive,high,issue_caution_calibration_needed
49,Jalan,https://www.jalan.net/yad318558/kuchikomi/archive/2.HTML,archive_2,Jalan_archive_2_13,ja,2021/11/8,2021年11月宿泊,5,5,5,配慮のすばらしさ,【季節プラン　11/1～11/30】紅葉狩りプラン／夕・朝 ともにお部屋食,102,no,unclear,,,,온천 언급 없는 숙박 경험 리뷰.,positive,body_positive,high,issue_caution_calibration_needed
50,Jalan,https://www.jalan.net/yad318558/kuchikomi/archive/2.HTML,archive_2,Jalan_archive_2_14,ja,2021/9/26,2021年9月宿泊,5,5,5,壱岐と呼子と有田と武雄温泉,"本格懐石＆地元ブランド佐賀牛のステーキ（150ｇ）を存分に堪能するプラン　／夕・朝 ともにお部屋食 
 和洋室",102,yes,facility_wide,water_texture,,温泉,무기질감/피부감/온천감 언급,positive,rating_positive_signal,medium,issue_caution_calibration_needed
51,Jalan,https://www.jalan.net/yad318558/kuchikomi/archive/2.HTML,archive_2,Jalan_archive_2_15,ja,2021/8/17,2021年8月宿泊,5,5,5,お料理、お風呂、雰囲気、全てが良かったです！,【季節プラン　8/1～8/31】風鈴プラン／夕・朝 ともにお部屋食,437,yes,room_open_air_bath,room_bath_hot_spring;water_texture,,お風呂;温泉;貸切;露天;風呂,객실탕/객실 노천탕 맥락 언급; 무기질감/피부감/온천감 언급,positive,body_positive,high,issue_caution_calibration_needed
52,Jalan,https://www.jalan.net/yad318558/kuchikomi/archive/2.HTML,archive_2,Jalan_archive_2_16,ja,2021/8/11,2021年8月宿泊,5,5,4,さすがのお料理,【季節プラン　8/1～8/31】風鈴プラン／夕・朝 ともにお部屋食,158,no,unclear,,,,온천 언급 없는 숙박 경험 리뷰.,neutral,neutral_or_lodging_context,medium,issue_caution_calibration_needed
53,Jalan,https://www.jalan.net/yad318558/kuchikomi/archive/2.HTML,archive_2,Jalan_archive_2_17,ja,2021/5/20,2021年5月宿泊,4,3,3,料理は抜群,【季節プラン　4/27～5/31】　菖蒲プラン　／夕・朝 ともにお部屋食,174,no,unclear,,,,온천 언급 없는 숙박 경험 리뷰.,neutral,neutral_or_lodging_context,medium,issue_caution_calibration_needed
54,Jalan,https://www.jalan.net/yad318558/kuchikomi/archive/2.HTML,archive_2,Jalan_archive_2_18,ja,2021/5/16,2021年5月宿泊,5,5,4,何時もながら快適でした！,季節プランの料理を１ランクUPした懐石コースを堪能 ／夕・朝 ともにお部屋食,123,yes,facility_wide,water_texture,,露天;風呂,무기질감/피부감/온천감 언급,positive,body_positive,high,issue_caution_calibration_needed
55,Jalan,https://www.jalan.net/yad318558/kuchikomi/archive/2.HTML,archive_2,Jalan_archive_2_19,ja,2021/4/7,2021年4月宿泊,4,4,5,夫の定年退職記念旅行,季節プランの中の最上級グルメ懐石コースを堪能 ／夕・朝 ともにお部屋食,279,yes,private_bath,private_bath_experience,,古い;貸し切り;風呂,대절/프라이빗탕 이용 경험 언급,positive,body_positive,high,issue_caution_calibration_needed
56,Jalan,https://www.jalan.net/yad318558/kuchikomi/archive/2.HTML,archive_2,Jalan_archive_2_20,ja,2021/3/8,2021年2月宿泊,5,5,5,日本の宿,【季節プラン　2/4～3/14】　おひな様プラン　／夕・朝 ともにお部屋食,151,yes,facility_wide,water_texture,temperature,お風呂;風呂;高め,무기질감/피부감/온천감 언급; 주의 신호: temperature,mixed,caution_or_issue_tag,high,issue_caution_calibration_needed
57,Jalan,https://www.jalan.net/yad318558/kuchikomi/archive/2.HTML,archive_2,Jalan_archive_2_21,ja,2021/2/10,2021年2月宿泊,5,5,5,癒しの宿でした,季節プランの中の最上級グルメ懐石コースを堪能 ／夕・朝 ともにお部屋食,184,yes,facility_wide,water_texture,,お風呂;泉質;風呂,무기질감/피부감/온천감 언급,positive,rating_positive_signal,medium,issue_caution_calibration_needed
58,Jalan,https://www.jalan.net/yad318558/kuchikomi/archive/2.HTML,archive_2,Jalan_archive_2_22,ja,2021/2/9,2021年1月宿泊,5,5,5,お風呂は貸し切り、そして部屋食,季節プランの中の最上級グルメ懐石コースを堪能 ／夕・朝 ともにお部屋食,170,yes,private_bath,private_bath_experience,,お風呂;貸し切り;風呂,대절/프라이빗탕 이용 경험 언급,positive,body_positive,high,issue_caution_calibration_needed
59,Jalan,https://www.jalan.net/yad318558/kuchikomi/archive/2.HTML,archive_2,Jalan_archive_2_23,ja,2021/1/22,2020年12月宿泊,4,4,4,いいお宿,【季節プラン　12/1～12/31】　千秋楽プラン　／夕・朝 ともにお部屋食,64,no,unclear,,,,온천 언급 없는 숙박 경험 리뷰.,neutral,neutral_or_lodging_context,medium,issue_caution_calibration_needed
60,Jalan,https://www.jalan.net/yad318558/kuchikomi/archive/2.HTML,archive_2,Jalan_archive_2_24,ja,2021/1/9,2020年12月宿泊,5,5,4,変わることのないクオリティ,【季節プラン　12/1～12/31】　千秋楽プラン　／夕・朝 ともにお部屋食,198,yes,facility_wide,water_texture,,風呂,무기질감/피부감/온천감 언급,positive,rating_positive_signal,medium,issue_caution_calibration_needed
61,Jalan,https://www.jalan.net/yad318558/kuchikomi/archive/2.HTML,archive_2,Jalan_archive_2_25,ja,2021/1/6,2020年12月宿泊,4,4,3,隠れ家的な大人の宿,季節プランの中の最上級グルメ懐石コースを堪能 ／夕・朝 ともにお部屋食,406,yes,private_bath,private_bath_experience;water_texture,stairs_access,温泉;湯;貸し切り;階段;風呂,대절/프라이빗탕 이용 경험 언급; 무기질감/피부감/온천감 언급; 주의 신호: stairs_access,mixed,caution_or_issue_tag,high,issue_caution_calibration_needed
62,Jalan,https://www.jalan.net/yad318558/kuchikomi/archive/2.HTML,archive_2,Jalan_archive_2_26,ja,2020/12/24,2020年12月宿泊,5,5,5,ゆっくりまったり旅行,本格懐石＆地元ブランド佐賀牛のステーキ（150ｇ）を存分に堪能するプラン　／夕・朝 ともにお部屋食,61,yes,facility_wide,water_texture,,お風呂;風呂,무기질감/피부감/온천감 언급,positive,body_positive,high,issue_caution_calibration_needed
63,Jalan,https://www.jalan.net/yad318558/kuchikomi/archive/2.HTML,archive_2,Jalan_archive_2_27,ja,2020/12/22,2020年11月宿泊,5,5,5,いつまでも,季節プランの中の最上級グルメ懐石コースを堪能 ／夕・朝 ともにお部屋食,149,yes,facility_wide,water_texture,,温泉;湯,무기질감/피부감/온천감 언급,positive,rating_positive_signal,medium,issue_caution_calibration_needed
64,Jalan,https://www.jalan.net/yad318558/kuchikomi/archive/2.HTML,archive_2,Jalan_archive_2_28,ja,2020/12/18,2020年12月宿泊,5,5,5,ゆっくり過ごすことができました,季節プランの中の最上級グルメ懐石コースを堪能 ／夕・朝 ともにお部屋食,131,yes,private_bath,private_bath_experience;water_texture,,温泉;貸し切り;風呂,대절/프라이빗탕 이용 경험 언급; 무기질감/피부감/온천감 언급,positive,body_positive,high,issue_caution_calibration_needed
65,Jalan,https://www.jalan.net/yad318558/kuchikomi/archive/2.HTML,archive_2,Jalan_archive_2_29,ja,2020/12/15,2020年11月宿泊,5,5,5,料理が最高,【季節プラン　11/1～11/30】紅葉狩りプラン／夕・朝 ともにお部屋食,81,no,unclear,,,,온천 언급 없는 숙박 경험 리뷰.,positive,body_positive,high,issue_caution_calibration_needed
66,Jalan,https://www.jalan.net/yad318558/kuchikomi/archive/2.HTML,archive_2,Jalan_archive_2_30,ja,2020/12/5,2020年12月宿泊,5,5,4,素晴らしいお料理でした,季節プランの料理を１ランクUPした懐石コースを堪能 ／夕・朝 ともにお部屋食,111,yes,private_bath,private_bath_experience;water_texture,,お風呂;家族湯;湯;風呂,대절/프라이빗탕 이용 경험 언급; 무기질감/피부감/온천감 언급,positive,body_positive,high,issue_caution_calibration_needed
67,Jalan,https://www.jalan.net/yad318558/kuchikomi/archive/3.HTML,archive_3,Jalan_archive_3_1,ja,2020/11/28,2020年11月宿泊,5,4,4,料理が最高,＊季節プランの料理を１ランクUPした懐石コースを堪能 ／夕・朝 ともにお部屋食,98,yes,private_bath,private_bath_experience,,お風呂;貸し切り;風呂,대절/프라이빗탕 이용 경험 언급,positive,body_positive,high,issue_caution_calibration_needed
68,Jalan,https://www.jalan.net/yad318558/kuchikomi/archive/3.HTML,archive_3,Jalan_archive_3_2,ja,2020/11/27,2020年11月宿泊,5,5,5,趣溢れる小さな伝統旅館,＊季節プランの料理を１ランクUPした懐石コースを堪能 ／夕・朝 ともにお部屋食,412,yes,private_bath,private_bath_experience;water_texture,,泉質;貸切;貸切風呂;風呂,대절/프라이빗탕 이용 경험 언급; 무기질감/피부감/온천감 언급,positive,body_positive,high,issue_caution_calibration_needed
69,Jalan,https://www.jalan.net/yad318558/kuchikomi/archive/3.HTML,archive_3,Jalan_archive_3_3,ja,2020/11/4,2020年10月宿泊,5,5,4,調理が絶品！,"【期間限定】早期予約がお得！選べる特典つきプラン　／夕・朝 ともにお部屋食 
 和洋室",240,yes,private_bath,booking_confusion;private_bath_experience,,貸切;貸切風呂;露天;風呂,대절/프라이빗탕 이용 경험 언급,mixed,conditional_signal_tag,medium,issue_caution_calibration_needed
70,Jalan,https://www.jalan.net/yad318558/kuchikomi/archive/3.HTML,archive_3,Jalan_archive_3_4,ja,2020/10/28,2020年10月宿泊,5,5,4,料理が素晴らしい宿,＊季節プランの料理を１ランクUPした懐石コースを堪能 ／夕・朝 ともにお部屋食,134,yes,private_bath,private_bath_experience,,貸切;貸切風呂;風呂,대절/프라이빗탕 이용 경험 언급,positive,body_positive,high,issue_caution_calibration_needed
71,Jalan,https://www.jalan.net/yad318558/kuchikomi/archive/3.HTML,archive_3,Jalan_archive_3_5,ja,2020/10/12,2020年10月宿泊,4,5,2,すばらしいお料理ともてなしの心,【季節プラン　9/1～10/31】お月見プラン／夕・朝 ともにお部屋食,195,yes,facility_wide,water_texture,,露天;風呂,무기질감/피부감/온천감 언급,positive,body_positive,high,issue_caution_calibration_needed
72,Jalan,https://www.jalan.net/yad318558/kuchikomi/archive/3.HTML,archive_3,Jalan_archive_3_6,ja,2020/10/9,2020年8月宿泊,5,5,5,真の旅館という感じです。,＊季節プランの料理を２ランクUPした懐石コースを堪能 ／夕・朝 ともにお部屋食,135,yes,private_bath,private_bath_experience;water_texture,,お風呂;温泉;貸し切り;風呂,대절/프라이빗탕 이용 경험 언급; 무기질감/피부감/온천감 언급,positive,body_positive,high,issue_caution_calibration_needed
73,Jalan,https://www.jalan.net/yad318558/kuchikomi/archive/3.HTML,archive_3,Jalan_archive_3_7,ja,2020/10/8,2020年9月宿泊,5,4,5,25年ぶり,＊季節プランの料理を１ランクUPした懐石コースを堪能 ／夕・朝 ともにお部屋食,207,yes,room_bath,room_bath_hot_spring;water_texture,temperature,お風呂;湯;露天;風呂,객실탕/객실 노천탕 맥락 언급; 무기질감/피부감/온천감 언급; 주의 신호: temperature,mixed,caution_or_issue_tag,high,issue_caution_calibration_needed
74,Jalan,https://www.jalan.net/yad318558/kuchikomi/archive/3.HTML,archive_3,Jalan_archive_3_8,ja,2020/10/5,2020年10月宿泊,5,5,5,さすがミシュランのお料理でした！,【季節プラン　9/1～10/31】お月見プラン／夕・朝 ともにお部屋食,84,yes,private_bath,private_bath_experience,,お風呂;貸切;貸切風呂;風呂,대절/프라이빗탕 이용 경험 언급,positive,body_positive,high,issue_caution_calibration_needed
75,Jalan,https://www.jalan.net/yad318558/kuchikomi/archive/3.HTML,archive_3,Jalan_archive_3_9,ja,2020/10/4,2020年9月宿泊,5,5,5,感無量です！,季節プランの中の最上級グルメ懐石コースを堪能 ／夕・朝 ともにお部屋食,227,yes,unclear,booking_confusion,,,온천/욕장 관련 표현 포함.,mixed,conditional_signal_tag,medium,issue_caution_calibration_needed
76,Jalan,https://www.jalan.net/yad318558/kuchikomi/archive/3.HTML,archive_3,Jalan_archive_3_10,ja,2020/10/2,2020年9月宿泊,5,4,4,会席・美味しく頂きました！,＊季節プランの料理を１ランクUPした懐石コースを堪能 ／夕・朝 ともにお部屋食,109,yes,facility_wide,booking_confusion;water_texture,,湯;貸切;露天;風呂,무기질감/피부감/온천감 언급,mixed,conditional_signal_tag,medium,issue_caution_calibration_needed
77,Jalan,https://www.jalan.net/yad318558/kuchikomi/archive/3.HTML,archive_3,Jalan_archive_3_11,ja,2020/9/23,2020年9月宿泊,5,4,5,秋の行楽,【季節プラン　9/1～10/31】お月見プラン／夕・朝 ともにお部屋食,102,no,unclear,,,,온천 언급 없는 숙박 경험 리뷰.,neutral,neutral_or_lodging_context,medium,issue_caution_calibration_needed
78,Jalan,https://www.jalan.net/yad318558/kuchikomi/archive/3.HTML,archive_3,Jalan_archive_3_12,ja,2020/9/23,2020年9月宿泊,4,4,3,料理が美味しい,本格懐石＆地元ブランド佐賀牛のステーキ（150ｇ）を存分に堪能するプラン　／夕・朝 ともにお部屋食,62,no,unclear,,,,온천 언급 없는 숙박 경험 리뷰.,neutral,neutral_or_lodging_context,medium,issue_caution_calibration_needed
79,Jalan,https://www.jalan.net/yad318558/kuchikomi/archive/3.HTML,archive_3,Jalan_archive_3_13,ja,2020/9/17,2020年9月宿泊,5,5,5,間違いのない宿,【季節プラン　9/1～10/31】お月見プラン／夕・朝 ともにお部屋食,87,no,unclear,,,,온천 언급 없는 숙박 경험 리뷰.,neutral,neutral_or_lodging_context,medium,issue_caution_calibration_needed
80,Jalan,https://www.jalan.net/yad318558/kuchikomi/archive/3.HTML,archive_3,Jalan_archive_3_14,ja,2020/8/1,2020年7月宿泊,5,3,4,すばらしいサービス,【気まま一人旅】～最上級懐石を味わい極上のひとときを～ ／夕・朝 ともにお部屋食,213,yes,facility_wide,water_texture,,お風呂;温泉;風呂,무기질감/피부감/온천감 언급,positive,body_positive,high,issue_caution_calibration_needed
81,Jalan,https://www.jalan.net/yad318558/kuchikomi/archive/3.HTML,archive_3,Jalan_archive_3_15,ja,2020/7/17,2020年7月宿泊,5,5,4,行ってみたかったお宿に泊まりに行きました,空室発生！★直前割プラン,141,yes,room_bath,room_bath_hot_spring,,お風呂;露天;風呂,객실탕/객실 노천탕 맥락 언급,positive,rating_positive_signal,medium,issue_caution_calibration_needed
82,Jalan,https://www.jalan.net/yad318558/kuchikomi/archive/3.HTML,archive_3,Jalan_archive_3_16,ja,2020/7/5,2020年6月宿泊,5,5,4,癒されました,季節プランの料理を１ランクUPした懐石コースを堪能 ／夕・朝 ともにお部屋食,136,no,unclear,,,,온천 언급 없는 숙박 경험 리뷰.,positive,body_positive,high,issue_caution_calibration_needed
83,Jalan,https://www.jalan.net/yad318558/kuchikomi/archive/3.HTML,archive_3,Jalan_archive_3_17,ja,2020/6/9,2020年4月宿泊,4,4,4,やはり料理が美味かった！,"揚げたて☆季節の天麩羅をメインにした贅沢懐石プラン　／夕・朝 ともにお部屋食 
 和洋室",164,no,unclear,,,,온천 언급 없는 숙박 경험 리뷰.,neutral,neutral_or_lodging_context,medium,issue_caution_calibration_needed
84,Jalan,https://www.jalan.net/yad318558/kuchikomi/archive/3.HTML,archive_3,Jalan_archive_3_18,ja,2020/6/4,2020年4月宿泊,5,4,4,いつ行っても料理が美味しい,季節プランの料理を１ランクUPした懐石コースを堪能 ／夕・朝 ともにお部屋食,267,yes,facility_wide,water_texture,,お風呂;風呂,무기질감/피부감/온천감 언급,positive,rating_positive_signal,medium,issue_caution_calibration_needed
85,Jalan,https://www.jalan.net/yad318558/kuchikomi/archive/3.HTML,archive_3,Jalan_archive_3_19,ja,2020/5/25,2020年5月宿泊,5,4,5,安心して泊まれました,空室発生！★直前割プラン,185,yes,private_bath,private_bath_experience;water_texture,,温泉;湯;貸し切り;風呂,대절/프라이빗탕 이용 경험 언급; 무기질감/피부감/온천감 언급,positive,body_positive,high,issue_caution_calibration_needed
86,Jalan,https://www.jalan.net/yad318558/kuchikomi/archive/3.HTML,archive_3,Jalan_archive_3_20,ja,2020/4/19,2020年4月宿泊,5,5,5,安心して過ごせました,季節プランの料理を１ランクUPした懐石コースを堪能 ／夕・朝 ともにお部屋食,367,yes,room_bath,room_bath_hot_spring,room_coldness,お風呂;冷;露天;風呂,객실탕/객실 노천탕 맥락 언급; 주의 신호: room_coldness,mixed,body_negative_with_context,high,issue_caution_calibration_needed
87,Jalan,https://www.jalan.net/yad318558/kuchikomi/archive/3.HTML,archive_3,Jalan_archive_3_21,ja,2020/3/9,2020年3月宿泊,5,4,5,美味しい料理とお酒で,季節プランの料理を１ランクUPした懐石コースを堪能 ／夕・朝 ともにお部屋食,274,yes,private_bath,booking_confusion;private_bath_experience,,お風呂;貸し切り;風呂,대절/프라이빗탕 이용 경험 언급,mixed,conditional_signal_tag,medium,issue_caution_calibration_needed
88,Jalan,https://www.jalan.net/yad318558/kuchikomi/archive/3.HTML,archive_3,Jalan_archive_3_22,ja,2020/1/12,2020年1月宿泊,5,5,5,贅沢なお宿,季節プランの料理を２ランクUPした懐石コースを堪能 ／夕・朝 ともにお部屋食,138,no,unclear,,,,온천 언급 없는 숙박 경험 리뷰.,positive,body_positive,high,issue_caution_calibration_needed
89,Jalan,https://www.jalan.net/yad318558/kuchikomi/archive/3.HTML,archive_3,Jalan_archive_3_23,ja,2019/8/27,2019年7月宿泊,4,4,3,料理は最高！,空室発生！★直前割プラン,144,yes,facility_wide,booking_confusion;water_texture,,湯;露天;風呂,무기질감/피부감/온천감 언급,mixed,conditional_signal_tag,medium,issue_caution_calibration_needed
90,Jalan,https://www.jalan.net/yad318558/kuchikomi/archive/3.HTML,archive_3,Jalan_archive_3_24,ja,2019/8/17,2019年8月宿泊,5,5,5,贅沢させて頂きました,"【最長２３時間の滞在】　夕食は最上級懐石でゆっくりくつろぎプラン≪平日限定≫ ／夕・朝 ともにお部屋食 
 和洋室",151,no,unclear,,,,온천 언급 없는 숙박 경험 리뷰.,positive,body_positive,high,issue_caution_calibration_needed
91,Jalan,https://www.jalan.net/yad318558/kuchikomi/archive/3.HTML,archive_3,Jalan_archive_3_25,ja,2019/7/25,2019年7月宿泊,5,5,5,良かったです,【気まま一人旅】～季節プランの料理を１ランクUPした懐石を味わう～ ／夕・朝 ともにお部屋食,300,yes,facility_wide,water_texture,temperature,お風呂;温泉;湯;露天;風呂,무기질감/피부감/온천감 언급; 주의 신호: temperature,mixed,caution_or_issue_tag,high,issue_caution_calibration_needed
92,Jalan,https://www.jalan.net/yad318558/kuchikomi/archive/3.HTML,archive_3,Jalan_archive_3_26,ja,2019/7/8,2019年6月宿泊,5,5,5,癒しを求めて,季節プランの中の最上級グルメ懐石コースを堪能 ／夕・朝 ともにお部屋食,96,no,unclear,,,,온천 언급 없는 숙박 경험 리뷰.,neutral,neutral_or_lodging_context,medium,issue_caution_calibration_needed
93,Jalan,https://www.jalan.net/yad318558/kuchikomi/archive/3.HTML,archive_3,Jalan_archive_3_27,ja,2019/7/7,2019年7月宿泊,5,4,5,いつも幸福感に浸らせてもらえます,季節プランの中の最上級グルメ懐石コースを堪能 ／夕・朝 ともにお部屋食,407,yes,facility_wide,booking_confusion;water_texture,stairs_access,温泉;階段,무기질감/피부감/온천감 언급; 주의 신호: stairs_access,mixed,caution_or_issue_tag,high,issue_caution_calibration_needed
94,Jalan,https://www.jalan.net/yad318558/kuchikomi/archive/3.HTML,archive_3,Jalan_archive_3_28,ja,2019/6/24,2019年6月宿泊,4,3,4,ゆっくりした時間が過ごせます,季節プランの料理を２ランクUPした懐石コースを堪能 ／夕・朝 ともにお部屋食,184,yes,facility_wide,water_texture,,お風呂;風呂,무기질감/피부감/온천감 언급,positive,body_positive,high,issue_caution_calibration_needed
95,Jalan,https://www.jalan.net/yad318558/kuchikomi/archive/3.HTML,archive_3,Jalan_archive_3_29,ja,2019/5/30,2019年5月宿泊,5,4,4,初めての武雄温泉,【季節プラン　５月～】風流！蛍雨の紫陽花♪初夏の懐石プラン　／夕・朝 ともにお部屋食,277,yes,facility_wide,water_texture,,お風呂;温泉;風呂,무기질감/피부감/온천감 언급,positive,rating_positive_signal,medium,issue_caution_calibration_needed
96,Jalan,https://www.jalan.net/yad318558/kuchikomi/archive/3.HTML,archive_3,Jalan_archive_3_30,ja,2019/5/26,2019年4月宿泊,4,3,4,癒しの旅,揚げたて☆季節の天麩羅をメインにした贅沢懐石プラン　／夕・朝 ともにお部屋食,140,no,unclear,,,,온천 언급 없는 숙박 경험 리뷰.,neutral,neutral_or_lodging_context,medium,issue_caution_calibration_needed
97,Jalan,https://www.jalan.net/yad318558/kuchikomi/archive/4.HTML,archive_4,Jalan_archive_4_1,ja,2019/5/15,2019年5月宿泊,5,5,5,深く感謝,季節プランの料理を２ランクUPした懐石コースを堪能 ／夕・朝 ともにお部屋食,276,no,unclear,,,,온천 언급 없는 숙박 경험 리뷰.,neutral,neutral_or_lodging_context,medium,issue_caution_calibration_needed
98,Jalan,https://www.jalan.net/yad318558/kuchikomi/archive/4.HTML,archive_4,Jalan_archive_4_2,ja,2019/5/5,2019年5月宿泊,4,4,4,お料理が最高！,季節プランの中の最上級グルメ懐石コースを堪能 ／夕・朝 ともにお部屋食,168,yes,facility_wide,water_texture,,お風呂;湯;風呂,무기질감/피부감/온천감 언급,positive,body_positive,high,issue_caution_calibration_needed
99,Jalan,https://www.jalan.net/yad318558/kuchikomi/archive/4.HTML,archive_4,Jalan_archive_4_3,ja,2019/4/19,2019年4月宿泊,5,4,5,お料理最高！お部屋も素敵！,【季節プラン　３月～】　優美！咲き誇る桜・つつじと♪華やぎ懐石　／夕・朝 ともにお部屋食,129,no,unclear,,,,온천 언급 없는 숙박 경험 리뷰.,positive,body_positive,high,issue_caution_calibration_needed
100,Jalan,https://www.jalan.net/yad318558/kuchikomi/archive/4.HTML,archive_4,Jalan_archive_4_4,ja,2019/4/14,2019年3月宿泊,5,5,5,扇屋さん礼讃,季節プランの料理を２ランクUPした懐石コースを堪能 ／夕・朝 ともにお部屋食,158,yes,facility_wide,water_texture,,温泉,무기질감/피부감/온천감 언급,positive,rating_positive_signal,medium,issue_caution_calibration_needed
101,Jalan,https://www.jalan.net/yad318558/kuchikomi/archive/4.HTML,archive_4,Jalan_archive_4_5,ja,2019/3/16,2019年3月宿泊,5,5,5,隠れ家にするのが夢です,季節プランの料理を１ランクUPした懐石コースを堪能 ／夕・朝 ともにお部屋食,279,yes,facility_wide,water_texture,,温泉,무기질감/피부감/온천감 언급,positive,rating_positive_signal,medium,issue_caution_calibration_needed
102,Jalan,https://www.jalan.net/yad318558/kuchikomi/archive/4.HTML,archive_4,Jalan_archive_4_6,ja,2019/2/6,2019年2月宿泊,5,4,5,3回目ステキな宿,季節プランの料理を１ランクUPした懐石コースを堪能 ／夕・朝 ともにお部屋食,162,yes,unclear,,stairs_access,階段,주의 신호: stairs_access,mixed,caution_or_issue_tag,high,issue_caution_calibration_needed
103,Jalan,https://www.jalan.net/yad318558/kuchikomi/archive/4.HTML,archive_4,Jalan_archive_4_7,ja,2019/1/30,2019年1月宿泊,4,3,4,おとな旅ににおススメ,季節プランの中の最上級グルメ懐石コースを堪能 ／夕・朝 ともにお部屋食,228,yes,facility_wide,water_texture,,古い;温泉;湯,무기질감/피부감/온천감 언급,positive,positive_signal_no_caution,medium,issue_caution_calibration_needed
104,Jalan,https://www.jalan.net/yad318558/kuchikomi/archive/4.HTML,archive_4,Jalan_archive_4_8,ja,2019/1/29,2019年1月宿泊,5,5,5,心が豊かになるお宿,季節プランの料理を１ランクUPした懐石コースを堪能 ／夕・朝 ともにお部屋食,459,yes,private_bath,private_bath_experience;water_texture,,お風呂;温泉;貸し切り;風呂,대절/프라이빗탕 이용 경험 언급; 무기질감/피부감/온천감 언급,positive,body_positive,high,issue_caution_calibration_needed
105,Jalan,https://www.jalan.net/yad318558/kuchikomi/archive/4.HTML,archive_4,Jalan_archive_4_9,ja,2018/12/29,2018年12月宿泊,5,4,4,とても心地よく過ごすことができました。,季節プランの料理を２ランクUPした懐石コースを堪能 ／夕・朝 ともにお部屋食,413,yes,facility_wide,water_texture,,温泉,무기질감/피부감/온천감 언급,positive,rating_positive_signal,medium,issue_caution_calibration_needed
106,Jalan,https://www.jalan.net/yad318558/kuchikomi/archive/4.HTML,archive_4,Jalan_archive_4_10,ja,2018/12/19,2018年12月宿泊,5,4,5,寛ぎました。,季節プランの料理を１ランクUPした懐石コースを堪能 ／夕・朝 ともにお部屋食,500,no,unclear,,,,온천 언급 없는 숙박 경험 리뷰.,neutral,neutral_or_lodging_context,medium,issue_caution_calibration_needed
107,Jalan,https://www.jalan.net/yad318558/kuchikomi/archive/4.HTML,archive_4,Jalan_archive_4_11,ja,2018/11/30,2018年11月宿泊,5,4,5,素晴らしい,季節プランの料理を１ランクUPした懐石コースを堪能 ／夕・朝 ともにお部屋食,105,no,unclear,,,,온천 언급 없는 숙박 경험 리뷰.,positive,body_positive,high,issue_caution_calibration_needed
108,Jalan,https://www.jalan.net/yad318558/kuchikomi/archive/4.HTML,archive_4,Jalan_archive_4_12,ja,2018/11/25,2018年11月宿泊,5,4,4,美味しい食事と細やかな心遣いに満足,季節プランの料理を１ランクUPした懐石コースを堪能 ／夕・朝 ともにお部屋食,167,yes,private_bath;room_bath,private_bath_experience;room_bath_hot_spring,,お風呂;貸切;貸切風呂;風呂,대절/프라이빗탕 이용 경험 언급; 객실탕/객실 노천탕 맥락 언급,positive,body_positive,high,issue_caution_calibration_needed
109,Jalan,https://www.jalan.net/yad318558/kuchikomi/archive/4.HTML,archive_4,Jalan_archive_4_13,ja,2018/11/24,2018年11月宿泊,5,5,5,紅葉狩りの献立と温泉に大満足,季節プランの料理を２ランクUPした懐石コースを堪能 ／夕・朝 ともにお部屋食,243,yes,facility_wide,water_texture,,温泉,무기질감/피부감/온천감 언급,positive,body_positive,high,issue_caution_calibration_needed
110,Jalan,https://www.jalan.net/yad318558/kuchikomi/archive/4.HTML,archive_4,Jalan_archive_4_14,ja,2018/11/22,2018年11月宿泊,5,3,5,素敵な笑顔と気遣い,【気まま一人旅】～季節プランの料理を１ランクUPした懐石を味わう～ ／夕・朝 ともにお部屋食,196,no,unclear,,,,온천 언급 없는 숙박 경험 리뷰.,neutral,neutral_or_lodging_context,medium,issue_caution_calibration_needed
111,Jalan,https://www.jalan.net/yad318558/kuchikomi/archive/4.HTML,archive_4,Jalan_archive_4_15,ja,2018/10/24,2018年9月宿泊,5,5,5,オール5,空室発生！★直前割プラン,273,yes,facility_wide,booking_confusion,room_coldness,お風呂;冷;古い;風呂,주의 신호: room_coldness,mixed,body_negative_with_context,high,issue_caution_calibration_needed
112,Jalan,https://www.jalan.net/yad318558/kuchikomi/archive/4.HTML,archive_4,Jalan_archive_4_16,ja,2018/10/24,2018年10月宿泊,4,5,4,温泉ひとり旅,【気まま一人旅】～最上級懐石を味わい極上のひとときを～ ／夕・朝 ともにお部屋食,618,yes,public_bath;room_bath,booking_confusion;public_bath_hot_spring;room_bath_hot_spring;water_texture,,お風呂;大浴場;温泉;露天;風呂,객실탕/객실 노천탕 맥락 언급; 대욕장 유무 또는 대욕장 맥락 언급; 무기질감/피부감/온천감 언급,mixed,conditional_signal_tag,medium,issue_caution_calibration_needed
113,Jalan,https://www.jalan.net/yad318558/kuchikomi/archive/4.HTML,archive_4,Jalan_archive_4_17,ja,2018/10/17,2018年10月宿泊,5,5,5,とっても安らげました,【気まま一人旅】～最上級懐石を味わい極上のひとときを～ ／夕・朝 ともにお部屋食,269,yes,facility_wide,water_texture,,お風呂;温泉;風呂,무기질감/피부감/온천감 언급,positive,rating_positive_signal,medium,issue_caution_calibration_needed
114,Jalan,https://www.jalan.net/yad318558/kuchikomi/archive/4.HTML,archive_4,Jalan_archive_4_18,ja,2018/10/8,2018年9月宿泊,5,4,5,とにかくお料理が綺麗でした,季節プランの料理を２ランクUPした懐石コースを堪能 ／夕・朝 ともにお部屋食,390,yes,facility_wide,water_texture,,お風呂;温泉;風呂,무기질감/피부감/온천감 언급,positive,rating_positive_signal,medium,issue_caution_calibration_needed
115,Jalan,https://www.jalan.net/yad318558/kuchikomi/archive/4.HTML,archive_4,Jalan_archive_4_19,ja,2018/9/1,2018年8月宿泊,5,5,5,さすが!の宿,【気まま一人旅】～季節プランの料理を１ランクUPした懐石を味わう～ ／夕・朝 ともにお部屋食,412,yes,private_bath;public_bath,private_bath_experience;public_bath_hot_spring,stairs_access,お風呂;大浴場;貸切;貸切風呂;階段;露天;風呂,대절/프라이빗탕 이용 경험 언급; 대욕장 유무 또는 대욕장 맥락 언급; 주의 신호: stairs_access,mixed,caution_or_issue_tag,high,issue_caution_calibration_needed
116,Jalan,https://www.jalan.net/yad318558/kuchikomi/archive/4.HTML,archive_4,Jalan_archive_4_20,ja,2018/8/25,2018年8月宿泊,5,5,5,上質なお宿,【季節プラン　７月～】玲涼！風鈴に団扇♪　～夏のもてなしと涼味満点の懐石～　／夕・朝 ともにお部屋食,298,yes,facility_wide,water_texture,room_coldness,お風呂;冷;湯;貸切;風呂,무기질감/피부감/온천감 언급; 주의 신호: room_coldness,mixed,body_negative_with_context,high,issue_caution_calibration_needed
117,Jalan,https://www.jalan.net/yad318558/kuchikomi/archive/4.HTML,archive_4,Jalan_archive_4_21,ja,2018/6/18,2018年6月宿泊,5,5,5,癒されます,【気まま一人旅】～季節プランの料理を１ランクUPした懐石を味わう～ ／夕・朝 ともにお部屋食,287,yes,facility_wide,booking_confusion;water_texture,,古い;温泉,무기질감/피부감/온천감 언급,mixed,conditional_signal_tag,medium,issue_caution_calibration_needed
118,Jalan,https://www.jalan.net/yad318558/kuchikomi/archive/4.HTML,archive_4,Jalan_archive_4_22,ja,2018/6/1,2018年5月宿泊,5,5,5,絶品のお食事を堪能し、満足度の高い宿,空室発生！★直前割プラン,657,yes,facility_wide,chlorine_smell;water_texture,chlorine;stairs_access,塩素;温泉;階段,"무기질감/피부감/온천감 언급; 주의 신호: chlorine,stairs_access",negative,negative_signal_tag,high,issue_caution_calibration_needed
119,Jalan,https://www.jalan.net/yad318558/kuchikomi/archive/4.HTML,archive_4,Jalan_archive_4_23,ja,2018/6/1,2018年5月宿泊,5,5,5,料理がおいしい,【季節プラン　５月～】風流！蛍雨の紫陽花♪初夏の懐石プラン　／夕・朝 ともにお部屋食,139,no,unclear,,,,온천 언급 없는 숙박 경험 리뷰.,neutral,neutral_or_lodging_context,medium,issue_caution_calibration_needed
120,Jalan,https://www.jalan.net/yad318558/kuchikomi/archive/4.HTML,archive_4,Jalan_archive_4_24,ja,2018/5/31,2018年5月宿泊,5,5,4,全体的にほぼ満足,【気まま一人旅】～最上級懐石を味わい極上のひとときを～ ／夕・朝 ともにお部屋食,251,yes,private_bath,private_bath_experience,,貸し切り;露天;風呂,대절/프라이빗탕 이용 경험 언급,positive,body_positive,high,issue_caution_calibration_needed
121,Jalan,https://www.jalan.net/yad318558/kuchikomi/archive/4.HTML,archive_4,Jalan_archive_4_25,ja,2018/5/29,2018年5月宿泊,4,3,4,料理がおいしい,季節プランの料理を１ランクUPした懐石コースを堪能 ／夕・朝 ともにお部屋食,187,no,unclear,,stairs_access,,온천 언급 없는 숙박 경험 리뷰.,mixed,caution_or_issue_tag,high,issue_caution_calibration_needed
122,Jalan,https://www.jalan.net/yad318558/kuchikomi/archive/4.HTML,archive_4,Jalan_archive_4_26,ja,2018/5/20,2018年5月宿泊,5,4,5,ありがとうございました,季節プランの料理を２ランクUPした懐石コースを堪能 ／夕・朝 ともにお部屋食,255,yes,unclear,,,古い,온천/욕장 관련 표현 포함.,neutral,neutral_or_lodging_context,medium,issue_caution_calibration_needed
123,Jalan,https://www.jalan.net/yad318558/kuchikomi/archive/4.HTML,archive_4,Jalan_archive_4_27,ja,2018/4/24,2018年4月宿泊,5,4,4,美食の方におすすめ,【季節プラン　３月～】　優美！咲き誇る桜・つつじと♪華やぎ懐石　／夕・朝 ともにお部屋食,104,no,unclear,,,,온천 언급 없는 숙박 경험 리뷰.,neutral,neutral_or_lodging_context,medium,issue_caution_calibration_needed
124,Jalan,https://www.jalan.net/yad318558/kuchikomi/archive/4.HTML,archive_4,Jalan_archive_4_28,ja,2018/4/3,2018年4月宿泊,5,4,5,さすがのお料理！！,【気まま一人旅】～季節プランの料理を１ランクUPした懐石を味わう～ ／夕・朝 ともにお部屋食,436,yes,room_bath,booking_confusion;room_bath_hot_spring,,お風呂;風呂,객실탕/객실 노천탕 맥락 언급,mixed,conditional_signal_tag,medium,issue_caution_calibration_needed
125,Jalan,https://www.jalan.net/yad318558/kuchikomi/archive/4.HTML,archive_4,Jalan_archive_4_29,ja,2018/3/31,2018年3月宿泊,5,5,5,桜満開、至高の花見の献立,季節プランの料理を２ランクUPした懐石コースを堪能 ／夕・朝 ともにお部屋食,185,no,unclear,,,,온천 언급 없는 숙박 경험 리뷰.,neutral,neutral_or_lodging_context,medium,issue_caution_calibration_needed
126,Jalan,https://www.jalan.net/yad318558/kuchikomi/archive/4.HTML,archive_4,Jalan_archive_4_30,ja,2018/2/28,2018年1月宿泊,5,4,4,おもてなしのお手本,空室発生！★直前割プラン,532,yes,unclear,booking_confusion,,,온천/욕장 관련 표현 포함.,mixed,conditional_signal_tag,medium,issue_caution_calibration_needed
127,Jalan,https://www.jalan.net/yad318558/kuchikomi/archive/5.HTML,archive_5,Jalan_archive_5_1,ja,2018/2/3,2018年2月宿泊,4,1,2,ビックリ,【季節プラン　１２月～】　白霜！寒椿と湯けむり　～冬彩を愛でる懐石プラン～／夕・朝 ともにお部屋食,263,yes,facility_wide,water_texture,stairs_access,お風呂;古い;湯;階段;風呂,무기질감/피부감/온천감 언급; 주의 신호: stairs_access,mixed,caution_or_issue_tag,high,issue_caution_calibration_needed
128,Jalan,https://www.jalan.net/yad318558/kuchikomi/archive/5.HTML,archive_5,Jalan_archive_5_2,ja,2018/1/15,2018年1月宿泊,5,5,5,100パーセント素晴らしいお宿です。,"【最長２３時間の滞在】　夕食は最上級懐石でゆっくりくつろぎプラン≪平日限定≫ ／夕・朝 ともにお部屋食 
 和洋室",145,yes,private_bath,private_bath_experience,,お風呂;肌;貸し切り;風呂,대절/프라이빗탕 이용 경험 언급,positive,body_positive,high,issue_caution_calibration_needed
129,Jalan,https://www.jalan.net/yad318558/kuchikomi/archive/5.HTML,archive_5,Jalan_archive_5_3,ja,2017/12/21,2017年11月宿泊,5,4,3,Exquisite cuisine,【期間限定】早期予約がお得！選べる特典つきプラン　／夕・朝 ともにお部屋食,407,yes,private_bath,booking_confusion;private_bath_experience,,bath;onsen;private,대절/프라이빗탕 이용 경험 언급,mixed,conditional_signal_tag,medium,issue_caution_calibration_needed
130,Jalan,https://www.jalan.net/yad318558/kuchikomi/archive/5.HTML,archive_5,Jalan_archive_5_4,ja,2017/12/8,2017年11月宿泊,5,5,5,パーフェクトなお宿,季節プランの料理を２ランクUPした懐石コースを堪能 ／夕・朝 ともにお部屋食,202,no,unclear,,,,온천 언급 없는 숙박 경험 리뷰.,neutral,neutral_or_lodging_context,medium,issue_caution_calibration_needed
131,Jalan,https://www.jalan.net/yad318558/kuchikomi/archive/5.HTML,archive_5,Jalan_archive_5_5,ja,2017/12/5,2017年12月宿泊,5,4,4,期待の料理,【季節プラン　１２月～】　白霜！寒椿と湯けむり　～冬彩を愛でる懐石プラン～／夕・朝 ともにお部屋食,114,yes,facility_wide,water_texture,,古い;湯,무기질감/피부감/온천감 언급,positive,rating_positive_signal,medium,issue_caution_calibration_needed
132,Jalan,https://www.jalan.net/yad318558/kuchikomi/archive/5.HTML,archive_5,Jalan_archive_5_6,ja,2017/11/12,2017年11月宿泊,5,4,5,接客と料理が最高,季節プランの料理を２ランクUPした懐石コースを堪能 ／夕・朝 ともにお部屋食,205,yes,facility_wide,water_texture,,お風呂;風呂,무기질감/피부감/온천감 언급,positive,body_positive,high,issue_caution_calibration_needed
133,Jalan,https://www.jalan.net/yad318558/kuchikomi/archive/5.HTML,archive_5,Jalan_archive_5_7,ja,2017/10/24,2017年10月宿泊,5,5,5,おもてなしが最高で清潔で部屋食がさいこう！,【季節プラン　９月～】　爽風！月夜と鈴虫の音　～初秋を愛でる懐石プラン～　／夕・朝 ともにお部屋食,112,yes,private_bath,private_bath_experience,temperature,古い;貸切;貸切風呂;風呂,대절/프라이빗탕 이용 경험 언급; 주의 신호: temperature,mixed,caution_or_issue_tag,high,issue_caution_calibration_needed
134,Jalan,https://www.jalan.net/yad318558/kuchikomi/archive/5.HTML,archive_5,Jalan_archive_5_8,ja,2017/10/13,2017年10月宿泊,5,3,4,感じの良い旅館でした。,季節プランの中の最上級グルメ懐石コースを堪能 ／夕・朝 ともにお部屋食,168,yes,facility_wide,water_texture,,古い;露天;風呂,무기질감/피부감/온천감 언급,positive,positive_signal_no_caution,medium,issue_caution_calibration_needed
135,Jalan,https://www.jalan.net/yad318558/kuchikomi/archive/5.HTML,archive_5,Jalan_archive_5_9,ja,2017/9/27,2017年9月宿泊,5,4,5,安らぎと寛ぎの宿,季節プランの料理を１ランクUPした懐石コースを堪能 ／夕・朝 ともにお部屋食,284,yes,unclear,booking_confusion,,,온천/욕장 관련 표현 포함.,mixed,conditional_signal_tag,medium,issue_caution_calibration_needed
136,Jalan,https://www.jalan.net/yad318558/kuchikomi/archive/5.HTML,archive_5,Jalan_archive_5_10,ja,2017/8/25,2017年8月宿泊,5,5,5,最高の旅館,季節プランの料理を１ランクUPした懐石コースを堪能 ／夕・朝 ともにお部屋食,277,no,unclear,,,,온천 언급 없는 숙박 경험 리뷰.,positive,body_positive,high,issue_caution_calibration_needed
137,Jalan,https://www.jalan.net/yad318558/kuchikomi/archive/5.HTML,archive_5,Jalan_archive_5_11,ja,2017/8/22,2017年8月宿泊,5,5,5,料理がとても美味しかったです,季節プランの料理を１ランクUPした懐石コースを堪能 ／夕・朝 ともにお部屋食,661,yes,facility_wide,water_texture,,お風呂;風呂,무기질감/피부감/온천감 언급,positive,rating_positive_signal,medium,issue_caution_calibration_needed
138,Jalan,https://www.jalan.net/yad318558/kuchikomi/archive/5.HTML,archive_5,Jalan_archive_5_12,ja,2017/8/22,2017年8月宿泊,5,5,5,ゆっくり過ごしたい和のオーベルジュ,【季節プラン　７月～】玲涼！風鈴に団扇♪　～夏のもてなしと涼味満点の懐石～　／夕・朝 ともにお部屋食,697,yes,facility_wide,booking_confusion,stairs_access,お風呂;階段;露天;風呂,주의 신호: stairs_access,mixed,caution_or_issue_tag,high,issue_caution_calibration_needed
139,Jalan,https://www.jalan.net/yad318558/kuchikomi/archive/5.HTML,archive_5,Jalan_archive_5_13,ja,2017/8/20,2017年8月宿泊,5,5,5,伝統を感じる宿でした,季節プランの中の最上級グルメ懐石コースを堪能 ／夕・朝 ともにお部屋食,216,yes,facility_wide,water_texture,,お風呂;古い;温泉;風呂,무기질감/피부감/온천감 언급,positive,rating_positive_signal,medium,issue_caution_calibration_needed
140,Jalan,https://www.jalan.net/yad318558/kuchikomi/archive/5.HTML,archive_5,Jalan_archive_5_14,ja,2017/8/20,2017年8月宿泊,4,3,4,ゆっくりくつろぎ空間,季節プランの中の最上級グルメ懐石コースを堪能 ／夕・朝 ともにお部屋食,350,yes,facility_wide,water_texture,room_coldness,お風呂;冷;露天;風呂,무기질감/피부감/온천감 언급; 주의 신호: room_coldness,mixed,body_positive_and_negative,high,issue_caution_calibration_needed
141,Jalan,https://www.jalan.net/yad318558/kuchikomi/archive/5.HTML,archive_5,Jalan_archive_5_15,ja,2017/7/30,2017年7月宿泊,5,4,4,記念旅行にうってつけ！満足間違いなし♪,【期間限定】早期予約がお得！選べる特典つきプラン　／夕・朝 ともにお部屋食,696,yes,public_bath,booking_confusion;public_bath_hot_spring;water_texture,room_coldness,冷;大浴場;温泉;肌,대욕장 유무 또는 대욕장 맥락 언급; 무기질감/피부감/온천감 언급; 주의 신호: room_coldness,mixed,body_positive_and_negative,high,issue_caution_calibration_needed
142,Jalan,https://www.jalan.net/yad318558/kuchikomi/archive/5.HTML,archive_5,Jalan_archive_5_16,ja,2017/7/14,2017年7月宿泊,5,5,4,期待を裏切らないお宿,空室発生！★直前割プラン,232,yes,facility_wide,water_texture,,お風呂;風呂,무기질감/피부감/온천감 언급,positive,rating_positive_signal,medium,issue_caution_calibration_needed
143,Jalan,https://www.jalan.net/yad318558/kuchikomi/archive/5.HTML,archive_5,Jalan_archive_5_17,ja,2017/6/1,2017年5月宿泊,5,4,4,大満足の宿でした！,季節プランの料理を１ランクUPした懐石コースを堪能 ／夕・朝 ともにお部屋食,528,no,unclear,,,,온천 언급 없는 숙박 경험 리뷰.,positive,body_positive,high,issue_caution_calibration_needed
144,Jalan,https://www.jalan.net/yad318558/kuchikomi/archive/5.HTML,archive_5,Jalan_archive_5_18,ja,2017/5/3,2017年4月宿泊,5,5,5,本当に有難う御座いました。,季節プランの料理を１ランクUPした懐石コースを堪能 ／夕・朝 ともにお部屋食,264,yes,facility_wide,water_texture,,風呂,무기질감/피부감/온천감 언급,positive,rating_positive_signal,medium,issue_caution_calibration_needed
145,Jalan,https://www.jalan.net/yad318558/kuchikomi/archive/5.HTML,archive_5,Jalan_archive_5_19,ja,2017/4/22,2017年4月宿泊,5,4,4,料理がおいしい,【最長２３時間の滞在】　夕食は最上級懐石でゆっくりくつろぎプラン≪平日限定≫ ／夕・朝 ともにお部屋食,140,yes,private_bath;room_bath,private_bath_experience;room_bath_hot_spring;water_texture,temperature,お風呂;温泉;貸し切り;風呂,대절/프라이빗탕 이용 경험 언급; 객실탕/객실 노천탕 맥락 언급; 무기질감/피부감/온천감 언급; 주의 신호: temperature,mixed,caution_or_issue_tag,high,issue_caution_calibration_needed
146,Jalan,https://www.jalan.net/yad318558/kuchikomi/archive/5.HTML,archive_5,Jalan_archive_5_20,ja,2017/4/22,2017年4月宿泊,5,5,5,風流な美味しい宿,空室発生！★直前割プラン,235,yes,facility_wide,water_texture,,温泉;露天;風呂,무기질감/피부감/온천감 언급,positive,rating_positive_signal,medium,issue_caution_calibration_needed
147,Jalan,https://www.jalan.net/yad318558/kuchikomi/archive/5.HTML,archive_5,Jalan_archive_5_21,ja,2017/4/12,2017年3月宿泊,5,4,5,たいへん満足,季節プランの料理を１ランクUPした懐石コースを堪能 ／夕・朝 ともにお部屋食,135,no,unclear,,,,온천 언급 없는 숙박 경험 리뷰.,positive,body_positive,high,issue_caution_calibration_needed
148,Jalan,https://www.jalan.net/yad318558/kuchikomi/archive/5.HTML,archive_5,Jalan_archive_5_22,ja,2017/2/22,2017年2月宿泊,5,4,5,お世話になりました,【九州ありがとうキャンペーン】季節プランの料理を１ランクUPした懐石コースを堪能・部屋食／特典付,504,yes,facility_wide,water_texture,,風呂,무기질감/피부감/온천감 언급,positive,rating_positive_signal,medium,issue_caution_calibration_needed
149,Jalan,https://www.jalan.net/yad318558/kuchikomi/archive/5.HTML,archive_5,Jalan_archive_5_23,ja,2016/10/27,2016年10月宿泊,5,4,5,お世話になりました,季節プランの料理を１ランクUPした懐石コースを堪能,279,no,unclear,,,,온천 언급 없는 숙박 경험 리뷰.,neutral,neutral_or_lodging_context,medium,issue_caution_calibration_needed
150,Jalan,https://www.jalan.net/yad318558/kuchikomi/archive/5.HTML,archive_5,Jalan_archive_5_24,ja,2016/10/9,2016年10月宿泊,5,5,5,お料理最高！！,季節プランの料理を１ランクUPした懐石コースを堪能,140,no,unclear,,,,온천 언급 없는 숙박 경험 리뷰.,positive,body_positive,high,issue_caution_calibration_needed
151,Jalan,https://www.jalan.net/yad318558/kuchikomi/archive/5.HTML,archive_5,Jalan_archive_5_25,ja,2016/9/27,2016年8月宿泊,4,3,3,美味しい日本料理に大満足,わけあり★急に空室が発生しました！★直前割プラン,70,yes,facility_wide,water_texture,stairs_access,お風呂;階段;風呂,무기질감/피부감/온천감 언급; 주의 신호: stairs_access,mixed,caution_or_issue_tag,high,issue_caution_calibration_needed
152,Jalan,https://www.jalan.net/yad318558/kuchikomi/archive/5.HTML,archive_5,Jalan_archive_5_26,ja,2016/9/26,2016年9月宿泊,5,3,5,究極の料理宿です,オンラインカード決済で料金がお得♪四季の懐石料理を堪能するプラン,899,yes,public_bath,public_bath_hot_spring;water_texture,stairs_access,大浴場;湯;貸切;階段;風呂,대욕장 유무 또는 대욕장 맥락 언급; 무기질감/피부감/온천감 언급; 주의 신호: stairs_access,mixed,caution_or_issue_tag,high,issue_caution_calibration_needed
153,Jalan,https://www.jalan.net/yad318558/kuchikomi/archive/5.HTML,archive_5,Jalan_archive_5_27,ja,2016/9/26,2016年9月宿泊,5,4,4,クチコミを信じちゃいけません!!,わけあり★急に空室が発生しました！★直前割プラン,384,yes,private_bath,booking_confusion;private_bath_experience,,お風呂;貸切;貸切風呂;風呂,대절/프라이빗탕 이용 경험 언급,mixed,conditional_signal_tag,medium,issue_caution_calibration_needed
154,Jalan,https://www.jalan.net/yad318558/kuchikomi/archive/5.HTML,archive_5,Jalan_archive_5_28,ja,2016/9/11,2016年8月宿泊,4,4,4,お料理の美味しい大人の宿,季節プランの料理を２ランクUPした懐石コースを堪能 【九州ふっこう割クーポン対象】,113,yes,facility_wide,water_texture,,お風呂;風呂,무기질감/피부감/온천감 언급,positive,rating_positive_signal,medium,issue_caution_calibration_needed
155,Jalan,https://www.jalan.net/yad318558/kuchikomi/archive/5.HTML,archive_5,Jalan_archive_5_29,ja,2016/9/6,2016年8月宿泊,4,3,3,料理は素晴らしい,わけあり★急に空室が発生しました！★直前割プラン,248,no,unclear,,stairs_access,,온천 언급 없는 숙박 경험 리뷰.,mixed,caution_or_issue_tag,high,issue_caution_calibration_needed
156,Jalan,https://www.jalan.net/yad318558/kuchikomi/archive/5.HTML,archive_5,Jalan_archive_5_30,ja,2016/9/3,2016年9月宿泊,5,4,5,やっぱりここが一番です。,わけあり★急に空室が発生しました！★直前割プラン,275,yes,facility_wide,water_texture,,温泉;露天;風呂,무기질감/피부감/온천감 언급,positive,rating_positive_signal,medium,issue_caution_calibration_needed
157,Jalan,https://www.jalan.net/yad318558/kuchikomi/archive/6.HTML,archive_6,Jalan_archive_6_1,ja,2016/8/20,2016年8月宿泊,4,4,3,食事がいいです,【期間限定】早期予約がお得！選べる特典つきプラン,178,yes,facility_wide,booking_confusion;water_texture,,お風呂;湯;露天;風呂,무기질감/피부감/온천감 언급,mixed,conditional_signal_tag,medium,issue_caution_calibration_needed
158,Jalan,https://www.jalan.net/yad318558/kuchikomi/archive/6.HTML,archive_6,Jalan_archive_6_2,ja,2016/8/2,2016年7月宿泊,5,4,5,お陰さまで鼻高々です。,季節プランの料理を１ランクUPした懐石コースを堪能,849,yes,facility_wide,water_texture,stairs_access,お風呂;泉質;温泉;湯;階段;風呂,무기질감/피부감/온천감 언급; 주의 신호: stairs_access,mixed,caution_or_issue_tag,high,issue_caution_calibration_needed
159,Jalan,https://www.jalan.net/yad318558/kuchikomi/archive/6.HTML,archive_6,Jalan_archive_6_3,ja,2016/7/31,2016年7月宿泊,5,4,5,一品一品最高の懐石料理でした！,季節プランの中の最上級グルメ懐石コースを堪能 【九州ふっこう割クーポン対象】,393,yes,facility_wide,water_texture,stairs_access,温泉;階段,무기질감/피부감/온천감 언급; 주의 신호: stairs_access,mixed,caution_or_issue_tag,high,issue_caution_calibration_needed
160,Jalan,https://www.jalan.net/yad318558/kuchikomi/archive/6.HTML,archive_6,Jalan_archive_6_4,ja,2016/7/27,2016年7月宿泊,5,4,5,いつも美味しくいただきます,季節プランの中の最上級グルメ懐石コースを堪能,171,no,unclear,,,,온천 언급 없는 숙박 경험 리뷰.,neutral,neutral_or_lodging_context,medium,issue_caution_calibration_needed
161,Jalan,https://www.jalan.net/yad318558/kuchikomi/archive/6.HTML,archive_6,Jalan_archive_6_5,ja,2016/7/17,2016年7月宿泊,5,3,4,最高の懐石料理,【期間限定】玲涼！風鈴に団扇♪夏の懐石プラン,171,no,unclear,,,,온천 언급 없는 숙박 경험 리뷰.,positive,body_positive,high,issue_caution_calibration_needed
162,Jalan,https://www.jalan.net/yad318558/kuchikomi/archive/6.HTML,archive_6,Jalan_archive_6_6,ja,2016/7/5,2016年7月宿泊,5,4,5,初めてのお部屋食,わけあり★急に空室が発生しました！★直前割プラン,263,yes,unclear,,stairs_access,階段,주의 신호: stairs_access,mixed,caution_or_issue_tag,high,issue_caution_calibration_needed
163,Jalan,https://www.jalan.net/yad318558/kuchikomi/archive/6.HTML,archive_6,Jalan_archive_6_7,ja,2016/5/5,2016年4月宿泊,3,2,3,ありがとうございました,季節プランの料理を１ランクUPした懐石コースを堪能,286,yes,facility_wide,water_texture,stairs_access,お風呂;温泉;湯;階段;風呂,무기질감/피부감/온천감 언급; 주의 신호: stairs_access,mixed,caution_or_issue_tag,high,issue_caution_calibration_needed
164,Jalan,https://www.jalan.net/yad318558/kuchikomi/archive/6.HTML,archive_6,Jalan_archive_6_8,ja,2016/4/11,2016年4月宿泊,4,3,3,お料理が素晴らしい！,季節プランの料理を２ランクUPした懐石コースを堪能,191,yes,room_bath;room_open_air_bath,booking_confusion;room_bath_hot_spring,,露天;風呂,객실탕/객실 노천탕 맥락 언급,mixed,conditional_signal_tag,medium,issue_caution_calibration_needed
165,Jalan,https://www.jalan.net/yad318558/kuchikomi/archive/6.HTML,archive_6,Jalan_archive_6_9,ja,2016/3/11,2016年2月宿泊,4,5,4,記憶にのこる宿,季節プランの料理を２ランクUPした懐石コースを堪能,273,yes,facility_wide,water_texture,room_coldness,寒い;温泉;湯;露天;風呂,무기질감/피부감/온천감 언급; 주의 신호: room_coldness,mixed,body_negative_with_context,high,issue_caution_calibration_needed
166,Jalan,https://www.jalan.net/yad318558/kuchikomi/archive/6.HTML,archive_6,Jalan_archive_6_10,ja,2016/2/15,2016年2月宿泊,5,4,3,すばらしいお料理,季節プランの料理を２ランクUPした懐石コースを堪能,181,yes,facility_wide,water_texture,temperature,湯;熱い;露天;風呂,무기질감/피부감/온천감 언급; 주의 신호: temperature,mixed,caution_or_issue_tag,high,issue_caution_calibration_needed
167,Jalan,https://www.jalan.net/yad318558/kuchikomi/archive/6.HTML,archive_6,Jalan_archive_6_11,ja,2016/2/3,2016年1月宿泊,5,3,4,美味しい料理に、おもてなしも◎,季節プランの料理を２ランクUPした懐石コースを堪能,253,yes,facility_wide,water_texture,,お風呂;露天;風呂,무기질감/피부감/온천감 언급,positive,positive_signal_no_caution,medium,issue_caution_calibration_needed
168,Jalan,https://www.jalan.net/yad318558/kuchikomi/archive/6.HTML,archive_6,Jalan_archive_6_12,ja,2016/1/9,2016年1月宿泊,5,4,5,やはり美味しい,季節プランの料理を２ランクUPした懐石コースを堪能,285,no,unclear,,,,온천 언급 없는 숙박 경험 리뷰.,neutral,neutral_or_lodging_context,medium,issue_caution_calibration_needed
169,Jalan,https://www.jalan.net/yad318558/kuchikomi/archive/6.HTML,archive_6,Jalan_archive_6_13,ja,2016/1/6,2015年12月宿泊,3,1,3,まさかのシャワーがない...,季節プランの中の最上級グルメ懐石コースを堪能,378,yes,private_bath,booking_confusion;private_bath_experience,,貸切;貸切風呂;露天;風呂,대절/프라이빗탕 이용 경험 언급,mixed,conditional_signal_tag,medium,issue_caution_calibration_needed
170,Jalan,https://www.jalan.net/yad318558/kuchikomi/archive/6.HTML,archive_6,Jalan_archive_6_14,ja,2016/1/5,2016年1月宿泊,5,4,5,おいしいお料理に大満足,季節プランの中の最上級グルメ懐石コースを堪能,195,yes,facility_wide,water_texture,,温泉,무기질감/피부감/온천감 언급,positive,body_positive,high,issue_caution_calibration_needed
171,Jalan,https://www.jalan.net/yad318558/kuchikomi/archive/6.HTML,archive_6,Jalan_archive_6_15,ja,2016/1/5,2015年12月宿泊,5,5,5,いつまでも素晴らしい,季節プランの料理を２ランクUPした懐石コースを堪能,141,no,unclear,,,,온천 언급 없는 숙박 경험 리뷰.,positive,body_positive,high,issue_caution_calibration_needed
172,Jalan,https://www.jalan.net/yad318558/kuchikomi/archive/6.HTML,archive_6,Jalan_archive_6_16,ja,2015/12/18,2015年12月宿泊,4,5,4,洋室に宿泊　夕食最高！,【期間限定】早期予約がお得！選べる特典つきプラン,175,yes,facility_wide,booking_confusion,,露天;風呂,온천/욕장 관련 표현 포함.,mixed,conditional_signal_tag,medium,issue_caution_calibration_needed
173,Jalan,https://www.jalan.net/yad318558/kuchikomi/archive/6.HTML,archive_6,Jalan_archive_6_17,ja,2015/12/9,2015年12月宿泊,3,3,3,10年ぶりに行ってきました,季節プランの中の最上級グルメ懐石コースを堪能,119,yes,facility_wide,water_texture,,温泉;湯;風呂,무기질감/피부감/온천감 언급,positive,positive_signal_no_caution,medium,issue_caution_calibration_needed
174,Jalan,https://www.jalan.net/yad318558/kuchikomi/archive/6.HTML,archive_6,Jalan_archive_6_18,ja,2015/12/5,2015年12月宿泊,4,3,3,料理最高でした。,季節プランの中の最上級グルメ懐石コースを堪能,341,yes,facility_wide,crowding;water_texture,crowding,古い;湯;露天;風呂,무기질감/피부감/온천감 언급; 주의 신호: crowding,mixed,caution_or_issue_tag,high,issue_caution_calibration_needed
175,Jalan,https://www.jalan.net/yad318558/kuchikomi/archive/6.HTML,archive_6,Jalan_archive_6_19,ja,2015/12/3,2015年12月宿泊,5,5,5,最高のおもてなし,白霜！寒椿と湯けむり　～冬彩を愛でる懐石プラン～,140,yes,facility_wide,water_texture,,お風呂;湯;風呂,무기질감/피부감/온천감 언급,positive,body_positive,high,issue_caution_calibration_needed
176,Jalan,https://www.jalan.net/yad318558/kuchikomi/archive/6.HTML,archive_6,Jalan_archive_6_20,ja,2015/11/16,2015年11月宿泊,5,4,4,今度は和室を。,【期間限定】早期予約がお得！選べる特典つきプラン,195,yes,facility_wide,booking_confusion,stairs_access,階段;露天;風呂,주의 신호: stairs_access,mixed,caution_or_issue_tag,high,issue_caution_calibration_needed
177,Jalan,https://www.jalan.net/yad318558/kuchikomi/archive/6.HTML,archive_6,Jalan_archive_6_21,ja,2015/11/1,2015年10月宿泊,5,4,5,３回目,季節プランの料理を２ランクUPした懐石コースを堪能,182,yes,facility_wide,water_texture,room_coldness,お風呂;冷;泉質;風呂,무기질감/피부감/온천감 언급; 주의 신호: room_coldness,mixed,body_negative_with_context,high,issue_caution_calibration_needed
178,Jalan,https://www.jalan.net/yad318558/kuchikomi/archive/6.HTML,archive_6,Jalan_archive_6_22,ja,2015/10/6,2015年9月宿泊,5,4,5,口コミ通りの。。,爽風！月夜と鈴虫の音　～初秋を愛でる懐石プラン～,307,yes,facility_wide,water_texture,stairs_access,お風呂;階段;風呂,무기질감/피부감/온천감 언급; 주의 신호: stairs_access,mixed,caution_or_issue_tag,high,issue_caution_calibration_needed
179,Jalan,https://www.jalan.net/yad318558/kuchikomi/archive/6.HTML,archive_6,Jalan_archive_6_23,ja,2015/9/23,2015年9月宿泊,5,4,5,夕食のクオリティに良い意味で大変驚かされました,季節プランの料理を１ランクUPした懐石コースを堪能,377,yes,facility_wide,water_texture,,お風呂;泉質;風呂,무기질감/피부감/온천감 언급,positive,rating_positive_signal,medium,issue_caution_calibration_needed
180,Jalan,https://www.jalan.net/yad318558/kuchikomi/archive/6.HTML,archive_6,Jalan_archive_6_24,ja,2015/8/28,2015年8月宿泊,5,5,4,のんびり出来ました。,季節プランの中の最上級グルメ懐石コースを堪能,383,yes,facility_wide,water_texture,stairs_access,お風呂;階段;風呂,무기질감/피부감/온천감 언급; 주의 신호: stairs_access,mixed,caution_or_issue_tag,high,issue_caution_calibration_needed
181,Jalan,https://www.jalan.net/yad318558/kuchikomi/archive/6.HTML,archive_6,Jalan_archive_6_25,ja,2015/8/19,2015年7月宿泊,4,3,5,幸せな時間でした！,【期間限定】風流！蛍雨の紫陽花♪初夏の懐石プラン,123,yes,facility_wide,water_texture,,お風呂;風呂,무기질감/피부감/온천감 언급,positive,positive_signal_no_caution,medium,issue_caution_calibration_needed
182,Jalan,https://www.jalan.net/yad318558/kuchikomi/archive/6.HTML,archive_6,Jalan_archive_6_26,ja,2015/8/16,2015年8月宿泊,5,5,5,美味しいご飯を頂きました,懐石＆佐賀牛炭火焼きステーキプラン,245,yes,room_bath,room_bath_hot_spring,,お風呂;風呂,객실탕/객실 노천탕 맥락 언급,positive,rating_positive_signal,medium,issue_caution_calibration_needed
183,Jalan,https://www.jalan.net/yad318558/kuchikomi/archive/6.HTML,archive_6,Jalan_archive_6_27,ja,2015/8/6,2015年8月宿泊,4,3,4,お料理がピカイチ,玲涼！風鈴に団扇♪夏の懐石プラン,86,yes,unclear,,stairs_access,階段,주의 신호: stairs_access,mixed,caution_or_issue_tag,high,issue_caution_calibration_needed
184,Jalan,https://www.jalan.net/yad318558/kuchikomi/archive/6.HTML,archive_6,Jalan_archive_6_28,ja,2015/8/3,2015年8月宿泊,5,5,5,扇屋さんのお料理で幸せ！,揚げたて☆季節の天麩羅をメインにした贅沢懐石プラン,206,yes,facility_wide,water_texture,,温泉,무기질감/피부감/온천감 언급,positive,rating_positive_signal,medium,issue_caution_calibration_needed
185,Jalan,https://www.jalan.net/yad318558/kuchikomi/archive/6.HTML,archive_6,Jalan_archive_6_29,ja,2015/7/21,2015年7月宿泊,5,3,4,お料理が美味しかったです,季節プランの料理を２ランクUPした懐石コースを堪能,92,no,unclear,,,,온천 언급 없는 숙박 경험 리뷰.,neutral,neutral_or_lodging_context,medium,issue_caution_calibration_needed
186,Jalan,https://www.jalan.net/yad318558/kuchikomi/archive/6.HTML,archive_6,Jalan_archive_6_30,ja,2015/7/15,2015年6月宿泊,5,4,5,お気に入り,【期間限定】風流！蛍雨の紫陽花♪初夏の懐石プラン,132,yes,facility_wide,water_texture,,お風呂;風呂,무기질감/피부감/온천감 언급,positive,rating_positive_signal,medium,issue_caution_calibration_needed
187,Jalan,https://www.jalan.net/yad318558/kuchikomi/archive/7.HTML,archive_7,Jalan_archive_7_1,ja,2015/7/14,2015年7月宿泊,5,3,3,おもてなしが最高,季節プランの料理を２ランクUPした懐石コースを堪能,69,no,unclear,,,,온천 언급 없는 숙박 경험 리뷰.,positive,body_positive,high,issue_caution_calibration_needed
188,Jalan,https://www.jalan.net/yad318558/kuchikomi/archive/7.HTML,archive_7,Jalan_archive_7_2,ja,2015/7/13,2015年7月宿泊,5,4,5,今までで一番素敵な宿でした,季節プランの料理を２ランクUPした懐石コースを堪能,348,yes,public_bath,public_bath_hot_spring,room_coldness,冷;大浴場;露天;風呂,대욕장 유무 또는 대욕장 맥락 언급; 주의 신호: room_coldness,mixed,body_negative_with_context,high,issue_caution_calibration_needed
189,Jalan,https://www.jalan.net/yad318558/kuchikomi/archive/7.HTML,archive_7,Jalan_archive_7_3,ja,2015/6/21,2015年6月宿泊,5,4,4,満足しました,季節プランの料理を２ランクUPした懐石コースを堪能,196,yes,facility_wide,water_texture,,露天;風呂,무기질감/피부감/온천감 언급,positive,body_positive,high,issue_caution_calibration_needed
190,Jalan,https://www.jalan.net/yad318558/kuchikomi/archive/7.HTML,archive_7,Jalan_archive_7_4,ja,2015/6/15,2015年6月宿泊,5,4,4,流石です,季節プランの中の最上級グルメ懐石コースを堪能,354,no,unclear,,,,온천 언급 없는 숙박 경험 리뷰.,neutral,neutral_or_lodging_context,medium,issue_caution_calibration_needed
191,Jalan,https://www.jalan.net/yad318558/kuchikomi/archive/7.HTML,archive_7,Jalan_archive_7_5,ja,2015/6/13,2015年6月宿泊,5,4,4,母と3人で,季節プランの料理を１ランクUPした懐石コースを堪能,159,yes,facility_wide,water_texture,,風呂,무기질감/피부감/온천감 언급,positive,rating_positive_signal,medium,issue_caution_calibration_needed
192,Jalan,https://www.jalan.net/yad318558/kuchikomi/archive/7.HTML,archive_7,Jalan_archive_7_6,ja,2015/6/8,2015年6月宿泊,5,3,4,時々利用します。,【期間限定】風流！蛍雨の紫陽花♪初夏の懐石プラン,53,no,unclear,,,,온천 언급 없는 숙박 경험 리뷰.,neutral,neutral_or_lodging_context,medium,issue_caution_calibration_needed
193,Jalan,https://www.jalan.net/yad318558/kuchikomi/archive/7.HTML,archive_7,Jalan_archive_7_7,ja,2015/6/6,2015年6月宿泊,4,4,4,ちょっと京都をおもわせる料理のおいしい宿です,季節プランの料理を２ランクUPした懐石コースを堪能,398,yes,facility_wide,water_texture,room_coldness,冷;風呂,무기질감/피부감/온천감 언급; 주의 신호: room_coldness,mixed,body_negative_with_context,high,issue_caution_calibration_needed
194,Jalan,https://www.jalan.net/yad318558/kuchikomi/archive/7.HTML,archive_7,Jalan_archive_7_8,ja,2015/6/5,2015年5月宿泊,5,3,5,料理が美味しい,季節プランの料理を１ランクUPした懐石コースを堪能,69,no,unclear,,,,온천 언급 없는 숙박 경험 리뷰.,neutral,neutral_or_lodging_context,medium,issue_caution_calibration_needed
195,Jalan,https://www.jalan.net/yad318558/kuchikomi/archive/7.HTML,archive_7,Jalan_archive_7_9,ja,2015/5/23,2015年5月宿泊,4,3,4,雰囲気よし,わけあり★急に空室が発生しました！★直前割プラン,119,yes,private_bath,private_bath_experience,,貸切;貸切風呂;露天;風呂,대절/프라이빗탕 이용 경험 언급,positive,body_positive,high,issue_caution_calibration_needed
196,Jalan,https://www.jalan.net/yad318558/kuchikomi/archive/7.HTML,archive_7,Jalan_archive_7_10,ja,2015/5/18,2015年4月宿泊,4,3,5,ミィさんの懐石宿　扇屋のクチコミ,わけあり★急に空室が発生しました！★直前割プラン,93,yes,public_bath,public_bath_hot_spring;water_texture,,大浴場;温泉,대욕장 유무 또는 대욕장 맥락 언급; 무기질감/피부감/온천감 언급,positive,positive_signal_no_caution,medium,issue_caution_calibration_needed
197,Jalan,https://www.jalan.net/yad318558/kuchikomi/archive/7.HTML,archive_7,Jalan_archive_7_11,ja,2015/5/8,2015年5月宿泊,5,2,4,料理、サービスが最高でした,懐石＆佐賀牛炭火焼きステーキプラン,135,yes,facility_wide,water_texture,,お風呂;温泉;湯;風呂,무기질감/피부감/온천감 언급,positive,body_positive,high,issue_caution_calibration_needed
198,Jalan,https://www.jalan.net/yad318558/kuchikomi/archive/7.HTML,archive_7,Jalan_archive_7_12,ja,2015/5/5,2015年5月宿泊,4,3,4,食事がおいしい,季節プランの中の最上級グルメ懐石コースを堪能,119,yes,room_bath;room_open_air_bath,room_bath_hot_spring,,露天;風呂,객실탕/객실 노천탕 맥락 언급,positive,positive_signal_no_caution,medium,issue_caution_calibration_needed
199,Jalan,https://www.jalan.net/yad318558/kuchikomi/archive/7.HTML,archive_7,Jalan_archive_7_13,ja,2015/5/3,2015年5月宿泊,5,4,4,素敵なお宿,季節プランの料理を１ランクUPした懐石コースを堪能,327,no,unclear,,,,온천 언급 없는 숙박 경험 리뷰.,neutral,neutral_or_lodging_context,medium,issue_caution_calibration_needed
200,Jalan,https://www.jalan.net/yad318558/kuchikomi/archive/7.HTML,archive_7,Jalan_archive_7_14,ja,2015/5/2,2015年4月宿泊,4,3,4,露天風呂付きの部屋に泊まりました,季節プランの中の最上級グルメ懐石コースを堪能,164,yes,facility_wide,water_texture,,温泉;肌;露天;風呂,무기질감/피부감/온천감 언급,positive,positive_signal_no_caution,medium,issue_caution_calibration_needed
201,Jalan,https://www.jalan.net/yad318558/kuchikomi/archive/7.HTML,archive_7,Jalan_archive_7_15,ja,2015/4/28,2015年4月宿泊,4,4,5,当日予約で いきなり旅,わけあり★急に空室が発生しました！★直前割プラン,189,yes,facility_wide,booking_confusion,,露天;風呂,온천/욕장 관련 표현 포함.,mixed,conditional_signal_tag,medium,issue_caution_calibration_needed
202,Jalan,https://www.jalan.net/yad318558/kuchikomi/archive/7.HTML,archive_7,Jalan_archive_7_16,ja,2015/4/27,2015年4月宿泊,5,2,4,料理は最高です,【期間限定】優美！咲き誇る桜・つつじと♪華やぎ懐石,84,yes,facility_wide,water_texture,,温泉,무기질감/피부감/온천감 언급,positive,body_positive,high,issue_caution_calibration_needed
203,Jalan,https://www.jalan.net/yad318558/kuchikomi/archive/7.HTML,archive_7,Jalan_archive_7_17,ja,2015/4/26,2015年4月宿泊,4,5,4,先月も!!,懐石＆佐賀牛炭火焼きステーキプラン,87,no,unclear,,,,온천 언급 없는 숙박 경험 리뷰.,neutral,neutral_or_lodging_context,medium,issue_caution_calibration_needed
204,Jalan,https://www.jalan.net/yad318558/kuchikomi/archive/7.HTML,archive_7,Jalan_archive_7_18,ja,2015/4/25,2015年4月宿泊,5,3,5,食事最高でした～,季節プランの料理を１ランクUPした懐石コースを堪能,135,yes,facility_wide,water_texture,,お風呂;湯;風呂,무기질감/피부감/온천감 언급,positive,body_positive,high,issue_caution_calibration_needed
205,Jalan,https://www.jalan.net/yad318558/kuchikomi/archive/7.HTML,archive_7,Jalan_archive_7_19,ja,2015/4/23,2015年4月宿泊,5,5,5,扇屋さん、いつも最高！,季節プランの料理を２ランクUPした懐石コースを堪能,187,yes,unclear,booking_confusion,,,온천/욕장 관련 표현 포함.,mixed,conditional_signal_tag,medium,issue_caution_calibration_needed
206,Jalan,https://www.jalan.net/yad318558/kuchikomi/archive/7.HTML,archive_7,Jalan_archive_7_20,ja,2015/4/15,2015年4月宿泊,4,4,4,料理が美味しい,季節プランの料理を２ランクUPした懐石コースを堪能,136,yes,facility_wide,water_texture,,露天;風呂,무기질감/피부감/온천감 언급,positive,rating_positive_signal,medium,issue_caution_calibration_needed
207,Jalan,https://www.jalan.net/yad318558/kuchikomi/archive/7.HTML,archive_7,Jalan_archive_7_21,ja,2015/4/14,2015年4月宿泊,5,4,4,大変お世話になりました。,【期間限定】優雅！有田雛まつりと♪華やぎ懐石プラン,226,no,unclear,,,,온천 언급 없는 숙박 경험 리뷰.,neutral,neutral_or_lodging_context,medium,issue_caution_calibration_needed
208,Jalan,https://www.jalan.net/yad318558/kuchikomi/archive/7.HTML,archive_7,Jalan_archive_7_22,ja,2015/4/9,2015年3月宿泊,4,4,4,いつも満足しています,【期間限定】優雅！有田雛まつりと♪華やぎ懐石プラン,288,yes,facility_wide,water_texture,temperature,貸切;風呂;高め,무기질감/피부감/온천감 언급; 주의 신호: temperature,mixed,caution_or_issue_tag,high,issue_caution_calibration_needed
209,Jalan,https://www.jalan.net/yad318558/kuchikomi/archive/7.HTML,archive_7,Jalan_archive_7_23,ja,2015/4/7,2015年4月宿泊,5,5,5,料理がおいしい,季節プランの中の最上級グルメ懐石コースを堪能,240,yes,private_bath,private_bath_experience;water_texture,,温泉;貸し切り;風呂,대절/프라이빗탕 이용 경험 언급; 무기질감/피부감/온천감 언급,positive,body_positive,high,issue_caution_calibration_needed
210,Jalan,https://www.jalan.net/yad318558/kuchikomi/archive/7.HTML,archive_7,Jalan_archive_7_24,ja,2015/3/19,2015年3月宿泊,5,4,5,落ち着くお宿,季節プランの料理を１ランクUPした懐石コースを堪能,98,no,unclear,,,,온천 언급 없는 숙박 경험 리뷰.,neutral,neutral_or_lodging_context,medium,issue_caution_calibration_needed
211,Jalan,https://www.jalan.net/yad318558/kuchikomi/archive/7.HTML,archive_7,Jalan_archive_7_25,ja,2015/3/15,2015年3月宿泊,5,,5,また行きたい。,季節プランの料理を１ランクUPした懐石コースを堪能,78,no,unclear,,,,온천 언급 없는 숙박 경험 리뷰.,positive,body_positive,high,issue_caution_calibration_needed
212,Jalan,https://www.jalan.net/yad318558/kuchikomi/archive/7.HTML,archive_7,Jalan_archive_7_26,ja,2015/3/11,2015年3月宿泊,4,3,2,料理が美味しい,季節プランの料理を２ランクUPした懐石コースを堪能,204,yes,facility_wide,water_texture,,湯,무기질감/피부감/온천감 언급,positive,positive_signal_no_caution,medium,issue_caution_calibration_needed
213,Jalan,https://www.jalan.net/yad318558/kuchikomi/archive/7.HTML,archive_7,Jalan_archive_7_27,ja,2015/3/8,2015年3月宿泊,5,4,4,食事もおもてなしも大満足！,懐石＆佐賀牛炭火焼きステーキプラン,133,no,unclear,,,,온천 언급 없는 숙박 경험 리뷰.,positive,body_positive,high,issue_caution_calibration_needed
214,Jalan,https://www.jalan.net/yad318558/kuchikomi/archive/7.HTML,archive_7,Jalan_archive_7_28,ja,2015/3/2,2015年2月宿泊,5,5,5,くつろげました,季節プランの中の最上級グルメ懐石コースを堪能,341,yes,facility_wide,booking_confusion;water_texture,,温泉;露天;風呂,무기질감/피부감/온천감 언급,mixed,conditional_signal_tag,medium,issue_caution_calibration_needed
215,Jalan,https://www.jalan.net/yad318558/kuchikomi/archive/7.HTML,archive_7,Jalan_archive_7_29,ja,2015/2/23,2015年2月宿泊,5,4,4,素晴らしいおもてなし,季節プランの中の最上級グルメ懐石コースを堪能,165,no,unclear,,,,온천 언급 없는 숙박 경험 리뷰.,positive,body_positive,high,issue_caution_calibration_needed
216,Jalan,https://www.jalan.net/yad318558/kuchikomi/archive/7.HTML,archive_7,Jalan_archive_7_30,ja,2015/1/23,2015年1月宿泊,4,3,5,もう一度,白霜！寒椿と湯けむり　～冬彩を愛でる懐石プラン～,64,yes,facility_wide,water_texture,,お風呂;湯;風呂,무기질감/피부감/온천감 언급,positive,positive_signal_no_caution,medium,issue_caution_calibration_needed
217,Jalan,https://www.jalan.net/yad318558/kuchikomi/archive/8.HTML,archive_8,Jalan_archive_8_1,ja,2015/1/15,2015年1月宿泊,4,4,4,料理はやっぱり最高です,季節プランの中の最上級グルメ懐石コースを堪能,239,yes,private_bath,private_bath_experience;water_texture,,湯;貸切;貸切風呂;露天;風呂,대절/프라이빗탕 이용 경험 언급; 무기질감/피부감/온천감 언급,positive,body_positive,high,issue_caution_calibration_needed
218,Jalan,https://www.jalan.net/yad318558/kuchikomi/archive/8.HTML,archive_8,Jalan_archive_8_2,ja,2015/1/7,2015年1月宿泊,5,5,5,今年もいい年が送れそうです,【期間限定】早期予約がお得！選べる特典つきプラン,95,yes,unclear,booking_confusion,,,온천/욕장 관련 표현 포함.,mixed,conditional_signal_tag,medium,issue_caution_calibration_needed
219,Jalan,https://www.jalan.net/yad318558/kuchikomi/archive/8.HTML,archive_8,Jalan_archive_8_3,ja,2015/1/6,2015年1月宿泊,4,3,4,お料理美味しい,わけあり★急に空室が発生しました！★直前割プラン,336,yes,facility_wide,booking_confusion;water_texture,,お風呂;湯;風呂,무기질감/피부감/온천감 언급,mixed,conditional_signal_tag,medium,issue_caution_calibration_needed
220,Jalan,https://www.jalan.net/yad318558/kuchikomi/archive/8.HTML,archive_8,Jalan_archive_8_4,ja,2015/1/6,2015年1月宿泊,5,4,4,素晴らしい！,わけあり★急に空室が発生しました！★直前割プラン,384,yes,unclear,booking_confusion,,,온천/욕장 관련 표현 포함.,mixed,conditional_signal_tag,medium,issue_caution_calibration_needed
221,Jalan,https://www.jalan.net/yad318558/kuchikomi/archive/8.HTML,archive_8,Jalan_archive_8_5,ja,2014/12/15,2014年12月宿泊,5,5,5,大満足でした。,懐石＆佐賀牛炭火焼きステーキプラン,97,yes,facility_wide,water_texture,,お風呂;風呂,무기질감/피부감/온천감 언급,positive,body_positive,high,issue_caution_calibration_needed
222,Jalan,https://www.jalan.net/yad318558/kuchikomi/archive/8.HTML,archive_8,Jalan_archive_8_6,ja,2014/12/10,2014年12月宿泊,5,4,5,懐石料理は最高級です,季節プランの料理を１ランクUPした懐石コースを堪能,135,yes,facility_wide,water_texture,,お風呂;湯;風呂,무기질감/피부감/온천감 언급,positive,body_positive,high,issue_caution_calibration_needed
223,Jalan,https://www.jalan.net/yad318558/kuchikomi/archive/8.HTML,archive_8,Jalan_archive_8_7,ja,2014/11/11,2014年11月宿泊,5,4,5,２度目の記念旅行,【期間限定】早期予約がお得！選べる特典つきプラン,330,yes,unclear,booking_confusion,,,온천/욕장 관련 표현 포함.,mixed,conditional_signal_tag,medium,issue_caution_calibration_needed
224,Jalan,https://www.jalan.net/yad318558/kuchikomi/archive/8.HTML,archive_8,Jalan_archive_8_8,ja,2014/11/8,2014年10月宿泊,5,3,5,お勧めします,季節プランの料理を１ランクUPした懐石コースを堪能,191,no,unclear,,,,온천 언급 없는 숙박 경험 리뷰.,neutral,neutral_or_lodging_context,medium,issue_caution_calibration_needed
225,Jalan,https://www.jalan.net/yad318558/kuchikomi/archive/8.HTML,archive_8,Jalan_archive_8_9,ja,2014/11/7,2014年10月宿泊,5,4,5,最高の食事,季節プランの料理を２ランクUPした懐石コースを堪能,387,no,unclear,,,,온천 언급 없는 숙박 경험 리뷰.,positive,body_positive,high,issue_caution_calibration_needed
226,Jalan,https://www.jalan.net/yad318558/kuchikomi/archive/8.HTML,archive_8,Jalan_archive_8_10,ja,2014/10/29,2014年10月宿泊,5,4,4,料理、おもてなしが最高です。,季節プランの中の最上級グルメ懐石コースを堪能,276,yes,public_bath,public_bath_hot_spring,,大浴場,대욕장 유무 또는 대욕장 맥락 언급,positive,body_positive,high,issue_caution_calibration_needed
227,Jalan,https://www.jalan.net/yad318558/kuchikomi/archive/8.HTML,archive_8,Jalan_archive_8_11,ja,2014/10/20,2014年10月宿泊,5,3,5,最高のおもてなしで子連れでも安心宿,【期間限定】早期予約がお得！選べる特典つきプラン,394,yes,private_bath,booking_confusion;private_bath_experience;water_texture,,お風呂;温泉;湯;貸切;貸切風呂;風呂,대절/프라이빗탕 이용 경험 언급; 무기질감/피부감/온천감 언급,mixed,conditional_signal_tag,medium,issue_caution_calibration_needed
228,Jalan,https://www.jalan.net/yad318558/kuchikomi/archive/8.HTML,archive_8,Jalan_archive_8_12,ja,2014/10/16,2014年10月宿泊,5,4,4,おもてなしも料理も満足,季節プランの料理を１ランクUPした懐石コースを堪能,204,yes,facility_wide,water_texture,,お風呂;湯;風呂,무기질감/피부감/온천감 언급,positive,body_positive,high,issue_caution_calibration_needed
229,Jalan,https://www.jalan.net/yad318558/kuchikomi/archive/8.HTML,archive_8,Jalan_archive_8_13,ja,2014/10/16,2014年10月宿泊,5,5,5,何度でもリピートしたくなる宿。,爽風！月夜と鈴虫の音♪初秋を愛でる懐石プラン,235,yes,facility_wide,water_texture,,温泉,무기질감/피부감/온천감 언급,positive,rating_positive_signal,medium,issue_caution_calibration_needed
230,Jalan,https://www.jalan.net/yad318558/kuchikomi/archive/8.HTML,archive_8,Jalan_archive_8_14,ja,2014/10/14,2014年10月宿泊,5,5,5,妻の還暦祝い旅行(o^^o),季節プランの料理を１ランクUPした懐石コースを堪能,363,yes,facility_wide,water_texture,,お風呂;温泉;風呂,무기질감/피부감/온천감 언급,positive,rating_positive_signal,medium,issue_caution_calibration_needed
231,Jalan,https://www.jalan.net/yad318558/kuchikomi/archive/8.HTML,archive_8,Jalan_archive_8_15,ja,2014/9/12,2014年9月宿泊,5,5,5,最上の宿。,【期間限定】早期予約がお得！選べる特典つきプラン,246,yes,facility_wide,booking_confusion;water_texture,,温泉,무기질감/피부감/온천감 언급,mixed,conditional_signal_tag,medium,issue_caution_calibration_needed
232,Jalan,https://www.jalan.net/yad318558/kuchikomi/archive/8.HTML,archive_8,Jalan_archive_8_16,ja,2014/9/11,2014年9月宿泊,4,3,4,おもてなし&食事がおすすめ,【期間限定】早期予約がお得！選べる特典つきプラン,307,yes,facility_wide,booking_confusion;water_texture,,温泉;風呂,무기질감/피부감/온천감 언급,mixed,conditional_signal_tag,medium,issue_caution_calibration_needed
233,Jalan,https://www.jalan.net/yad318558/kuchikomi/archive/8.HTML,archive_8,Jalan_archive_8_17,ja,2014/9/9,2014年8月宿泊,4,4,4,お料理がとてもおいしかったです！,季節プランの中の最上級グルメ懐石コースを堪能,312,yes,facility_wide,water_texture,room_coldness,冷;温泉;湯;風呂,무기질감/피부감/온천감 언급; 주의 신호: room_coldness,mixed,body_negative_with_context,high,issue_caution_calibration_needed
234,Jalan,https://www.jalan.net/yad318558/kuchikomi/archive/8.HTML,archive_8,Jalan_archive_8_18,ja,2014/8/21,2014年8月宿泊,4,5,4,高級旅館という感じでした,季節プランの料理を１ランクUPした懐石コースを堪能,199,yes,private_bath,private_bath_experience,,お風呂;貸切;貸切風呂;風呂,대절/프라이빗탕 이용 경험 언급,positive,body_positive,high,issue_caution_calibration_needed
235,Jalan,https://www.jalan.net/yad318558/kuchikomi/archive/8.HTML,archive_8,Jalan_archive_8_19,ja,2014/8/13,2014年8月宿泊,5,5,5,隠れ家的な宿,季節プランの中の最上級グルメ懐石コースを堪能,373,yes,facility_wide,water_texture,,温泉;風呂,무기질감/피부감/온천감 언급,positive,rating_positive_signal,medium,issue_caution_calibration_needed
236,Jalan,https://www.jalan.net/yad318558/kuchikomi/archive/8.HTML,archive_8,Jalan_archive_8_20,ja,2014/7/27,2014年7月宿泊,5,5,4,最高の宿,玲涼！風鈴に団扇♪夏の懐石プラン,309,yes,facility_wide,water_texture,,お風呂;風呂,무기질감/피부감/온천감 언급,positive,body_positive,high,issue_caution_calibration_needed
237,Jalan,https://www.jalan.net/yad318558/kuchikomi/archive/8.HTML,archive_8,Jalan_archive_8_21,ja,2014/7/23,2014年7月宿泊,5,4,5,これぞ、おもてなし,季節プランの料理を１ランクUPした懐石コースを堪能,368,yes,facility_wide,water_texture,,風呂,무기질감/피부감/온천감 언급,positive,rating_positive_signal,medium,issue_caution_calibration_needed
238,Jalan,https://www.jalan.net/yad318558/kuchikomi/archive/8.HTML,archive_8,Jalan_archive_8_22,ja,2014/7/16,2014年7月宿泊,5,5,5,大満足のお宿でした(*^^*),季節プランの料理を１ランクUPした懐石コースを堪能,388,yes,facility_wide,water_texture,,お風呂;風呂,무기질감/피부감/온천감 언급,positive,body_positive,high,issue_caution_calibration_needed
239,Jalan,https://www.jalan.net/yad318558/kuchikomi/archive/8.HTML,archive_8,Jalan_archive_8_23,ja,2014/7/13,2014年6月宿泊,4,3,5,昭和のかおりの老舗旅館,季節プランの料理を１ランクUPした懐石コースを堪能,309,yes,room_bath,room_bath_hot_spring;water_texture,room_coldness,お風呂;冷;温泉;風呂,객실탕/객실 노천탕 맥락 언급; 무기질감/피부감/온천감 언급; 주의 신호: room_coldness,mixed,body_negative_with_context,high,issue_caution_calibration_needed
240,Jalan,https://www.jalan.net/yad318558/kuchikomi/archive/8.HTML,archive_8,Jalan_archive_8_24,ja,2014/6/18,2014年6月宿泊,4,3,4,とにかく料理が美味しかったです,季節プランの中の最上級グルメ懐石コースを堪能,214,no,unclear,,,,온천 언급 없는 숙박 경험 리뷰.,neutral,neutral_or_lodging_context,medium,issue_caution_calibration_needed
241,Jalan,https://www.jalan.net/yad318558/kuchikomi/archive/8.HTML,archive_8,Jalan_archive_8_25,ja,2014/5/22,2014年5月宿泊,4,4,4,料理が良かった～,季節プランの料理を１ランクUPした懐石コースを堪能,363,yes,facility_wide,water_texture,,お風呂;不便;古い;風呂,무기질감/피부감/온천감 언급,mixed,body_positive_and_negative,high,issue_caution_calibration_needed
242,Jalan,https://www.jalan.net/yad318558/kuchikomi/archive/8.HTML,archive_8,Jalan_archive_8_26,ja,2014/5/11,2014年5月宿泊,4,4,4,高級宿になった？,季節プランの料理を１ランクUPした懐石コースを堪能,204,no,unclear,,,,온천 언급 없는 숙박 경험 리뷰.,neutral,neutral_or_lodging_context,medium,issue_caution_calibration_needed
243,Jalan,https://www.jalan.net/yad318558/kuchikomi/archive/8.HTML,archive_8,Jalan_archive_8_27,ja,2014/5/6,2014年5月宿泊,5,5,5,素敵な宿でした。,季節プランの中の最上級グルメ懐石コースを堪能,349,yes,facility_wide,water_texture,room_coldness;stairs_access;temperature,不便;冷;温泉;湯;貸切;階段;露天;風呂,"무기질감/피부감/온천감 언급; 주의 신호: room_coldness,stairs_access,temperature",mixed,body_negative_with_context,high,issue_caution_calibration_needed
244,Jalan,https://www.jalan.net/yad318558/kuchikomi/archive/8.HTML,archive_8,Jalan_archive_8_28,ja,2014/4/24,2014年4月宿泊,5,5,4,癒しを求めて,季節プランの中の最上級グルメ懐石コースを堪能,254,yes,facility_wide,water_texture,stairs_access,お風呂;階段;風呂,무기질감/피부감/온천감 언급; 주의 신호: stairs_access,mixed,caution_or_issue_tag,high,issue_caution_calibration_needed
245,Jalan,https://www.jalan.net/yad318558/kuchikomi/archive/8.HTML,archive_8,Jalan_archive_8_29,ja,2014/4/15,2014年4月宿泊,5,5,4,久しぶりに利用しました,季節プランの中の最上級グルメ懐石コースを堪能,342,yes,facility_wide,water_texture,,露天;風呂,무기질감/피부감/온천감 언급,positive,rating_positive_signal,medium,issue_caution_calibration_needed
246,Jalan,https://www.jalan.net/yad318558/kuchikomi/archive/8.HTML,archive_8,Jalan_archive_8_30,ja,2014/4/8,2014年3月宿泊,5,4,5,最高の宿,【期間限定】早期予約がお得！選べる特典つきプラン,335,yes,facility_wide,booking_confusion;crowding;water_texture,crowding,お風呂;混雑;湯;露天;風呂,무기질감/피부감/온천감 언급; 주의 신호: crowding,mixed,caution_or_issue_tag,high,issue_caution_calibration_needed
247,Jalan,https://www.jalan.net/yad318558/kuchikomi/archive/9.HTML,archive_9,Jalan_archive_9_1,ja,2014/3/30,2014年3月宿泊,4,3,4,気配りの宿,季節プランの料理を１ランクUPした懐石コースを堪能,240,yes,room_bath;room_open_air_bath,room_bath_hot_spring,,お風呂;露天;風呂,객실탕/객실 노천탕 맥락 언급,positive,positive_signal_no_caution,medium,issue_caution_calibration_needed
248,Jalan,https://www.jalan.net/yad318558/kuchikomi/archive/9.HTML,archive_9,Jalan_archive_9_2,ja,2014/3/12,2014年3月宿泊,5,4,5,ゆりけんさんの懐石宿　扇屋のクチコミ,霜降り佐賀牛しゃぶと懐石料理に舌鼓する♪,400,yes,facility_wide,water_texture,,露天;風呂,무기질감/피부감/온천감 언급,positive,rating_positive_signal,medium,issue_caution_calibration_needed
249,Jalan,https://www.jalan.net/yad318558/kuchikomi/archive/9.HTML,archive_9,Jalan_archive_9_3,ja,2014/3/3,2014年2月宿泊,5,5,5,いずりんさんの懐石宿　扇屋のクチコミ,懐石＆佐賀牛炭火焼きステーキプラン,117,yes,facility_wide,water_texture,,お風呂;風呂,무기질감/피부감/온천감 언급,positive,rating_positive_signal,medium,issue_caution_calibration_needed
250,Jalan,https://www.jalan.net/yad318558/kuchikomi/archive/9.HTML,archive_9,Jalan_archive_9_4,ja,2014/2/19,2014年2月宿泊,4,1,4,やっちゃんさんの懐石宿　扇屋のクチコミ,白霜！寒椿と湯けむり♪冬彩を愛でる懐石プラン,55,yes,facility_wide,water_texture,,湯;風呂,무기질감/피부감/온천감 언급,positive,positive_signal_no_caution,medium,issue_caution_calibration_needed
251,Jalan,https://www.jalan.net/yad318558/kuchikomi/archive/9.HTML,archive_9,Jalan_archive_9_5,ja,2014/2/11,2014年1月宿泊,5,3,5,みきちゃんさんの懐石宿　扇屋のクチコミ,季節プランの中の最上級グルメ懐石コースを堪能,228,yes,facility_wide,water_texture,,温泉;湯;露天;風呂,무기질감/피부감/온천감 언급,positive,positive_signal_no_caution,medium,issue_caution_calibration_needed
252,Jalan,https://www.jalan.net/yad318558/kuchikomi/archive/9.HTML,archive_9,Jalan_archive_9_6,ja,2014/1/30,2014年1月宿泊,5,3,5,NNさんの懐石宿　扇屋のクチコミ,季節プランの中の最上級グルメ懐石コースを堪能,383,yes,facility_wide,booking_confusion;water_texture,,お風呂;湯;露天;風呂,무기질감/피부감/온천감 언급,mixed,conditional_signal_tag,medium,issue_caution_calibration_needed
253,Jalan,https://www.jalan.net/yad318558/kuchikomi/archive/9.HTML,archive_9,Jalan_archive_9_7,ja,2014/1/28,2014年1月宿泊,5,4,4,まめさんの懐石宿　扇屋のクチコミ,白霜！寒椿と湯けむり♪冬彩を愛でる懐石プラン,393,yes,private_bath;public_bath;room_bath;room_open_air_bath,private_bath_experience;public_bath_hot_spring;room_bath_hot_spring;water_texture,,お風呂;大浴場;湯;貸し切り;貸切;露天;風呂,대절/프라이빗탕 이용 경험 언급; 객실탕/객실 노천탕 맥락 언급; 대욕장 유무 또는 대욕장 맥락 언급; 무기질감/피부감/온천감 언급,positive,body_positive,high,issue_caution_calibration_needed
254,Jalan,https://www.jalan.net/yad318558/kuchikomi/archive/9.HTML,archive_9,Jalan_archive_9_8,ja,2014/1/24,2014年1月宿泊,5,3,4,kazuさんの懐石宿　扇屋のクチコミ,白霜！寒椿と湯けむり♪冬彩を愛でる懐石プラン,235,yes,facility_wide,water_texture,,湯,무기질감/피부감/온천감 언급,positive,positive_signal_no_caution,medium,issue_caution_calibration_needed
255,Jalan,https://www.jalan.net/yad318558/kuchikomi/archive/9.HTML,archive_9,Jalan_archive_9_9,ja,2014/1/21,2014年1月宿泊,5,4,4,かずさんの懐石宿　扇屋のクチコミ,白霜！寒椿と湯けむり♪冬彩を愛でる懐石プラン,114,yes,facility_wide,water_texture,,湯,무기질감/피부감/온천감 언급,positive,rating_positive_signal,medium,issue_caution_calibration_needed
256,Jalan,https://www.jalan.net/yad318558/kuchikomi/archive/9.HTML,archive_9,Jalan_archive_9_10,ja,2014/1/14,2013年12月宿泊,4,4,4,hanaさんの懐石宿　扇屋のクチコミ,白霜！寒椿と湯けむり♪冬彩を愛でる懐石プラン,370,yes,private_bath,private_bath_experience;water_texture,,お風呂;湯;貸切;貸切風呂;風呂,대절/프라이빗탕 이용 경험 언급; 무기질감/피부감/온천감 언급,positive,body_positive,high,issue_caution_calibration_needed
257,Jalan,https://www.jalan.net/yad318558/kuchikomi/archive/9.HTML,archive_9,Jalan_archive_9_11,ja,2014/1/13,2014年1月宿泊,5,2,5,YTさんの懐石宿　扇屋のクチコミ,季節プランの中の最上級グルメ懐石コースを堪能,106,yes,facility_wide,water_texture,,露天;風呂,무기질감/피부감/온천감 언급,positive,positive_signal_no_caution,medium,issue_caution_calibration_needed
258,Jalan,https://www.jalan.net/yad318558/kuchikomi/archive/9.HTML,archive_9,Jalan_archive_9_12,ja,2014/1/12,2014年1月宿泊,5,4,5,harunohideさんの懐石宿　扇屋のクチコミ,白霜！寒椿と湯けむり♪冬彩を愛でる懐石プラン,383,yes,facility_wide,water_texture,,お風呂;温泉;湯;風呂,무기질감/피부감/온천감 언급,positive,rating_positive_signal,medium,issue_caution_calibration_needed
259,Jalan,https://www.jalan.net/yad318558/kuchikomi/archive/9.HTML,archive_9,Jalan_archive_9_13,ja,2014/1/7,2014年1月宿泊,5,4,4,THOMASさんの懐石宿　扇屋のクチコミ 2014/01/06,季節プランの中の最上級グルメ懐石コースを堪能,173,no,unclear,,,,온천 언급 없는 숙박 경험 리뷰.,neutral,neutral_or_lodging_context,medium,issue_caution_calibration_needed
260,Jalan,https://www.jalan.net/yad318558/kuchikomi/archive/9.HTML,archive_9,Jalan_archive_9_14,ja,2013/12/30,2013年12月宿泊,4,4,4,チェリーさんの懐石宿　扇屋のクチコミ,【貸切風呂無料】総檜の香りと懐石料理が奏でる夢一夜,348,yes,private_bath,private_bath_experience;water_texture,,温泉;貸し切り;貸切;貸切風呂;露天;風呂,대절/프라이빗탕 이용 경험 언급; 무기질감/피부감/온천감 언급,positive,body_positive,high,issue_caution_calibration_needed
261,Jalan,https://www.jalan.net/yad318558/kuchikomi/archive/9.HTML,archive_9,Jalan_archive_9_15,ja,2013/12/30,2013年12月宿泊,5,5,5,美奈子さんの懐石宿　扇屋のクチコミ,【露天風呂付客室】のほほ～んと『和』の美学を堪能♪,130,yes,room_open_air_bath,room_bath_hot_spring,,露天;風呂,객실탕/객실 노천탕 맥락 언급,positive,rating_positive_signal,medium,issue_caution_calibration_needed
262,Jalan,https://www.jalan.net/yad318558/kuchikomi/archive/9.HTML,archive_9,Jalan_archive_9_16,ja,2013/12/30,2013年12月宿泊,4,4,3,ゆうさんの懐石宿　扇屋のクチコミ,わけあり★急に空室が発生しました！★直前割プラン,395,yes,facility_wide,water_texture,,お風呂;温泉;湯;風呂,무기질감/피부감/온천감 언급,positive,rating_positive_signal,medium,issue_caution_calibration_needed
263,Jalan,https://www.jalan.net/yad318558/kuchikomi/archive/9.HTML,archive_9,Jalan_archive_9_17,ja,2013/12/22,2013年12月宿泊,5,4,5,ふみさんの懐石宿　扇屋のクチコミ,白霜！寒椿と湯けむり♪冬彩を愛でる懐石プラン,210,yes,facility_wide,water_texture,,温泉;湯;肌,무기질감/피부감/온천감 언급,positive,rating_positive_signal,medium,issue_caution_calibration_needed
264,Jalan,https://www.jalan.net/yad318558/kuchikomi/archive/9.HTML,archive_9,Jalan_archive_9_18,ja,2013/12/6,2013年10月宿泊,5,3,5,なおさんさんの懐石宿　扇屋のクチコミ,【期間限定】早期予約がお得！選べる特典つきプラン,148,yes,unclear,booking_confusion,stairs_access,階段,주의 신호: stairs_access,mixed,caution_or_issue_tag,high,issue_caution_calibration_needed
265,Jalan,https://www.jalan.net/yad318558/kuchikomi/archive/9.HTML,archive_9,Jalan_archive_9_19,ja,2013/11/26,2013年11月宿泊,5,4,4,decさんの懐石宿　扇屋のクチコミ,【檜の露天風呂付】北欧スタイル洋室で本格懐石に舌鼓,206,yes,facility_wide,water_texture,,温泉;露天;風呂,무기질감/피부감/온천감 언급,positive,rating_positive_signal,medium,issue_caution_calibration_needed
266,Jalan,https://www.jalan.net/yad318558/kuchikomi/archive/9.HTML,archive_9,Jalan_archive_9_20,ja,2013/11/20,2013年11月宿泊,5,5,4,MOMOEさんの懐石宿　扇屋のクチコミ,懐石＆佐賀牛炭火焼きステーキプラン,156,no,unclear,,,,온천 언급 없는 숙박 경험 리뷰.,neutral,neutral_or_lodging_context,medium,issue_caution_calibration_needed
267,Jalan,https://www.jalan.net/yad318558/kuchikomi/archive/9.HTML,archive_9,Jalan_archive_9_21,ja,2013/11/18,2013年9月宿泊,5,4,5,tooさんの懐石宿　扇屋のクチコミ,爽風！月夜と鈴虫の音♪初秋を愛でる懐石プラン,193,yes,facility_wide,water_texture,,お風呂;古い;湯;風呂,무기질감/피부감/온천감 언급,positive,rating_positive_signal,medium,issue_caution_calibration_needed
268,Jalan,https://www.jalan.net/yad318558/kuchikomi/archive/9.HTML,archive_9,Jalan_archive_9_22,ja,2013/11/18,2013年10月宿泊,4,3,5,ユタジャズさんの懐石宿　扇屋のクチコミ,【露天風呂付客室】のほほ～んと『和』の美学を堪能♪,80,yes,room_open_air_bath,room_bath_hot_spring;water_texture,,温泉;露天;風呂,객실탕/객실 노천탕 맥락 언급; 무기질감/피부감/온천감 언급,positive,positive_signal_no_caution,medium,issue_caution_calibration_needed
269,Jalan,https://www.jalan.net/yad318558/kuchikomi/archive/9.HTML,archive_9,Jalan_archive_9_23,ja,2013/11/16,2013年11月宿泊,5,5,5,はなこさんの懐石宿　扇屋のクチコミ 2013/11/09,深薫！味覚と紅葉狩り♪晩秋を愛でる懐石プラン,236,no,unclear,,,,온천 언급 없는 숙박 경험 리뷰.,neutral,neutral_or_lodging_context,medium,issue_caution_calibration_needed
270,Jalan,https://www.jalan.net/yad318558/kuchikomi/archive/9.HTML,archive_9,Jalan_archive_9_24,ja,2013/10/27,2013年10月宿泊,4,4,4,ぷーちゃんさんの懐石宿　扇屋のクチコミ,【檜の露天風呂付】北欧スタイル洋室で本格懐石に舌鼓,11,yes,facility_wide,water_texture,,露天;風呂,무기질감/피부감/온천감 언급,positive,rating_positive_signal,medium,issue_caution_calibration_needed
271,Jalan,https://www.jalan.net/yad318558/kuchikomi/archive/9.HTML,archive_9,Jalan_archive_9_25,ja,2013/10/17,2013年10月宿泊,4,5,4,やっちゃんさんの懐石宿　扇屋のクチコミ,爽風！月夜と鈴虫の音♪初秋を愛でる懐石プラン,338,yes,facility_wide,booking_confusion;water_texture,,泉質;湯;風呂,무기질감/피부감/온천감 언급,mixed,conditional_signal_tag,medium,issue_caution_calibration_needed
272,Jalan,https://www.jalan.net/yad318558/kuchikomi/archive/9.HTML,archive_9,Jalan_archive_9_26,ja,2013/9/22,2013年9月宿泊,5,4,5,おきろんさんの懐石宿　扇屋のクチコミ,【期間限定】早期予約がお得！選べる特典つきプラン,86,yes,facility_wide,booking_confusion;water_texture,,湯,무기질감/피부감/온천감 언급,mixed,conditional_signal_tag,medium,issue_caution_calibration_needed
273,Jalan,https://www.jalan.net/yad318558/kuchikomi/archive/9.HTML,archive_9,Jalan_archive_9_27,ja,2013/9/19,2013年8月宿泊,5,4,5,あびさんの懐石宿　扇屋のクチコミ,【期間限定】早期予約がお得！選べる特典つきプラン,190,yes,unclear,booking_confusion,room_coldness,冷,주의 신호: room_coldness,mixed,body_negative_with_context,high,issue_caution_calibration_needed
274,Jalan,https://www.jalan.net/yad318558/kuchikomi/archive/9.HTML,archive_9,Jalan_archive_9_28,ja,2013/9/4,2013年8月宿泊,5,3,5,huhhuさんの懐石宿　扇屋のクチコミ,霜降り佐賀牛しゃぶと懐石料理に舌鼓する♪,367,yes,facility_wide,water_texture,stairs_access,お風呂;階段;露天;風呂,무기질감/피부감/온천감 언급; 주의 신호: stairs_access,mixed,caution_or_issue_tag,high,issue_caution_calibration_needed
275,Jalan,https://www.jalan.net/yad318558/kuchikomi/archive/9.HTML,archive_9,Jalan_archive_9_29,ja,2013/9/2,2013年7月宿泊,5,4,5,ダルマさんの懐石宿　扇屋のクチコミ,名湯・武雄温泉の元湯入浴券（外湯）付きプラン,267,yes,facility_wide,water_texture,stairs_access,温泉;湯;階段,무기질감/피부감/온천감 언급; 주의 신호: stairs_access,mixed,caution_or_issue_tag,high,issue_caution_calibration_needed
276,Jalan,https://www.jalan.net/yad318558/kuchikomi/archive/9.HTML,archive_9,Jalan_archive_9_30,ja,2013/8/26,2013年8月宿泊,5,5,4,のんちゃんさんの懐石宿　扇屋のクチコミ,わけあり★急に空室が発生しました！★直前割プラン,189,yes,room_bath;room_open_air_bath,room_bath_hot_spring;water_texture,,湯;露天,객실탕/객실 노천탕 맥락 언급; 무기질감/피부감/온천감 언급,positive,rating_positive_signal,medium,issue_caution_calibration_needed
277,Jalan,https://www.jalan.net/yad318558/kuchikomi/archive/10.HTML,archive_10,Jalan_archive_10_1,ja,2013/8/26,2013年8月宿泊,5,4,4,hidejalanさんの懐石宿　扇屋のクチコミ,【露天風呂付客室】のほほ～んと『和』の美学を堪能♪,140,yes,room_open_air_bath,room_bath_hot_spring,,お風呂;露天;風呂,객실탕/객실 노천탕 맥락 언급,positive,rating_positive_signal,medium,issue_caution_calibration_needed
278,Jalan,https://www.jalan.net/yad318558/kuchikomi/archive/10.HTML,archive_10,Jalan_archive_10_2,ja,2013/8/21,2013年8月宿泊,5,4,3,たそたそさんの懐石宿　扇屋のクチコミ,わけあり★急に空室が発生しました！★直前割プラン,209,yes,facility_wide,water_texture,,露天;風呂,무기질감/피부감/온천감 언급,positive,rating_positive_signal,medium,issue_caution_calibration_needed
279,Jalan,https://www.jalan.net/yad318558/kuchikomi/archive/10.HTML,archive_10,Jalan_archive_10_3,ja,2013/8/20,2013年8月宿泊,5,5,3,くーちゃんさんの懐石宿　扇屋のクチコミ,露天風呂付き客室　平日限定　割引プラン,140,yes,room_bath,room_bath_hot_spring;water_texture,,温泉;部屋の温泉;露天;風呂,객실탕/객실 노천탕 맥락 언급; 무기질감/피부감/온천감 언급,positive,rating_positive_signal,medium,issue_caution_calibration_needed
280,Jalan,https://www.jalan.net/yad318558/kuchikomi/archive/10.HTML,archive_10,Jalan_archive_10_4,ja,2013/8/16,2013年8月宿泊,5,2,4,なおみさんの懐石宿　扇屋のクチコミ,わけあり★急に空室が発生しました！★直前割プラン,162,no,unclear,,,,온천 언급 없는 숙박 경험 리뷰.,neutral,neutral_or_lodging_context,medium,issue_caution_calibration_needed
281,Jalan,https://www.jalan.net/yad318558/kuchikomi/archive/10.HTML,archive_10,Jalan_archive_10_5,ja,2013/8/14,2013年8月宿泊,5,5,5,はなこさんの懐石宿　扇屋のクチコミ,グルメ懐石★ 扇屋の 最上級懐石コース プラン,220,yes,facility_wide,water_texture,,温泉,무기질감/피부감/온천감 언급,positive,rating_positive_signal,medium,issue_caution_calibration_needed
282,Jalan,https://www.jalan.net/yad318558/kuchikomi/archive/10.HTML,archive_10,Jalan_archive_10_6,ja,2013/8/14,2013年8月宿泊,4,4,4,からあげくんさんの懐石宿　扇屋のクチコミ,わけあり★急に空室が発生しました！★直前割プラン,184,yes,private_bath,private_bath_experience;water_texture,,湯;貸し切り;露天;風呂,대절/프라이빗탕 이용 경험 언급; 무기질감/피부감/온천감 언급,positive,body_positive,high,issue_caution_calibration_needed
283,Jalan,https://www.jalan.net/yad318558/kuchikomi/archive/10.HTML,archive_10,Jalan_archive_10_7,ja,2013/8/12,2013年8月宿泊,5,5,5,ジェーニャさんの懐石宿　扇屋のクチコミ,【檜の露天風呂付】北欧スタイル洋室で本格懐石に舌鼓,377,yes,facility_wide,water_texture,,お風呂;露天;風呂,무기질감/피부감/온천감 언급,positive,rating_positive_signal,medium,issue_caution_calibration_needed
284,Jalan,https://www.jalan.net/yad318558/kuchikomi/archive/10.HTML,archive_10,Jalan_archive_10_8,ja,2013/8/1,2013年7月宿泊,4,3,4,だいちゃんさんの懐石宿　扇屋のクチコミ,【期間限定】早期予約がお得！選べる特典つきプラン,347,yes,private_bath;public_bath,booking_confusion;private_bath_experience;public_bath_hot_spring,,お風呂;大浴場;貸切;貸切風呂;露天;風呂,대절/프라이빗탕 이용 경험 언급; 대욕장 유무 또는 대욕장 맥락 언급,mixed,conditional_signal_tag,medium,issue_caution_calibration_needed
285,Jalan,https://www.jalan.net/yad318558/kuchikomi/archive/10.HTML,archive_10,Jalan_archive_10_9,ja,2013/7/11,2013年7月宿泊,5,4,4,THOMASさんの懐石宿　扇屋のクチコミ,【期間限定】風流！蛍雨の紫陽花♪初夏の懐石プラン,285,no,unclear,,,,온천 언급 없는 숙박 경험 리뷰.,neutral,neutral_or_lodging_context,medium,issue_caution_calibration_needed
286,Jalan,https://www.jalan.net/yad318558/kuchikomi/archive/10.HTML,archive_10,Jalan_archive_10_10,ja,2013/7/9,2013年7月宿泊,4,4,4,流れ星さんの懐石宿　扇屋のクチコミ,【露天風呂付客室】のほほ～んと『和』の美学を堪能♪,382,yes,room_open_air_bath,room_bath_hot_spring;water_texture,,温泉;露天;風呂,객실탕/객실 노천탕 맥락 언급; 무기질감/피부감/온천감 언급,positive,rating_positive_signal,medium,issue_caution_calibration_needed
287,Jalan,https://www.jalan.net/yad318558/kuchikomi/archive/10.HTML,archive_10,Jalan_archive_10_11,ja,2013/7/8,2013年6月宿泊,4,4,3,hisaさんの懐石宿　扇屋のクチコミ,懐石＆佐賀牛炭火焼きステーキプラン,139,yes,facility_wide,water_texture,,露天;風呂,무기질감/피부감/온천감 언급,positive,rating_positive_signal,medium,issue_caution_calibration_needed
288,Jalan,https://www.jalan.net/yad318558/kuchikomi/archive/10.HTML,archive_10,Jalan_archive_10_12,ja,2013/6/23,2013年6月宿泊,5,5,5,うなさんの懐石宿　扇屋のクチコミ,【露天風呂付客室】のほほ～んと『和』の美学を堪能♪,333,yes,room_open_air_bath,room_bath_hot_spring,,露天;風呂,객실탕/객실 노천탕 맥락 언급,positive,rating_positive_signal,medium,issue_caution_calibration_needed
289,Jalan,https://www.jalan.net/yad318558/kuchikomi/archive/10.HTML,archive_10,Jalan_archive_10_13,ja,2013/6/21,2013年6月宿泊,4,4,4,ムクムクさんの懐石宿　扇屋のクチコミ,【檜の露天風呂付】北欧スタイル洋室で本格懐石に舌鼓,222,yes,room_bath,room_bath_hot_spring,,お風呂;露天;風呂,객실탕/객실 노천탕 맥락 언급,positive,rating_positive_signal,medium,issue_caution_calibration_needed
290,Jalan,https://www.jalan.net/yad318558/kuchikomi/archive/10.HTML,archive_10,Jalan_archive_10_14,ja,2013/6/5,2013年5月宿泊,5,5,5,さやさんの懐石宿　扇屋のクチコミ,【期間限定】早期予約がお得！選べる特典つきプラン,107,yes,unclear,booking_confusion,,,온천/욕장 관련 표현 포함.,mixed,conditional_signal_tag,medium,issue_caution_calibration_needed
291,Jalan,https://www.jalan.net/yad318558/kuchikomi/archive/10.HTML,archive_10,Jalan_archive_10_15,ja,2013/6/1,2013年5月宿泊,5,4,4,ちゅあんさんの懐石宿　扇屋のクチコミ,【檜の露天風呂付】北欧スタイル洋室で本格懐石に舌鼓,389,yes,facility_wide,booking_confusion;water_texture,stairs_access,お風呂;温泉;階段;露天;風呂,무기질감/피부감/온천감 언급; 주의 신호: stairs_access,mixed,caution_or_issue_tag,high,issue_caution_calibration_needed
292,Jalan,https://www.jalan.net/yad318558/kuchikomi/archive/10.HTML,archive_10,Jalan_archive_10_16,ja,2013/5/18,2013年5月宿泊,5,5,5,はなこさんの懐石宿　扇屋のクチコミ,グルメ懐石★ 扇屋の 最上級懐石コース プラン,309,yes,facility_wide,water_texture,,湯,무기질감/피부감/온천감 언급,positive,rating_positive_signal,medium,issue_caution_calibration_needed
293,Jalan,https://www.jalan.net/yad318558/kuchikomi/archive/10.HTML,archive_10,Jalan_archive_10_17,ja,2013/5/13,2013年5月宿泊,4,4,4,クレオパトラさんの懐石宿　扇屋のクチコミ,【檜の露天風呂付】北欧スタイル洋室で本格懐石に舌鼓,90,yes,facility_wide,water_texture,,不便;露天;風呂,무기질감/피부감/온천감 언급,mixed,body_negative_with_context,high,issue_caution_calibration_needed
294,Jalan,https://www.jalan.net/yad318558/kuchikomi/archive/10.HTML,archive_10,Jalan_archive_10_18,ja,2013/5/7,2013年5月宿泊,5,5,5,ゆうちゃんさんの懐石宿　扇屋のクチコミ,わけあり★急に空室が発生しました！★直前割プラン,102,yes,unclear,booking_confusion,,,온천/욕장 관련 표현 포함.,mixed,conditional_signal_tag,medium,issue_caution_calibration_needed
295,Jalan,https://www.jalan.net/yad318558/kuchikomi/archive/10.HTML,archive_10,Jalan_archive_10_19,ja,2013/5/3,2013年5月宿泊,5,3,4,おのかずひこさんの懐石宿　扇屋のクチコミ,わけあり★急に空室が発生しました！★直前割プラン,104,yes,room_bath;room_open_air_bath,room_bath_hot_spring,,露天,객실탕/객실 노천탕 맥락 언급,positive,positive_signal_no_caution,medium,issue_caution_calibration_needed
296,Jalan,https://www.jalan.net/yad318558/kuchikomi/archive/10.HTML,archive_10,Jalan_archive_10_20,ja,2013/4/10,2013年4月宿泊,5,4,5,ゆうさんの懐石宿　扇屋のクチコミ,名湯・武雄温泉の元湯入浴券（外湯）付きプラン,362,yes,private_bath,private_bath_experience;water_texture,room_coldness;stairs_access,お風呂;冷;温泉;湯;貸し切り;階段;風呂,"대절/프라이빗탕 이용 경험 언급; 무기질감/피부감/온천감 언급; 주의 신호: room_coldness,stairs_access",mixed,body_positive_and_negative,high,issue_caution_calibration_needed
297,Jalan,https://www.jalan.net/yad318558/kuchikomi/archive/10.HTML,archive_10,Jalan_archive_10_21,ja,2013/4/2,2013年4月宿泊,5,4,5,あゆさんの懐石宿　扇屋のクチコミ,【露天風呂付客室】のほほ～んと『和』の美学を堪能♪,197,yes,room_bath;room_open_air_bath,booking_confusion;room_bath_hot_spring;water_texture,,温泉;露天;風呂,객실탕/객실 노천탕 맥락 언급; 무기질감/피부감/온천감 언급,mixed,conditional_signal_tag,medium,issue_caution_calibration_needed
298,Jalan,https://www.jalan.net/yad318558/kuchikomi/archive/10.HTML,archive_10,Jalan_archive_10_22,ja,2013/4/2,2013年3月宿泊,5,5,4,602号さんの懐石宿　扇屋のクチコミ,露天風呂付き客室　平日限定　割引プラン,315,yes,facility_wide,booking_confusion;water_texture,,温泉;露天;風呂,무기질감/피부감/온천감 언급,mixed,conditional_signal_tag,medium,issue_caution_calibration_needed
299,Jalan,https://www.jalan.net/yad318558/kuchikomi/archive/10.HTML,archive_10,Jalan_archive_10_23,ja,2013/3/24,2013年3月宿泊,5,5,5,きゅうさんの懐石宿　扇屋のクチコミ,懐石＆佐賀牛炭火焼きステーキプラン,384,yes,facility_wide,water_texture,,露天;風呂,무기질감/피부감/온천감 언급,positive,rating_positive_signal,medium,issue_caution_calibration_needed
300,Jalan,https://www.jalan.net/yad318558/kuchikomi/archive/10.HTML,archive_10,Jalan_archive_10_24,ja,2013/3/15,2013年3月宿泊,5,2,5,ベラママンさんの懐石宿　扇屋のクチコミ,【期間限定】優雅！有田雛まつりと♪華やぎ懐石プラン,207,yes,facility_wide,water_texture,,お風呂;風呂,무기질감/피부감/온천감 언급,positive,positive_signal_no_caution,medium,issue_caution_calibration_needed
301,Jalan,https://www.jalan.net/yad318558/kuchikomi/archive/10.HTML,archive_10,Jalan_archive_10_25,ja,2013/3/12,2013年3月宿泊,5,5,5,メリーさんの懐石宿　扇屋のクチコミ,【期間限定】早期予約がお得！選べる特典つきプラン,220,yes,facility_wide,booking_confusion;water_texture,stairs_access,温泉;階段,무기질감/피부감/온천감 언급; 주의 신호: stairs_access,mixed,caution_or_issue_tag,high,issue_caution_calibration_needed
302,Jalan,https://www.jalan.net/yad318558/kuchikomi/archive/10.HTML,archive_10,Jalan_archive_10_26,ja,2013/3/1,2013年2月宿泊,5,5,5,時ちゃんさんの懐石宿　扇屋のクチコミ,懐石＆佐賀牛炭火焼きステーキプラン,387,yes,facility_wide,booking_confusion;water_texture,stairs_access,お風呂;古い;温泉;湯;階段;風呂,무기질감/피부감/온천감 언급; 주의 신호: stairs_access,mixed,caution_or_issue_tag,high,issue_caution_calibration_needed
303,Jalan,https://www.jalan.net/yad318558/kuchikomi/archive/10.HTML,archive_10,Jalan_archive_10_27,ja,2013/2/22,2013年2月宿泊,4,3,4,なびいさんの懐石宿　扇屋のクチコミ,白霜！寒椿と湯けむり♪冬彩を愛でる懐石プラン,246,yes,facility_wide,water_texture,stairs_access;temperature,お風呂;湯;階段;風呂,"무기질감/피부감/온천감 언급; 주의 신호: stairs_access,temperature",mixed,caution_or_issue_tag,high,issue_caution_calibration_needed
304,Jalan,https://www.jalan.net/yad318558/kuchikomi/archive/10.HTML,archive_10,Jalan_archive_10_28,ja,2013/2/18,2013年1月宿泊,5,4,5,ポッキーさんの懐石宿　扇屋のクチコミ 2013/01/21,白霜！寒椿と湯けむり♪冬彩を愛でる懐石プラン,151,yes,facility_wide,water_texture,,湯,무기질감/피부감/온천감 언급,positive,rating_positive_signal,medium,issue_caution_calibration_needed
305,Jalan,https://www.jalan.net/yad318558/kuchikomi/archive/10.HTML,archive_10,Jalan_archive_10_29,ja,2013/2/17,2013年2月宿泊,5,5,5,めめざるさんの懐石宿　扇屋のクチコミ,【期間限定】早期予約がお得！選べる特典つきプラン,388,yes,private_bath,booking_confusion;private_bath_experience,,貸切;貸切風呂;風呂,대절/프라이빗탕 이용 경험 언급,mixed,conditional_signal_tag,medium,issue_caution_calibration_needed
306,Jalan,https://www.jalan.net/yad318558/kuchikomi/archive/10.HTML,archive_10,Jalan_archive_10_30,ja,2013/2/16,2013年2月宿泊,5,3,5,shin88さんの懐石宿　扇屋のクチコミ,白霜！寒椿と湯けむり♪冬彩を愛でる懐石プラン,72,yes,facility_wide,water_texture,,湯,무기질감/피부감/온천감 언급,positive,positive_signal_no_caution,medium,issue_caution_calibration_needed
307,Rakuten,https://travel.rakuten.co.jp/HOTEL/68087/review.html,api_latest,Rakuten_1,ja,2026-06-06,,5,5,5,食事、部屋、お風呂全て大満足でした,,113,yes,facility_wide,water_texture,,お風呂;風呂,무기질감/피부감/온천감 언급,positive,body_positive,high,issue_caution_calibration_needed
308,Rakuten,https://travel.rakuten.co.jp/HOTEL/68087/review.html,api_latest,Rakuten_2,ja,2026-03-03,,5,5,4,懐石料理と朝食の焼き海苔が最高,,69,no,unclear,,,,온천 언급 없는 숙박 경험 리뷰.,positive,body_positive,high,issue_caution_calibration_needed
309,JTB,https://www.jtb.co.jp/kokunai-hotel/htl/8145010/review/,html,JTB_1,ja,,2025年12月19日,,,,,,34,no,unclear,,,,온천 언급 없는 숙박 경험 리뷰.,neutral,neutral_or_lodging_context,medium,issue_caution_calibration_needed
310,JTB,https://www.jtb.co.jp/kokunai-hotel/htl/8145010/review/,html,JTB_2,ja,,2024年10月30日,,,,,,26,no,unclear,,,,온천 언급 없는 숙박 경험 리뷰.,neutral,neutral_or_lodging_context,medium,issue_caution_calibration_needed
311,JTB,https://www.jtb.co.jp/kokunai-hotel/htl/8145010/review/,html,JTB_3,ja,,2024年1月23日,,,,,,86,no,unclear,,,,온천 언급 없는 숙박 경험 리뷰.,neutral,neutral_or_lodging_context,medium,issue_caution_calibration_needed
312,JTB,https://www.jtb.co.jp/kokunai-hotel/htl/8145010/review/,html,JTB_4,ja,,2023年5月29日,,,,,,42,no,unclear,,,,온천 언급 없는 숙박 경험 리뷰.,neutral,neutral_or_lodging_context,medium,issue_caution_calibration_needed
313,JTB,https://www.jtb.co.jp/kokunai-hotel/htl/8145010/review/,html,JTB_5,ja,,2023年5月18日,,,,,,33,yes,unclear,water_texture,,泉質,무기질감/피부감/온천감 언급,positive,positive_signal_no_caution,medium,issue_caution_calibration_needed
314,Trip.com,https://ca.trip.com/hotels/takeo-hotel-detail-31487624/kaiseki-yado-ougiya/,html_json,Trip_1,en,2025-04-13,,10,,,,,36,no,unclear,,,,온천 언급 없는 숙박 경험 리뷰.,neutral,neutral_or_lodging_context,medium,issue_caution_calibration_needed
315,Trip.com,https://ca.trip.com/hotels/takeo-hotel-detail-31487624/kaiseki-yado-ougiya/,html_json,Trip_2,en,2024-11-25,,10,,,,,52,no,unclear,,,,온천 언급 없는 숙박 경험 리뷰.,neutral,neutral_or_lodging_context,medium,issue_caution_calibration_needed
316,Trip.com,https://ca.trip.com/hotels/takeo-hotel-detail-31487624/kaiseki-yado-ougiya/,html_json,Trip_3,zh,2025-01-11,,10,,,,,197,yes,private_bath,private_bath_experience,room_coldness,冷,대절/프라이빗탕 이용 경험 언급; 주의 신호: room_coldness,mixed,body_positive_and_negative,high,issue_caution_calibration_needed
317,Trip.com,https://ca.trip.com/hotels/takeo-hotel-detail-31487624/kaiseki-yado-ougiya/,html_json,Trip_4,ko,2024-12-20,,9.5,,,,,129,no,unclear,,,,온천 언급 없는 숙박 경험 리뷰.,neutral,neutral_or_lodging_context,medium,issue_caution_calibration_needed
318,Trip.com,https://ca.trip.com/hotels/takeo-hotel-detail-31487624/kaiseki-yado-ougiya/,html_json,Trip_5,zh,2025-01-19,,9.5,,,,,197,yes,facility_wide,water_texture,,温泉;湯,무기질감/피부감/온천감 언급,positive,positive_signal_no_caution,medium,issue_caution_calibration_needed
319,Trip.com,https://ca.trip.com/hotels/takeo-hotel-detail-31487624/kaiseki-yado-ougiya/,html_json,Trip_6,zh,2024-12-02,,9.5,,,,,50,yes,facility_wide,water_texture,,温泉;湯,무기질감/피부감/온천감 언급,positive,positive_signal_no_caution,medium,issue_caution_calibration_needed
320,Trip.com,https://ca.trip.com/hotels/takeo-hotel-detail-31487624/kaiseki-yado-ougiya/,html_json,Trip_7,zh,2024-06-09,,10,,,,,112,yes,private_bath;public_bath,private_bath_experience;public_bath_hot_spring;water_texture,,大浴場;沒有大浴場;温泉;湯,대절/프라이빗탕 이용 경험 언급; 대욕장 유무 또는 대욕장 맥락 언급; 무기질감/피부감/온천감 언급,positive,body_positive,high,issue_caution_calibration_needed
321,Trip.com,https://ca.trip.com/hotels/takeo-hotel-detail-31487624/kaiseki-yado-ougiya/,html_json,Trip_8,zh,2024-06-07,,8,,,,,50,no,unclear,,,,온천 언급 없는 숙박 경험 리뷰.,neutral,neutral_or_lodging_context,medium,issue_caution_calibration_needed
322,Trip.com,https://ca.trip.com/hotels/takeo-hotel-detail-31487624/kaiseki-yado-ougiya/,html_json,Trip_9,zh,2024-11-29,,9,,,,,13,no,unclear,,,,온천 언급 없는 숙박 경험 리뷰.,neutral,neutral_or_lodging_context,medium,issue_caution_calibration_needed
323,Trip.com,https://ca.trip.com/hotels/takeo-hotel-detail-31487624/kaiseki-yado-ougiya/,html_json,Trip_10,zh,2023-10-25,,10,,,,,27,yes,facility_wide,water_texture,,湯,무기질감/피부감/온천감 언급,positive,positive_signal_no_caution,medium,issue_caution_calibration_needed
324,Google native,Aside Browser Google Hotels review tab: https://www.google.com/travel/search?q=Ogiya%20Takeo%20Onsen%20reviews,aside_google_hotels_review_tab,Google_native_1,ko,2026-04 approx,,5,,,,,snapshot_visible,yes,room_bath,room_bath_hot_spring;water_texture,,온천욕;객실,"복층 객실의 1층/2층 온천 가능성과 방 식사, 휴식 만족 언급",positive,body_positive,high,issue_caution_calibration_needed
325,Google native,Aside Browser Google Hotels review tab: https://www.google.com/travel/search?q=Ogiya%20Takeo%20Onsen%20reviews,aside_google_hotels_review_tab,Google_native_2,ko,2024 approx,,5,,,,,snapshot_visible,yes,unclear,,stairs_access,계단,요리 중심이나 계단이 있다는 동선 주의 언급,mixed,caution_or_issue_tag,high,issue_caution_calibration_needed
326,Google native,Aside Browser Google Hotels review tab: https://www.google.com/travel/search?q=Ogiya%20Takeo%20Onsen%20reviews,aside_google_hotels_review_tab,Google_native_3,ko,2019 approx,,5,,,,,snapshot_visible,yes,facility_wide,weak_onsen_feeling,weak_onsen_feeling,온천;쏘쏘,"온천 자체는 보통, 요리 만족이 중심이라는 평가",negative,negative_signal_tag,high,issue_caution_calibration_needed
327,Google native,Aside Browser Google Hotels review tab: https://www.google.com/travel/search?q=Ogiya%20Takeo%20Onsen%20reviews,aside_google_hotels_review_tab,Google_native_4,ko,2025 approx,,5,,,,,snapshot_visible,no,unclear,,,,친절/정성 중심의 짧은 숙박 만족 리뷰,positive,body_positive,high,issue_caution_calibration_needed
328,Google native,Aside Browser Google Hotels review tab: https://www.google.com/travel/search?q=Ogiya%20Takeo%20Onsen%20reviews,aside_google_hotels_review_tab,Google_native_5,ja->ko_machine,2026-04 approx,,5,,,,,snapshot_visible,yes,private_bath,private_bath_experience,stairs_access,전세;목욕;계단,전세로 쓸 수 있는 공용 목욕 구조와 계단 많은 관내 구조 언급,mixed,caution_or_issue_tag,high,issue_caution_calibration_needed
329,Google native,Aside Browser Google Hotels review tab: https://www.google.com/travel/search?q=Ogiya%20Takeo%20Onsen%20reviews,aside_google_hotels_review_tab,Google_native_6,ja->ko_machine,2026-04 approx,,5,,,,,snapshot_visible,yes,room_bath,room_bath_hot_spring;water_texture,,방의 온천;투명,방의 온천이 투명하고 좋았다는 객실탕 신호,positive,body_positive,high,issue_caution_calibration_needed
330,Google native,Aside Browser Google Hotels review tab: https://www.google.com/travel/search?q=Ogiya%20Takeo%20Onsen%20reviews,aside_google_hotels_review_tab,Google_native_7,ja->ko_machine,2026-05 approx,,4,,,,,snapshot_visible,yes,room_open_air_bath,room_bath_hot_spring,stairs_access;temperature,계단;방의 노천탕;따뜻한 물,"계단/짐 운반 주의, 객실 노천탕이 작고 온도 관련 안내가 있었다는 신호",mixed,caution_or_issue_tag,high,issue_caution_calibration_needed
