sample_no,review_id,platform,source_url,review_date,stay_date,language,rating,reviewer,room_or_plan,title,body_excerpt,bath_area_tags,keyword_tags,onsen_related,sample_layer,body_hash,signal_direction,direction_backfill_rule,direction_backfill_confidence,direction_backfill_candidate_type
1,jalan_01_010,Jalan,https://www.jalan.net/yad352850/kuchikomi/,2026/7/5,,ja,,,,部屋付き露天風呂が最高！,お部屋の露天風呂は 別府湾が一望でき最高でした。何度も入浴してしまいました。チェックアウトの時間が12時から11時に変更になってて慌てました。予約時と前日の最終確認メールでは12時のままで。12時でスケジュールを組んでたので残念でした。ホテル側の変更の場合は ホテルから予約者に連絡すべきでは？その点がマイナスです。,room_open_air_bath,booking_confusion|open_air_public_bath|room_open_air_bath|view,true,jalan_latest,2d85fe809a89,mixed,body_positive_and_negative,high,body_sentiment_inference_needed
2,jalan_01_020,Jalan,https://www.jalan.net/yad352850/kuchikomi/,2026/7/3,,ja,,,,結婚記念日,星野リゾート界ということで、半年前から予約して期待しすぎました。 久しぶりの旅行だったので、露天風呂付の部屋にしたのですが、露天風呂にゴミみたいなのが浮いてたり、横を見るとクモの巣が張ってました。見ただけで入りたくなくなりました。大浴場はとても綺麗でゆっくり浸かれました。 部屋についてる洗面所のコンセントは外れかかってるし‥‥何かガッカリでした。 でも料理は,public_bath|room_open_air_bath,booking_confusion|cleaning_or_maintenance|open_air_public_bath|public_bath|room_open_air_bath,true,jalan_latest,24a1cfbd404f,mixed,conditional_signal_tag,medium,body_sentiment_inference_needed
3,jalan_01_030,Jalan,https://www.jalan.net/yad352850/kuchikomi/,2026/7/2,,ja,,,,おもてなしの気持ちを感じられました,従業員の方全員、とても感じが良かったです。 チェックインの時はロビーのような所でチェックインし、そこでいつでも飲み物が飲めるのがとても良かったです。 ただチェックイン時に部屋まで荷物を運んだり等がないにせよ、せめて同じフロアのエレベーター前まで送る等あればもっと嬉しいのになと思いました。 チェックイン後に館内を家族で散策した時に、女性風呂を探して迷子になりま,public_bath,cleaning_or_maintenance|public_bath|view,true,jalan_latest,7b3afb1fc6fc,mixed,conditional_signal_tag,medium,body_sentiment_inference_needed
4,jalan_01_040,Jalan,https://www.jalan.net/yad352850/kuchikomi/,2026/7/1,,ja,,,,初めての星野リゾート,色々意味がある今回の家族旅行でいつも気になった所が星野リゾートでした。子供達が久しぶりに 別府へ行きたいと言ってたのでじゃらんで検索したらお得なキャンペーンで星野リゾートが出たので予約しました。施設、温泉、食事、職員の優しさ、イベントなどやっぱり家族みんな大満足でした。家族みんな良い思い出になった星野リゾート、ありがとうございます。また是非ご利用します…,facility_wide,booking_confusion,true,jalan_latest,dbb5ece8ccfe,mixed,conditional_signal_tag,medium,body_sentiment_inference_needed
5,jalan_01_050,Jalan,https://www.jalan.net/yad352850/kuchikomi/,2026/6/30,,ja,,,,満足。,70を超える母と叔母達を連れて行きました。 温泉、食事共に満足してくれたようです。 個人的には立地的に露天風呂は難しいですよね。 といったところかなと思いました。,open_air_public_bath,open_air_public_bath,true,jalan_latest,b6b508793ec2,positive,body_positive,high,body_sentiment_inference_needed
6,jalan_01_060,Jalan,https://www.jalan.net/yad352850/kuchikomi/,2026/6/26,,ja,,,,期待してたほどではなかったかなぁ,初の星野リゾート界。 お部屋はとても綺麗で満足でした。 食事も美味しかった…けど朝夕食共に何かが足りない。。コレ！といったインパクトと凄い！絶品！というのがなかったのと量が少し少なめに感じました。 スタッフさん達の接客おもてなし･笑顔はとても素敵でした。 ただ…電話が3日前からかけても全く繋がらない…保留中は有料なんですか？5分以上待っても繋がらなかったので,unclear,booking_confusion,false,jalan_latest,fb3730f01c21,mixed,conditional_signal_tag,medium,body_sentiment_inference_needed
7,jalan_01_070,Jalan,https://www.jalan.net/yad352850/kuchikomi/,2026/6/24,,ja,,,,とにかくホテルから見える景色が素敵でした,館内には足湯やフリースペース、夜にはお祭りが開催されるなどホテル内での時間を有意義に過ごすことができました 外を出ると海が一望できる芝生を散歩しながら夕陽を見ることができました。ロケーションが最高です 個人的には食事会場が素敵な空間でお気に入りです お料理一つ一つが美味しく朝食も忘れられないです,facility_wide,booking_confusion|footbath|view,true,jalan_latest,d51516e06619,mixed,conditional_signal_tag,medium,body_sentiment_inference_needed
8,jalan_01_080,Jalan,https://www.jalan.net/yad352850/kuchikomi/,2026/6/21,,ja,,,,リラックスできました。ありがとうございます。,駐車場から従業員の方が待ち受けて下さり、ホスピタリティの素晴らしさを感じました。イギリスから帰国した友達とこのホテルで落ち合って良いひとときが過ごせました。24時間使えるライブラリー兼カフェラウンジは最高でした。早朝5時にお風呂に行ったら未だ空いてなかったり、困った時にフロントに従業員さんがいなかったのは若干不便でした。ゴミがたまに落ちていた時も気づいてサッ,facility_wide,access|booking_confusion|cleaning_or_maintenance,true,jalan_latest,a41a1f087e73,mixed,body_positive_and_negative,high,body_sentiment_inference_needed
9,jalan_01_093,Jalan,https://www.jalan.net/yad352850/kuchikomi/,2026/6/17,,ja,,,,育児お休み旅行,３人とも毎日子育てに追われているため、たまにはのんびりしたく、育児休暇旅行で友達３人で利用させてもらったのですが、 本当にのんびりできすぐ海が見えて幸せな時間でした！！ また是非いきたいです！,unclear,booking_confusion|view,false,jalan_latest,f195622ecd1c,mixed,conditional_signal_tag,medium,body_sentiment_inference_needed
10,jalan_01_106,Jalan,https://www.jalan.net/yad352850/kuchikomi/,2026/6/16,,ja,,,,料理だけが残念！,星野リゾートということで期待して宿泊したのですが、１番楽しみにしていた料理で、特に刺身の醤油が甘すぎたことが残念でした。大分の醤油が甘いのは有名かもしれませんが、せめて選べるように、両方用意していただきたかったです。関東の醤油に親しんできた者には、食べるのが苦痛なほどでした。,unclear,,false,jalan_latest,29131404a29b,mixed,body_positive_and_negative,high,body_sentiment_inference_needed
11,jalan_01_119,Jalan,https://www.jalan.net/yad352850/kuchikomi/,2026/6/7,,ja,,,,お風呂がちょっと…,家族旅行でお世話になりました。 部屋は眺めが良く清潔でした。 楽しみにしていたお風呂ですが、熱すぎる湯とぬるすぎる湯で皆さんぬるい湯にはいるのでゆっくり出来ませんでした。 私が確認不足だったのすが、2人組がお風呂に入ってきたのでビックリしましたし良い気持ちはしませんでした。,facility_wide,cleaning_or_maintenance|view,true,jalan_latest,1c7fc344fb7b,mixed,body_positive_and_negative,high,body_sentiment_inference_needed
12,jalan_01_132,Jalan,https://www.jalan.net/yad352850/kuchikomi/,2026/6/6,,ja,,,,ゆっくり過ごせました！,お庭を眺めながらの食事は、素敵でした。お料理の提供されるタイミングも良かったです。強いて言うなら、朝食の品数がもうちょっとあると嬉しかったかな？,unclear,view,false,jalan_latest,e1691ce2e5d2,positive,body_positive,high,body_sentiment_inference_needed
13,jalan_01_145,Jalan,https://www.jalan.net/yad352850/kuchikomi/,2026/6/2,,ja,,,,ロケーションが最高でした,お部屋からの別府湾越しの大分市内の夜景がとてもきれいで、それを見ながら部屋風呂に入るのが至福の時間でした！ 朝の海岸線を散歩するのも気持ちよくてとてもいい時間を過ごせました。,room_bath,booking_confusion|room_bath|view,true,jalan_latest,3ee62b29230a,mixed,conditional_signal_tag,medium,body_sentiment_inference_needed
14,jalan_01_158,Jalan,https://www.jalan.net/yad352850/kuchikomi/,2026/6/2,,ja,,,,ゆっくり大人旅にお勧めです。,親子で久しぶりの旅行でお世話になりました。 その日は満室でしたが、お風呂が混雑する事もなく本当に満室？と思うような快適さでした。 朝食の時間は希望を取らず施設側が決めた時間なので、予定がある方は事前に施設側へその旨伝えておいた方がいいと思いました。 部屋でチェックインでき、ロビーでチェックイン待ちなどせずすぐにお部屋に上がれて良かったです。 子供が遊べるよう,facility_wide,booking_confusion|crowding,true,jalan_latest,2b67a7daaea2,mixed,conditional_signal_tag,medium,body_sentiment_inference_needed
15,jalan_01_171,Jalan,https://www.jalan.net/yad352850/kuchikomi/,2026/5/25,,ja,,,,記念日におすすめ,母の誕生日旅行に利用しました。誕生日のことを当日に伝えたにもかかわらず夕食時に甘味でおめでとうプレートを用意してもらったり、無料の写真付きアルバムまで頂き最高のおもてなしでした。素敵な誕生日旅行になりました。ありがとうございました！,unclear,,false,jalan_latest,38d4d154713c,positive,body_positive,high,body_sentiment_inference_needed
16,jalan_01_184,Jalan,https://www.jalan.net/yad352850/kuchikomi/,2026/5/24,,ja,,,,安心して利用できる、バランスの良い宿,チェーンホテルらしく、全体的に安定感があり、安心して滞在することができました。建物や設備には少し昔ながらの雰囲気もありますが、清潔に保たれており、不便なく過ごせました。 お部屋やお風呂も落ち着いて利用でき、スタッフの方々の対応も丁寧で好印象でした。お食事については特別感というより、気軽に楽しめる内容でしたが、滞在全体としては満足しています。 このエリアで気軽,facility_wide,cleaning_or_maintenance,true,jalan_latest,40de63791955,mixed,body_positive_and_negative,high,body_sentiment_inference_needed
17,jalan_01_197,Jalan,https://www.jalan.net/yad352850/kuchikomi/,2026/5/23,,ja,,,,部屋から見る朝日の昇るとこ 最高に綺麗だった,星野リゾート 界 別府 一人旅でしたが最高に良かったです。お部屋は畳の上にベッドがあり、落ち着きがあり大きな窓から海が見えて最高の綺麗な眺めでした。夕食はここに区切られていて 静かに落ち着いた雰囲気で和食をいただきましたお刺身も 6種類 ついていて 海鮮 お鍋 海鮮 竈門炊きご飯 次々と運ばれてくるのでお腹いっぱいで食べられないくらいです。露天風呂もあり 内,open_air_public_bath,crowding|footbath|open_air_public_bath|view,true,jalan_latest,be0423fef73f,mixed,conditional_signal_tag,medium,body_sentiment_inference_needed
18,jalan_01_210,Jalan,https://www.jalan.net/yad352850/kuchikomi/,2026/5/21,,ja,,,,部屋が広くて眺望が最高に素敵,部屋からの眺望に感動でした。料理も美味しくてお腹いっぱいになりました。夕食のデザートで私の誕生日が近いということでホテル側からのサプライズでチョコプレートを添えていただき嬉しかったです。ありがとうございました。,unclear,,false,jalan_latest,536a1c638b3c,positive,body_positive,high,body_sentiment_inference_needed
19,jalan_01_223,Jalan,https://www.jalan.net/yad352850/kuchikomi/,2026/5/17,,ja,,,,界ならではのおもてなし、滞在中にホテル内で催される各種イベント,滞在中にホテル内で催される別府の地になじんだ様々なイベントがとても楽しかったです。なんとペット可の部屋も１部屋あるそうで今度は愛犬を連れて来たいです。,unclear,,false,jalan_latest,2d879396040d,positive,body_positive,high,body_sentiment_inference_needed
20,jalan_01_236,Jalan,https://www.jalan.net/yad352850/kuchikomi/,2026/5/15,,ja,,,,最初にトラブル,界のチェックイン・アウトの時間が変わった様で、3か月前に予約を入れた時と変わっていて、じゃらんからの事前メールは前のまんまで我々は時間までゆっくりしたいのでフロントに確認しました。フロントの方は11時までだという事でしたが上の方に報告12時までとなりました。到着早々なので残念な気分でした。その後は快適に過ごせました。でも少し早めにアウトしました。,unclear,booking_confusion,false,jalan_latest,894eb765ced9,mixed,body_positive_and_negative,high,body_sentiment_inference_needed
21,jalan_01_249,Jalan,https://www.jalan.net/yad352850/kuchikomi/,2026/5/8,,ja,,,,施設内のアクティビティがお勧め,いつか泊まってみたいと思っていたお宿でした。 施設内に入った瞬間、部屋も含めてラグジュアリー感に魅了されました。スタッフの方々皆お若い感じでしたが、夜のパフォーマンス等色々頑張っておられて楽しめました。食事も地元食材を沢山取り入れた創作会席料理で美味しかったです。温泉はこれはしょうがないのですが、インバウンドの方々のマナーの無さが印象的でした。チェックアウト,facility_wide,booking_confusion,true,jalan_latest,a853735be5b7,mixed,conditional_signal_tag,medium,body_sentiment_inference_needed
22,jalan_01_262,Jalan,https://www.jalan.net/yad352850/kuchikomi/,2026/5/7,,ja,,,,別府湯の町夜めぐりが大変良かった。,別府の歓楽街を散策しました。 夜は外出することはまずないのです。 別府の夜を垣間見られて良かったですが、なんせ食後だったのでどこにも寄らずに早足であった。 ちょっとバーなどとタイアップしてゆっくりしたかったです。,unclear,,false,jalan_latest,9c2f649d2a69,positive,body_positive,high,body_sentiment_inference_needed
23,jalan_01_275,Jalan,https://www.jalan.net/yad352850/kuchikomi/,2026/5/5,,ja,,,,最高のお部屋,圧巻のオーシャンビュー！ 海が迫ってくるような一面大きなガラス張りでビックリしました！ 露天風呂も最高！設備が最高！ お料理も美味しくいただきました。 素晴らし過ぎて夏も娘と孫を連れて2部屋予約しました！,open_air_public_bath,booking_confusion|open_air_public_bath|view,true,jalan_latest,36b2f85f9ec6,mixed,conditional_signal_tag,medium,body_sentiment_inference_needed
24,jalan_01_288,Jalan,https://www.jalan.net/yad352850/kuchikomi/,2026/4/29,,ja,,,,最高でした。,夕食も朝食も美味しかったです。朝から足湯をしました。 家族4人で同室で泊まれるホテルがなかなかないのでありがたいです。,facility_wide,footbath,true,jalan_latest,b6acbeca1824,positive,body_positive,high,body_sentiment_inference_needed
25,jalan_01_301,Jalan,https://www.jalan.net/yad352850/kuchikomi/,2026/4/26,,ja,,,,スタッフの皆さんのおもてなし姿勢が印象的でした。,チェックインの迎え入れから始まり、スタッフの皆さんの対応がとても印象的でした。食事のクオリティも満足のいくもので、品毎の丁寧な説明も良かったです。今回の滞在から、他の界にも行ってみたいと思える良い滞在でした。有難うございました。,unclear,,false,jalan_latest,64a07cef86bd,positive,body_positive,high,body_sentiment_inference_needed
26,jalan_01_314,Jalan,https://www.jalan.net/yad352850/kuchikomi/,2026/4/26,,ja,,,,癒し旅,お出迎え、お見送り、料理などおもてなしがしっかりしていて大切にしてもらって嬉しかったです。 部屋から見える朝焼けがすばらしく、ずっとみていられました。夏は花火がとても綺麗とのことで、花火も見てみたいと思いました。 夜にある夜店のような雰囲気も楽しかったですし、お風呂の桶など使った参加型のパフォーマンスもとても楽しかったです。 夕食も1品1品丁寧に作られていて,facility_wide,,true,jalan_latest,a632a8e6bff9,positive,body_positive,high,body_sentiment_inference_needed
27,jalan_01_327,Jalan,https://www.jalan.net/yad352850/kuchikomi/,2026/4/25,,ja,,,,初めての界,ハイクラスのホテルに久しぶりに宿泊しました。 お部屋も広くベッドはふかふかでぐっすり眠れました。 朝夕のお食事も最高に美味しかったです。 あと足湯サービスもいいですね！,facility_wide,footbath,true,jalan_latest,bed69c24c1c5,positive,body_positive,high,body_sentiment_inference_needed
28,jalan_01_340,Jalan,https://www.jalan.net/yad352850/kuchikomi/,2026/4/24,,ja,,,,非日常の時間をゆったりと,星野リゾート「界」での滞在は、期待以上の素晴らしい時間でした。 館内の落ち着いた雰囲気と細やかな心配りに、日常を忘れてゆっくり過ごすことができました。 特に印象的だったのは食事で、地元の旬の食材を活かした料理はどれも美味しく、目でも楽しめる内容でした。温泉も心地よく、何度も入りたくなるほどでした。 マッサージの予約が一杯で取れなかったのが残念でしたが、 スタ,facility_wide,booking_confusion,true,jalan_latest,c44d7140bcf1,mixed,body_positive_and_negative,high,body_sentiment_inference_needed
29,jalan_01_353,Jalan,https://www.jalan.net/yad352850/kuchikomi/,2026/4/23,,ja,,,,初めての星野リゾート,お部屋はオーシャンビューで大きな窓からの景色はとても良かったです。 また、布団がふかふかでとてもぐっすり眠る事ができました。 お部屋的には良かったです。 星野リゾートは初めての利用で楽しみにしていました。 おもてなしの宿で一度は泊まりたい宿と思っていましたが、おもてなし、サービス、イベント、食事は思っていたよりかなり残念でした。 また星野リゾートに泊まりたい,unclear,view,false,jalan_latest,d6d5d5583b29,mixed,body_positive_and_negative,high,body_sentiment_inference_needed
30,jalan_01_366,Jalan,https://www.jalan.net/yad352850/kuchikomi/,2026/4/23,,ja,,,,1人1人の対応が120点！,取材日と重なり全て経験できなかったが、それ以外の場面で手厚い対応や、おもてなしが素晴らしく泊まって良かったと夫婦で話しました。次はどこの界シリーズに泊まろうかな…,unclear,,false,jalan_latest,a1aba572abf4,positive,body_positive,high,body_sentiment_inference_needed
31,jalan_02_010,Jalan,https://www.jalan.net/yad352850/kuchikomi/,2026/4/23,,ja,,,,特別な時間を過ごせます,友達家族と利用しました。 お部屋からは海が一望でき、とても贅沢で心に残る空間でした。非日常を感じられる素敵な滞在でした。 お食事も一品一品が美しく、味もとても美味しかったです。ただ、魚料理が中心だったため、少し物足りなさを感じる部分もありました。 また、エビ・カニのアレルギーについて当日お伝えしたこともあり、夕食では食べられるものが限られてしまいました。朝食,unclear,view,false,jalan_latest,3c98e7c4bdfc,positive,body_positive,high,body_sentiment_inference_needed
32,jalan_02_023,Jalan,https://www.jalan.net/yad352850/kuchikomi/,2026/4/22,,ja,,,,ワクワクがいっぱい、おもてなしが最高,部屋のドアを開けた瞬間に大きな窓から別府湾が目に入ってきて、驚かされました。食事も繊細で美味しく、天麩羅の器まで熱々で持ってこられたのに感激しました。また、別府ならではの催しもあり、スタッフの皆さんの笑顔と丁寧なおもてなしで、楽しく心に残る宿泊となりました。,unclear,view,false,jalan_latest,4c4d1522a1f6,positive,body_positive,high,body_sentiment_inference_needed
33,jalan_02_036,Jalan,https://www.jalan.net/yad352850/kuchikomi/,2026/4/19,,ja,,,,初めての別府旅行,妻が別府に行ったことがなく、界別府に泊まりました。他の界に泊まり、よかったので今回も利用しました。部屋・お風呂だけでなく、温泉いろはでのミスト制作、夜の温泉街で金毘羅ふねふね、投扇興で遊び夫婦楽しく過ごし大満足でした。また湯語り処で楽しいお話を聞かせてくれて勉強になりました。妻は腰が痛くもう来れないと言いますが、また、来たいです。,facility_wide,,true,jalan_latest,79a66fe2d1b5,mixed,body_positive_and_negative,high,body_sentiment_inference_needed
34,jalan_02_049,Jalan,https://www.jalan.net/yad352850/kuchikomi/,2026/4/19,,ja,,,,一人旅でも気兼ねなく楽しめる,自分へのご褒美として一人旅で利用しました。 結論から言えば、一人旅でも周りを気にすることなく楽しく過ごすことができ、良い宿泊経験でした。 レストランは半個室になっていて、一人でも周りを気にすることなく食べられました。 アクティビティーも一人でも参加でき、スタッフの方も話しかけてくれるので、楽しく過ごせました。 別府は何回か来たことがありましたが、知らない別府,unclear,booking_confusion|view,false,jalan_latest,a6835b4ce76c,mixed,conditional_signal_tag,medium,body_sentiment_inference_needed
35,jalan_02_062,Jalan,https://www.jalan.net/yad352850/kuchikomi/,2026/4/15,,ja,,,,素敵な記念日になりました。,事前にはお知らせしてませんでしたが、子供の誕生日と聞いて記念品をご用意いただき、またスタッフの皆様の笑顔、おもてなしの心がとても伝わってステキな1日になりました。ありがとうございました。最後に一点だけ大浴場の浴室の鏡が曇って全く見えなかったので何か対応いただけると幸いです。,public_bath,public_bath,true,jalan_latest,4230edccc776,positive,positive_signal_no_caution,medium,body_sentiment_inference_needed
36,jalan_02_075,Jalan,https://www.jalan.net/yad352850/kuchikomi/,2026/4/15,,ja,,,,家族旅行,二泊三日の家族旅行で一泊しました。 界はいつも気になっていたので、宿泊しました。 子供を連れてははじめてだったのですが、子連れには部屋の照明が暗かったです。 コンセプトを考えれば妥当だとおもうのですが、 朝食などは子供用など用意があってもいいのでは？とおもいました。 大人と同じメニューなので子供がたべれそうなものがほぼありませんでした。 スタッフさんの対応は,unclear,,false,jalan_latest,596a1cefa5cc,neutral,neutral_or_lodging_context,medium,body_sentiment_inference_needed
37,jalan_02_085,Jalan,https://www.jalan.net/yad352850/kuchikomi/,2026/4/14,,ja,,,,家族旅行,家族旅行で利用させていただきましたが、落ち着いた雰囲気で、足湯もとても気持ちよくてリラックスすることができました！,facility_wide,footbath,true,jalan_latest,4e7871416729,positive,body_positive,high,body_sentiment_inference_needed
38,jalan_02_098,Jalan,https://www.jalan.net/yad352850/kuchikomi/,2026/4/13,,ja,,,,やっぱり界が好き,主人の誕生日ﾌﾟﾚｾﾞﾝﾄで初めての九州旅行。 界ﾎﾟﾛﾄは何度か行って大好きだったので、界別府を迷わず予約。 少し口コミが心配でしたが、さすが界！快適に過ごすことができました(^^)特に一泊目の夕食と翌日の夜の別府案内をしてくださったｽﾀｯﾌの女性！明るく楽しく良い思い出ができました。本当にありがとうございました！ とても快適でしたが気になった点をあえてい,facility_wide,booking_confusion|view,true,jalan_latest,0196c1576fe3,mixed,conditional_signal_tag,medium,body_sentiment_inference_needed
39,jalan_02_111,Jalan,https://www.jalan.net/yad352850/kuchikomi/,2026/4/10,,ja,,,,とても残念,おもてなしの星野リゾートを楽しみにしていたのに スタッフの質が悪すぎる！ 朝風呂はぬるいし、夕飯は半分も食べずに出た！ 飲み物のチェックを勝手に代書されてた！,facility_wide,,true,jalan_latest,83615c735300,mixed,body_positive_and_negative,high,body_sentiment_inference_needed
40,jalan_02_124,Jalan,https://www.jalan.net/yad352850/kuchikomi/,2026/4/7,,ja,,,,結婚記念日 ２０年,いろんなイベント提案があり、いいと思うが、ハマらないと、じゃまも。風呂つきのプランだったか、透明なガラスドアの汚れが気になった,facility_wide,cleaning_or_maintenance,true,jalan_latest,a9ee65a62031,mixed,body_negative_with_context,high,body_sentiment_inference_needed
41,jalan_02_137,Jalan,https://www.jalan.net/yad352850/kuchikomi/,2026/4/6,,ja,,,,のんびり出来た,オーシャンビューのお部屋で開放感があり素晴らしかったです チェックアウトが１２時迄なので朝風呂をゆっくり入り、朝食もゆっくり食べのんびり出来休めました,facility_wide,booking_confusion|view,true,jalan_latest,88ebbf95f9c7,mixed,conditional_signal_tag,medium,body_sentiment_inference_needed
42,jalan_02_150,Jalan,https://www.jalan.net/yad352850/kuchikomi/,2026/4/6,,ja,,,,満足の家族旅,両親を連れての温泉旅行を計画。 滞在型が増える中、他の施設でもお世話になった星のや界さんをチョイス。 チェックイン後のお部屋での説明の男性が丁寧かつ良心の昔の別府旅行の話も遮ぎることなく、話すぎを心配するくらいお付き合いしてくれて、気分よくスタート。 館内と温泉施設を両親に説明して、しばし自由時間を満喫。 朝夕は全体的には満足。 唯一あげるとすれば、サワラの,facility_wide,booking_confusion|footbath|view,true,jalan_latest,58ae0bb90886,mixed,conditional_signal_tag,medium,body_sentiment_inference_needed
43,jalan_02_163,Jalan,https://www.jalan.net/yad352850/kuchikomi/,2026/4/3,,ja,,,,楽しみにしていたのに残念,冷蔵庫の中には 家で使うような麦茶ポットに水があるのみ。衛生面が気になるので飲みませんでした。 お茶菓子は３人で宿泊しましたが、小さな物が１つポツンと置かれていました。 館内着 下駄 も性別が違う物が用意されていました。 今まで 色々な高級と呼ばれる 旅館やホテルに 泊まっていますが、こんなことはないです。 これは私の不注意ですが、付いてすぐ テーブルの角が,unclear,,false,jalan_latest,7d7881303ca8,mixed,body_positive_and_negative,high,body_sentiment_inference_needed
44,jalan_02_176,Jalan,https://www.jalan.net/yad352850/kuchikomi/,2026/4/2,,ja,,,,お食事,お部屋は清潔でした。ベッドはシーツが大変清潔、マットレスはフワフワで快適でした。食事の味はちょっと残念でした。期待が大きかったのかも知れません。量は十分でした。,unclear,cleaning_or_maintenance,false,jalan_latest,6fbf2a9ddbfd,mixed,body_positive_and_negative,high,body_sentiment_inference_needed
45,jalan_02_189,Jalan,https://www.jalan.net/yad352850/kuchikomi/,2026/4/2,,ja,,,,何度も来たくなるお宿,食事、温泉、お部屋、接客すべて申し分なく素晴らしいお宿でした。部屋の窓から見る朝日は絶景でしばらく見入ってしまいました。また必ずおじゃまします。 ただ一点だけ残念だったのが、チェックアウトの時間が12時から11時に変更になったみたいですが、知らなかったので電車を12時過ぎに予約してあったため駅で1時間以上も待つはめになってしまいました。 気持ち良く帰るはずが,facility_wide,access|booking_confusion,true,jalan_latest,20da663018b3,mixed,body_positive_and_negative,high,body_sentiment_inference_needed
46,jalan_02_202,Jalan,https://www.jalan.net/yad352850/kuchikomi/,2026/3/30,,ja,,,,さすが星野リゾート,別府駅から徒歩圏内。駅から歩いての温泉は初めて。 入り口を探しているとスタッフの方がサッと来て案内してくれた。 部屋に入ってビックリ！壁一面が窓で海が全面に。 ネットの写真より迫力あります。 部屋着は浴衣と作務衣の中間タイプ。 個人的には、帯なしで着れるものが良かった。,facility_wide,access|view,true,jalan_latest,746bf85b9848,positive,body_positive,high,body_sentiment_inference_needed
47,jalan_02_215,Jalan,https://www.jalan.net/yad352850/kuchikomi/,2026/3/28,,ja,,,,部屋からのオーシャンビューが絶景,今回、一度泊まってみたかった「界」に息子の卒業旅行で利用しました。 お部屋でのチェックインは、ロビーで待たされる時間もなくスムーズで良かったです。 部屋からのビューが絶景で最高でした！ 夕食も程よい量で満足でしたが、魚介ばかりだったので息子には肉料理がなく物足りなかったようです。 息子の卒業旅行ということで家族写真を撮ってくださり、帰りに写真を渡して頂き、い,open_air_public_bath,booking_confusion|cleaning_or_maintenance|crowding|open_air_public_bath|view,true,jalan_latest,645961cd1018,mixed,conditional_signal_tag,medium,body_sentiment_inference_needed
48,jalan_02_228,Jalan,https://www.jalan.net/yad352850/kuchikomi/,2026/3/26,,ja,,,,高級宿という認識を持たなければ問題なし,星野グループは初めての利用です。 家族が一度行ってみたいとのことで予約しました。 だいぶ前の予約だったためお安く泊まれたから…というのが原因なのかもしれませんが、 食事も個人的にあまりおいしいとは言えない感じで、接客も、メインの食材を落としたり、鍋に布巾が入ったり…と、頑張っていたので応援したいのですが、プロの接客は期待してはいけないと感じました。 若いカッ,unclear,booking_confusion,false,jalan_latest,1027a59550df,mixed,conditional_signal_tag,medium,body_sentiment_inference_needed
49,jalan_02_241,Jalan,https://www.jalan.net/yad352850/kuchikomi/,2026/3/26,,ja,,,,ドラマチック温泉街,ドラマチック温泉街では、舞妓さん遊びを教えてもらいました。 シンプルな遊びだけど子どもたちは興味しんしん。 帰ってからもやってます。,facility_wide,,true,jalan_latest,352a2954c7fb,neutral,neutral_or_lodging_context,medium,body_sentiment_inference_needed
50,jalan_02_254,Jalan,https://www.jalan.net/yad352850/kuchikomi/,2026/3/26,,ja,,,,清潔、広い、景色が良い,小５、年長の子どもを連れて、祖母と妻と５人、２部屋で泊まりました。 部屋からは海が見え、子どもは朝日が見えたと喜んでくれました。 下の子がダニアレルギーで、ホテルによっては咳が止まらなくなりますが、星野リゾート関係では咳が出たことがありません。 宿の中は遊べるものがあったり足湯があったり、子どもも祖母も喜んでくれました。 途中、家族が体調不良になりましたがす,facility_wide,footbath|view,true,jalan_latest,df036bba00a2,neutral,neutral_or_lodging_context,medium,body_sentiment_inference_needed
51,jalan_02_267,Jalan,https://www.jalan.net/yad352850/kuchikomi/,2026/3/24,,ja,,,,お食事オススメ,知人の勧めで利用させていただきましたが、 朝食、夕食どちらも美味しくいただきました 照明がもう少し明るい方がいいなと感じました,unclear,,false,jalan_latest,15b6757a8b07,neutral,neutral_or_lodging_context,medium,body_sentiment_inference_needed
52,jalan_02_280,Jalan,https://www.jalan.net/yad352850/kuchikomi/,2026/3/22,,ja,,,,初めての別府,お部屋に入った瞬間の景色が最高です。海が一望出来ます。 インテリアも落ち着いた色彩で落ち着きます。食事の魚介と旬野菜の豊後鍋がとても美味しかった。 温泉や食事処への移動が年配者には大変かなと感じました。ドアもすごく重いので開ける時は力がいります。 働いてる方達は皆さん若くてとても感じの良い方達です。 アーリーチェックアウトはとてもスムーズで何かと時間に追われ,facility_wide,booking_confusion|view,true,jalan_latest,32803b909538,mixed,conditional_signal_tag,medium,body_sentiment_inference_needed
53,jalan_02_293,Jalan,https://www.jalan.net/yad352850/kuchikomi/,2026/3/22,,ja,,,,スタッフの今後に期待,星野リゾートらしくスタッフを随所に配置しているが、春休み期間だからかまだ経験の浅いスタッフが多く感じは良いがあと一歩というところだった。チェックイン時に、館内案内文章を読めばわかることじゃなくて書いていない案内が欲しかった(男性)。おかげで後であったんだーというサービスが得られなかった。マニュアルも大事だけれど、都度相手に合ったサービスが出来るように経験を重,unclear,,false,jalan_latest,56be577ee38d,neutral,neutral_or_lodging_context,medium,body_sentiment_inference_needed
54,jalan_02_306,Jalan,https://www.jalan.net/yad352850/kuchikomi/,2026/3/20,,ja,,,,部屋からの眺めが最高です。,部屋の大きな窓から見える海の景色は最高でした。特に朝日が昇る瞬間はとても綺麗でした。ホテルのイベントにも参加させてもらい、楽しめました。食事は夕食、朝食とも、とてもおいしかったです。お風呂は景色は望めませんが、別府温泉のお湯が最高です。,facility_wide,view,true,jalan_latest,7c9c04b0ddd9,positive,body_positive,high,body_sentiment_inference_needed
55,jalan_02_319,Jalan,https://www.jalan.net/yad352850/kuchikomi/,2026/3/19,,ja,,,,すべてが素晴らしかった,露天風呂付きの部屋に宿泊をしました 部屋を入ってすぐ目に飛び込んでくる、大きな窓から見える別府湾の眺望がすばらしく、とても驚きました。部屋についている露天風呂も、背の低い人であれば足を伸ばして入ることができる大きさで、とてもリラックスしてはいることができました。食事もとても美味しく、ホテルの方のホスピタリティは素晴らしかったです。施設にある足湯もお勧めです。,room_open_air_bath,footbath|open_air_public_bath|room_open_air_bath|view,true,jalan_latest,a16f254a783a,positive,body_positive,high,body_sentiment_inference_needed
56,jalan_02_332,Jalan,https://www.jalan.net/yad352850/kuchikomi/,2026/3/13,,ja,,,,お部屋から眺める海に癒されました。お食事も季節感があり味も美味しく量もちょうど良かったです。,お部屋は綺麗でしたが加湿器に水を足そうと容器を外したらお掃除が行き届いてませんでした。お食事処は階段を降りるのが大変ですが落ち着いた雰囲気で ゆっくりお食事を楽しめました。大浴場のシャワーが古くて使い勝手が悪く残念でした。トータル的には満足で また宿泊したいと思います。,public_bath,cleaning_or_maintenance|public_bath,true,jalan_latest,acd0579085e7,mixed,body_positive_and_negative,high,body_sentiment_inference_needed
57,jalan_02_345,Jalan,https://www.jalan.net/yad352850/kuchikomi/,2026/3/12,,ja,,,,温泉とおもてなしが最高,お料理が美味しくて 説明も完璧でした お部屋のガラス張りは少し怖かったですが 別府湾が目の前に広がってとても爽快でした スタッフの方も配慮が行き届いて笑顔が素敵でした！,unclear,view,false,jalan_latest,82291cfa9cca,positive,body_positive,high,body_sentiment_inference_needed
58,jalan_02_358,Jalan,https://www.jalan.net/yad352850/kuchikomi/,2026/3/11,,ja,,,,星野リゾートなのに残念,以前別の星野リゾートに宿泊したことがあり、その時の特別感の気持ちのままハードルを上げて期待しすぎて行ったのが、間違えだったのかもしれません。 ◆良かった点 お出迎えから、1階エレベーターから続く洞窟のようなシチュエーション、ワクワクしました。 ロビーの海を眺めながらの足湯もとても素晴らしいと思いました。 夕食の時の接客、担当していただいた方の言葉づかい、配膳,facility_wide,booking_confusion|footbath|view,true,jalan_latest,0708554addbf,mixed,body_positive_and_negative,high,body_sentiment_inference_needed
59,jalan_02_371,Jalan,https://www.jalan.net/yad352850/kuchikomi/,2026/3/9,,ja,,,,ご飯，個室でいだだけて美味しかったです,部屋も4人大人がゆっくり過ごせました。色々注文しましたが、どのスタッフさんも即座にお応えいただきありがたかったです。お風呂，食事に行くのに2階の中庭を通ります。風情がいいのだが外なんでそこが寒かった。,facility_wide,,true,jalan_latest,eee794f4ab19,mixed,body_positive_and_negative,high,body_sentiment_inference_needed
60,jalan_02_384,Jalan,https://www.jalan.net/yad352850/kuchikomi/,2026/3/8,,ja,,,,初めて星野リゾート家族旅行,入ってまずお部屋でチェックイン。めずらしいですね。ちょっとスタッフが来るのが遅く感じました。ちょうど時間帯で混んでたかなーと仕方ないかなと思いました。オーシャンビュー最高、お部屋も素敵です。 すぐに温泉へ。タオル類が脱衣所に置いてあり、手荷物が少なくとてもいいです。ご飯もおいしかったです。説明もしっかりあって楽しい時間でした。 朝お風呂行ったのですが、露天風,open_air_public_bath,booking_confusion|crowding|open_air_public_bath|view,true,jalan_latest,cf67bf80e8d2,mixed,conditional_signal_tag,medium,body_sentiment_inference_needed
61,jalan_03_010,Jalan,https://www.jalan.net/yad352850/kuchikomi/,2026/3/6,,ja,,,,大パノラマの景色。,オーシャンフロントで窓が大きく景色が飽きない。staffが雑談できるし親切。夕食のサーブタイミングがちょうど良い。料理も創作過ぎず美味しかった。界を見直しました。また行きたいです。,unclear,view,false,jalan_latest,9b43e7263be2,positive,body_positive,high,body_sentiment_inference_needed
62,jalan_03_023,Jalan,https://www.jalan.net/yad352850/kuchikomi/,2026/3/5,,ja,,,,期待が大きい分残念なホテル,朝の露天風呂は故障していたのか水風呂で入れなかった。張り紙くらい欲しかったたです。 部屋着も人数分全てＭサイズしか置いてなく、わざわざフロントまで交換に行かないと行けないので、せめて予備にSとＬが置いてあるといいと思います。ある程度の高級ホテルなら従業員がお部屋まで届けてくれると思いますが従業員が少な過ぎるのではと感じました。,open_air_public_bath,open_air_public_bath,true,jalan_latest,9bb6b329b070,mixed,body_negative_with_context,high,body_sentiment_inference_needed
63,jalan_03_036,Jalan,https://www.jalan.net/yad352850/kuchikomi/,2026/2/23,,ja,,,,星野リゾートならではのイベントを楽しみました,スタッフの方がとても気さくで楽しく過ごすことができました。 温泉ミストづくりや足湯、縁日風のイベントなど、館内でも色々と楽しめました。 ライブラリーの飲み物やお風呂前の飲み物、アイスなども嬉しくいただきました。 館内が少し入り組んでおり、足が悪い高齢の母にはすこし不便なところもありましたが、お部屋も広くゆったりと過ごすことができました。,facility_wide,footbath,true,jalan_latest,be9e206bdb60,mixed,body_positive_and_negative,high,body_sentiment_inference_needed
64,jalan_03_049,Jalan,https://www.jalan.net/yad352850/kuchikomi/,2026/2/22,,ja,,,,ゆっくり,安定の界シリーズでゆっくりとくつろげました。 食事もご当地のものが食べられる美味しく頂きました。,unclear,,false,jalan_latest,351f0cb442dd,positive,body_positive,high,body_sentiment_inference_needed
65,jalan_03_062,Jalan,https://www.jalan.net/yad352850/kuchikomi/,2026/2/14,,ja,,,,期待が高すぎだった,今回記念日プランで初めて利用させて頂きました 内装は落ち着いたデザインで素敵でしたが食事所が地下に階段で降りて行くのですが一番最後の階段を降りるとフロア側に更にもう一段段差があり転びそうになりました、内装が全体的に暗いのでせめてそこだけでもライトを付け欲しいと思いました。食事所は個室と思っていましたが すだれを垂らして仕切られたスペースで隣との会話は筒抜け！,unclear,,false,jalan_latest,fe5fc5886ee9,neutral,neutral_or_lodging_context,medium,body_sentiment_inference_needed
66,jalan_03_075,Jalan,https://www.jalan.net/yad352850/kuchikomi/,2026/2/10,,ja,,,,子ども達も大喜び,現地で家族と合流しました。別々の予約で食事を6人一緒にできるか不安でしたが事前連絡すると丁寧に対応して頂けました。乳幼児も一緒でしたので大変助かりました。 アクティビティもとても楽しかったです。 あらゆる場面でのスタッフの対応も素晴らしく是非また利用したいと思います。,unclear,booking_confusion,false,jalan_latest,ad8d4ffc87b5,mixed,conditional_signal_tag,medium,body_sentiment_inference_needed
67,jalan_03_088,Jalan,https://www.jalan.net/yad352850/kuchikomi/,2026/2/8,,ja,,,,家族でおススメ,とてもスタッフの対応も素晴らしく、素敵な時間を過ごすことができました。 またぜひご利用したいです。,unclear,booking_confusion,false,jalan_latest,a0878056d1e1,mixed,conditional_signal_tag,medium,body_sentiment_inference_needed
68,jalan_03_101,Jalan,https://www.jalan.net/yad352850/kuchikomi/,2026/2/8,,ja,,,,部屋の露天風呂からの朝の景色が素晴らしかった,初めての別府旅行で界 別府にお邪魔しました。 もともとチケットGPTで別府旅行のおすすめで界 別府を紹介されたのがきっかけになりました。 夕食は、食べた事が無いいろいろな美味しい料理がたくさん出てきました。 スタッフの次の料理が出てくるタイミングが絶妙で、近くでこちらの方を見ているのかと思うくらいでした。 朝食も美味しく大変満足しましたが、食べ盛りの子には量,public_bath|room_open_air_bath,booking_confusion|cleaning_or_maintenance|open_air_public_bath|public_bath|room_open_air_bath|view,true,jalan_latest,7ec98a8ced1c,mixed,conditional_signal_tag,medium,body_sentiment_inference_needed
69,jalan_03_114,Jalan,https://www.jalan.net/yad352850/kuchikomi/,2026/2/7,,ja,,,,初の星野リゾート,入口がわかりにくく、とまどった。 部屋とお風呂が写真通りですごくよかった。 あとは期待以上ではなかった。,facility_wide,,true,jalan_latest,4e3665faec8e,mixed,body_positive_and_negative,high,body_sentiment_inference_needed
70,jalan_03_127,Jalan,https://www.jalan.net/yad352850/kuchikomi/,2026/2/2,,ja,,,,期待はずれ,期待が大きかったのでしょうか、着いてすぐエレベーターに案内されロビーに行ったのですがチェックインはお部屋でと言われカギだけ渡され部屋に入りました。九州の温泉旅館はいろいろ行ったのですがスタッフの方の同行もなくそのまま自分たちでお部屋に入るのは初めてでした。ホテルなのかと思いきや温泉宿とのコンセプトとのこと。食事の時も時間に行っても待たせられるし、席についても,facility_wide,booking_confusion|view,true,jalan_latest,87446432378c,mixed,conditional_signal_tag,medium,body_sentiment_inference_needed
71,jalan_03_140,Jalan,https://www.jalan.net/yad352850/kuchikomi/,2026/2/1,,ja,,,,景色が最高,家族3人で、別府湯布院旅行の際に利用しました。部屋からの展望はとても良かったです。夕食も見た目、味ともに最高でした。館内に様々な催しもあり、楽しめました。もちろん、サービスも良かったのですが、深夜あたりからWi-Fiが故障？のため使えなかったのが、唯一残念でした。,facility_wide,,true,jalan_latest,0db151163413,mixed,body_positive_and_negative,high,body_sentiment_inference_needed
72,jalan_03_153,Jalan,https://www.jalan.net/yad352850/kuchikomi/,2026/1/30,,ja,,,,一度は利用しようかと思い,お部屋は、オーシャンビューでとても良かったです。 脚が不自由なので、お風呂付きのお部屋に宿泊しました。,facility_wide,view,true,jalan_latest,8e271138a660,positive,body_positive,high,body_sentiment_inference_needed
73,jalan_03_166,Jalan,https://www.jalan.net/yad352850/kuchikomi/,2026/1/23,,ja,,,,優雅な時間,宿泊メインで旅行に行きました。 満足なおもてなし、料理、景色、お部屋でした。 露天風呂からも景色が見れたら最高だったと思います。,open_air_public_bath,open_air_public_bath|view,true,jalan_latest,b22657f9d336,positive,body_positive,high,body_sentiment_inference_needed
74,jalan_03_179,Jalan,https://www.jalan.net/yad352850/kuchikomi/,2026/1/22,,ja,,,,本当のホスピタリティとは？,家族旅行で利用しました。星野リゾートさんは他の宿で利用したことがあり良さは十分理解しています。 今回はキャンセル不可のプランでしたので、家族全員で万全のコンディションを整えて、本当に楽しみにして向かいました。以下、感じた事を書き留めます。 良かった点 部屋から見える別府湾と朝日、 足湯、デカフェが用意してある細やかなサービス、温泉。 残念な点 チェックインは,facility_wide,footbath|view,true,jalan_latest,2d15d27e3490,mixed,body_positive_and_negative,high,body_sentiment_inference_needed
75,jalan_03_192,Jalan,https://www.jalan.net/yad352850/kuchikomi/,2026/1/19,,ja,,,,眺望が最高,別府の花火大会に合わせて家族で泊まりました。目の前で花火があがり、迫力満点で最高でした。海も目の前に広がり景色もよかったです。,unclear,view,false,jalan_latest,2720272232a4,positive,body_positive,high,body_sentiment_inference_needed
76,jalan_03_205,Jalan,https://www.jalan.net/yad352850/kuchikomi/,2026/1/16,,ja,,,,結婚記念日,結婚記念日で宿泊しました。チェックイン時のアンケートで記念日であることを伝えると、夕食時にサプライズな出来事が…。非常に嬉しかったです。,unclear,,false,jalan_latest,d80b6cf64422,neutral,neutral_or_lodging_context,medium,body_sentiment_inference_needed
77,jalan_03_218,Jalan,https://www.jalan.net/yad352850/kuchikomi/,2026/1/14,,ja,,,,癒やされました,今回はお正月に頑張って家事をしたご褒美界旅でした。お部屋から見える海景色はインパクトがあり、特に朝日が昇る時間帯は海上に光の道が出来て神々しかったです。ご当地楽や湯語りや温泉ミスト作り等はスタッフの方々のおもてなしの心意気が感じられ、地の物を使った料理や温泉で癒やされお正月疲れも吹き飛びました。,facility_wide,booking_confusion|view,true,jalan_latest,1ad27ff00012,mixed,conditional_signal_tag,medium,body_sentiment_inference_needed
78,jalan_03_231,Jalan,https://www.jalan.net/yad352850/kuchikomi/,2026/1/13,,ja,,,,初めての星野リゾート,初めて星野リゾートの宿泊施設を利用しました。お部屋に入った瞬間、窓から別府湾が一望でき、とても美しかったです。スタッフの方のあたたかなおもてなしと、おいしい食事、綺麗な景色で二泊三日があっという間でした。温泉と宿泊中のサービスが最高でした。温泉は2階の大浴場と、部屋の露天風呂、どちらも良かったです。このような温泉施設だと、お部屋のお風呂よりも大浴場！となる経,public_bath|room_open_air_bath,open_air_public_bath|public_bath|room_bath|room_open_air_bath|view,true,jalan_latest,391dde2bbbed,positive,body_positive,high,body_sentiment_inference_needed
79,jalan_03_244,Jalan,https://www.jalan.net/yad352850/kuchikomi/,2026/1/12,,ja,,,,オーシャンビューで朝焼けが絶景、おもてなしも最高で素敵な時間を過ごせました,パートナーの誕生日の記念で伺いました。 界を初めて利用しましたが期待を裏切らない時間となりました。 部屋は10階で、窓が大きく景色が素晴らしく何枚も写真を撮りました。特に夕暮れや朝焼け、朝日は絶景で、とても喜んでくれました。 部屋の露天風呂から、朝の光景は贅沢な体験でした。 夕食はパートナーが一部の生ものが苦手なことを伝えていたので、お造りの時から鍋を出して,room_open_air_bath,booking_confusion|open_air_public_bath|room_open_air_bath|view,true,jalan_latest,01c47192883a,mixed,conditional_signal_tag,medium,body_sentiment_inference_needed
80,jalan_03_257,Jalan,https://www.jalan.net/yad352850/kuchikomi/,2026/1/5,,ja,,,,接客も眺望も全て最高でした,宿の方の接客がとても丁寧かつ優しく、朝食の時間変更にも快く対応をしてくださりました。 宿からの眺望は凄く綺麗で本当に素敵な時間を過ごすことができました！ ありがとうございました！,unclear,booking_confusion,false,jalan_latest,3ec3bfea1eb2,mixed,conditional_signal_tag,medium,body_sentiment_inference_needed
81,jalan_03_270,Jalan,https://www.jalan.net/yad352850/kuchikomi/,2026/1/5,,ja,,,,忘れられない景色と温かなおもてなし,初めて星野リゾートを利用しました。 会社の先輩と3人での旅行です。 到着時、駐車場が分からず困っていると、スタッフの方がすぐに第二駐車場を案内してくださり、荷物への細やかな気遣いもあり、最初から安心感がありました。 チェックインを担当してくださった女性スタッフの方の言葉遣いや所作がとても美しく、この時点で期待が高まりました。 客室の扉を開けた瞬間、壁一面の大,facility_wide,access|booking_confusion|view,true,jalan_latest,65747a34f7d1,mixed,conditional_signal_tag,medium,body_sentiment_inference_needed
82,jalan_03_283,Jalan,https://www.jalan.net/yad352850/kuchikomi/,2026/1/5,,ja,,,,オーシャンビューが最高！,私の退職祝いで念願の星野リゾート界への家族旅行でした。 部屋は角部屋の和室。窓から見る景色は最高でした。夕食は、フグ、伊勢海老をはじめ海鮮を使った物や郷土料理。主人は、地酒「薫長」をボトルでいただきましたが大変美味しかったようです。スタッフさんとの会話もとても楽しく料理や地元のお話を聞けて良い時間を過ごせました。参加方のイベントも多数あり時間を忘れて楽しみま,facility_wide,booking_confusion|footbath|view,true,jalan_latest,1d97033ab719,mixed,conditional_signal_tag,medium,body_sentiment_inference_needed
83,jalan_03_296,Jalan,https://www.jalan.net/yad352850/kuchikomi/,2025/12/19,,ja,,,,今までにない贅沢,新婚旅行で憧れの界別府に泊まりました。部屋からのオーシャンビューがとても素敵でずっとカーテンを開けて海を眺めてました。一晩ではもったいないお部屋です。広々で開放感があり露天風呂付きでお殿様にでもなった気分で夫と贅沢な時間を過ごしました。 お料理も一品一品が繊細で美しく、美味しかったです。 サプライズのお祝いをして頂き良い思い出になりました、ありがとうございま,room_open_air_bath,booking_confusion|open_air_public_bath|room_open_air_bath|view,true,jalan_latest,ad5b14ba5795,mixed,conditional_signal_tag,medium,body_sentiment_inference_needed
84,jalan_03_309,Jalan,https://www.jalan.net/yad352850/kuchikomi/,2025/12/17,,ja,,,,期待外れなしのおもてなし,界の施設は5ヶ所目の宿泊になります。 界は入った時にわあっと思える演出が素敵で いつも感動させられます。 料理もいつも通り美味しく器の飾りつけもいい感じです。 部屋から見える海、夕日はお天気が悪くて見えませんでしたが 朝日は最高にきれいでした。 大浴場も清潔感がありました。 ご当地楽も楽しかったです。,public_bath,cleaning_or_maintenance|public_bath|view,true,jalan_latest,63c2030e413a,mixed,body_positive_and_negative,high,body_sentiment_inference_needed
85,jalan_03_322,Jalan,https://www.jalan.net/yad352850/kuchikomi/,2025/12/16,,ja,,,,ルビー婚に利用しました,ルビー婚の旅行として利用しました。夕食がとてもおいしかったです。お風呂はぬるま湯と熱湯とあって利用しやすかったです。露天風呂付きの部屋にしたので好きなときに温泉を楽しめました。チェックアウトが12時なのもよかったです。また利用しようと思います。,room_open_air_bath,booking_confusion|open_air_public_bath|room_open_air_bath,true,jalan_latest,1a81b846e01a,mixed,conditional_signal_tag,medium,body_sentiment_inference_needed
86,jalan_03_335,Jalan,https://www.jalan.net/yad352850/kuchikomi/,2025/12/14,,ja,,,,部屋のお風呂は良かったです。,露天風呂が付いた部屋を予約しました。 最初から最後まで温泉を満喫できました。ただ洗い場に椅子があったらと思いました。夕食はせっかく大分なので関アジか関サバがあればと。もう少しボリュームも欲しかったです。,open_air_public_bath,booking_confusion|open_air_public_bath,true,jalan_latest,67bc05bbf987,mixed,conditional_signal_tag,medium,body_sentiment_inference_needed
87,jalan_03_348,Jalan,https://www.jalan.net/yad352850/kuchikomi/,2025/12/8,,ja,,,,2連泊のおもてなし,初めて界に連泊してみましたが、お料理は全てメニューが異なり楽しめました。サービスで付いてくるアメニティセットの風呂敷は1日分しか貰えず、お土産を包んで渡そうと思っていたのを断念。 お忙しいと思いますがややお部屋のお掃除が雑だと思われる箇所がありました。残念。 前情報のアミューズメントも内容が変わっていて、余り慣れておられない感じがあり閑散としていた印象を持ち,facility_wide,,true,jalan_latest,d0ba674bbf60,mixed,body_positive_and_negative,high,body_sentiment_inference_needed
88,jalan_03_361,Jalan,https://www.jalan.net/yad352850/kuchikomi/,2025/12/7,,ja,,,,さすがでした。,施設、食事、部屋、イベント、どれをとっても大満足でした。 スタッフの方も皆さん優しく接していただきました。お料理もご当地のものを丁寧にアレンジを加えながらとても凝ったものでおいしかったです。ただいろんなイベントに時間で参加できないものや予約が必要だったりともっと調べていけばよかったと思いました。残念。後、アメニティが忘れられていて存在自体を知らず寝る前にフロ,unclear,booking_confusion,false,jalan_latest,d99d94269ce3,mixed,body_positive_and_negative,high,body_sentiment_inference_needed
89,jalan_03_374,Jalan,https://www.jalan.net/yad352850/kuchikomi/,2025/12/7,,ja,,,,快適に過ごせました,記念日旅行でしたが、スタッフの方々の素晴らしいおもてなしで、いい旅行になりました。また界をぜひ利用したいと思います。ありがとうございました。,unclear,,false,jalan_latest,2845d986731e,positive,body_positive,high,body_sentiment_inference_needed
90,jalan_03_387,Jalan,https://www.jalan.net/yad352850/kuchikomi/,2025/11/30,,ja,,,,友達との旅行,高校生の時のお友達と45年ぶりの旅行で、お友達のお誕生日も兼ねて宿泊に選びました。星野リゾートの界さんは、私の中では大人の宿というイメージがありましたが、こちらの宿は実際に宿泊すると、カジュアルな印象でした。もう少し落ち着いた雰囲気で過ごせたら良かったと思いました。夕食時、隣の方の話し声などが丸聞こえで、プライペートな空間がありませんでしたので、少し残念に思,unclear,,false,jalan_latest,76154ed8a807,mixed,body_positive_and_negative,high,body_sentiment_inference_needed
91,jalan_04_010,Jalan,https://www.jalan.net/yad352850/kuchikomi/,2025/11/20,,ja,,,,部屋の露天風呂が良い,若いスタッフの方ばかりで活気を感じました。 部屋でのチェックインもスタッフの方の親切丁寧な説明でとても良い対応だと感じました。 大浴場に行く時に、慣れない下駄を履いて、以前から痛めていた足首が痛くなり、少し歩き方が変になっていたところ、スタッフの方がスリッパを用意してくださるなど気配りに感謝しております。 部屋から別府湾を一望でき、景色は最高でした。 朝、早,public_bath|room_open_air_bath,booking_confusion|footbath|open_air_public_bath|public_bath|room_open_air_bath|view,true,jalan_latest,b0efdb3de9ca,mixed,body_positive_and_negative,high,body_sentiment_inference_needed
92,jalan_04_023,Jalan,https://www.jalan.net/yad352850/kuchikomi/,2025/11/18,,ja,,,,楽しい旅行,スタッフの方の対応は良く、楽しい旅行になりました。 冬なので、仕方ないとこはありますが鍋じゃない方がいいなと思います。,unclear,,false,jalan_latest,888080aa9006,positive,body_positive,high,body_sentiment_inference_needed
93,jalan_04_036,Jalan,https://www.jalan.net/yad352850/kuchikomi/,2025/11/17,,ja,,,,評判通りの別世「界」、温泉たまごが唯一減点,近場の星野リゾート、湯布院と迷いましたが露天風呂付き3人部屋がこちらしか取れずに別府にしました。 期待値は高かったですが、それを超える完璧な接客と施設。イベントもあったりと飽きさせないオススメのホテルでした。 唯一残念だったのが、サービスの温泉たまごがすぐになくなること。夕飯前に通路にあったから、食後の楽しみにしてましたが、誰も食べる事ができず。私は良いです,room_open_air_bath,open_air_public_bath|room_open_air_bath,true,jalan_latest,8c6c07470475,mixed,body_positive_and_negative,high,body_sentiment_inference_needed
94,jalan_04_049,Jalan,https://www.jalan.net/yad352850/kuchikomi/,2025/11/16,,ja,,,,同級生との旅,50代女性です。高校と同級生との3人旅！ 九州の星野リゾート巡りしてます。 今回の別府は、建物ごモダンで。足湯でゆっくりできて。 料理も美味しくて！ 最高でした,facility_wide,footbath,true,jalan_latest,470ebf76957b,positive,body_positive,high,body_sentiment_inference_needed
95,jalan_04_062,Jalan,https://www.jalan.net/yad352850/kuchikomi/,2025/11/14,,ja,,,,便利な場所です,海沿いの便利な場所にあります。近くにゆめタウンがあるので早く着きすぎたので時間をつぶせました。 界ならではのいろんなイベントがあり、楽しめます。 部屋からの眺めも良かったです。,unclear,booking_confusion|view,false,jalan_latest,d447f9e596dc,mixed,conditional_signal_tag,medium,body_sentiment_inference_needed
96,jalan_04_075,Jalan,https://www.jalan.net/yad352850/kuchikomi/,2025/11/7,,ja,,,,やっぱり星野リゾート,車で駐車場に到着し直ぐにスタッフが来ての対応、館内の案内、部屋での説明、館内でのイベントなどの説明分かりやすく説明し流れがいいです。 気持ち良く温泉、食事、イベントなどの参加して、あっという間のじかんでした。 スタッフの皆さん対応はさすがに満点です。,facility_wide,access,true,jalan_latest,e1fbe07a7f5e,positive,body_positive,high,body_sentiment_inference_needed
97,jalan_04_088,Jalan,https://www.jalan.net/yad352850/kuchikomi/,2025/11/6,,ja,,,,とてもよかった,対応が丁寧でとても好感が持てました。 部屋からの展望が最高でかなり寛がせてもらいました。 お風呂上がりにあるアイスも嬉しかったです。,facility_wide,,true,jalan_latest,650239b1c147,positive,body_positive,high,body_sentiment_inference_needed
98,jalan_04_101,Jalan,https://www.jalan.net/yad352850/kuchikomi/,2025/11/2,,ja,,,,九州旅行2025,星のリゾートは、施設内でのイベント等に参加させて楽しませるホテルですので、非日常を楽しむことができます。 料理も手の込んだものばかりで、丁寧にご説明頂き、大変満足しました。,unclear,,false,jalan_latest,e6f0ba3a2a29,positive,body_positive,high,body_sentiment_inference_needed
99,jalan_04_114,Jalan,https://www.jalan.net/yad352850/kuchikomi/,2025/11/2,,ja,,,,姉妹旅,今回、九州ドライブ旅で界のホテルを利用しました。 部屋の窓から見える海は、ステキで思わずわーって声が出るほどでした。ベッドも腰が痛くならず、ぐっすり眠る事が出来て良かったです。また違う界にも泊まりたいです,unclear,view,false,jalan_latest,5f78093bec36,mixed,body_positive_and_negative,high,body_sentiment_inference_needed
100,jalan_04_127,Jalan,https://www.jalan.net/yad352850/kuchikomi/,2025/11/1,,ja,,,,夫婦2人旅,今回は、私が病気になり手術をしたばかりでしたが 主人が やっぱり一緒に行こう！と。移動は、車と船で。観光も無しでしたが 界に泊まれただけで 充分でした。お部屋も素敵で お料理も美味しくて。お風呂には、入れませんでしたが、温泉ソムリエの方とのお話は、とても楽しかったです。温泉玉子・ジュースもいただき 夜食をゲット。イベントも、参加出来 やっぱり来て良かったです,facility_wide,,true,jalan_latest,a32284cf431c,positive,body_positive,high,body_sentiment_inference_needed
101,jalan_04_140,Jalan,https://www.jalan.net/yad352850/kuchikomi/,2025/10/28,,ja,,,,3世代で利用,祖母の快気祝いも兼ねて3世代で最上階の部屋を利用しました。 到着から丁寧な対応をしてくださり、部屋も入り口を開けると正面の海がドーンと絵画の様に目に入りとても感動しました。 娘もミスト作りや絞り体験も出来てとても喜んでおり、久々にゆっくりと贅沢な時間を過ごせました。 ハイクラスという事もあり、ガヤガヤしてなくて祖母もゆっくりできたと喜んでいました。 色々なホ,unclear,booking_confusion|view,false,jalan_latest,c059e95d3daa,mixed,conditional_signal_tag,medium,body_sentiment_inference_needed
102,jalan_04_153,Jalan,https://www.jalan.net/yad352850/kuchikomi/,2025/10/20,,ja,,,,全てが最高でした,部屋からの景色が絶景です。海が目の前でガラスが大きいのでずっと見ていられます。露天風呂付きのお部屋が絶対オススメです！ お食事も丁寧に説明して頂き土地の食材を使用されていて全て美味しかったです。 温泉も素晴らしかったです。絶対にまた行きます！,room_open_air_bath,open_air_public_bath|room_open_air_bath|view,true,jalan_latest,3665164af9ce,positive,body_positive,high,body_sentiment_inference_needed
103,jalan_04_166,Jalan,https://www.jalan.net/yad352850/kuchikomi/,2025/10/19,,ja,,,,絶景に癒されました,夜明け前の暗い別府湾から昇る朝陽の時間を部屋の大きな窓からゆっくり楽しめました。館内の案内所で九州の旅をいろいろアドバイスいただきとても参考になりました。明礬温泉のお湯で作った「ゆでたまご」までいただき美味しくいただきました。,facility_wide,booking_confusion|view,true,jalan_latest,9708c82f765e,mixed,conditional_signal_tag,medium,body_sentiment_inference_needed
104,jalan_04_179,Jalan,https://www.jalan.net/yad352850/kuchikomi/,2025/10/16,,ja,,,,絶景広がる部屋,初星のリゾートです。絶景広がるお部屋にとても感動しました！スタッフの方々も丁寧に対応してくださいました。,unclear,,false,jalan_latest,3e8e46c830e8,positive,body_positive,high,body_sentiment_inference_needed
105,jalan_04_192,Jalan,https://www.jalan.net/yad352850/kuchikomi/,2025/10/14,,ja,,,,ゆっくり過ごせる,海沿いに建っており､お部屋の大きな窓からは海一面で､日常から少し離れることができました。シャワーのみのお部屋でしたが､大浴場も雰囲気があり､何度も利用しました。お風呂上がりに､ちょっとしたアイスやドリンクもあり､外に座ってのんびりできました。泊まり客の私たちを一生懸命おもてなししてくれてるなと思える時間が過ごせました。,public_bath,booking_confusion|public_bath|view,true,jalan_latest,4d1ab9132a39,mixed,conditional_signal_tag,medium,body_sentiment_inference_needed
106,jalan_04_205,Jalan,https://www.jalan.net/yad352850/kuchikomi/,2025/10/13,,ja,,,,おもてなしが良かった,部屋はおしゃれで子供も満足してました。食事も珍しいものもあり、おいしくいただけました。うちの子供がさわがしかったのですが、いろいろと対応していただきました。朝食時には他のお客さんに迷惑にならないように、端の席を用意してもらえました。お風呂あがりの飲み物やアイスは子供が喜んでいました。,facility_wide,,true,jalan_latest,01e0e71cde29,positive,body_positive,high,body_sentiment_inference_needed
107,jalan_04_218,Jalan,https://www.jalan.net/yad352850/kuchikomi/,2025/10/13,,ja,,,,海の見える景色よい,記念日旅行、楽しみにしていたお宿です。 部屋からの景色も良く、夕食時にはお祝いのプレートも 用意してくださり、いい思い出になりました。 ありがとうございました。,unclear,view,false,jalan_latest,57cfba0a7fa6,positive,body_positive,high,body_sentiment_inference_needed
108,jalan_04_231,Jalan,https://www.jalan.net/yad352850/kuchikomi/,2025/10/12,,ja,,,,ねそさんのクチコミ,新婚旅行で星野リゾートということもあり、期待してました。値段も奮発して良い部屋を予約（露天風呂付きルーム）。 他の人も書いてる人がいますが、結果は低評価でした。 ベッドは、せまい。シングル。 朝食、夕食の食器にはヒビが入って汁が垂れる。 サービスは、悪い。 初日は、荷物を持って運んでくれましたが、帰りは知らんぷり。ちなみに両手にいっぱい荷物持っていました。 ,room_open_air_bath,booking_confusion|open_air_public_bath|room_open_air_bath,true,jalan_latest,d6daac2ae900,mixed,body_negative_with_context,high,body_sentiment_inference_needed
109,jalan_04_244,Jalan,https://www.jalan.net/yad352850/kuchikomi/,2025/10/8,,ja,,,,大分旅行,年に一度の旅行で利用させてもらいました。2人とも10月生まれでこのタイミングでの旅行です。部屋の高級感、ゆったり感は最高でした。露天風呂から眺めは最高でしたが、上階ということで安全上必要な柵のお陰で開放感は若干下がり気味。ですが、温泉を嗜む目的では、大変満足出来ました。夕食は創作された料理で美味しいものでした。朝食も同じようにかんじましたが、もっとシンプルに,open_air_public_bath|public_bath,open_air_public_bath|public_bath|view,true,jalan_latest,ba54d398f080,positive,body_positive,high,body_sentiment_inference_needed
110,jalan_04_257,Jalan,https://www.jalan.net/yad352850/kuchikomi/,2025/10/5,,ja,,,,おおむね満足ですが…,家族のお祝いで利用しました。部屋からの景色もよくおおむね満足ですが、ところどころ気になるところがありました。 -廊下がカビ臭い -部屋のベッドが小上がりになっているが段差が危ない。高齢の父が段差につまづき足を挫いてしまいました。段差とわかる目印が必要かと。 -食事のとき(特に朝食)、スタッフがいない。用事があるときは席を立って探しに行かないといけない。人数が,unclear,cleaning_or_maintenance|view,false,jalan_latest,bc5707f6fc1c,mixed,body_positive_and_negative,high,body_sentiment_inference_needed
111,jalan_04_270,Jalan,https://www.jalan.net/yad352850/kuchikomi/,2025/10/5,,ja,,,,アクティビティと足湯にこどもが大喜び,サービスや声かけはあっさりしていて忙しそうでした。施設は清潔に保たれていました。部屋や食事処の照明はやや暗めで雰囲気がよかったのですが、年寄りやこどもには不評でした。外国のお客さんが多くいましたが、大浴場はほぼ貸切状態でゆっくりお風呂にはいれました。 食事提供のタイミングはちょうどよく、テンポよく食事することができてよかったです。,public_bath,cleaning_or_maintenance|crowding|public_bath,true,jalan_latest,afc174517605,mixed,conditional_signal_tag,medium,body_sentiment_inference_needed
112,jalan_04_283,Jalan,https://www.jalan.net/yad352850/kuchikomi/,2025/10/4,,ja,,,,夕食時間の調整の対応がとても親切でした,友人３人との九州地方の界巡り第２弾として宿泊させていただきました。石川県と岩手県から福岡空港で合流し3泊4日の中で３人の希望を叶える旅として休みを調整し急な計画となりました。お宿を予約した時点で希望の夕食時間枠が取れず困っていた所、快く調整していただき楽しい九州旅行となりました。お部屋から一望できる海も素敵で、楽しい旅にとジュースのサービスも驚きでした。また,unclear,booking_confusion|view,false,jalan_latest,4738f9c5a331,mixed,conditional_signal_tag,medium,body_sentiment_inference_needed
113,jalan_04_296,Jalan,https://www.jalan.net/yad352850/kuchikomi/,2025/10/2,,ja,,,,星野リゾート,星野リゾートに初めての宿泊ということで、期待を込めて特別室に宿泊しました。 気になる点をいくつか。チェックイン時に待っていると、放っておかれて後から来た客が先にチェックイン。 男女２人だったのに、部屋着は男性用が２組用意されていた。他の方も書いていましたが、同じ９月の出来事のようで改善の時間はあったはず。下駄も一緒にフロントで交換してもらいました。 部屋にゴ,public_bath|room_open_air_bath,booking_confusion|cleaning_or_maintenance|open_air_public_bath|public_bath|room_open_air_bath|view,true,jalan_latest,6327a2065073,mixed,conditional_signal_tag,medium,body_sentiment_inference_needed
114,jalan_04_309,Jalan,https://www.jalan.net/yad352850/kuchikomi/,2025/9/29,,ja,,,,80歳の両親へ,足が悪い父親、いつも世話をする母親二人へ感謝を込めての3人旅。部屋の露天風呂がずいぶんまたぐのに高さがあり、踏み台を欲しいと言った所、子供用。結局は入れず。シャワーのところにも座る椅子が無くでした。 ごはんは、一人4万円なので・・・そこそこを期待しましたが、お鍋に入る魚は冷凍なのでくさみがつよく、残念でした。 違うおもてなし・・・のタイプだとおもいますが、良,room_open_air_bath,open_air_public_bath|room_open_air_bath,true,jalan_latest,5ad11db375b4,mixed,body_negative_with_context,high,body_sentiment_inference_needed
115,jalan_04_322,Jalan,https://www.jalan.net/yad352850/kuchikomi/,2025/9/29,,ja,,,,眺めが良かった,部屋から海が見え、眺めが良かったです。 お料理も美味しく、お腹いっぱいになりました。 足湯や夜店などもあり、とても楽しめました。,facility_wide,footbath|view,true,jalan_latest,7ac0a4801527,positive,body_positive,high,body_sentiment_inference_needed
116,jalan_04_335,Jalan,https://www.jalan.net/yad352850/kuchikomi/,2025/9/28,,ja,,,,雨の日でも心地よく過ごせた別府「界」滞在記,お友達との旅館巡りで、今回は一年ぶりに「界 別府」を訪れました。 前回の印象が良かったため、再訪できることを楽しみにしておりました。 アクセス・チェックイン 生憎の雨模様でしたが、 別府駅からタクシー利用で550円と大変リーズナブル。 到着後のチェックインもスムーズで、安心感がありました。 お部屋 お部屋にはウェルカムスイーツとしてザボンが置かれており、 嬉,public_bath,access|cleaning_or_maintenance|footbath|public_bath,true,jalan_latest,a7737950f0b1,mixed,conditional_signal_tag,medium,body_sentiment_inference_needed
117,jalan_04_348,Jalan,https://www.jalan.net/yad352850/kuchikomi/,2025/9/27,,ja,,,,イベントが楽しいお宿,イベントがたくさんあってお宿で過ごすのが楽しかったです。部屋の設備やタオル、接客は最高でしたが、料理の量は少なく感じました。,unclear,,false,jalan_latest,080369ccb1be,positive,body_positive,high,body_sentiment_inference_needed
118,jalan_04_361,Jalan,https://www.jalan.net/yad352850/kuchikomi/,2025/9/27,,ja,,,,日常を感じない空間,ご褒美に思い切って予約しました。 到着から出発までのスタッフさん方の対応がとても丁寧で素敵でした。 お料理は魚介類がとても苦手なんですけど、予約したコースは海鮮笑 迷いましたがチャレンジだと思い、いただくと…もうどれも美味しくて 全部食べきれなかったことを少し後悔するほど。 時間を持て余す贅沢をさせていただきました。 また記念日などに利用したいと思います,unclear,booking_confusion|view,false,jalan_latest,8e2b8a61ecc7,mixed,conditional_signal_tag,medium,body_sentiment_inference_needed
119,jalan_04_374,Jalan,https://www.jalan.net/yad352850/kuchikomi/,2025/9/25,,ja,,,,ゆったりと残暑の疲れを癒す家族旅,星野リゾート界別府に初めて宿泊、海が目の前の絶景ホテル、大分の食材を堪能できる食事も絶品でした。星野リゾートには何度も利用しているので滞在中は安心していろいろイベントに参加して寛ぐことができました。,unclear,view,false,jalan_latest,8cde0546adc1,positive,body_positive,high,body_sentiment_inference_needed
120,jalan_04_387,Jalan,https://www.jalan.net/yad352850/kuchikomi/,2025/9/24,,ja,,,,初めての星野リゾート 界,初めての星野リゾート 界 期待していた通り海に面した露天風呂は最高でした。また肉の少ないヘルシーな海鮮中心の食事はグッド。 子供にも優しく対応して頂きました。,open_air_public_bath,open_air_public_bath|view,true,jalan_latest,20e1c474124b,positive,body_positive,high,body_sentiment_inference_needed
121,jalan_05_010,Jalan,https://www.jalan.net/yad352850/kuchikomi/,2025/9/21,,ja,,,,しゅうちゃんさんのクチコミ,ネットで事前チェックして、キャンセル不可のプランで申し込みました。楽しみにしていたウェルカムシャンパンがなく、また夜のラーメンもなく、飲めない焼酎に代わっていた。ラーメンの様にみんなが楽しめるものが良いと思う。ウェルカムのお菓子が3人部屋なのに一人分しかない。フロントに伝えたが拒否された。夕食の締めに鍋に残った出汁で雑炊にしたいと申し出るも拒否。全く全てにお,facility_wide,,true,jalan_latest,ff1d2dffdecb,positive,body_positive,high,body_sentiment_inference_needed
122,jalan_05_023,Jalan,https://www.jalan.net/yad352850/kuchikomi/,2025/9/21,,ja,,,,テンション上がった！,宿に着いて部屋に入るまでの素敵なのと高級感！ ワクワクドキドキ。部屋は海に沿って一面がガラスバリで海！最高でした。 客室露天風呂も一人でのんびり入れました。 あとは食事が楽しみでしたが、思ったよりインパクトがなく還暦で奮発しましたが少し残念だった気がします。,room_open_air_bath,open_air_public_bath|room_open_air_bath|view,true,jalan_latest,13118796e38a,mixed,body_positive_and_negative,high,body_sentiment_inference_needed
123,jalan_05_036,Jalan,https://www.jalan.net/yad352850/kuchikomi/,2025/9/16,,ja,,,,最高の旅行にしてくれました。,恋人との記念日旅行のため利用させていただきました。露天風呂付の部屋で景色はもちろんのこと、館内の設備、サービス共に最高でした。ご飯はとても美味しく、記念日ということでサプライズも用意してくださり、感動しました！ また必ず利用します！,room_open_air_bath,open_air_public_bath|room_open_air_bath|view,true,jalan_latest,eddd2c132e8b,positive,body_positive,high,body_sentiment_inference_needed
124,jalan_05_049,Jalan,https://www.jalan.net/yad352850/kuchikomi/,2025/9/13,,ja,,,,少し残念,星野リゾートの施設なので、期待値が高かったので、少し残念な感じです。エレベーターに乗った瞬間あれ？何かシミがついたままになってないかな？と。エレベーター降りてから部屋までも、見た目は良いが、臭いがきつい。部屋も綺麗な作りだが、もう少し丁寧に清掃されてれば…。 後は、チェックが、複数人でやってないのかな？と思いました。部屋でチェックインするのですが、アメニティ,unclear,cleaning_or_maintenance,false,jalan_latest,17418c0a2cba,mixed,body_negative_with_context,high,body_sentiment_inference_needed
125,jalan_05_062,Jalan,https://www.jalan.net/yad352850/kuchikomi/,2025/9/12,,ja,,,,接客は最上級,良かったところ スタッフ全て接客レベルが高い。海が良く見える部屋及び大きな窓。食事の質及び対応、食事時に料理のことや食材のことを聞いた時に即答してくれた。夕食後など縁日っぽいイベントで楽しませてくれた。 良くなかったところ 部屋の海が見える大きな窓に子供らしき手垢がべったりついていた。部屋の露天風呂が小さい。部屋は広いのにベッドはシングルだった、この価格帯の,room_open_air_bath,open_air_public_bath|room_open_air_bath|view,true,jalan_latest,b5d416738cb0,positive,body_positive,high,body_sentiment_inference_needed
126,jalan_05_075,Jalan,https://www.jalan.net/yad352850/kuchikomi/,2025/9/9,,ja,,,,朝日にパワーを貰いました。,何と言っても、お部屋からの眺め、オーシャンビュー！海を眺めているだけでも癒されますが、ちょうど満月。夜の眺めも最高！朝は日の出にパワーを貰いました。十分に癒されました。また夕食のおいしかった事。大満足です。強いて言えば、私には朝食が白いご飯にあわせてあったのでしょうが濃かったかな？界系列に泊まるのは、２か所目ですが、どこも接客もよく気持ちよいい時間が過ごせる,unclear,booking_confusion|view,false,jalan_latest,57f3abd29cc6,mixed,conditional_signal_tag,medium,body_sentiment_inference_needed
127,jalan_05_088,Jalan,https://www.jalan.net/yad352850/kuchikomi/,2025/9/8,,ja,,,,景色最高,部屋から見える別府湾が最高です。 露天風呂も海見えて素晴らしいです。 キャストのおもてなしの気持ちがよくわかりとても素敵な時間を過ごせました。他の星野リゾートも行ってみたいです。,open_air_public_bath,booking_confusion|open_air_public_bath|view,true,jalan_latest,25746b678d47,mixed,conditional_signal_tag,medium,body_sentiment_inference_needed
128,jalan_05_101,Jalan,https://www.jalan.net/yad352850/kuchikomi/,2025/9/7,,ja,,,,おもてなしが良かった,スタッフの皆さんの接客がとても良く食事も満足でしたが、肉料理が少しでもあったらもっと良かった気がします。 個人的にベットのマットが柔らかめだったのが残念でした,unclear,water_texture,false,jalan_latest,b717d142169d,mixed,body_positive_and_negative,high,body_sentiment_inference_needed
129,jalan_05_114,Jalan,https://www.jalan.net/yad352850/kuchikomi/,2025/9/4,,ja,,,,ゆっくりお腹も身体もくつろぎタイム,朝食、夕食の他、お祭りタイムがあり屋台気分でラーメン、別府と言えば地獄温泉の温泉卵や葛アイスのサービスがありとてもお腹も心を堪能出来ました。夕食のパフォーマンスも良く、夕食後じゃらん様からです。との事で飲みものサービスもありました。お風呂のあとのアイスや柚子蜜もとても美味しかったです。お部屋も眺めも良かったです。 足湯だけは、とてもぬるくて残念でした。,facility_wide,footbath|view,true,jalan_latest,94956098d1ce,mixed,body_positive_and_negative,high,body_sentiment_inference_needed
130,jalan_05_127,Jalan,https://www.jalan.net/yad352850/kuchikomi/,2025/9/2,,ja,,,,部屋からの眺めが最高,こどもと二人旅をしました。 みなさんとても親切で接客もとても良かったです。 露天風呂付きの客室にしましたが、部屋に大きな窓があり、目の前は海で夜景も朝日もとてもきれいでした。朝日がのぼると、海にオレンジ色の光の道ができてきらきらしてあさからとても癒されました。部屋の露天風呂は予想より少し小さめでしたが、海をみながら温泉にはいることができました。 夜はお祭りの,room_open_air_bath,open_air_public_bath|room_open_air_bath|view,true,jalan_latest,33ec6a6deb3d,positive,body_positive,high,body_sentiment_inference_needed
131,jalan_05_140,Jalan,https://www.jalan.net/yad352850/kuchikomi/,2025/8/30,,ja,,,,30年も前と同じ場所,ここは30年振りでとても懐かしくなりました。温泉は源泉掛け流しで泉質はとても気持ち良いです。今回は私の還暦祝いで主人と二人で泊まりました。手湯、温泉いろはでのミスト作り、スマートボール、記念日プランでブリザードフラワー、記念写真等素敵な思い出が出来ました。部屋の露天風呂は背が低い私は足が伸ばせ、十分寛げました。あまり時間が無く、12時迄居られ無かったし、夜の,room_open_air_bath,booking_confusion|open_air_public_bath|room_open_air_bath|view|water_texture,true,jalan_latest,839951c7ff2c,mixed,conditional_signal_tag,medium,body_sentiment_inference_needed
132,jalan_05_153,Jalan,https://www.jalan.net/yad352850/kuchikomi/,2025/8/26,,ja,,,,夏祭り・花火,チェックインの時の担当者の方が予約内容を確認されていないまま対応され驚きました。 大人5名・小学一年生・年中幼児・1才10ケ月2名・全員分の支払いを支払いして予約していましたが「添い寝の方は事前に連絡して貰わないと」と､不穏な対応｡支払いも行っている事を説明すると 何の断りもなく手間取っておられました。 事前に情報確認されて頂きたいです。 とても残念な気持ち,facility_wide,booking_confusion|view,true,jalan_latest,0cd0407c758c,mixed,body_negative_with_context,high,body_sentiment_inference_needed
133,jalan_05_166,Jalan,https://www.jalan.net/yad352850/kuchikomi/,2025/8/24,,ja,,,,部屋からの景色が最高です！,今回、日頃の疲れを癒す目的として「界 別府」を利用しました。その目的通り部屋に入った瞬間から窓からの景色に感動し、とても癒されました！！ 夕飯も朝食もすべて美味しく、今回の旅でこちらを選んで本当に良かったです！！ 食事を運んでくださった方とも少しお話しができ、すごく楽しい時間となりました！ ただエレベーターを降りてから部屋までの廊下がカビ臭く、そこが唯一残念,unclear,booking_confusion|view,false,jalan_latest,be95c3137347,mixed,body_positive_and_negative,high,body_sentiment_inference_needed
134,jalan_05_179,Jalan,https://www.jalan.net/yad352850/kuchikomi/,2025/8/23,,ja,,,,期待していた界,年に何度か色々な所に宿泊します。今回初めて界に宿泊しました。 海沿いなので、お部屋から海が一望できますが、お風呂から見えません。もったいないなぁ～ 同じ海沿いの宿泊施設にも何度か泊まりましたが、海が見えとても良かったので期待していました。 食事、ちょっと残念だったかなぁ～ 足湯がありましたが、陽が沈まないと、入れませんね…暑くて～なんか、屋根か日除けがあれば,facility_wide,footbath|view,true,jalan_latest,f1eed390edba,mixed,body_positive_and_negative,high,body_sentiment_inference_needed
135,jalan_05_192,Jalan,https://www.jalan.net/yad352850/kuchikomi/,2025/8/18,,ja,,,,憧れの星野リゾート,妻が「憧れの星野リゾートに泊まりたい」というのでこの度利用。 部屋、接客ともに言うことなし！ 部屋から見える壮大な別府湾も最高でした。（少しモヤってたのが残念） 部屋付き露天風呂の温度調整もしてくださり、温泉には長めに浸かれました。 晩御飯もここで食べたかったですが、好き嫌いの激しい子どもが食べられるものがなさそうだったので晩御飯は外だったのが残念でした（外,room_open_air_bath,open_air_public_bath|room_open_air_bath|view,true,jalan_latest,366bdb13019c,mixed,body_positive_and_negative,high,body_sentiment_inference_needed
136,jalan_05_205,Jalan,https://www.jalan.net/yad352850/kuchikomi/,2025/8/14,,ja,,,,星野リゾートと狼狽えず,さすがの星野リゾート、全てのスタッフの教育の行き届きよう。 素晴らしいの一言。 ホテルからの眺めは最高。 星野リゾート と高飛車な事はなく、至ってシンプル 親切、あたたかい。 是非 皆様も行ってみられまし。,unclear,view,false,jalan_latest,956fb7471de8,positive,body_positive,high,body_sentiment_inference_needed
137,jalan_05_218,Jalan,https://www.jalan.net/yad352850/kuchikomi/,2025/8/10,,ja,,,,素敵な旅館,ひとり旅で利用しました。弾丸だったので不安でしたがスタッフさん皆さん優しくて安心して過ごすことができました。次は大切な人と一緒に行きたいです。,unclear,,false,jalan_latest,c79cf9acc089,neutral,neutral_or_lodging_context,medium,body_sentiment_inference_needed
138,jalan_05_231,Jalan,https://www.jalan.net/yad352850/kuchikomi/,2025/8/8,,ja,,,,ホスピタリティ溢れる対応でした！,結婚記念日を兼ねて二泊しました。 チェックインの際、それを伝えたら夕食のデザートにプレートを用意してくださったり、食べ終わるタイミングを見計らって写真をフォトフレームにしてくださったり…。 また、足湯や手湯はもちろんのこと、ミスト作りや夜店など飽きさせることなく「非日常」を優しく後押ししてくれる配慮が満載でした。 食事は、とりわけ二日目の夕食が全て美味しかっ,facility_wide,footbath,true,jalan_latest,dadebcc46c10,neutral,neutral_or_lodging_context,medium,body_sentiment_inference_needed
139,jalan_05_244,Jalan,https://www.jalan.net/yad352850/kuchikomi/,2025/8/7,,ja,,,,初めての界！,子育てが落ち着き、たまには思いっきりゆっくりしたい、そして趣味を見つけたいと思い、星野リゾート巡りを思いつきました。 以前からTV等でとても良いという情報をよく聞いており、まずは近場を予約しました。 チェックインで駐車場に着くと、すぐにスタッフの方がお迎えに来てくれて荷物を運び、部屋へと案内してくれました。部屋に着くと、部屋の内観・広さ、部屋からの景色も最高,open_air_public_bath,access|booking_confusion|chlorine_smell|open_air_public_bath|view,true,jalan_latest,81e571fef022,negative,negative_signal_tag,high,body_sentiment_inference_needed
140,jalan_05_257,Jalan,https://www.jalan.net/yad352850/kuchikomi/,2025/7/24,,ja,,,,楽しいイベントを工夫,サービスは、評判どおり満足できます。今回は、懐かしい旧友との旅行だったので、存分に楽しみました。 まあ、夫婦で、温泉旅行のゆったりとした時間を過ごしたいと思っておられる方には、サービス視点は少し違うものかもしれませんね。 熱めのお風呂は、大満足でした。,facility_wide,booking_confusion,true,jalan_latest,8a758441000a,mixed,conditional_signal_tag,medium,body_sentiment_inference_needed
141,jalan_05_270,Jalan,https://www.jalan.net/yad352850/kuchikomi/,2025/7/21,,ja,,,,はじめての星のリゾート,3連休の初日のせいもあり、道路が凄く混んでいて、御宿についたのが、17時前でした。 なので残念なことは、アクティビティの予約をしたかったんですが、もう枠がいっぱいで参加できなくなっていたことでした。 参加希望の方は15時のチェックインに間に合うように計画をお勧めします。 楽しめたのは、夕食や朝食の彩り豊かで美味しい食事、夜の祭りの催しです。 一番気に入ったの,unclear,booking_confusion|crowding,false,jalan_latest,9e3fb1e67be8,mixed,body_positive_and_negative,high,body_sentiment_inference_needed
142,jalan_05_283,Jalan,https://www.jalan.net/yad352850/kuchikomi/,2025/7/21,,ja,,,,お部屋からの眺めが最高,初めての星野リゾート宿泊で期待大。 ホテル直近の駐車場が満車で、炎天下少し歩いた所へ駐車。 お部屋でチェックイン、館内の説明をして頂きました。 足湯や手湯、ラウンジでのドリンクサービス、夜店、ミスト作り等。 ホテル内のアクティビティが充実していました。 部屋からの眺めが良かったです。 朝日が昇るのが見られるとお勧めされ、朝5時に起きて日の出も堪能出来ました。,public_bath|room_open_air_bath,access|footbath|open_air_public_bath|public_bath|room_open_air_bath|view,true,jalan_latest,43c533fa0440,positive,body_positive,high,body_sentiment_inference_needed
143,jalan_05_296,Jalan,https://www.jalan.net/yad352850/kuchikomi/,2025/7/20,,ja,,,,初めての星野リゾート,母の誕生日旅行で2日お世話になりました。 初日は別府の街中でご飯が食べたいというので素泊まり、2日目は2食付けました。 徒歩5分前後で有名な居酒屋さんや別府タワーまでアクセスできるため素泊まりでも全然問題なし。 何より部屋のオーシャンビューが素晴らしい！ 部屋に付いている温泉からも別府湾を眺めることができ、母は1・2時間おきに温泉に入ってました笑 夜に提供さ,facility_wide,access|booking_confusion|view,true,jalan_latest,27bb653a2346,mixed,conditional_signal_tag,medium,body_sentiment_inference_needed
144,jalan_05_309,Jalan,https://www.jalan.net/yad352850/kuchikomi/,2025/7/19,,ja,,,,界 別府の温泉はとにかく最高でした。,食事も地元の味を活かした品が多く、大満足でした。温泉だけでなく、温泉ミスト作りの体験ができてとても思い出に残りました！自分だけのミストをお土産にできるのが嬉しかったです。夜には屋台で地元のお酒を楽しめて、旅気分がぐっと盛り上がりました。スタッフの方も親切で心地よい滞在でした。」,facility_wide,,true,jalan_latest,5d6376089683,positive,body_positive,high,body_sentiment_inference_needed
145,jalan_05_322,Jalan,https://www.jalan.net/yad352850/kuchikomi/,2025/7/18,,ja,,,,残念でした。,チェックイン時は、暑い時間でしたが、こちらでお待ち下さいと言われた部屋トラベルライブラリーは暑く、用意されている飲み物も、ポットの物ばかり。室外の方がまだ涼しい。出口でスタッフの方に会ったので、部屋が暑いですよと伝えると、無言で何処かに走って行かれました。お部屋に案内されてからも、到着時間を伝えているにも関わらず、ムッとした室内。又、トイレの便座が、かなりの,facility_wide,booking_confusion|cleaning_or_maintenance,true,jalan_latest,bae99181ec21,mixed,body_negative_with_context,high,body_sentiment_inference_needed
146,jalan_05_335,Jalan,https://www.jalan.net/yad352850/kuchikomi/,2025/7/17,,ja,,,,素敵なお宿です,星野リゾート 界の中では駅からも近く、入口の前で既にスタッフの方が出迎えてくれていてすぐに案内。チェックインもお部屋までスタッフの方が来て下さり、手続きと館内の案内をしてくれました。とても暑い日だったのでその配慮だけでも助かりました。 お風呂も広々としていてゆったり入る事が出来、お食事もタイミングを見計って次のお料理が運ばれて来て、説明もしっかりしてくれるな,facility_wide,access,true,jalan_latest,54b27b490ec1,neutral,neutral_or_lodging_context,medium,body_sentiment_inference_needed
147,jalan_05_348,Jalan,https://www.jalan.net/yad352850/kuchikomi/,2025/7/11,,ja,,,,窓からの眺めが最高でした,友だちとの旅行 別府の地獄めぐりを40年ぶりにしようとやってきました 界の制覇をしようとおもっているので 今回も迷うことなく界別府へ 電車をおりたら歩いて行けるところにあり 交通の便はとても良かったです 接客はとてもよく お料理もたいへん美味しく お部屋からの眺めも最高でした 一つ残念だったのは 部屋の洗面のところが ピカピカってほどではなかったことです 催,open_air_public_bath,open_air_public_bath|view,true,jalan_latest,f524eef33ee7,mixed,body_positive_and_negative,high,body_sentiment_inference_needed
148,jalan_05_361,Jalan,https://www.jalan.net/yad352850/kuchikomi/,2025/7/9,,ja,,,,星野リゾート界だけに！,界霧島以来の２回目の宿泊なのですが、こちらの施設、スタッフ対応等申し分無かったと思います。しかしながら、今回は少し到着が遅れた為、夕食の開始が19時半からになったのですが、残念に感じた事があって、先付は作り置き感が感じられ、お造りは生臭さが感じられました。界ブランドだけに期待する事が高くなるので、テンション下がりました。,unclear,,false,jalan_latest,975f5f713c9e,mixed,body_negative_with_context,high,body_sentiment_inference_needed
149,jalan_05_374,Jalan,https://www.jalan.net/yad352850/kuchikomi/,2025/7/7,,ja,,,,さすがのおもてなし,闘病中の夫、息子家族と利用させて頂きました。施設設備の素晴らしさに加え、到着時の対応やスタッフ間の連携が素晴らしく、食事処では2歳の孫が飽きないようオルゴール付のぬいぐるみやお絵かきを準備頂いたり至れり尽くせりでした。人生最期の旅行になるだろう夫の良い思い出になりました。ありがとうございました。,unclear,,false,jalan_latest,cbdbdc1bdbfc,positive,body_positive,high,body_sentiment_inference_needed
150,jalan_archive_01_010,Jalan,https://www.jalan.net/yad352850/kuchikomi/archive/,2025/7/2,,ja,,,,憧れの宿,GWに夫婦で九州を5日間回りました 一度行ってみたかった星野リゾートが取れたので楽しみにしてました 高級な宿といった感じで部屋は広くてきれい、窓から海が見渡せる 場所にありました 食事の量もちょうど良く静かな雰囲気で頂けました 良い宿は客層も良いので嫌な思いはありませんでした また行きたいですね,unclear,crowding|view,false,jalan_archive,6bfc81e3a781,mixed,conditional_signal_tag,medium,body_sentiment_inference_needed
151,jalan_archive_01_023,Jalan,https://www.jalan.net/yad352850/kuchikomi/archive/,2025/6/28,,ja,,,,部屋からの景色最高！,由布院に続いて2度目の界わくわくして宿泊しました。ホテルの装飾が細かいところまでこだわってて、びっくりしました 別府出身の母は別府音頭のBGMに喜んでいて、すこし踊っていました。チェックアウトの12時近くまでゆっくり過ごせました。,unclear,booking_confusion,false,jalan_archive,e5db205185e8,mixed,conditional_signal_tag,medium,body_sentiment_inference_needed
152,jalan_archive_01_036,Jalan,https://www.jalan.net/yad352850/kuchikomi/archive/,2025/6/23,,ja,,,,別府湾のオーシャンビューが素敵！,兄の古希祝いと両親のお墓参りを兼ねて、兄妹三人、初めての旅行でこのお宿に泊まりました。実家は熊本ですが、今は兄一人、私達もそれぞれ神奈川、福島と遠方にいる為一緒の旅は中々実現しませんでした。兄の運転でお宿にやっと着いて、部屋に案内され先ず別府湾が一望だった事に胸が踊らされました。お料理はもちろん、スタッフの方々の対応も良く、温泉、足湯も良かったです! また是,facility_wide,cleaning_or_maintenance|footbath|view,true,jalan_archive,15d697df6573,mixed,conditional_signal_tag,medium,body_sentiment_inference_needed
153,jalan_archive_01_049,Jalan,https://www.jalan.net/yad352850/kuchikomi/archive/,2025/6/11,,ja,,,,還暦お祝い旅行,スタッフのお気遣い、ご配慮は抜群。大変満足しました。ホテルも清潔で良かったです。強いて言うなら朝夕の食事場所から見える景色が残念。夕食時は前方に交通量の多い道路を見ながらであり朝食は海側だったが海は見えず。,unclear,cleaning_or_maintenance|view,false,jalan_archive,c9c9c358fe9b,mixed,body_positive_and_negative,high,body_sentiment_inference_needed
154,jalan_archive_01_062,Jalan,https://www.jalan.net/yad352850/kuchikomi/archive/,2025/6/10,,ja,,,,全国の星野リゾートに行きたくなった,どこをとっても大満足。 接客から部屋のクオリティ、イベントまで行って良かったと思える内容だった。 ただ、窓の大きい部屋だったが鳥のフンがついていたのが少し残念だった。,unclear,,false,jalan_archive,b082c1d2b94b,mixed,body_positive_and_negative,high,body_sentiment_inference_needed
155,jalan_archive_01_075,Jalan,https://www.jalan.net/yad352850/kuchikomi/archive/,2025/6/4,,ja,,,,おもてなしが良い,夕食の時に、2人の写真を撮って頂き、無料で、写真立てにして下さったのが、凄く嬉しかったのと、個室のように仕切られていたので、それも良かった。 それと、主人が、刺身が食べられなかったこと、当日言ったので、変更出来なかったが、鍋でしゃぶしゃぶのようにしては？と、すぐに対応して頂き、良かった。 お風呂は、期待が大きかったので、思ってたほどは良くはなかったが、脱衣所,facility_wide,booking_confusion|cleaning_or_maintenance,true,jalan_archive,a46f3dc048c3,mixed,conditional_signal_tag,medium,body_sentiment_inference_needed
156,jalan_archive_01_088,Jalan,https://www.jalan.net/yad352850/kuchikomi/archive/,2025/6/3,,ja,,,,接客は最高。おもてなし少し残念、清潔とても残念,友人皆のお誕生日旅行でお世話になりました。お部屋、設備、接客素晴らしくとても気持ち良かったです。星のや界さん！だからこそなのですが、夕飯時にお誕生日の為、スタッフの方が皆さん揃いの写真を撮ってくださり、その後直ぐにミニアルバムを記念にと戴きましたが一冊だったので、4人の1人だけ持帰ることに。嬉しく有難いのですが、それであれば皆が記念に持帰り出来る写真1枚を4,public_bath,cleaning_or_maintenance|public_bath,true,jalan_archive,9254972d860c,mixed,body_positive_and_negative,high,body_sentiment_inference_needed
157,jalan_archive_01_101,Jalan,https://www.jalan.net/yad352850/kuchikomi/archive/,2025/6/3,,ja,,,,子連れでもおすすめ,宿は綺麗で過ごしやすかった。また、夕食後にはイベントがあって子供も楽しめる宿です。次回も利用したいです。,unclear,,false,jalan_archive,42f5694f8521,positive,body_positive,high,body_sentiment_inference_needed
158,jalan_archive_01_114,Jalan,https://www.jalan.net/yad352850/kuchikomi/archive/,2025/6/1,,ja,,,,童心に帰ってお祭り騒ぎ！,お部屋に入ると目に飛び込むオーシャンビュー！ 足湯からも海が眺められて、癒されます。 夜になると、なんと、温泉街のお祭りが始まりました！ 輪投げなどのゲームに興じたり、ラーメンを作って食べたり、葛アイスバーをいただいたり、地獄蒸しの卵をいただいたり（食べてばっか）、温泉名人に観光のオススメを聞いたり。 ご当地楽はジャグバンドの演奏。参加型なので、一緒に演奏で,public_bath,footbath|public_bath|view,true,jalan_archive,f6bd009ce3d3,mixed,body_positive_and_negative,high,body_sentiment_inference_needed
159,jalan_archive_01_127,Jalan,https://www.jalan.net/yad352850/kuchikomi/archive/,2025/5/30,,ja,,,,スタッフ皆さん笑顔,足湯に夜つかりながら、夜景が綺麗。おもてなしも色々あり、他のホテルにはない感じでワクワクしました。お食事も一組ずつ仕切りがありゆっくりと出来ました。又行きたいと思いました。,facility_wide,footbath,true,jalan_archive,674ee8c70c74,positive,body_positive,high,body_sentiment_inference_needed
160,jalan_archive_01_140,Jalan,https://www.jalan.net/yad352850/kuchikomi/archive/,2025/5/29,,ja,,,,全体的に良かった,全体的に見てサービス、清潔感など全て満足できました。 無料のラーメン、飲み物、アイスキャンディーはとても良かった。大浴場は広くて綺麗でしたが、2種類のみでしたので少し期待外れでした。夕食はプランにより違うのか、少し物足りませんでした。味はとても美味しかった。,public_bath,cleaning_or_maintenance|public_bath,true,jalan_archive,534fe9dfb9f0,mixed,body_positive_and_negative,high,body_sentiment_inference_needed
161,jalan_archive_01_153,Jalan,https://www.jalan.net/yad352850/kuchikomi/archive/,2025/5/22,,ja,,,,ペット同伴には厳格で配慮ある対応を！,長年友達と全国の『界』宿泊を楽しみにしてきましたが今回の『界』別府はたいへん残念な思いをしました。 夜の食事処で犬の『キャンキャン』と無駄吠えが何度もありとても耳障りで楽しみの食事のはずがたいへん不快な思いでした。美味しい料理も全く味わうことが出来ませんでした。 途中で犬の無駄吠えを聞いていた『界』の配膳担当の方に苦情を申し入れましたが食事が終わるまで何の対,unclear,,false,jalan_archive,eac51243bf36,mixed,body_positive_and_negative,high,body_sentiment_inference_needed
162,jalan_archive_01_166,Jalan,https://www.jalan.net/yad352850/kuchikomi/archive/,2025/5/20,,ja,,,,やっぱり界は良い,星野リゾート好きで界もあちこち利用させていただいています 何よりスタッフの細やかなサービスが素晴らしいと思います さすが界ですね！ ただ今回の部屋は間取りが少し変わっていてトイレだけが水回りと離れた場所にあり若干使い難いと思いました それ以外はパーフェクトでした,unclear,,false,jalan_archive,a4bf0f977b1a,positive,body_positive,high,body_sentiment_inference_needed
163,jalan_archive_01_179,Jalan,https://www.jalan.net/yad352850/kuchikomi/archive/,2025/5/18,,ja,,,,初めての星野リゾート,ちょっとお高いと思いましたが、2年ぶりの旅行だったのもあり、妻も一度星野リゾートに泊まりたいとの事で利用しました。部屋からの景色も最高、食事も美味しいかった。又ぜひ星野リゾートを利用しようと思います。残念なのがお風呂と食事の場所が分かりにくかったです。,facility_wide,view,true,jalan_archive,15cc958a28ea,mixed,body_positive_and_negative,high,body_sentiment_inference_needed
164,jalan_archive_01_192,Jalan,https://www.jalan.net/yad352850/kuchikomi/archive/,2025/5/16,,ja,,,,部屋からのオーシャンビューが最高,ハネムーンで最終日に念願の星野リゾートに泊まりました！ なんと言っても部屋に入ってからの清潔感といい部屋の広さ、そして真正面に広がるオーシャンビュー！ 感動しました。 チェックインがなんと部屋でとの事で部屋で待っているとスタッフさんが来てご丁寧に挨拶を！ そこでハネムーンで来たことを伝えました！ すると夕食時のデザートで｢記念でこられたとの事で｣と｢おめでと,open_air_public_bath|public_bath,booking_confusion|cleaning_or_maintenance|crowding|open_air_public_bath|public_bath|view,true,jalan_archive,5661d2cf2af6,mixed,conditional_signal_tag,medium,body_sentiment_inference_needed
165,jalan_archive_01_205,Jalan,https://www.jalan.net/yad352850/kuchikomi/archive/,2025/5/12,,ja,,,,結婚記念日旅行,結婚２０年の記念の旅行ということで、 奮発して、以前から憧れていた星野リゾートに宿泊。 せっかくだからと、お祝いプランにしたのですが、 お祝い箱の用意を忘れられていました。 記念日のお祝いが出来ず、残念でした。 お花とケーキとお酒は次の日の朝には用意はしていただきましたが、 車の運転もあるので乾杯もできず、朝食が８時だったので、 お腹いっぱいで、ケーキも無理,public_bath|room_open_air_bath,booking_confusion|chlorine_smell|cleaning_or_maintenance|open_air_public_bath|public_bath|room_open_air_bath|view,true,jalan_archive,46c731e4cd28,negative,negative_signal_tag,high,body_sentiment_inference_needed
166,jalan_archive_01_218,Jalan,https://www.jalan.net/yad352850/kuchikomi/archive/,2025/5/11,,ja,,,,ゴールデンウィークの別府界,あいにくの天候でしたが、部屋からの眺望が素晴らしく、露天風呂付きのお部屋で堪能させていただきました。スタッフの方々はとてもお若い方ばかりなのに礼儀作法も気配りもよく行き届いていて、気持ち良く滞在できました。グレードアップした夕食は可もなく不可もなくでしたが、朝食は昨今のバイキング形式ではなくバランスの取れた御膳。大げさですが、これは感銘を受けるほど、とても美,room_open_air_bath,booking_confusion|open_air_public_bath|room_open_air_bath,true,jalan_archive,1f145dda8296,mixed,conditional_signal_tag,medium,body_sentiment_inference_needed
167,jalan_archive_01_231,Jalan,https://www.jalan.net/yad352850/kuchikomi/archive/,2025/5/1,,ja,,,,接客、サービスが良かった,客室のお風呂に不具合があり、フロントに連絡したところすぐに対応してくれました。不具合は残念でしたがすぐに対応してくださり、とても気持ちが良かったです。 チェックインからチェックアウトまで接客対応が素晴らしく、とても充実した時間を過ごせました。,facility_wide,booking_confusion,true,jalan_archive,719839a8b724,mixed,body_positive_and_negative,high,body_sentiment_inference_needed
168,jalan_archive_01_244,Jalan,https://www.jalan.net/yad352850/kuchikomi/archive/,2025/4/28,,ja,,,,大きな窓からのオーシャンビューが素敵でした。,素晴らしいおもてなしで、料理も美味しくてとても良かったです。 一つだけ、気を付けていないといけないのは、ベッドの台が出っ張っているので足をひっかけてしまいます。,unclear,,false,jalan_archive,fd060eaa409c,positive,body_positive,high,body_sentiment_inference_needed
169,jalan_archive_01_257,Jalan,https://www.jalan.net/yad352850/kuchikomi/archive/,2025/4/24,,ja,,,,たのしめるお宿です。,部屋から見るオーシャンビューも素敵でしたが、それ以上に随所に利用客を楽しませようとしているのが伝わってくるところが、おすすめポイントです。またホテル周辺にはモールや飲食店も多く利便性が良いいです。,unclear,view,false,jalan_archive,f01198814ece,positive,body_positive,high,body_sentiment_inference_needed
170,jalan_archive_01_270,Jalan,https://www.jalan.net/yad352850/kuchikomi/archive/,2025/4/17,,ja,,,,素晴らしい旅館でした,7泊8日九州旅行の最終日に泊まりました。 他のどの旅館よりも満足感が高く素晴らしい旅館でした。 チェックイン時に記念日だと伝えると夕食の際はサプライズでチョコプレートや写真サービスをしてくだり嬉しかったです！朝夕ともに食べ物が美味しいのはもちろん楽しめるような見た目の工夫もありました。 客室露天風呂なしの和室で（おそらく一番安い部屋？）でしたが、大きな窓いっ,public_bath|room_open_air_bath,cleaning_or_maintenance|open_air_public_bath|public_bath|room_open_air_bath|view,true,jalan_archive,5878fadb8313,mixed,conditional_signal_tag,medium,body_sentiment_inference_needed
171,jalan_archive_01_283,Jalan,https://www.jalan.net/yad352850/kuchikomi/archive/,2025/4/16,,ja,,,,久し振りの別府,15年ぶりぐらいに、別府にいきました。こちらの、お宿は、初めて利用させて頂きました。界の中では、規模の大きい施設だと思います。御当地楽の種類が多く、施設内で別府温泉が楽しめます。食事も地物を意識した内容で、美味しかったです。別府駅や地獄巡りも近いので、観光にも便利でした。,facility_wide,access,true,jalan_archive,c443874d3f47,positive,body_positive,high,body_sentiment_inference_needed
172,jalan_archive_01_296,Jalan,https://www.jalan.net/yad352850/kuchikomi/archive/,2025/4/15,,ja,,,,おもてなしに感激,食事の時父の米寿で来ましたとお話しすると、お食事を担当されてる方がお写真を撮ってくれて、暫くして、写真をミニアルバムにしてきてくれました。その写真をみた母が凄く喜んで、喜んだ母をみたらここでお祝いして良かったとおもいました。家族での忘れられない一泊旅行になりました。,unclear,,false,jalan_archive,aa21595187ce,positive,body_positive,high,body_sentiment_inference_needed
173,jalan_archive_01_309,Jalan,https://www.jalan.net/yad352850/kuchikomi/archive/,2025/4/10,,ja,,,,全てに大満足,今回は初めて星野リゾートさんに泊まる家族も連れて旅行。 家族も今まで泊まった中で1番素敵だったと大好評でした！ 清潔感もあり、大浴場も綺麗ですし、ご飯も美味しく頂きました。 ベッドも寝心地良く、お風呂のお湯も良く、大満足でした。 またこちらに来た時は利用したいです！,public_bath,cleaning_or_maintenance|public_bath,true,jalan_archive,d24ea8d1029d,mixed,conditional_signal_tag,medium,body_sentiment_inference_needed
174,jalan_archive_01_322,Jalan,https://www.jalan.net/yad352850/kuchikomi/archive/,2025/4/9,,ja,,,,朝の景色が印象的なハイブランドの宿,結婚記念日でうかがいました。 有名建築家のデザインだけあってアプローチから印象的な空間です。星野リゾートはスタッフの皆さんのホスピタリティと自分たちにとってちょうどいい食事の良さがどこでも得られるので大好きなホテルです。少しだけ廊下の暗さが気になりました。 天候にめぐまれて朝日を浴びた目覚めが素敵でした,unclear,,false,jalan_archive,11bbb053a838,neutral,neutral_or_lodging_context,medium,body_sentiment_inference_needed
175,jalan_archive_01_335,Jalan,https://www.jalan.net/yad352850/kuchikomi/archive/,2025/4/9,,ja,,,,これぞ星野リゾート。この日だけ王様になったような気分！,まず接客、サービスに感動です。明らかに私の方が年下であるにもかかわらず、非常に丁寧で王様になったような気分です。引くほど丁寧ではなく、少しの柔らかさやフランクさもあり全てにおいて「丁度いい」接客です。館内は言わずもがな綺麗で、良い香りです。部屋に露天風呂がありましたが、オーシャンビューで素敵です。部屋が大きなガラス張りでそこから見えた朝焼けは今後一生忘れない,open_air_public_bath|public_bath,footbath|open_air_public_bath|public_bath|view|water_texture,true,jalan_archive,5155401f4b95,positive,positive_signal_no_caution,medium,body_sentiment_inference_needed
176,jalan_archive_01_348,Jalan,https://www.jalan.net/yad352850/kuchikomi/archive/,2025/4/3,,ja,,,,結婚記念日で利用,結婚記念日で利用させていただきました。 特にお願いはしてなかったのですが、夕食のデザートにアニバーサリープレートをして頂き、大変感動しました。 おかげさまで、素敵な結婚記念日になりました。,unclear,,false,jalan_archive,e8a8b08fea60,neutral,neutral_or_lodging_context,medium,body_sentiment_inference_needed
177,jalan_archive_01_361,Jalan,https://www.jalan.net/yad352850/kuchikomi/archive/,2025/4/2,,ja,,,,料理が美味しい,家族で利用しました。子供達も食事、お風呂に大変喜んでいました。室内から別府湾が一望できとてもキレイでしたし、接客も大変丁寧にしていただきました！霧島、別府と2回目の利用でしたがまた行きたいです。,facility_wide,view,true,jalan_archive,7a9b59ae5948,positive,body_positive,high,body_sentiment_inference_needed
178,jalan_archive_01_374,Jalan,https://www.jalan.net/yad352850/kuchikomi/archive/,2025/3/28,,ja,,,,とても良かった。,細かい気遣いがあって、とても気持ちよく過ごせました。 またいつか利用したいと思います。ありがとうございました。,unclear,,false,jalan_archive,ed4f666e57b8,positive,body_positive,high,body_sentiment_inference_needed
179,jalan_archive_01_387,Jalan,https://www.jalan.net/yad352850/kuchikomi/archive/,2025/3/26,,ja,,,,部屋は最高,3ヶ月の赤ちゃんも連れて行きましたが、貸し出しの哺乳瓶の消毒なんかもあって助かりました。 食事は大人は満足ですけど、凝った食事が多くて5歳の子供は食べれるのが少なかったです。 ふりかけもシラスと卵だけみたいなシンプルな物なので、普通の子供用のふりかけがあると良かったです。 ただ部屋も綺麗で清潔感もあり、タオルも多くあって良かったです。 また泊まりに行きたいで,unclear,cleaning_or_maintenance,false,jalan_archive,78d36f09f84a,mixed,conditional_signal_tag,medium,body_sentiment_inference_needed
180,jalan_archive_02_010,Jalan,https://www.jalan.net/yad352850/kuchikomi/archive/,2025/3/19,,ja,,,,立地も良く楽しく過ごせました,別府駅から徒歩圏内なのに海が近く、客室からの景色もとても良かったです。スタッフさんも親切で丁寧、ご飯も温泉も堪能しました。,facility_wide,access|view,true,jalan_archive,8f84a6e8e4fb,positive,body_positive,high,body_sentiment_inference_needed
181,jalan_archive_02_023,Jalan,https://www.jalan.net/yad352850/kuchikomi/archive/,2025/3/17,,ja,,,,部屋からの眺望もよくとても寛げる宿,宿全体とても静かでゆったりと過ごせました。食事の量もちょうどよかったです。おもてなしの優れた宿です。,unclear,crowding,false,jalan_archive,c6cdf12ff555,mixed,conditional_signal_tag,medium,body_sentiment_inference_needed
182,jalan_archive_02_036,Jalan,https://www.jalan.net/yad352850/kuchikomi/archive/,2025/3/14,,ja,,,,普通,高齢の母との旅行。これが最後の旅行になるかもしれないと思いハイクラスを選択。しかし料理以外は普通以下。部屋のドアも重く、上り口が狭いので2人同時には入りづらかった。女性＝Mサイズなのかもしれないが、ルームウェアもワンサイズしかなかった。接客して、Mサイズではないと見た目で判断は可能であったと思う。露天風呂の温度も個々で適温が異なると思うので、せっかく部屋でチ,open_air_public_bath,cleaning_or_maintenance|open_air_public_bath,true,jalan_archive,d940a21d7a9e,mixed,body_negative_with_context,high,body_sentiment_inference_needed
183,jalan_archive_02_049,Jalan,https://www.jalan.net/yad352850/kuchikomi/archive/,2025/3/14,,ja,,,,まさにドラマティック温泉街,界は霧島、雲仙とで今回3ヶ所目で別府でした。 天気はチェックイン～チェックアウトまで雨と曇りで、綺麗な朝日は見れませんでしたが、海は良く見えるのでロケーションは最高です。 食事も朝晩大分県らしいメニューで非常に美味しかったです。 個人的に湯上がりのゆず蜜が美味しくて、何回もお風呂に入りにいきました。 食事後のスマートボールやかたぬき、地獄ラーメンも楽しめて、,facility_wide,booking_confusion|view,true,jalan_archive,a6666022efce,mixed,conditional_signal_tag,medium,body_sentiment_inference_needed
184,jalan_archive_02_062,Jalan,https://www.jalan.net/yad352850/kuchikomi/archive/,2025/3/12,,ja,,,,一度は行ってみたかった温泉,一度行ってみたかったホテルに家族旅行に行きました 純和風で竹が館内にアクセントでとても素敵でした。食事も美味しくお腹いっぱいになり食後も昔ながらのゲームで遊べたり化粧水作り体験やラーメンを作ったり楽しい時間を過ごせました。コーヒーやお茶はいつでも飲み放題で無料アイスもあり嬉しいサービスたくさんありました、部屋も海を一望できモダンな部屋でした。 お風呂は個人的,facility_wide,booking_confusion|view,true,jalan_archive,81abc2745771,mixed,conditional_signal_tag,medium,body_sentiment_inference_needed
185,jalan_archive_02_075,Jalan,https://www.jalan.net/yad352850/kuchikomi/archive/,2025/3/9,,ja,,,,最高な体験でした,素晴らしい滞在をありがとうございました！スタッフの皆さんはとても温かく、親切でした。チェックインの際、アップグレードしていただき、本に感謝しています。おかげで、快適で贅沢な時間を過ごすことができました。また訪れたいと思います。,unclear,booking_confusion,false,jalan_archive,fee3891578b1,mixed,conditional_signal_tag,medium,body_sentiment_inference_needed
186,jalan_archive_02_088,Jalan,https://www.jalan.net/yad352850/kuchikomi/archive/,2025/3/9,,ja,,,,お部屋からの景色は最高,お部屋からの眺めは最高です。 まるで船旅をしている感覚になります。 ウェルカムドリンクのスパーリングワインが冷えていないのは残念でした。,unclear,view,false,jalan_archive,74140d68842a,mixed,body_positive_and_negative,high,body_sentiment_inference_needed
187,jalan_archive_02_101,Jalan,https://www.jalan.net/yad352850/kuchikomi/archive/,2025/3/3,,ja,,,,お湯はよかったです,念願の星野リゾート、とても期待し過ぎたからか少し残念な感じになりました。露天風呂付きの部屋は、きれいで特別感は感じられましたが、その他は、、、。 温泉の質は、私には合い、乾燥の痒みが改善さらました。このお値段でまた宿泊することは無いと思います。,room_open_air_bath,open_air_public_bath|room_open_air_bath,true,jalan_archive,1a810ed0caed,mixed,body_positive_and_negative,high,body_sentiment_inference_needed
188,jalan_archive_02_114,Jalan,https://www.jalan.net/yad352850/kuchikomi/archive/,2025/2/27,,ja,,,,満足の２日間でした。,お部屋もオーシャンビューで大変良かったです。内風呂は付いて無かったからちょっと残念でしたので、次回は内風呂付きにしたいと思います。お食事も満足でしたが夕食はお肉が無かったのが残念でした。でも社員さんの気配りが最高でおもてなしも大満足でした。又リピートします。ちょっと残念だったのがお部屋の洗面所の水道の排水口の周りが汚れていたのが気になりました。,facility_wide,cleaning_or_maintenance|view,true,jalan_archive,161893a23241,mixed,body_positive_and_negative,high,body_sentiment_inference_needed
189,jalan_archive_02_127,Jalan,https://www.jalan.net/yad352850/kuchikomi/archive/,2025/2/24,,ja,,,,最高のホスピタリティ,それぞれのスタッフが、丁寧に 気持ち良く接してくれました。 いろいろなイベントがあって、お天気が悪くても楽しめます。 記念日プランでの宿泊でしたが、思っていた以上に素敵なプレゼントでした。 お料理も 良いタイミングでサービスしてくれて、とても綺麗で美味しかったです。 一つだけ、お味噌汁が甘くて薄い気がしました。 郷土の味付けなのだとは思いますが…。,unclear,,false,jalan_archive,383c724cd69d,positive,body_positive,high,body_sentiment_inference_needed
190,jalan_archive_02_140,Jalan,https://www.jalan.net/yad352850/kuchikomi/archive/,2025/2/22,,ja,,,,親子旅行,施設はもちろん。それ以上に接客、サービスが素晴らしいです。お願い事をすると直ぐに対応して下さり、仕事の速さに感動しました。食事も美味しい。部屋の露天風呂の温度も完璧。とても気持ち良く宿泊させて頂きました。また、是非宿泊したい宿です。,room_open_air_bath,open_air_public_bath|room_open_air_bath,true,jalan_archive,fd4befec0380,positive,body_positive,high,body_sentiment_inference_needed
191,jalan_archive_02_153,Jalan,https://www.jalan.net/yad352850/kuchikomi/archive/,2025/2/18,,ja,,,,還暦お祝い旅,今回は、還暦の祝いを兼ねての家族旅行でした。 おもてなし、部屋のロケーション、最高でした。 今までで最高の旅でした。 ありがとうございました♪,unclear,,false,jalan_archive,fa90b700ff08,positive,body_positive,high,body_sentiment_inference_needed
192,jalan_archive_02_166,Jalan,https://www.jalan.net/yad352850/kuchikomi/archive/,2025/2/11,,ja,,,,カップルにおすすめ,宿は清潔感があり、サービスも充実していて、とても良かったです。 従業員の方の対応も素晴らしく、気持ちが良かったです。,unclear,cleaning_or_maintenance,false,jalan_archive,8895c87686a1,mixed,conditional_signal_tag,medium,body_sentiment_inference_needed
193,jalan_archive_02_179,Jalan,https://www.jalan.net/yad352850/kuchikomi/archive/,2025/2/11,,ja,,,,景色が良かった,最寄駅から徒歩10分程度で、車でなくても行きやすいのが良かった。 全室オーシャンビューでとにかく景色が最高でした。 施設内いくつか扉がありますが、結構重たくてあけづらかった。 朝食は食べくれないくらいのボリュームですごく満足でした！ お風呂のタオルが細くて使いづらかった。 大浴場の中に持ち込んだ洗顔などを置くスペースが欲しかった。 チェックアウトが12時でゆ,public_bath,access|booking_confusion|public_bath|view,true,jalan_archive,33840cb674a9,mixed,conditional_signal_tag,medium,body_sentiment_inference_needed
194,jalan_archive_02_192,Jalan,https://www.jalan.net/yad352850/kuchikomi/archive/,2025/2/10,,ja,,,,部屋からの眺望が最高！,彼女との九州3泊4日旅行の初日に訪れました。部屋の窓は全面ガラスで、別府湾の美しい景色がまるで絵画のように望めます。朝の日の出がとてもきれいに見ることができ、最高の旅の思い出になりました。敢えて言うと、すこしベッドが狭めで柔らかく感じましたが、まあこれは好みの範疇でしょうか。部屋付きの半露天風呂は清潔で泉質もよく、寒い日でしたがつま先までポカポカになりました,public_bath|room_open_air_bath,cleaning_or_maintenance|open_air_public_bath|public_bath|room_open_air_bath|view|water_texture,true,jalan_archive,a7c1a552ec7f,mixed,body_positive_and_negative,high,body_sentiment_inference_needed
195,jalan_archive_02_205,Jalan,https://www.jalan.net/yad352850/kuchikomi/archive/,2025/2/10,,ja,,,,さすが星野です,全面海のお部屋の窓はピカピカで、素晴らしい景色でした。食事も美味しく、その他のサービスも満足です。ただ、溶けないアイス？等、配布物はギリギリでなくなり食べ損ねました。ラウンジのアルコール提供時間が割と短くて、1杯しか飲めませんでした。夕食時かなり待ちましたので、受付方法等、要検討かなとも思いました。 ただ、全体的には大満足です。また伺います。,unclear,booking_confusion|view,false,jalan_archive,556f7c976653,mixed,conditional_signal_tag,medium,body_sentiment_inference_needed
196,jalan_archive_02_218,Jalan,https://www.jalan.net/yad352850/kuchikomi/archive/,2025/2/8,,ja,,,,のんびりを楽しむ旅,部屋から一望できる別府湾をのんびり眺め、温泉上がりのビ－ルを飲んだ至福のひと時、もう一度味わいたい。,facility_wide,view,true,jalan_archive,d956cae3f51f,positive,body_positive,high,body_sentiment_inference_needed
197,jalan_archive_02_231,Jalan,https://www.jalan.net/yad352850/kuchikomi/archive/,2025/1/30,,ja,,,,とても気持ちの良いお宿です,お部屋、お料理、温泉、接客、全てにおいてとても満足で気持ちよく過ごさせて頂きました。 また仕事を頑張ってご褒美旅でお世話になりまいです！,facility_wide,,true,jalan_archive,5267b6de9fd3,positive,body_positive,high,body_sentiment_inference_needed
198,jalan_archive_02_244,Jalan,https://www.jalan.net/yad352850/kuchikomi/archive/,2025/1/26,,ja,,,,接客が良かった,従業員さんの接客が良かったです。部屋に消臭スプレーが備えてあれば、良かったかと感じました。特に朝食が美味しかったです。,unclear,,false,jalan_archive,a54d58973854,mixed,body_positive_and_negative,high,body_sentiment_inference_needed
199,jalan_archive_02_257,Jalan,https://www.jalan.net/yad352850/kuchikomi/archive/,2025/1/16,,ja,,,,オーシャンビューのお部屋は絶景,初めて星野リゾートに宿泊しました。お部屋はとても綺麗でゆっくりチェックアウトの時間まで過ごすことが出来ました。催しでの温泉水ミスト作成も楽しく旅の土産にもなり重宝してます。欲を言えばウェルカムドリンクの時間をもう少し長くしてもらえると嬉しいなと思いました。,facility_wide,booking_confusion,true,jalan_archive,aacd2b158496,mixed,conditional_signal_tag,medium,body_sentiment_inference_needed
200,jalan_archive_02_270,Jalan,https://www.jalan.net/yad352850/kuchikomi/archive/,2025/1/6,,ja,,,,夜店が楽しかったです,今回、2回目の宿泊になります。今回は時期もあり、たくさんのお客さんが利用をされていたからか、フロントの接客がとても簡素化されていたように思います。チェックインはお部屋でとのこと。鍵を渡されて「お部屋へどうぞ。係りが来るまでお待ち下さい。」と言われ自分たちでお部屋へ。少し素っ気なささえ感じチェックイン時だからこそ、残念に思う部分でした。お部屋での説明や夕食時の,facility_wide,view,true,jalan_archive,e2bf2ad9ffd2,mixed,body_positive_and_negative,high,body_sentiment_inference_needed
201,jalan_archive_02_283,Jalan,https://www.jalan.net/yad352850/kuchikomi/archive/,2024/12/24,,ja,,,,細やかな心遣いが嬉しい。,母の米寿祝いで宿泊しました。夕食時に姉妹3人で母を囲み4人でビールを持っての写真を撮ってもらうと、アルバムにしてくださり嬉しかったです。いつもはアルコールは飲まない母ですが、美味しい料理に誘われ数年ぶりのビールを美味しそうに堪能していました。 その後の飲料として、緑茶がほうじ茶と聞かれましたが、午後からは睡眠のためにノンカフェインと伝えると、しばらくして麦茶,unclear,booking_confusion,false,jalan_archive,b3778bc74fee,mixed,conditional_signal_tag,medium,body_sentiment_inference_needed
202,jalan_archive_02_296,Jalan,https://www.jalan.net/yad352850/kuchikomi/archive/,2024/12/9,,ja,,,,異次元の空間で感激,車でホテルに着き、スタッフの方が和かに出迎えていただきました。 ここからが、今までに体験したことがない空間でした。ロビーに行くのかと思ったら、先ず忍者屋敷に入るみたいな専用エレベーターで2階に。フロントでチェックインはなくそのまま部屋でチェックイン。部屋は一面ガラス張りで別府湾が一望できる絶景が広がっていました。 ホテル内では、夕方夜店と銘打ってスマートボー,facility_wide,view,true,jalan_archive,e392e1f03a2c,positive,body_positive,high,body_sentiment_inference_needed
203,jalan_archive_02_309,Jalan,https://www.jalan.net/yad352850/kuchikomi/archive/,2024/12/8,,ja,,,,素敵なお宿でした,宿でゆっくりしたい そんな母の思いから 卆寿のお祝いを星野リゾートさんで過ごしました 温かいおもてなしとこだわりのあるお部屋に とても満足してくれた母 長生きしてくれたお陰で私と姉も母からのご褒美を頂いた気持ちになりました また伺いたいです,unclear,,false,jalan_archive,eb06bd10af0a,positive,body_positive,high,body_sentiment_inference_needed
204,jalan_archive_02_322,Jalan,https://www.jalan.net/yad352850/kuchikomi/archive/,2024/12/5,,ja,,,,さすが星野リゾートさん！,お部屋のピクチャーウィンドウからの景観は圧巻でした！朝日も見ることができ、穏やかな海の景色にどの時間帯も癒されました。また、お部屋の露天風呂も最高でした。 館内の照明や、大分名産の竹細工のインテリアなども素敵で星野さんの地域に密着したテーマや工夫も楽しめました。 ウェルカムドリンクのスパークリングワインがとてもおいしかったです。ただ17時までのサービスで時間,room_open_air_bath,booking_confusion|open_air_public_bath|room_open_air_bath|view,true,jalan_archive,5398f4ffffcd,mixed,conditional_signal_tag,medium,body_sentiment_inference_needed
205,jalan_archive_02_335,Jalan,https://www.jalan.net/yad352850/kuchikomi/archive/,2024/12/3,,ja,,,,大好きなお宿です,今回2度目で11階の特別室を利用させてもらったんですが、お部屋も清潔感も景色も接客も最高だったんですが… 部屋風呂のお風呂に湯の花かな。 相当な茶色のヌルヌルが浮いていて… 少しありすぎかなと…。一度お湯を全て抜きたかったです。そけだけです！大浴場は少しだけ塩素の匂いが気になりました。でもまた行きたいと思います,public_bath|room_bath,chlorine_smell|cleaning_or_maintenance|public_bath|room_bath|view,true,jalan_archive,07f64f0dca4b,negative,negative_signal_tag,high,body_sentiment_inference_needed
206,jalan_archive_02_348,Jalan,https://www.jalan.net/yad352850/kuchikomi/archive/,2024/12/1,,ja,,,,大きな窓の解放感,大きな窓から別府湾が一望できます。朝焼けがきれいでした。ウォークインクロゼットにスーツケースなどは全部収納できるので、部屋がすっきり、ホテルライクな気分になれます。ただ、洗面所の明かりが少しくらいので、お化粧するのは不便でした。 縁日などのアクティビティがあり、チェックアウトも１２時なので、宿の中でのんびり、ゆっくり、楽しく過ごしたいという方にはお勧めです。,unclear,booking_confusion|view,false,jalan_archive,f80901626d4e,mixed,body_positive_and_negative,high,body_sentiment_inference_needed
207,jalan_archive_02_361,Jalan,https://www.jalan.net/yad352850/kuchikomi/archive/,2024/11/26,,ja,,,,おもてなしの宿,楽しみにしていた星野リゾート界別府。 生憎の雨で部屋からの景色は残念でしたが、食事、温泉と満足でした。特に、スタッフの方々の笑顔が印象的でした。 また、伺いたいと思います。,facility_wide,view,true,jalan_archive,1c08fb21d5ae,mixed,body_positive_and_negative,high,body_sentiment_inference_needed
208,jalan_archive_02_374,Jalan,https://www.jalan.net/yad352850/kuchikomi/archive/,2024/11/25,,ja,,,,夫婦旅行,星野リゾート別府にお世話なりました。家内の誕生日も兼ねて、スタッフの心使いがとても良かった。施設の清潔感、料理の美味しさは、格別、また、利用したいと思っています。,unclear,cleaning_or_maintenance,false,jalan_archive,47d78c5fe2c0,mixed,conditional_signal_tag,medium,body_sentiment_inference_needed
209,jalan_archive_02_387,Jalan,https://www.jalan.net/yad352850/kuchikomi/archive/,2024/11/24,,ja,,,,暗い中での色褪せて見える夕食、冷たくて固いご飯の朝食にがっかり,年老いた両親と義母を連れて、お料理もグレードアップしての旅行でした。 お部屋のロケーションは最高でしたが、ウェルカムドリンクのスパークリングワインについては聞かないと教えてくれなかったし、それが17時終了とも教えてくれなかったので、危うく下げられてしまうところのギリギリで1杯だけ何とかいただけました。 楽しみにしていた夕食も、照明がとても薄暗かったのでお料理,unclear,,false,jalan_archive,6cb4ca3f7693,mixed,body_positive_and_negative,high,body_sentiment_inference_needed
210,jalan_archive_03_010,Jalan,https://www.jalan.net/yad352850/kuchikomi/archive/,2024/11/21,,ja,,,,星野ブランドで決めたのに,星野リゾート早割りで安く宿泊出来ると姉の誕生日祝いに予約 お部屋の見晴らし良く 部屋の露天は お湯が溢れない設計に そこは凄いなと 後は普通でした 食事も お風呂もごく普通サウナがあると他のホテルと勘違い残念でした。若いスタッフの方との会話で姉の誕生日のプレゼントでと お話すると 夕食の時ささやかなサプライズが 食事処のスタッフの方に お礼を言うと喜んで頂け,room_open_air_bath,booking_confusion|open_air_public_bath|room_open_air_bath,true,jalan_archive,a63f8ffbaa8a,mixed,body_negative_with_context,high,body_sentiment_inference_needed
211,jalan_archive_03_023,Jalan,https://www.jalan.net/yad352850/kuchikomi/archive/,2024/11/19,,ja,,,,料理は最高,料理の内容は良かったが、夕食入れ替え時で階段で行列が出来ていたのが、少し印象悪かった。大浴場がもう何種類かあれば良かった。,public_bath,public_bath,true,jalan_archive,d99185a73a37,mixed,body_positive_and_negative,high,body_sentiment_inference_needed
212,jalan_archive_03_036,Jalan,https://www.jalan.net/yad352850/kuchikomi/archive/,2024/11/16,,ja,,,,憧れの星野リゾート,一度は行ってみたい星野リゾート。早めに予約して夫婦で利用しました。スタッフさんの接客がすごく良かったです。館内はオシャレでさすが！って思いました。ウェルカムドリンクにスパークリングワインがありテンション上がりました(笑) お部屋もアメニティも良かったです。 ご飯も美味しかったし良かったのですが、お風呂だけがちょっと…。 温泉の街なのに大浴場は全く温泉の香りが,public_bath,booking_confusion|public_bath,true,jalan_archive,2aed2442eddd,mixed,conditional_signal_tag,medium,body_sentiment_inference_needed
213,jalan_archive_03_049,Jalan,https://www.jalan.net/yad352850/kuchikomi/archive/,2024/11/15,,ja,,,,初めての別府旅行,前から星野リゾート界に泊まりたいと思ってたので高齢の母と最終日に利用しました。スタッフの方にお喋り好きな母の相手をしていただいたり、語り部の方に別府の街の話を聞いたり朝日を見ながら足湯に入ったり体操をしたりとチェックインからチェックアウトまでホテルでゆっくりできました。大満足の旅行になりました。ありがとうございました。,facility_wide,booking_confusion|footbath,true,jalan_archive,633d6177a6f2,mixed,conditional_signal_tag,medium,body_sentiment_inference_needed
214,jalan_archive_03_062,Jalan,https://www.jalan.net/yad352850/kuchikomi/archive/,2024/11/12,,ja,,,,おもてなしと料理がよかった！,記念日と聞いて、無料のアルバムを作ってくれました。 館内の楽しみも盛り沢山でよかったです。 夕食もすごくおいしかった！,unclear,,false,jalan_archive,eece683364f4,positive,body_positive,high,body_sentiment_inference_needed
215,jalan_archive_03_075,Jalan,https://www.jalan.net/yad352850/kuchikomi/archive/,2024/11/11,,ja,,,,別府湾のビュー最高,雨のため、少し残念だったが、部屋からの眺めは、最高でした。食事も美味しく、温泉も、良かったです。界は、安定して、家族全員に、好評でした。次は、どこに行こうか、検討しています。,facility_wide,view,true,jalan_archive,9bf0a0cecffe,mixed,body_positive_and_negative,high,body_sentiment_inference_needed
216,jalan_archive_03_088,Jalan,https://www.jalan.net/yad352850/kuchikomi/archive/,2024/11/10,,ja,,,,スタッフの皆さんが楽しそうに働いてました,高級なイメージがありますが、飾ることもなく、自然なサービスなのですが、スタッフの皆さんが盛り上げていることが感じられて、好感がもてました。縁日のイベントも大人も子供も楽しめる企画で楽しませていただきました。食事ももちろん素晴らしいもので満足でした。 個人の好みかもしれませんが、部屋の間接照明は落ち着きもあり良いのですが、整髪や化粧の時に明るい光のある場所がな,unclear,,false,jalan_archive,ecdf639d85b2,positive,body_positive,high,body_sentiment_inference_needed
217,jalan_archive_03_101,Jalan,https://www.jalan.net/yad352850/kuchikomi/archive/,2024/11/9,,ja,,,,やっぱり界はいいです！,登山の後に、宿泊しました。疲れた体に、温泉が最高に気持ちよかったです。食事も素晴らしく、美味しくいただきました。翌日もゆっくりできるところが、界の魅力の一つです。,facility_wide,,true,jalan_archive,5074ddd68cbd,positive,body_positive,high,body_sentiment_inference_needed
218,jalan_archive_03_114,Jalan,https://www.jalan.net/yad352850/kuchikomi/archive/,2024/11/9,,ja,,,,大人の旅行に最適,部屋は広くおしゃれな内装 料理は美味しくスタッフも良かった 夜に楽しめるイベントもあり楽しく過ごせた,unclear,,false,jalan_archive,6f5dc3f5a939,positive,body_positive,high,body_sentiment_inference_needed
219,jalan_archive_03_127,Jalan,https://www.jalan.net/yad352850/kuchikomi/archive/,2024/11/5,,ja,,,,あこがれの界 女子旅,さすが、温泉地とあって雰囲気がよく、お部屋から別府湾が一望できて素敵なお宿でした。 スタッフの方たち皆さんの接客が素晴らしいです。 お料理も美味しくて大満足でした。特に食事処で担当してくださったスタッフの方の気遣いやおもてなしに感謝です。湯桶を使ったジャグバンドも楽しめました。 全てにおいて満足でしたが、改善してほしい点としてですが‥チェックインはお部屋でで,facility_wide,view,true,jalan_archive,3f97db1f2097,positive,body_positive,high,body_sentiment_inference_needed
220,jalan_archive_03_140,Jalan,https://www.jalan.net/yad352850/kuchikomi/archive/,2024/10/31,,ja,,,,流れる時間すべてが最高に素敵でラグジュアリー,人伝いに薦められて出かけた、星のリゾート 界 別府でした。関西から出かけました。 お部屋でのチェックインのご丁寧な対応から、隅々まで行き届いた清掃のおかげでの清潔感溢れる露天風呂付きのお部屋、そして 地のものをふんだんに使ったまさに芸術的な美味しいお料理、愛でてから頂き さらに最高なお味と言い 何からなにまですばらしかったです。そして何よりいちばんは、スタッ,room_open_air_bath,cleaning_or_maintenance|open_air_public_bath|room_open_air_bath,true,jalan_archive,3a2157f97774,mixed,conditional_signal_tag,medium,body_sentiment_inference_needed
221,jalan_archive_03_153,Jalan,https://www.jalan.net/yad352850/kuchikomi/archive/,2024/10/29,,ja,,,,丁度いいおもてなし加減、文句なしの素敵なお部屋！,1泊で友人3名で宿泊。 まず、部屋がきれいで見晴らし抜群、眼下に広がる海が最高でした！ おもてなしもコンシェルジュが誘導してくれますが、グイグイ踏み込んだりせず、丁寧でとても心地いい距離感。 お料理もどれも美味しく、のんびり寛げて大満足でした。 気になった点としては強いて言えば3点 ・温泉の露天風呂に手すりがなく、滑る危なさがある ・食事処までの移動が階段の,open_air_public_bath,open_air_public_bath|view,true,jalan_archive,949d3aae806f,mixed,body_positive_and_negative,high,body_sentiment_inference_needed
222,jalan_archive_03_166,Jalan,https://www.jalan.net/yad352850/kuchikomi/archive/,2024/10/29,,ja,,,,最高のおもてなし！,スタッフさんたちの心遣いが細かく優しく素晴らしかったです アクティビティも充実しており、チェックインからアウトまで楽しめました オススメです！,unclear,,false,jalan_archive,5eb392100cee,positive,body_positive,high,body_sentiment_inference_needed
223,jalan_archive_03_179,Jalan,https://www.jalan.net/yad352850/kuchikomi/archive/,2024/10/28,,ja,,,,非日常を満喫,従業員のどの方もとても丁寧な接客をして頂きました。ホテルの外観も食事も非日常的で主婦二人旅の私たちにはとても刺激的で楽しかったです。チェックアウトが12時なのでギリギリまでくつろぎました。,unclear,booking_confusion,false,jalan_archive,6d1e8abefdc9,mixed,conditional_signal_tag,medium,body_sentiment_inference_needed
224,jalan_archive_03_192,Jalan,https://www.jalan.net/yad352850/kuchikomi/archive/,2024/10/25,,ja,,,,新婚旅行で利用させて頂きました,ずっと界に泊まってみたいと思っており、今回新婚旅行で九州を巡り、念願叶って宿泊しました。 従業員の方のおもてなしがとても素晴らしかったです。チェックインもお部屋でとてもスムーズに出来ましたし、説明や挨拶もとても丁寧でした。 夕食、朝食のメニューもバランスが良く、どれもとても美味しくて満足できました。今回は新婚旅行ということで、お祝いの重箱とデザートも頂き、嬉,public_bath|room_open_air_bath,cleaning_or_maintenance|open_air_public_bath|public_bath|room_open_air_bath|view,true,jalan_archive,03023aa7edc9,mixed,conditional_signal_tag,medium,body_sentiment_inference_needed
225,jalan_archive_03_205,Jalan,https://www.jalan.net/yad352850/kuchikomi/archive/,2024/10/25,,ja,,,,４人でお出かけ,一年に一度の友人との温泉旅行で一泊させていただきました 別府湾が一望できる一面ガラスばりのへやで友人は大感激でした 天気があまりよくなかったのですが別府湾の日の出が少しだけみられました 夕食はちょうど良い量でゆっくりとおしゃべりしながらの楽しいひと時を過ごす事ができました お風呂も良かったのですが、せっかくの別府湾の眺めなのに露天風呂が木に囲まれてくらーい感,open_air_public_bath,open_air_public_bath|view,true,jalan_archive,aed011560247,positive,body_positive,high,body_sentiment_inference_needed
226,jalan_archive_03_218,Jalan,https://www.jalan.net/yad352850/kuchikomi/archive/,2024/10/22,,ja,,,,期待はずれ,建物、部屋、食事のカトラリーなど使っている物はお金をかけているのはわかる しかし従業員の接客やシステムなど、お客をもてなそうというホスピタリティが感じられないと感じた 予約した後、食事のアレルギーの件で連絡しようにも宿には予約対応の連絡先1つのみでいつも繋がらず夜は時間外として受け付けていない 仕方なく当日アレルギーありと伝えると誓約書のようなものを書かされ,facility_wide,booking_confusion,true,jalan_archive,4926881537e3,mixed,conditional_signal_tag,medium,body_sentiment_inference_needed
227,jalan_archive_03_231,Jalan,https://www.jalan.net/yad352850/kuchikomi/archive/,2024/10/17,,ja,,,,おもてなしが最高,夕食が苦手なものばかりに 確認していただき予約を誤っていたことが分かったのですが 当方の間違いでしたが対応可能な食材に変更していただきました 朝食も対応していただきありがたかったです 部屋からの景色が素晴らしく海が続いているように見えました,unclear,booking_confusion|view,false,jalan_archive,bab8015ce799,mixed,conditional_signal_tag,medium,body_sentiment_inference_needed
228,jalan_archive_03_244,Jalan,https://www.jalan.net/yad352850/kuchikomi/archive/,2024/10/16,,ja,,,,おもてなしが最高,家族旅行で利用しました。スタッフの方の素敵な笑顔でお出迎え、夕食もゆったりと五感で楽しめる心のこもった料理に舌づつみ、とにかくスタッフの方達の笑顔のおもてなしに感心し部屋から見える別府湾の景色を見ながらの露天風呂も最高でした。,open_air_public_bath,open_air_public_bath|view,true,jalan_archive,c755439400a9,positive,body_positive,high,body_sentiment_inference_needed
229,jalan_archive_03_257,Jalan,https://www.jalan.net/yad352850/kuchikomi/archive/,2024/10/16,,ja,,,,流石の星野グループ！,部屋のピクチャーウインドウが半端なく素晴らしい。初めて部屋に入った時に、驚きと感動で“ウワーッ”と声がでました。朝目覚めた時、たまたま日の出の時間で、これまた“ウワーッ”と感動の声！本当に素晴らしかったです。 食事・スタッフの方の対応・部屋・アクティビティの多さ等、全てにおいて最高でした。他の県の星のグループに行ってみたいと思いました。,unclear,booking_confusion,false,jalan_archive,c8caf5d2fb87,mixed,conditional_signal_tag,medium,body_sentiment_inference_needed
230,jalan_archive_03_267,Jalan,https://www.jalan.net/yad352850/kuchikomi/archive/,2024/10/1,,ja,,,,心に残る記念日に,結婚記念日を、近場でゆっくり温泉でと思い、前から気になっていたこちらを予約しました。ネットでみてた以上に、部屋も感動しました。美味しい物食べて、ちょっと贅沢に露天風呂にしたので、とても落ち着けました。当日結婚記念日だとお話ししたら、サプライズでメッセージ入りのデザートとポートレートまで頂き、今リビングに飾っています。スタッフの方々も皆感じの良い方ばかりでした,open_air_public_bath,booking_confusion|open_air_public_bath,true,jalan_archive,3d69b14b48a8,mixed,conditional_signal_tag,medium,body_sentiment_inference_needed
231,jalan_archive_03_280,Jalan,https://www.jalan.net/yad352850/kuchikomi/archive/,2024/10/1,,ja,,,,お食事が美味しい,部屋は清潔感があり、眺望も良く、間取りも過ごしやすかったです。 開催されているイベントはチェックイン先着順で埋まってしまい、参加できず残念でした。 お食事はとても美味しくいただきました。 ですが、レストランまでの階段が急で、エレベーターなどの案内がなかったので、年老いた両親には少し大変でした。,unclear,cleaning_or_maintenance,false,jalan_archive,f2766e6af531,mixed,body_negative_with_context,high,body_sentiment_inference_needed
232,jalan_archive_03_293,Jalan,https://www.jalan.net/yad352850/kuchikomi/archive/,2024/9/28,,ja,,,,誕生日プレゼント,スタッフの方は皆さんお若いのですが館内の説明やその他の接客も満足でした。 スタッフから積極的に声をかけてくれて素晴らしい時間を過ごせました。 また是非利用したいと思います。,unclear,booking_confusion,false,jalan_archive,8692a3fb84c5,mixed,conditional_signal_tag,medium,body_sentiment_inference_needed
233,jalan_archive_03_306,Jalan,https://www.jalan.net/yad352850/kuchikomi/archive/,2024/9/26,,ja,,,,接客が素晴らしい,母の快気祝いでの旅行でした。 流石星野リゾート！素晴らしい接客でどのスタッフさんも笑顔が素敵でした。 当方アレルギー持ちなんですが想像以上にキチンとされていて嬉しかったです。,unclear,,false,jalan_archive,6b3088f986d8,positive,body_positive,high,body_sentiment_inference_needed
234,jalan_archive_03_319,Jalan,https://www.jalan.net/yad352850/kuchikomi/archive/,2024/9/24,,ja,,,,安定の界ブランド,若い方々がテキパキと働いていました。施設もきれいで温泉､イベントも楽しめました。食事も個室風で､ゆっくりできました。朝日がきれいに見えました。余裕ができたら、室内温泉のある部屋に泊まってみたいと思いました。海外からのお客さんも比較的多い印象でしたが、ツアーではないようで､それ程、気になりませんでした。,facility_wide,view,true,jalan_archive,e665538bc8df,positive,body_positive,high,body_sentiment_inference_needed
235,jalan_archive_03_332,Jalan,https://www.jalan.net/yad352850/kuchikomi/archive/,2024/9/24,,ja,,,,全て素敵！景色も最高です！,家族・夫婦で利用しました。部屋に入った瞬間、絶景の海が一望でき、本当に素晴らしい景色でした。母もおばあちゃんもみんな感動してました。ご飯もとても美味しく、お風呂もとても良かったです。結婚祝いでしたが、写真立てやメッセージのサービスもしていただき、とても嬉しかったです。素敵な思い出ができました。また利用したいです！,facility_wide,view,true,jalan_archive,f4cc5f3bbdd3,positive,body_positive,high,body_sentiment_inference_needed
236,jalan_archive_03_345,Jalan,https://www.jalan.net/yad352850/kuchikomi/archive/,2024/9/24,,ja,,,,眺望ステキ！別府湾オーシャンビューピクチャーウィンドウ,別府湾オーシャンビューピクチャーウィンドウのツインベッド(3人収容)和室を選びました。飽くことなく海空雲島かげを眺め、眺望最高でした。湾へ向けた配置のソファで日の出を眺めつつ朝コーヒー、最高です。 温泉満喫したくて、外出しなくて済むよう今回2食付にしました。夕朝食のダイニング会場が1階なのですが地下のように暗く、夕食は予め17:30予約してあり窓際席に通され,facility_wide,booking_confusion|cleaning_or_maintenance|view,true,jalan_archive,00f4d0bc760a,mixed,conditional_signal_tag,medium,body_sentiment_inference_needed
237,jalan_archive_03_358,Jalan,https://www.jalan.net/yad352850/kuchikomi/archive/,2024/9/23,,ja,,,,家族旅行,娘が結婚することになり家族4人で界別府を宿泊しました。ロケーションは最高で朝焼けの足湯は良かったです。従業員さんも親切で心遣いを感じましたし、食事も温泉も優しい味わいでした。とても良い家族旅行になりました。また利用したいですね。,facility_wide,footbath,true,jalan_archive,90b602e0bdcc,positive,body_positive,high,body_sentiment_inference_needed
238,jalan_archive_03_371,Jalan,https://www.jalan.net/yad352850/kuchikomi/archive/,2024/9/19,,ja,,,,一回は泊まってみたい星野グループ…,お迎えからお見送りまで、夕食も男性スタッフの方 が接客が最高でした！あぁこれがほしのか来て良かったなと特別な空間を味わいゆったり堪能できた瞬間でした！(^o^)アイスなどのサービスもありお土産もあり、催しもあり退屈する事はなく楽しめました。他のほしののお宿も行ってみたいと思います。,unclear,,false,jalan_archive,5b8a0f2e449e,positive,body_positive,high,body_sentiment_inference_needed
239,jalan_archive_03_384,Jalan,https://www.jalan.net/yad352850/kuchikomi/archive/,2024/9/18,,ja,,,,おもてなし、気配り最高でした。,星野リゾート界に宿泊、3度目。 サービス、気配り、全てにおいて安心感。 時間内ゆっくり過ごせました。,unclear,booking_confusion,false,jalan_archive,e04ebb33e9e1,mixed,conditional_signal_tag,medium,body_sentiment_inference_needed
240,jalan_archive_04_010,Jalan,https://www.jalan.net/yad352850/kuchikomi/archive/,2024/9/17,,ja,,,,開放感あふれるお部屋とおもてなしとお食事が最高でした！,自分へのご褒美として利用しました。オーシャンビューの綺麗な落ち着くお部屋。出会うスタッフさん全員がしっかりと教育を受けていると感じる素晴らしいおもてなし。１品１品感動するお食事。無駄のないアメニティー、かわいい風呂敷、楽しいイベント・・・心も身体も癒されゆっくりできました。大満足です。次はワンコを連れて泊まりにいきます。,facility_wide,view,true,jalan_archive,aca2a540cbfe,positive,body_positive,high,body_sentiment_inference_needed
241,jalan_archive_04_023,Jalan,https://www.jalan.net/yad352850/kuchikomi/archive/,2024/9/11,,ja,,,,また行きたい,初めて訪れました。 全てにおいて良かったです。 毎年旅行に行ってますが、子どもがまた泊まりたいと気に入るほどのお宿でした。 残念なのは、ラウンジにあるドリンクが、小さい子どもが飲めるものがなかったことです。 また涼しい時期に伺いたいと思います。 ありがとうございました。,unclear,,false,jalan_archive,a3bd1fc1dca2,mixed,body_positive_and_negative,high,body_sentiment_inference_needed
242,jalan_archive_04_036,Jalan,https://www.jalan.net/yad352850/kuchikomi/archive/,2024/9/8,,ja,,,,子連でも大丈夫です。,部屋も料理もとても良かったです。 食事の時に子供にも配慮されていて、楽しいひとときを過ごさせてもらいました。,unclear,,false,jalan_archive,edc29abd9080,positive,body_positive,high,body_sentiment_inference_needed
243,jalan_archive_04_049,Jalan,https://www.jalan.net/yad352850/kuchikomi/archive/,2024/9/6,,ja,,,,初めての星野リゾート,今回、台風の影響で予定していた旅行が行けなくなり、急な変更で前日に予約して利用させてもらいました。 部屋からの窓一面に広がる海の景色は、最高でした。 しかし、部屋の露天風呂からは立ち上がらないと景色が見えないのがちょっと残念でした。 スタッフの方も親切で、みなさん笑顔がとても素敵でした。 夕食の料理は、どれも美味しかったけど、量が少ないと思いました。鍋に麺は,room_open_air_bath,booking_confusion|open_air_public_bath|room_open_air_bath|view,true,jalan_archive,7a690e106748,mixed,body_positive_and_negative,high,body_sentiment_inference_needed
244,jalan_archive_04_062,Jalan,https://www.jalan.net/yad352850/kuchikomi/archive/,2024/9/3,,ja,,,,初めての界,予定がくるいお昼を食べる時間が遅くなってしまい夕食を17時30分で予約していたのですが、変更をお願いした所快く承諾頂きおかげで夕食も美味しく完食することができました。 室内はオーシャンビューで景色は最高でしたが、露天風呂からは海が見えず少し閉鎖的で残念でした。足湯はオーシャンビューでとても気持ち良かったです。 イベントで提供されている地獄ラーメンを夕食の後だ,open_air_public_bath,booking_confusion|footbath|open_air_public_bath|view,true,jalan_archive,d0abe826025e,mixed,body_positive_and_negative,high,body_sentiment_inference_needed
245,jalan_archive_04_075,Jalan,https://www.jalan.net/yad352850/kuchikomi/archive/,2024/9/3,,ja,,,,隅々まで楽しめる宿,接客、設備、お料理、全てにおいて最高でした お部屋から海を眺めてのんびり過ごさせていただきました 随所に見受けられた大分の竹のインテリアも印象的でした スタッフの方々の細かな心遣いにも感銘を受けました,unclear,view,false,jalan_archive,3420d8cddd9d,positive,body_positive,high,body_sentiment_inference_needed
246,jalan_archive_04_088,Jalan,https://www.jalan.net/yad352850/kuchikomi/archive/,2024/9/1,,ja,,,,天気が良くなくても楽しめる,残念なことに本当に天候が悪かったのでキャンセルも考えていました。それでも星野リゾートに対する期待は高く、行けば宿の中だけでも満足のいくものになると確信していました。他の星野リゾートでの宿泊体験もあったからです。宿はやはりその期待に沿うものでした。また、スタッフの対応もとても行き届いたものだったのが、悪天候のマイナスを補ってくれました。強いて言えば、期待値が高,unclear,,false,jalan_archive,bef2cb85eb74,mixed,body_positive_and_negative,high,body_sentiment_inference_needed
247,jalan_archive_04_101,Jalan,https://www.jalan.net/yad352850/kuchikomi/archive/,2024/8/29,,ja,,,,エンターテインメント制はバツグン。夕食でマイナス…。,宿の紹介にもあるように、とにかく楽しめる宿でした。 温泉を使ったアロマを作れたり、ピンボール？やかたぬきなどの遊びができたり、しめの豚骨ラーメンを作れたり、美味しい温泉卵をいただけたり…と、大人でもワクワクすることがたくさんありました。 しかし、夕食のメニューの種類が5種類程度しかなく物足りないと感じてしまいました。メニュー表を見て、これだけ？と正直感じまし,facility_wide,view,true,jalan_archive,8d4872ee13d9,positive,body_positive,high,body_sentiment_inference_needed
248,jalan_archive_04_114,Jalan,https://www.jalan.net/yad352850/kuchikomi/archive/,2024/8/18,,ja,,,,結婚10年記念旅行,部屋は全面ガラスのオーシャンビューで、早起きして朝日がのぼるのを見ました。水平線からのぼる太陽がとてもキレイで絶景でした。お部屋、料理、お風呂、接客全てがとても良く感動しました。またぜひ行きたいです。,facility_wide,view,true,jalan_archive,e40f06600dca,positive,body_positive,high,body_sentiment_inference_needed
249,jalan_archive_04_127,Jalan,https://www.jalan.net/yad352850/kuchikomi/archive/,2024/8/17,,ja,,,,スタッフの若さが際立ちました,対応いただいたスタッフさんが、ほとんど20代と思われましたが、全てにおいて丁寧な言葉遣い、笑顔での対応が印象的でした。強いて言えば、部屋の洗面台が間接照明だったのが使いにくかったです。トイレも他のスペースに比べると狭く感じました。,unclear,,false,jalan_archive,25dbbeec0699,mixed,body_negative_with_context,high,body_sentiment_inference_needed
250,jalan_archive_04_140,Jalan,https://www.jalan.net/yad352850/kuchikomi/archive/,2024/8/13,,ja,,,,界、有名ですが…,以前オープン当時？利用して、やや残念だったので今回は良いかもと思い予約しました。部屋は海が直ぐそこにあるような広いガラス窓で素敵でした。ビジネスホテル同様部屋への案内もなく荷物もすべて自分で運びます。 夕食は白米がなく、わずかな麺だけで私達には足りなかったので、すぐ近くの天丼が有名な店に食べに行きました。ホテルが目指しているものと我が家が求めているものが合わ,unclear,booking_confusion|view,false,jalan_archive,ad70a204f2d0,mixed,body_negative_with_context,high,body_sentiment_inference_needed
251,jalan_archive_04_153,Jalan,https://www.jalan.net/yad352850/kuchikomi/archive/,2024/8/11,,ja,,,,赤ちゃんも大喜びでした,1才4ヶ月の赤ちゃん、おじいちゃん、おばあちゃんも一緒に宿泊しました。部屋は、海を一望でき、部屋から見える朝日がとても綺麗でした！そして、赤ちゃんのオムツを捨てるための蓋付きゴミ箱もちゃんと準備してくれていました！赤ちゃんには夕食朝食共に、サービスで味噌汁とご飯とふりかけ、使い捨てエプロンを用意してくれました。お風呂はベビーバスの貸し出しもありました。他にも,facility_wide,cleaning_or_maintenance|view,true,jalan_archive,2f6012e76e7c,mixed,conditional_signal_tag,medium,body_sentiment_inference_needed
252,jalan_archive_04_166,Jalan,https://www.jalan.net/yad352850/kuchikomi/archive/,2024/8/7,,ja,,,,界、初めての九州,年に3回は温泉旅行に行く夫婦です。星野リゾート界巡りをしていまして今回11つ目の界宿泊でした。本当にどこもハズレがなく安定の満足感を得られるので、とても気にいってます。今回は暑い中、空調の故障という事で部屋のグレードアップのサービスがあり思いがけないラッキーがありました。しかし残念な事にそれでも冷房のききがあまり良くありませんでした。あとしいて言うならば、夜,facility_wide,view,true,jalan_archive,321e20e8541e,mixed,body_positive_and_negative,high,body_sentiment_inference_needed
253,jalan_archive_04_179,Jalan,https://www.jalan.net/yad352850/kuchikomi/archive/,2024/8/4,,ja,,,,丁寧なスタッフ対応がよかた,スタッフの施設などの説明など。わかりやすくてとてもよかった。部屋も外の景色がよくみえて満足できた。食事内容も説明もよく、全部美味しかった。,unclear,view,false,jalan_archive,cfd88cab60c0,positive,body_positive,high,body_sentiment_inference_needed
254,jalan_archive_04_192,Jalan,https://www.jalan.net/yad352850/kuchikomi/archive/,2024/8/3,,ja,,,,家族旅行で最高の思い出になりました！,母と姉妹の女旅行で利用しました！ 角部屋でしたが、まず入った瞬間のオーシャンフロントの景色が最高でした！部屋は狭いのかな？と思いましたがそんなことはなく、十分な広さでした。お風呂は露天風呂のお湯がちょっと塩素臭を感じましたので－1にしましたが、雰囲気もよくリラックスできました。内風呂は温度の違う２つの湯を楽しめて最高でした！風呂上がりのゆずドリンクやアイスも,open_air_public_bath,chlorine_smell|open_air_public_bath|view,true,jalan_archive,72e5a213a1ad,negative,negative_signal_tag,high,body_sentiment_inference_needed
255,jalan_archive_04_205,Jalan,https://www.jalan.net/yad352850/kuchikomi/archive/,2024/8/2,,ja,,,,古希祝い,60代の妹の提案で古希本人の私が早割・クーポン・ポイント等を使ってお得に利用する事が出来ました。 予約時は全く知らなかったのですが、宿泊日が別府100周年の花火大会の日で一万発の花火をエアコンの効いた部屋からたっぷり真近で観る事が出来てとても幸せでした。 お料理・風呂・部屋など代金は少々高めですが納得する内容でした。 これからは日本各地の星野リゾート界巡りを,facility_wide,booking_confusion|cleaning_or_maintenance,true,jalan_archive,e0d0045c0bd8,mixed,conditional_signal_tag,medium,body_sentiment_inference_needed
256,jalan_archive_04_218,Jalan,https://www.jalan.net/yad352850/kuchikomi/archive/,2024/7/28,,ja,,,,リゾート感たっぷり,ウェルカムドリンクや、足湯、別府湾が見渡せる部屋の露天風呂、一面窓の客室は素晴らしかったです。催し物や、湯上がりのアイス、ドリンクもよかったです。ただベッドは小さかったです。 残念なのはお食事で、夕食はどれがメインかわからない感じで、ランクアップすればよかったと後悔。ボリュームは少ないし、内容もいまいちでした。 お宿の売りはリゾート感かな、といった感じをうけ,room_open_air_bath,footbath|open_air_public_bath|room_open_air_bath|view,true,jalan_archive,aba0f789baa2,mixed,body_positive_and_negative,high,body_sentiment_inference_needed
257,jalan_archive_04_231,Jalan,https://www.jalan.net/yad352850/kuchikomi/archive/,2024/7/25,,ja,,,,夕食だけが…,普段は当たり外れは仕方ないと思い出かけるけど、星野リゾートは良くて当たり前と、楽しみにして行きました。ラウンジサービスや、夜店風のイベント、風呂上がりのアイスなど、子供も喜び、いざ夕食、ワクワクしながら行きました。が、夕食だけが、残念でした。 席に案内され、飲み物を頼もうとしたら、担当が伺いますと言ってもなかなかこない。通りががりのスタッフに声をかけ、何とか,facility_wide,footbath|view,true,jalan_archive,90799fd59910,mixed,body_positive_and_negative,high,body_sentiment_inference_needed
258,jalan_archive_04_244,Jalan,https://www.jalan.net/yad352850/kuchikomi/archive/,2024/7/22,,ja,,,,初めての星野リゾートでした,事前決済のみのキャンセル料１００％ということで当日までアクシデントが起こらぬようようドキドキいたしました。 ここから色んな場所を比較しながら楽しめたらいいなと思います。,unclear,,false,jalan_archive,8c2c8cb5ae5a,positive,body_positive,high,body_sentiment_inference_needed
259,jalan_archive_04_257,Jalan,https://www.jalan.net/yad352850/kuchikomi/archive/,2024/7/21,,ja,,,,星乃リゾートの楽しみな旅行,YouTubeなどで色々な情報を得て期待満々でいきたした。 まずは部屋の窓にびっくり。窓一面に海が広がり思わずわぁ～と声がでました。翌朝はそこから見える朝日にうっとり。 まずはお風呂でゆつくりしてミスト作りや風呂桶によるバンド、お祭り、地獄ラーメン作りなとに参加しました。 爺さん婆さんになってもお祭りは楽しかったです。 朝の体操もスッキリしました。 本当に心,facility_wide,view,true,jalan_archive,dc7adfe7a90a,positive,body_positive,high,body_sentiment_inference_needed
260,jalan_archive_04_270,Jalan,https://www.jalan.net/yad352850/kuchikomi/archive/,2024/7/14,,ja,,,,人材不足ですか？,ホームページに記載してある内容とは程遠いサービスで、星野リゾートとしては残念な宿でした。 チェックインも雑、夕食も時間は遅いし、ドリンクオーダー後に提供まで20分待たされ、残念でした。嫁の誕生日として伝えてましたが、嫁も残念そうでした。 一番残念なのは朝食時間が7時30～で、どうしても7時に出発しないといけない旨を事前相談したにも関わらず、料理長に確認して再,unclear,booking_confusion,false,jalan_archive,7a2430cf19ab,mixed,body_negative_with_context,high,body_sentiment_inference_needed
261,jalan_archive_04_283,Jalan,https://www.jalan.net/yad352850/kuchikomi/archive/,2024/7/11,,ja,,,,別府湾を望む現代的湯宿,家族旅行で初めての星野リゾートを利用しました。別府湾の波打ちが眼前に迫る湯宿は、外観こそ現代的なホテルといった様子。チェックインロビーや催物がある広場などはデザイナーズホテルといった感もあります。部屋へ進むと、湾を見渡す全面ガラス張りの大開口が目を見張り、部屋(宿)の特徴となっています。所々に伝統の和柄をモチーフとして採り入れた和洋室な雰囲気でくつろげます。,open_air_public_bath|public_bath,booking_confusion|footbath|open_air_public_bath|public_bath|view,true,jalan_archive,e53ae8c445a9,mixed,conditional_signal_tag,medium,body_sentiment_inference_needed
262,jalan_archive_04_296,Jalan,https://www.jalan.net/yad352850/kuchikomi/archive/,2024/7/7,,ja,,,,喧騒を忘れて癒しが堪能できるホテル,夫婦旅行で利用しました。 チェックインからチェックアウトまで非常にリラックスして過ごすことができました。 印象に残った点を以下に記載します。 ・催し物満載！ ホテル宿泊者限定で行われる夜店や温泉いろはラボ、湯治体操など催し物満載でホテル内だけで楽しく過ごすことができました。 ・ご飯のボリュームがすごい！ 夜ご飯のボリュームがすごく、大満足でした。 大分ならで,facility_wide,booking_confusion,true,jalan_archive,799f37f5ec71,mixed,body_positive_and_negative,high,body_sentiment_inference_needed
263,jalan_archive_04_309,Jalan,https://www.jalan.net/yad352850/kuchikomi/archive/,2024/7/4,,ja,,,,景色よし！サービスよし！別府おすすめの宿,部屋に入った途端、大きな窓から青い海が広がる景色にびっくり！ （窓ガラスがピカピカで、まるでアートのようです。）ロビーの足湯につかってのんびりと海を眺めたり、ウエルカムドリンクのスパークリングワインを飲んだり、温泉を使った楽器演奏などのイベントに参加したり、食後の夜泣きラーメンや温泉卵を味わったりと無料サービスが盛りだくさん、とても楽しむことができました。そ,facility_wide,footbath|view,true,jalan_archive,91dc7d4bfd33,positive,body_positive,high,body_sentiment_inference_needed
264,jalan_archive_04_322,Jalan,https://www.jalan.net/yad352850/kuchikomi/archive/,2024/7/4,,ja,,,,家族 年齢問わず満喫出来る,初めての星野リゾートでしたが 子どもと高齢の祖母と一緒でしたが、会うスタッフさんが声をかけてくれて どこにいても良い時間を過ごすことがてまきました。お部屋、料理、さまざまなサービス 施設の充実。また行きたいとここから思いました。そして別の星野リゾートにも伺いたいと感じました。,unclear,booking_confusion,false,jalan_archive,b8f93ab5f4a6,mixed,conditional_signal_tag,medium,body_sentiment_inference_needed
265,jalan_archive_04_335,Jalan,https://www.jalan.net/yad352850/kuchikomi/archive/,2024/7/1,,ja,,,,68才の誕生日にて別府観光へ,お部屋は露天風呂付でなんと言っても別府湾を一望出来る眺望は最高でした。お食事も地元の食材を活かし美味しくいただきました。,room_open_air_bath,open_air_public_bath|room_open_air_bath|view,true,jalan_archive,7bfe7eaf51c2,positive,body_positive,high,body_sentiment_inference_needed
266,jalan_archive_04_348,Jalan,https://www.jalan.net/yad352850/kuchikomi/archive/,2024/6/30,,ja,,,,癒されました。,夫婦でお世話になりました。初めての星野リゾートでしたがスタッフの方の対応や景色もとても素晴らしく今までで一番素敵なところでした。またすぐにでも行きたいです。,unclear,view,false,jalan_archive,a92194e3c05c,positive,body_positive,high,body_sentiment_inference_needed
267,jalan_archive_04_361,Jalan,https://www.jalan.net/yad352850/kuchikomi/archive/,2024/6/28,,ja,,,,体験はすべき,ミスト作りや夜店など館内でのイベントがとても楽しく、従業員さんもとても丁寧で優しく、大満足です。 お風呂が大浴場としては、内湯が2つ、露天が1つともう少し別府のお湯を満喫したいと感じましたが、足湯が気持ち良くて最高でした。,open_air_public_bath|public_bath,footbath|open_air_public_bath|public_bath,true,jalan_archive,a730d9f5385c,positive,body_positive,high,body_sentiment_inference_needed
268,jalan_archive_04_374,Jalan,https://www.jalan.net/yad352850/kuchikomi/archive/,2024/6/28,,ja,,,,結婚記念日に九州旅行,以前から憧れていた星野の宿に泊まりたく、また別府に行きたいと思っていたので、こちらを予約しました。 窓からの景色は最高です。 和室の部屋でしたが、とても素敵で広く大満足。 料理はとても満足でしが、とても混んでいて、隣りとの席の距離が近く、話し声が筒抜けに聞こえて落ち着いて食事ができなかったのが残念でした。,unclear,booking_confusion|crowding|view,false,jalan_archive,e9db709cf388,mixed,body_positive_and_negative,high,body_sentiment_inference_needed
269,jalan_archive_04_387,Jalan,https://www.jalan.net/yad352850/kuchikomi/archive/,2024/6/24,,ja,,,,素敵な記念日になりました,以前利用した時に景色が良く主人の還暦でお世話になりました。夕食も朝食もさすが界さん美味しかったです。翌日は雨でしたがゆっくり過ごさせていただきましたありがとうございました。また晴れた日に行きたいです。,unclear,view,false,jalan_archive,91bb70ccc1a2,positive,body_positive,high,body_sentiment_inference_needed
270,jalan_archive_05_010,Jalan,https://www.jalan.net/yad352850/kuchikomi/archive/,2024/6/23,,ja,,,,落ち着いた雰囲気が最高,初めての星のリゾートでの滞在。雰囲気は予想通りです最高でした。ウェルカムドリンクにスパークリングが準備され、到着直後から良い気分。じゃらんからの予約特典で夕食時には乾杯のサービスもあり、お得な気持ちに。欲を言えばもう少しベッドのサイズが幅広かったらよかったかなぁと思いました。,unclear,booking_confusion,false,jalan_archive,de2b64106f20,mixed,conditional_signal_tag,medium,body_sentiment_inference_needed
271,jalan_archive_05_023,Jalan,https://www.jalan.net/yad352850/kuchikomi/archive/,2024/6/23,,ja,,,,サプライズ旅行,毎年名古屋から叔父が帰って来るので母と３人での旅行！叔父と母には何処に宿泊するか秘密にしており着いてからのお楽しみにしていました。私も初めてだったので事前に色々下調べしていましたが そのとうりのお宿でした。 スタッフの方の接客から始まりお部屋 お料理 夜店 お風呂 私としては大満足でした。 叔父と母の為に別府界さんを選んで良かったと 心から思いました。ありが,facility_wide,cleaning_or_maintenance,true,jalan_archive,32cdbd7881d6,mixed,conditional_signal_tag,medium,body_sentiment_inference_needed
272,jalan_archive_05_036,Jalan,https://www.jalan.net/yad352850/kuchikomi/archive/,2024/6/18,,ja,,,,接客が素晴らしい,久しぶりに星野リゾートに宿泊しました。 接客が素晴らしいです。 足湯もあり、手湯もありさすが別府だと思いました。 お部屋でチェックインも良かったです、部屋からの景色は海に浮かんでいるようでした。 大浴場は、そんなに大きくはないです。 部屋に露天風呂があるのでいいかなと思いましたがこの季節、夜は虫が飛んできて‥長く浸かりたかったのですが30分くらいで上がりまし,open_air_public_bath|public_bath,footbath|open_air_public_bath|public_bath|view,true,jalan_archive,3580bdeab849,mixed,body_positive_and_negative,high,body_sentiment_inference_needed
273,jalan_archive_05_049,Jalan,https://www.jalan.net/yad352850/kuchikomi/archive/,2024/6/9,,ja,,,,夫婦ゆったり旅行,景色の良いお宿でした。 お料理も大変美味しく温泉も良くゆったりのんびり出来ました。 また機会があれば泊まりたいです,facility_wide,view,true,jalan_archive,ef2e92d8b53a,positive,body_positive,high,body_sentiment_inference_needed
274,jalan_archive_05_062,Jalan,https://www.jalan.net/yad352850/kuchikomi/archive/,2024/6/9,,ja,,,,ゆっくり過ごせた、,宿で、色々な催しがあり、楽しめました。 食事も美味しくて良かったです、 部屋からの景色も良かった、,unclear,view,false,jalan_archive,2884c69ee093,positive,body_positive,high,body_sentiment_inference_needed
275,jalan_archive_05_075,Jalan,https://www.jalan.net/yad352850/kuchikomi/archive/,2024/6/2,,ja,,,,極上の休日,部屋から見るオーシャンビューの世界に非日常を感じる。接客や清潔感、建築デザインもさすが界のレベル。夕食は魚介中心で、若い方には少し物足りないかも。シニアには好まれる内容。共同浴場は清潔で雰囲気もよいが、塩素の香りが気になる。一方、部屋の露天風呂は眺望も良く、天然温泉の心地よさを感じる。露天風呂付き部屋をおすすめする。,room_open_air_bath,chlorine_smell|cleaning_or_maintenance|open_air_public_bath|room_open_air_bath|view,true,jalan_archive,c0e9cc440c4a,negative,negative_signal_tag,high,body_sentiment_inference_needed
276,jalan_archive_05_088,Jalan,https://www.jalan.net/yad352850/kuchikomi/archive/,2024/6/1,,ja,,,,おもてなし従業員さんが最高,従業員の方が本当に素晴らしいかった。若い人も沢山いらっしゃったのに頭がひくくどうしたらあの様に皆さん出来るか感心しました 次回も是非とも行きたいです ありがとうございました,unclear,,false,jalan_archive,b0101a7b5384,positive,body_positive,high,body_sentiment_inference_needed
277,jalan_archive_05_101,Jalan,https://www.jalan.net/yad352850/kuchikomi/archive/,2024/5/30,,ja,,,,待望の星野リゾートだった,念願の星野リゾート。母と何ヶ月も前から楽しみに話をしていた宿でした。別府ということでお風呂も楽しみでした。露天風呂もあり、素敵素敵の連発で露天風呂に入ってすぐ気がつきました。お湯がくさい。漂白剤の臭い。従業員が温度を測りにきたので、変なにおいがしますけど、温泉の臭いでしょうか？と尋ねると「源泉ではないので」との的外れな返答。内風呂は臭いもせず、よかったですが,open_air_public_bath,open_air_public_bath,true,jalan_archive,964fbf2f6427,mixed,body_positive_and_negative,high,body_sentiment_inference_needed
278,jalan_archive_05_114,Jalan,https://www.jalan.net/yad352850/kuchikomi/archive/,2024/5/28,,ja,,,,朝食について,朝食について(サバ)アレルギーであまり食べれなかった。 朝はバイキング料理が良いですね！ チェックアウトが12時でゆっくり出来て良かったです。,unclear,booking_confusion,false,jalan_archive,8b70543ea7ea,mixed,conditional_signal_tag,medium,body_sentiment_inference_needed
279,jalan_archive_05_127,Jalan,https://www.jalan.net/yad352850/kuchikomi/archive/,2024/5/27,,ja,,,,スタッフのおもてなしの心が良かった！,GWの間の平日に伺いました。初めての界ということで楽しみに伺いました。スタッフの方々のおもてなしの気持ちにとても居心地が良かったです。海外のお客様も多く忙しい中、色々楽しませてもらいました。一点、わがままを言うと、初日の晩御飯にご飯（米）が無かったのが残念でした。麺で締めるカタチでしたが少しだけでもご飯があれば良かったなと。他は部屋の温泉も気持ち良く、大浴場,public_bath,public_bath|view,true,jalan_archive,a0605940afe2,mixed,body_positive_and_negative,high,body_sentiment_inference_needed
280,jalan_archive_05_140,Jalan,https://www.jalan.net/yad352850/kuchikomi/archive/,2024/5/27,,ja,,,,特別室に宿泊しましたが、、、,接客に関しては、とても良かったです。 奮発して特別室を予約。部屋についているお風呂も大きめサイズでのびのび入れました。部屋も広くて快適。 初めての星野リゾートの利用で期待度がかなり上がっていたのですが、料理に関しては普通でした。正直がっかりしました。 あと、食事の際にスタッフを呼び出すチャイムなどがないため、近くに来た時か、配膳時に注文するしかなく不便でした,facility_wide,booking_confusion,true,jalan_archive,1051395ce68b,mixed,body_positive_and_negative,high,body_sentiment_inference_needed
281,jalan_archive_05_153,Jalan,https://www.jalan.net/yad352850/kuchikomi/archive/,2024/5/26,,ja,,,,さすが界,母（88歳）の最後の帰省に親孝行として界を選びました。各地の星野施設にお世話になりましたが、ここはTOPクラス。ハキハキした若いスタッフの接客、豊富な催し。連泊の中で料理はやや期待外れ４点、部屋は海に面した大きな窓は景観含め抜群。露天風呂は景観が見えず使い勝手もイマイチ。大浴場は清潔感もありよしよし。寝具はOK。問題なのは朝食、夕食もさることならず、朝食は重,open_air_public_bath|public_bath,cleaning_or_maintenance|open_air_public_bath|public_bath|view,true,jalan_archive,e1797d68a6a9,mixed,body_negative_with_context,high,body_sentiment_inference_needed
282,jalan_archive_05_166,Jalan,https://www.jalan.net/yad352850/kuchikomi/archive/,2024/5/25,,ja,,,,流石の星野リゾート界を実感,今まで、何回か「星野リゾート界」を利用しましたが、今回も期待を裏切らないクオリティで、満足でした。何より料理が、手が込んでいて、素晴らしい内容でした。ちょっとした手の加え方で、料理がこんなに映えるのだと改めて感心しました。館内イベントも色々あり、温泉街の雰囲気を楽しむ趣向で、面白く感じました。ただ、もう少し規模があれば、申し分ないとは、思いました。スタッフの,facility_wide,,true,jalan_archive,5dafefe63fa4,positive,body_positive,high,body_sentiment_inference_needed
283,jalan_archive_05_179,Jalan,https://www.jalan.net/yad352850/kuchikomi/archive/,2024/5/21,,ja,,,,さすがでした。感服！,星野リゾート2回目ですが、1回目の御礼がありました。 事細やかな配慮からスタート、あとはもう文句なしです！ 夕食会場の雰囲気、お部屋のロケーションが抜群。 界シリーズの次に期待を抱かせてくれる、ひとときでした！,unclear,,false,jalan_archive,ed1eaf163645,neutral,neutral_or_lodging_context,medium,body_sentiment_inference_needed
284,jalan_archive_05_192,Jalan,https://www.jalan.net/yad352850/kuchikomi/archive/,2024/5/16,,ja,,,,急なトラブルにもていねいな対応,夕飯時、私が具合が悪くなった時に、そっとブランケットやティッシュを用意してくれたり、発熱した時も体温計を頼んだら冷えピタも持ってきてくれたり。などと、心遣いが嬉しかったです。体調不良でしたので100%満喫は出来ませんでしたが、ホテルの皆様のおもてなしや設備等素晴らしく、ここに来てよかったなと感じました。ありがとうございました。,unclear,,false,jalan_archive,1bcb8c8de243,positive,body_positive,high,body_sentiment_inference_needed
285,jalan_archive_05_205,Jalan,https://www.jalan.net/yad352850/kuchikomi/archive/,2024/5/11,,ja,,,,スタッフの方の笑顔のおもてなしが最高でした,食事の時、お料理を出していただくタイミングやスタッフの方の雰囲気が素敵でした。もちろんお料理も全部美味しかったです。室内の照明がもう少し明るいといいかなぁとも思いました。,unclear,,false,jalan_archive,275423e45e36,positive,body_positive,high,body_sentiment_inference_needed
286,jalan_archive_05_218,Jalan,https://www.jalan.net/yad352850/kuchikomi/archive/,2024/5/11,,ja,,,,全てにおいて5つ星,「大変満足」以外の言葉が見つからないくらい、おもてなしが徹底していました。部屋・食事・温泉どれをとっても大変満足です。 また行きたい！と思えるサービス・設備でした。,facility_wide,,true,jalan_archive,2a7718dfa820,positive,body_positive,high,body_sentiment_inference_needed
287,jalan_archive_05_231,Jalan,https://www.jalan.net/yad352850/kuchikomi/archive/,2024/5/8,,ja,,,,おもてなしの宿です,従業員の皆さんの気配りは素晴らしい。こちらからの要望を全ての従業員さんが共有されていて、お気遣いいただいた。ゴールデンウイークにもかかわらず肌寒い日だったので暖房を使いたかったが、エアコンの不備でかなわなかった。設備チェックはきちんとしてほしい。部屋の作りがあまりに安っぽく驚いた。洗面所の扉は簡易的に作られた印象。高級宿と認識しての宿泊だったが、ホテルとして,unclear,water_texture,false,jalan_archive,dd2b8b543553,mixed,body_positive_and_negative,high,body_sentiment_inference_needed
288,jalan_archive_05_244,Jalan,https://www.jalan.net/yad352850/kuchikomi/archive/,2024/5/1,,ja,,,,プラン通りの内容で良かった！,記念日プランを予約して宿泊しましたが、その通りの内容で良かったです。 夕食後、部屋にドライフラワー箱&ミニケーキ箱を届けて頂き、写真も撮ってもらい帰る際に記念のアルバムを頂けたことは、大変、良い記念日(結婚記念日)となりました。 接客・サービスは、もちろん温泉に関しましてもここち良く癒されました。 改めて清められた感じがしました。,facility_wide,booking_confusion,true,jalan_archive,2136acfc62d5,mixed,conditional_signal_tag,medium,body_sentiment_inference_needed
289,jalan_archive_05_257,Jalan,https://www.jalan.net/yad352850/kuchikomi/archive/,2024/4/29,,ja,,,,別府湾を望むオーシャンビューとプチ夜店体験が楽しめる宿,食事なし一人旅での宿泊でした 部屋は柿渋色３壁面に囲まれ1面ビューガラスから開かれた海を望む、まるで洞窟の中、自然に包まれている感覚になれ落ち着けました 夕方からは館内広場で温泉街の夜店や懐かしいゲームを楽しめる催しもあり、湯遍路温泉案内コンシェルジュのうんちくを聞き、訪れる温泉を決めることができました 温泉は塩分炭酸水素泉 やや低温とやや熱めの湯、露天風呂,open_air_public_bath,open_air_public_bath|view,true,jalan_archive,07bc8a456573,positive,body_positive,high,body_sentiment_inference_needed
290,jalan_archive_05_270,Jalan,https://www.jalan.net/yad352850/kuchikomi/archive/,2024/4/21,,ja,,,,心使いが最高,今回は、義理の妹と義理の母の還暦と米寿のお祝いでお邪魔しました。 夕食後のデザートのお祝いメッセージに二人ともとても喜んで(*^_^*)ました。部屋も最上階の角部屋で最高でした。,unclear,,false,jalan_archive,ed7d8f5fb0cc,positive,body_positive,high,body_sentiment_inference_needed
291,jalan_archive_05_283,Jalan,https://www.jalan.net/yad352850/kuchikomi/archive/,2024/4/15,,ja,,,,さすが星野リゾート、想像以上に大満足でした。,今回、初めて星野リゾートを利用させていただきました。温泉が好きなので界を選びました。さすが星野リゾート！と思う場面がたくさんありました。まずスタッフさんの対応です。どなたも会う度に笑顔で挨拶してくださり、気持ちよく接してくださいました。お迎えもサッと来てくださり案内もしていただきました。帰りは事前精算ができて混雑時でもスムーズに帰ることができました。お部屋も,public_bath|room_open_air_bath,booking_confusion|crowding|open_air_public_bath|public_bath|room_open_air_bath,true,jalan_archive,e525cf372c92,mixed,conditional_signal_tag,medium,body_sentiment_inference_needed
292,jalan_archive_05_296,Jalan,https://www.jalan.net/yad352850/kuchikomi/archive/,2024/4/9,,ja,,,,温泉気持ちよかったです！,界めぐり8箇所目です。 今回もゆったり、のんびりすごさせていただきました！ウェルカムドリンクのスパークリングワインのサービスは嬉しいものですね！ 相変わらず、スタッフさんの対応はよく安心感しかありません。 他のお客様がグラスを割ってしまった側にいたのですが、さっと対応され、お客様への心配り流石でした。 毎回思うのですが、お風呂など混み合う事がなく、ゆっくりと,facility_wide,booking_confusion,true,jalan_archive,5d7bcfc1f33a,mixed,conditional_signal_tag,medium,body_sentiment_inference_needed
293,jalan_archive_05_309,Jalan,https://www.jalan.net/yad352850/kuchikomi/archive/,2024/3/19,,ja,,,,はじめての界,評判通りいいお宿でした。スタッフさんの対応も素晴らしく、食事もとてもおいしかったです。夜のアクティビティも懐かしい感じがしてとても楽しかったです。また行きたいと思える宿でした。,unclear,,false,jalan_archive,870a8d620a4b,positive,body_positive,high,body_sentiment_inference_needed
294,jalan_archive_05_322,Jalan,https://www.jalan.net/yad352850/kuchikomi/archive/,2024/3/14,,ja,,,,新婚旅行で利用しました,チェックインはお部屋でしました。その際に、名前や住所、旅行の目的など書いた後館内の利用方法など教えて貰いました。お部屋は露天風呂付きにしましたが、こちらにして良かったです。海を見ながら音を聞きながら、ゆっくり湯船に浸かる事が出来ました。朝は眺めが良くて最高でした。食事は夕食朝食付きを利用。全て美味しかったです。じゃらんから予約するとグラスのドリンクが1杯無料,room_open_air_bath,booking_confusion|open_air_public_bath|room_open_air_bath|view,true,jalan_archive,0040350452f1,mixed,conditional_signal_tag,medium,body_sentiment_inference_needed
295,jalan_archive_05_335,Jalan,https://www.jalan.net/yad352850/kuchikomi/archive/,2024/3/7,,ja,,,,「おもてなしが最高」これにつきます。,期待していた通り、日常的な生活環境から経験できない優雅で、夢のような貴重な体験をさせてもらいました。,unclear,,false,jalan_archive,72f91f672d03,positive,body_positive,high,body_sentiment_inference_needed
296,jalan_archive_05_348,Jalan,https://www.jalan.net/yad352850/kuchikomi/archive/,2024/3/6,,ja,,,,期待し過ぎたかな,施設内のドアがどれも重くて、高齢者には負担があります。料理は見た目はいいのですが、これといって美味しいものがありませんでした。星野リゾートという事で、期待し過ぎたのかもしれません。,unclear,,false,jalan_archive,c78f0f1f8ae3,neutral,neutral_or_lodging_context,medium,body_sentiment_inference_needed
297,jalan_archive_05_361,Jalan,https://www.jalan.net/yad352850/kuchikomi/archive/,2024/3/5,,ja,,,,ぶらり旅,時間のある熟年夫婦には早期予約で、高級ホテルに格安で宿泊できるのは最高です。 このホテルでは若い従業員ばかりでしたが、どの方も最高のおもてなしをしてくださいました！また行きます。,unclear,booking_confusion,false,jalan_archive,81067a91a6ca,mixed,conditional_signal_tag,medium,body_sentiment_inference_needed
298,jalan_archive_05_374,Jalan,https://www.jalan.net/yad352850/kuchikomi/archive/,2024/2/23,,ja,,,,癒されました,朝、夕食事も美味しく温泉も心地よかったです。あいにくの雨で足湯は利用できませんでしたが、雨でも部屋の大きな窓からの雄大な海の景色は素晴らしかったです。晴れていたらもっと素敵だと思います！接客も気持ちの良い接客を下さいました。家族旅行でしたが思い出に残る旅行になりました。,facility_wide,footbath|view,true,jalan_archive,a00c2e4e0c5b,positive,body_positive,high,body_sentiment_inference_needed
299,jalan_archive_05_387,Jalan,https://www.jalan.net/yad352850/kuchikomi/archive/,2024/2/22,,ja,,,,女房の誕生日旅行,露天風呂付の部屋で 景色も天気も最高でした。 食事も良かったのですが夕食の時間帯が予約通りでない点が残念！ あとベットの所の段差が年配者には少し注意点かなと思いました。 接客等は大変感じが良く楽しい旅行となりました。ありがとうございました。またゆっくり別府散策を兼ねて利用したいです。,room_open_air_bath,booking_confusion|open_air_public_bath|room_open_air_bath|view,true,jalan_archive,1a1e4e28a0e6,mixed,body_positive_and_negative,high,body_sentiment_inference_needed
300,jalan_archive_06_010,Jalan,https://www.jalan.net/yad352850/kuchikomi/archive/,2024/2/4,,ja,,,,イベントが楽しかったです,ウェルカムドリンクも豪華で、夏祭りのようなイベントがよかったです。 小さい頃やり逃した出し物もできてよかったです。 食事もアレルギー対応してくれてありがとうございました。,unclear,,false,jalan_archive,cb726a0dd3e9,positive,body_positive,high,body_sentiment_inference_needed
301,jalan_archive_06_023,Jalan,https://www.jalan.net/yad352850/kuchikomi/archive/,2024/1/10,,ja,,,,思った通り最高でした,食事もお部屋の景色も部屋も全部良かったです。 娘の成人式もあり、写真のプレゼントやデザートにプレートをつけてくれたりととても嬉しかったです。 強いて言えば、サービスのラーメンを食べれなかったことが残念でした…また宿泊して食べたいです！ ありがとうございました,unclear,view,false,jalan_archive,1dc0f8158f26,mixed,body_positive_and_negative,high,body_sentiment_inference_needed
302,jalan_archive_06_036,Jalan,https://www.jalan.net/yad352850/kuchikomi/archive/,2023/12/29,,ja,,,,おもてなし最高,今回初めて泊まりましたが、予想以上に素晴らしいホテルでした。お部屋は窓から海が一望できて、眺望に感動しました。畳もこまめに取り替えているのか、緑色の清潔感のある畳でした。露天風呂付きのお部屋でしたので、静けさの中に温泉の水の音だけが聞こえてきて、なんとも風情があり、海を眺めながらゆったりと過ごしました。ホテルに泊まると、エアコンによる乾燥が気になることがあり,room_open_air_bath,cleaning_or_maintenance|open_air_public_bath|room_open_air_bath|view,true,jalan_archive,667f9c3e6373,mixed,conditional_signal_tag,medium,body_sentiment_inference_needed
303,jalan_archive_06_049,Jalan,https://www.jalan.net/yad352850/kuchikomi/archive/,2023/12/28,,ja,,,,客室からの眺めは最高でした,友人と奮発して、以前から行きたかった界に宿泊しました。 話に聞いていた以上に、チェックインからチェックアウトまですべて最高の時間を過ごせました。食事も美味しいし、ホテル内でのサービスも充実していたし、 ベッドも、3人の場合は大体1人はエキストラベッドか布団ですが、全部同じベッドにしていただいて、さらに偶然にも花火大会の日だったので、目の前から見える打ち上げ花,unclear,booking_confusion,false,jalan_archive,7d2512198cf4,mixed,conditional_signal_tag,medium,body_sentiment_inference_needed
304,jalan_archive_06_062,Jalan,https://www.jalan.net/yad352850/kuchikomi/archive/,2023/12/14,,ja,,,,がっかり,両親の記念日に毎年ハイクラスなお宿を選びお祝いしていてこの度初めて星のや界別府様を選びました。当初、高齢で体が不自由な為今年は旅行を諦めようかと考えていましたが星のや界に泊まってみたいと両親が熱望したので予約して伺いました。しかし…体が不自由なので車椅子をお借りしたい旨連絡したくても電話はなかなか繋がらない、、なんどトライしたか…諦めました。その時点でないな,unclear,booking_confusion|view,false,jalan_archive,bedf699c209c,mixed,body_negative_with_context,high,body_sentiment_inference_needed
305,jalan_archive_06_075,Jalan,https://www.jalan.net/yad352850/kuchikomi/archive/,2023/12/10,,ja,,,,期待以上の満足感,銀婚式のお祝いで夫婦で宿泊しました。チェックインの時、体験コースを分かりやすく説明してくださり、普段はそういった体験を嫌がる夫が参加を希望。ウェルカムドリンクを堪能した後、温泉水を使ったミスト作りを童心に戻った気分で楽しく体験しました。夜の食事も温泉にちなんで桶を利用してのお作りやカボス麺など一品一品が印象的で美味かったです。担当の方が滞在時での困り事などな,public_bath|room_open_air_bath,booking_confusion|footbath|open_air_public_bath|public_bath|room_open_air_bath|view,true,jalan_archive,ee11572a1504,mixed,conditional_signal_tag,medium,body_sentiment_inference_needed
306,jalan_archive_06_088,Jalan,https://www.jalan.net/yad352850/kuchikomi/archive/,2023/11/29,,ja,,,,初めての星野リゾート,今回、初めて星野リゾートを利用させてもらい、その施設の洗練のされ具合やすべてのスタッフの心のこもった対応に大変満足させられた。まず部屋に案内され扉を開けた瞬間、大きな窓全体に海が広がっていて、一気に気持ちが高揚させられる。食事のときも地元の食材や器についても丁寧に説明してくれ、その器が気に入り、翌日それをおみあげとして買いに行ったほどである。すべてにおいて今,unclear,view,false,jalan_archive,734f48950932,positive,body_positive,high,body_sentiment_inference_needed
307,jalan_archive_06_101,Jalan,https://www.jalan.net/yad352850/kuchikomi/archive/,2023/11/24,,ja,,,,窓からの景色が最高,接客も料理もよかったです。 窓から見える別府湾が絵画のようでした。 特に朝焼けが素晴らしかったです。 のんびりと素敵な時間が過ごせました。 また行きたいです,unclear,booking_confusion|view,false,jalan_archive,0c805259bf06,mixed,conditional_signal_tag,medium,body_sentiment_inference_needed
308,jalan_archive_06_114,Jalan,https://www.jalan.net/yad352850/kuchikomi/archive/,2023/11/20,,ja,,,,最高,初めて宿泊させていただきました 車で到着すると従業員の方が走って来てくださり駐車場の説明を受けました 走ってくる姿に2人とも感動をしました 部屋 接客 清潔感 温泉とても素晴らしいとしか言いようがございません 食事はご当地料理が食べたいと思っていたので近隣のとよ常本店にいきました こちらもとても美味しくいただきました 他県の界グループも行ってみたいと思います,facility_wide,access|cleaning_or_maintenance,true,jalan_archive,6e94318f92c8,mixed,conditional_signal_tag,medium,body_sentiment_inference_needed
309,jalan_archive_06_127,Jalan,https://www.jalan.net/yad352850/kuchikomi/archive/,2023/11/19,,ja,,,,露天風呂から見る朝日が最高でした,認知症の母親を連れて宿泊しました。実家から遠いところで仕事をしているため一年に一回父母を連れて旅行に行っています。昨年より母の認知症はすすんでしまっていましたが、露天風呂から見える別府湾の朝日を見て母が突然歓声をあげました。『綺麗、生きていて良かった』と。界 別府に感謝です。,open_air_public_bath,open_air_public_bath|view,true,jalan_archive,ba5e3a078c6b,positive,body_positive,high,body_sentiment_inference_needed
310,jalan_archive_06_140,Jalan,https://www.jalan.net/yad352850/kuchikomi/archive/,2023/11/13,,ja,,,,息子と一緒に宿泊,値段が高い分 物凄く期待して行きましたが 夕食とても凝った料理でしたが 大分なのに、豊後牛や関アジ関サバ出て来なくて、がっかりでした。チェックインが遅くなった為 食事が19時30分からだったから食事が終わったときには、夜市とかすでに終わってました!,unclear,,false,jalan_archive,7de647a63653,mixed,body_negative_with_context,high,body_sentiment_inference_needed
311,jalan_archive_06_153,Jalan,https://www.jalan.net/yad352850/kuchikomi/archive/,2023/11/6,,ja,,,,接客が良かったです,私は左利きなのですが、夕飯のときにそこに気が付いてスプーンの向きを変えくれたのは初めてでした。 普段から左利きはいろいろ面倒な思いをしているのでちょっとした心遣いは嬉しいです。,unclear,,false,jalan_archive,d4cbb780b158,positive,body_positive,high,body_sentiment_inference_needed
312,jalan_archive_06_166,Jalan,https://www.jalan.net/yad352850/kuchikomi/archive/,2023/11/1,,ja,,,,期待どおりと期待はずれ,部屋ステキでした。眺めも良く、アメニティも素敵でよかったです。 夕食や朝食はどれもおいしく、きれいで。 気になったところ： ①食事の時間が17：30と19：00の２種類しかないのが残念。 ②夫は体格よく、背が183cmなので通常浴衣は2Lとか特大サイズです。で、お部屋係の人が浴衣のサイズを説明してくれて、「要る場合は言ってください」って言われました。「え～！,unclear,booking_confusion|view,false,jalan_archive,7fbd72493918,mixed,body_positive_and_negative,high,body_sentiment_inference_needed
313,jalan_archive_06_179,Jalan,https://www.jalan.net/yad352850/kuchikomi/archive/,2023/10/22,,ja,,,,部屋からの景色が最高,部屋の壁一面の窓から海が見えて良かった。朝日が最高。夕食は味はもちろん、見た目も素敵な料理ばかりで楽しみました。,unclear,view,false,jalan_archive,97d2005f9909,positive,body_positive,high,body_sentiment_inference_needed
314,jalan_archive_06_192,Jalan,https://www.jalan.net/yad352850/kuchikomi/archive/,2023/10/18,,ja,,,,部屋からの景色に癒やされました,友達二人と初めて別府界に泊まりました。 あまり期待はしていなかったのですが、思ったよりお部屋が広くお風呂も良かったです！ 食事も担当の方がとても良い接客で、美味しくいただく事ができました。 海を見ながらの足湯もとても気持ち良かっ楽しかったです。 ミスト作りも楽しく、スマートボールにも熱中し友達と満喫しました！ ひとつだけ不満は部屋にあるお水がペットボトルでな,facility_wide,footbath|view,true,jalan_archive,f629ce5de2be,mixed,body_positive_and_negative,high,body_sentiment_inference_needed
315,jalan_archive_06_205,Jalan,https://www.jalan.net/yad352850/kuchikomi/archive/,2023/10/18,,ja,,,,海が見れてよかった,客室露天風呂がある部屋に泊まりました。海をみて入るお風呂は気持ちよかったです。どの部屋も海沿いのため眺めはいいとです。また、ラーメン作りなど体験もできて良い思い出になりたした。楽しかったです。,room_open_air_bath,open_air_public_bath|room_open_air_bath|view,true,jalan_archive,8161bbc13866,positive,body_positive,high,body_sentiment_inference_needed
316,jalan_archive_06_218,Jalan,https://www.jalan.net/yad352850/kuchikomi/archive/,2023/10/10,,ja,,,,女子二人の癒やし旅,とにかく、ゆったり・まったり過ごす目的で界に決めました。ウェルカムドリンクのスパークリングワインから幸せ気分 お風呂上がりのアイスキャンディーや柚子茶などの所々の気遣いは満足度アップです。 館内でのイベント等も充実してました、 年に一度は訪れたい宿です。,facility_wide,,true,jalan_archive,b98ece77b163,positive,body_positive,high,body_sentiment_inference_needed
317,jalan_archive_06_231,Jalan,https://www.jalan.net/yad352850/kuchikomi/archive/,2023/9/30,,ja,,,,ゆっくり女性旅に快適なお宿でした,妹の誕生日に利用させて頂きました。今は別々に生活している家族を年に2回程旅行に行くことで家族が集まる機会をもうけています。 今回のお宿は部屋だけでなくお宿でいろんな体験ができたりアイスや地獄たまごのサービス等もあり楽しく滞在時間があっと言う間に過ぎました。 食事何処も半個室なので美味しいお料理をゆっくり頂けました。 スタッフの方々のお気遣いや対応も良かったで,unclear,booking_confusion,false,jalan_archive,6beab2621783,mixed,conditional_signal_tag,medium,body_sentiment_inference_needed
318,jalan_archive_06_244,Jalan,https://www.jalan.net/yad352850/kuchikomi/archive/,2023/9/30,,ja,,,,スタッフの心遣いに尚更癒されました,一人旅で利用しました。 界シリーズはやはりハズレ無しです。 私の障害のことを言ってないのに 引き継ぎの際に、食事の提供の方にその事を伝えてくれたのか、 話し方も凄く気にかけてくださいました。 皆様の笑顔に癒されて または来年阿蘇、由布院、霧島行くのとても楽しみです！,unclear,,false,jalan_archive,067d20b07d40,positive,body_positive,high,body_sentiment_inference_needed
319,jalan_archive_06_257,Jalan,https://www.jalan.net/yad352850/kuchikomi/archive/,2023/9/29,,ja,,,,喜寿のお祝い,姉妹で父と母の喜寿のお祝いで旅行しました。 デザートにお祝いのコメントをいただき、心遣いに感激しました^ ^ お料理も見た目が繊細で大変美味しくいただきました。 お友達にもお勧めできる素敵なホテルでした。,unclear,,false,jalan_archive,358b3c50952e,neutral,neutral_or_lodging_context,medium,body_sentiment_inference_needed
320,jalan_archive_06_270,Jalan,https://www.jalan.net/yad352850/kuchikomi/archive/,2023/9/26,,ja,,,,海が目の前！癒しのおもてなしでした。,本当に海が目の前で、癒されました。 星野リゾートは、こちらで3度目ですが、建物も新しく、おもてなしも行き届いています。 お食事も、ちょうど良いタイミングで出てくるしもちろん量、味共に申し分ありません。 温泉の行き帰りに無料でいただくアイスクリームも、ちょうど良い大きさで美味しかったです。,facility_wide,view,true,jalan_archive,e65e74868957,positive,body_positive,high,body_sentiment_inference_needed
321,jalan_archive_06_283,Jalan,https://www.jalan.net/yad352850/kuchikomi/archive/,2023/9/25,,ja,,,,申し分ないホテル,母の卒寿のお祝いに、利用させていただきました。 露天風呂付の部屋はとてもステキで、アップグレードのお料理も、とても豪華で、気分があがりました。 記念のお祝いケーキも、可愛くて、とても美味しかったです。記念写真まで、プレゼントしていただき、感激でした。よい思い出ができました。 ありがとうございました 一つ難を言えば、電話がとてもつながりにくくて、苦労しました。,room_open_air_bath,open_air_public_bath|room_open_air_bath,true,jalan_archive,a7499c9d1aa0,positive,positive_signal_no_caution,medium,body_sentiment_inference_needed
322,jalan_archive_06_296,Jalan,https://www.jalan.net/yad352850/kuchikomi/archive/,2023/9/23,,ja,,,,すべてにおいて癒やされました,星野リゾートの界には以前から泊まってみたかったのですが、どこも2人で１部屋ばかりで、1人では宿泊できませんでした。たまたまじゃらんを見ていたら別府が１人でも予約できるとということで、早速予約しました。最初にホテルについたとき、入り口がわからなかったのですが、スタッフの方が３～４人外に立っていて出迎えてくださいました。名前を告げるとルームキーを渡してくださり、,open_air_public_bath,booking_confusion|open_air_public_bath|view,true,jalan_archive,5827d3b6114f,mixed,conditional_signal_tag,medium,body_sentiment_inference_needed
323,jalan_archive_06_309,Jalan,https://www.jalan.net/yad352850/kuchikomi/archive/,2023/9/21,,ja,,,,食事が美味しい 部屋からの景色、室内のインテリアがとても良い,施設内で履く草履が歩きにくかったですが、その他大浴場やお風呂上がりに涼む場所、無料のアイス、飲み物、手湯、足湯は最高でした。ご当地楽もとても楽しめました。部屋からの景色も窓が大きかったので全面に海が見えて癒されました。ホテル近くの道も散歩しやすい道でした。今まではただ宿泊するだけの目的でホテルを利用していましたが今回はホテルで過ごす時間を楽しむ目的で選びまし,public_bath,booking_confusion|footbath|public_bath|view,true,jalan_archive,9ceb92eeb241,mixed,conditional_signal_tag,medium,body_sentiment_inference_needed
324,jalan_archive_06_322,Jalan,https://www.jalan.net/yad352850/kuchikomi/archive/,2023/9/18,,ja,,,,界に期待しすぎました,出産前最後の旅行で利用させていただきました。お部屋は高層階で眺めはとってもよく満足でしたが、問題はベッドで、なにか匂うな？と思ったら枕がとっても臭かったです。。ツインの部屋で、枕が全部で4個ありましたが全て同じ匂いで非常に残念でした。縁日等の催しはとても楽しく、楽しませてもらいましたが、それに合わせて夕食の時間が17:30からととても早く、そのあとの時間を選,unclear,booking_confusion|view,false,jalan_archive,be0922661c6c,mixed,body_positive_and_negative,high,body_sentiment_inference_needed
325,jalan_archive_06_335,Jalan,https://www.jalan.net/yad352850/kuchikomi/archive/,2023/9/18,,ja,,,,界・素敵でした,星のリゾート初体験、本当に素敵でした。 設備、接客、お料理、どれも素晴らしく、心地よく癒されました。界シリーズ、他も是非訪れたいです。 駐車場だけ、スペース狭く残念でした。,unclear,access,false,jalan_archive,5c255db9c322,mixed,body_positive_and_negative,high,body_sentiment_inference_needed
326,jalan_archive_06_348,Jalan,https://www.jalan.net/yad352850/kuchikomi/archive/,2023/9/16,,ja,,,,初界,初めてのホテル界。おもてなしが他のホテルにはない感じでよかった。部屋チェックインは楽で、ウェルカムドリンクのスパークリングは嬉しかった。足湯も最高で、次回は、ビールを注文したい。夕食は、豪華で、見た目にも綺麗で味も最高。朝食も少しずつ綺麗な盛り付けで美味しかった。牛乳がないのは残念だった。温泉も最高だが、露天風呂に手すりがないのは、高齢の親は連れて行けないと,open_air_public_bath,footbath|open_air_public_bath,true,jalan_archive,98c8f8d3aedd,mixed,body_positive_and_negative,high,body_sentiment_inference_needed
327,jalan_archive_06_361,Jalan,https://www.jalan.net/yad352850/kuchikomi/archive/,2023/9/15,,ja,,,,初めての星野リゾート満足しました。,ホテル全体清潔で、料理も美味しく、スタッフの対応も良く、大変満足しました。しかし部屋のベットの幅が狭かった。おそらく3人対応で、本来は3ベット置くのでしょう。1枚硝子は確かに景色は最高でした。 最後に私の勘違いかもしれませんが、一ヵ月前でもキャンセルすると料金が100%はなんとかして頂きたいです。他のホテルは段階的にキャンセル料を取ってます。そうしないと病気,unclear,booking_confusion|cleaning_or_maintenance|view,false,jalan_archive,db2368c0cd4f,mixed,body_positive_and_negative,high,body_sentiment_inference_needed
328,jalan_archive_06_374,Jalan,https://www.jalan.net/yad352850/kuchikomi/archive/,2023/9/14,,ja,,,,部屋の露天風呂が良かった,部屋の露天風呂の景色が最高だった。いつでも適温で入れるので何度も入った。 お料理も美味しく、特に刺身が甘い醤油と合っていて見た目もとても綺麗だった。 結婚記念日と伝えると写真をプレゼントして頂き嬉しかった。 冷蔵庫に冷水ポットが入っていたけど、ペットボトルの方が良かった。 翌朝、体操を申し込みしたが、2日後のチェックイン後に予約されていたが、係の方がヨガマッ,room_open_air_bath,booking_confusion|open_air_public_bath|room_open_air_bath|view,true,jalan_archive,790e4441652b,mixed,conditional_signal_tag,medium,body_sentiment_inference_needed
329,jalan_archive_06_387,Jalan,https://www.jalan.net/yad352850/kuchikomi/archive/,2023/9/13,,ja,,,,ごめんなさい。,本当に部屋、風呂、食事、サービス、スタッフ、さすが星のリゾートホテル、という感じでした!金額的にも大変満足したのですが。ここからはあくまでも私の私見です。ペットは家族と言う事も解ります。私も猫を何年も飼っておりますが、じゃらんで予約したさい犬のペットを迎え入れる部屋があるとは確認しましたが。すべてのフロア、食事会場似までOKとは知りませんでした。私事ではあり,facility_wide,booking_confusion,true,jalan_archive,b4c189feb3b8,mixed,conditional_signal_tag,medium,body_sentiment_inference_needed
330,jalan_archive_07_010,Jalan,https://www.jalan.net/yad352850/kuchikomi/archive/,2023/9/11,,ja,,,,結婚40年記念旅行,始めての星野リゾート期待していた以上に最高 一番リーズナブルな部屋なのに広くて綺麗で 特にピクチャービューの窓から見る別府湾に癒された。それと夕食の担当していただいたスタッフのお兄さんの優しい言葉ずかいと接待に癒されました 又機会があればスタッフさんに会いに行きたい。,unclear,view,false,jalan_archive,87be521bead1,positive,body_positive,high,body_sentiment_inference_needed
331,jalan_archive_07_023,Jalan,https://www.jalan.net/yad352850/kuchikomi/archive/,2023/9/11,,ja,,,,想像していたよりも素晴らしい宿だった,初めて星野リゾートを利用しました。 まず初めにエレベーターが空いた時の絶景に感動しました。お部屋でチェックインというのは知っていたのですが、プライベート空間でのチェックインというのはやはり少し緊張しました…。 サービスが凄くて無料のミスト作りや地獄ラーメン、さらに大分を感じられる臼杵煎餅やご当地楽など素泊まりだったのにも関わらず、チェックインしてからチェック,unclear,booking_confusion|view,false,jalan_archive,b101e91bb532,mixed,conditional_signal_tag,medium,body_sentiment_inference_needed
332,jalan_archive_07_036,Jalan,https://www.jalan.net/yad352850/kuchikomi/archive/,2023/9/8,,ja,,,,期待度が高過ぎたか？,初めて星野リゾートを利用しました。ピクチャーウィンドウは素敵でしたが、他は至って普通でした。ベッドはシングル、アメニティや部屋の水、コーヒー等ビジネスホテルなみ、シェーバーやシャワーキャップは部屋になく、大浴場まで取りに行きました。ロビーで縁日の様なイベントをやってましたが、シニア夫婦には入りづらく、若者や家族連れ向きのホテルなのかと思いました。夕食もメイン,public_bath,public_bath|view,true,jalan_archive,a511dbc99691,positive,positive_signal_no_caution,medium,body_sentiment_inference_needed
333,jalan_archive_07_049,Jalan,https://www.jalan.net/yad352850/kuchikomi/archive/,2023/8/27,,ja,,,,いやされました,部屋からの朝日はとてもきれいで、これだけでも十分に満足でした。お部屋も清潔感があり気持ちよく利用させてもらいました。お酒の種類がもう少しあるとよかったです。,unclear,cleaning_or_maintenance,false,jalan_archive,99c9fb8d1d0c,mixed,conditional_signal_tag,medium,body_sentiment_inference_needed
334,jalan_archive_07_062,Jalan,https://www.jalan.net/yad352850/kuchikomi/archive/,2023/8/27,,ja,,,,くつろげました,ゆっくりと過ごすことができ、食事も温泉もよくよかったです。様々な催し物もありまた次回も利用したいと思ます。,facility_wide,,true,jalan_archive,2098b7fd719f,positive,body_positive,high,body_sentiment_inference_needed
335,jalan_archive_07_075,Jalan,https://www.jalan.net/yad352850/kuchikomi/archive/,2023/8/20,,ja,,,,特別感のある贅沢な旅行,今回姉の誕生日の記念に家族旅行で利用させていただきました。細部までデザイン性が行き渡っていて、おもてなしの心を感じました。部屋からの景色も最高で、海に映える朝日は特に綺麗でした。ホテルの中で夏祭りのイベントを行っていて、外に出ずとも夏を感じ、童心に返って楽しむことができました。食事も美味しかったのですが、食いしん坊の私たちには少し物足りなかったかな。次回はグ,unclear,view,false,jalan_archive,47de7e3635d1,positive,body_positive,high,body_sentiment_inference_needed
336,jalan_archive_07_088,Jalan,https://www.jalan.net/yad352850/kuchikomi/archive/,2023/8/20,,ja,,,,第2駐車場が遠過ぎます。,足を痛め、杖をついているのに、第二駐車場へ。10分近く かかったのに、愛妻はホテル入り口で待たされました。 若い人には苦にならない距離かも分かりませんが、やはり 第二駐車場への移動は、年寄りにはキツイと思います。 下駄の履き心地が、イマイチ、帰りには領収書も、じゃらん で対応してくれとの事。箱根、阿蘇、熱海の星野リゾート が素晴らしかっただけに残念でした。し,unclear,access|view,false,jalan_archive,e8f0e691ce7f,mixed,body_positive_and_negative,high,body_sentiment_inference_needed
337,jalan_archive_07_101,Jalan,https://www.jalan.net/yad352850/kuchikomi/archive/,2023/8/16,,ja,,,,客室露天風呂からの景色が絶景,客室露天風呂から見える海が大変美しかったです！ 夕食の現地の食材を使った会席料理で、一つ一つが大変美味しかったです。 夜の夏祭りイベントも演出が凝っていて、とても楽しめました！,room_open_air_bath,open_air_public_bath|room_open_air_bath|view,true,jalan_archive,5406139f97b5,positive,body_positive,high,body_sentiment_inference_needed
338,jalan_archive_07_114,Jalan,https://www.jalan.net/yad352850/kuchikomi/archive/,2023/8/10,,ja,,,,また行きたい！,全てにおいてストレスなく過ごせました。 お部屋が素晴らしく、壁一面がガラス張りで海がどかーんと広がっていて感動しました！スタッフの方もとても感じが良くまた行きたい所の一つになりました。 催し事もあり夏祭り感を味わう事が出来、楽しかったです。ライブラリーにフリードリンクがありゆっくり本を読んだりして過ごす事が出来ました。いつも私達の旅行は観光目的では無くホテル,unclear,view,false,jalan_archive,ea2564a6e9d3,positive,body_positive,high,body_sentiment_inference_needed
339,jalan_archive_07_127,Jalan,https://www.jalan.net/yad352850/kuchikomi/archive/,2023/8/8,,ja,,,,部屋は最高も夕食が。。。,部屋は景色も良く最高でしたが、夕食が。。。あまりにも良くないでした。 全国色んな旅館の宿泊しましたが夕食があまりにも良くないでした。 残念でした。,unclear,view,false,jalan_archive,7deb2f3df8ee,mixed,body_positive_and_negative,high,body_sentiment_inference_needed
340,jalan_archive_07_140,Jalan,https://www.jalan.net/yad352850/kuchikomi/archive/,2023/8/8,,ja,,,,楽しい宿でした。,夕食がお米ではなく麺だった事が少し残念でした。 でも、かぼす麺自体はとても美味しかったし、白米もお願いしたら頂けたので良かったです。 温泉街のイベントはとても楽しくて良かったです。 部屋は大きな窓ガラスから海が目の前に広がり、最高です。 大浴場は、部屋数の割にとても小さくてがっかりでした。 あと、足湯の中に大きめの虫がつぶれて死んでいて、気づかず踏んだのかも,public_bath,footbath|public_bath|view,true,jalan_archive,95ed7d3c8919,mixed,body_positive_and_negative,high,body_sentiment_inference_needed
341,jalan_archive_07_153,Jalan,https://www.jalan.net/yad352850/kuchikomi/archive/,2023/8/6,,ja,,,,さすが星野リゾート！,初の星野リゾートでしたが、とても満足できました。 生憎の天気だったので、部屋からの景観が少し残念でしたが、 部屋付きの露天風呂がとても良かったです。強いて言えば蜘蛛が大量発生していたのが少し残念でした。 ウェルカムドリンクや湯上がりのアイスなど種類も豊富で飽きない工夫が見られます。 食事は、少し少ないように感じました。 (普段、沢山食べるので、、、個人的感想,open_air_public_bath,cleaning_or_maintenance|open_air_public_bath,true,jalan_archive,e96372874818,mixed,body_positive_and_negative,high,body_sentiment_inference_needed
342,jalan_archive_07_166,Jalan,https://www.jalan.net/yad352850/kuchikomi/archive/,2023/8/1,,ja,,,,誕生日のお祝い,友人と一緒に伺いました。別府の散策をしていたので、少しチェックインが遅くなりました。 当日は、花火大会や夏祭りと賑やかな雰囲気別府市街でした。 花火大会は偶然に予約日と重なり部屋で窓いっぱいに広がる花火を部屋にてゆっくりと楽しめました。 宿への到着が遅かったので、界の施設で楽しめるプランは参加する間が少なかったのですが、いろんなイベントを企画してありました。,facility_wide,booking_confusion,true,jalan_archive,6d85b7535066,mixed,conditional_signal_tag,medium,body_sentiment_inference_needed
343,jalan_archive_07_179,Jalan,https://www.jalan.net/yad352850/kuchikomi/archive/,2023/7/31,,ja,,,,ゆっくりのんびりとお部屋で。,父の17回忌に母と妹夫婦で宿泊させていただきました。 とても丁寧な接客でお料理も美味しく、楽しくのんびりと滞在できました。お肉料理がもう少しあるとよかったかなと思いました。 ありがとうございました。,unclear,,false,jalan_archive,5f969b8ae3f8,positive,body_positive,high,body_sentiment_inference_needed
344,jalan_archive_07_192,Jalan,https://www.jalan.net/yad352850/kuchikomi/archive/,2023/7/29,,ja,,,,サービスがよい,以前、界雲仙に泊まった時にとてもよかったので、夏休みを利用して、界別府にとまりました。やはり、スタッフの対応が行き届いていました。部屋からの眺めもとてもよかったです!,unclear,view,false,jalan_archive,03ef6140578b,positive,body_positive,high,body_sentiment_inference_needed
345,jalan_archive_07_205,Jalan,https://www.jalan.net/yad352850/kuchikomi/archive/,2023/7/19,,ja,,,,部屋からの眺め,とにかく部屋からの眺望が最高。行ってみればわかります。 スタッフの方が イベントで楽しませてくれようとしているのが 伝わってきます。,unclear,,false,jalan_archive,ffef76dc2f18,positive,body_positive,high,body_sentiment_inference_needed
346,jalan_archive_07_218,Jalan,https://www.jalan.net/yad352850/kuchikomi/archive/,2023/7/11,,ja,,,,天気悪かったけど,天気は悪かったけど落ち着いた部屋で大変満足出来ました。客室露天風呂はやや強引に造った感はありましたが、大浴場は別府ならではの良質なお湯でポカポカさらさらでした。雨で観光ができずチェックイン時間を無連絡で早めましたが快く対応されスタッフの質の高さを実感です。,public_bath|room_open_air_bath,booking_confusion|open_air_public_bath|public_bath|room_open_air_bath,true,jalan_archive,fc24870c56c2,mixed,body_positive_and_negative,high,body_sentiment_inference_needed
347,jalan_archive_07_231,Jalan,https://www.jalan.net/yad352850/kuchikomi/archive/,2023/7/4,,ja,,,,最高の旅行になりました,新婚旅行とマタニティ旅行を兼ねての利用でした。お料理も美味しく、設備も良く、スタッフの感じも良くて、あまり観光ができない妊婦の旅行でも、とても充実したひとときと思い出を、ホテルで作ることができ大満足です！,unclear,,false,jalan_archive,7b9dcf968752,positive,body_positive,high,body_sentiment_inference_needed
348,jalan_archive_07_244,Jalan,https://www.jalan.net/yad352850/kuchikomi/archive/,2023/7/4,,ja,,,,夕食のお造り…,せっかく別府温泉に来たのに刺身の種類が悪い。太刀魚、鯛、養殖鮪の三種盛り。太刀魚は美味しい、鯛は残り物かと思うぐらいベチャベチャ、鮪は臭い。内陸部なら文句言わないが海岸際の宿でこの始末…,facility_wide,view,true,jalan_archive,16dc290e7104,mixed,body_negative_with_context,high,body_sentiment_inference_needed
349,jalan_archive_07_257,Jalan,https://www.jalan.net/yad352850/kuchikomi/archive/,2023/7/3,,ja,,,,大きな窓からの海の景色が最高！,早起きして朝焼けを見ました。 とっても美しく、感動しました。 昼の海も素敵。ずっと眺めていたい景色。 中より外を見ていたほうが、満足できると思います。 温泉は他の方のレビューにもありますが、消毒されている感じがして衛生的だと思います。 こちらでは、過去宿泊したどの高級宿でも体験したことがない、なかなか驚きの体験が数々できました。 道路交通事情など、事前に下調,facility_wide,view,true,jalan_archive,c5305fdca829,positive,body_positive,high,body_sentiment_inference_needed
350,jalan_archive_07_270,Jalan,https://www.jalan.net/yad352850/kuchikomi/archive/,2023/6/28,,ja,,,,癒されました。,ウェルカムドリンクからはじまり夕食までの間足湯をして過ごしました。夕食も食材にこだわりを感じどれもとても美味しかったです。誕生日旅行であり旅館からバースデープレゼントを頂きました。写真撮影、ミニアルバムも頂きとても心のこもったおもてなしをして頂きました。お部屋も美しくゆっくりできました。朝食も体に優しいメニューで、その後また温泉を堪能しました。日頃の疲れを癒,facility_wide,footbath,true,jalan_archive,3c6f1761f87c,positive,body_positive,high,body_sentiment_inference_needed
351,jalan_archive_07_283,Jalan,https://www.jalan.net/yad352850/kuchikomi/archive/,2023/6/26,,ja,,,,最高のおもてなしでした！,今回初めて星野リゾートに宿泊させて頂きました。 1度は泊まってみたいと思い、旦那と母と義母と4人で旅行行く機会ができたので、利用させて頂きました。 到着後外の門でお出向かいをして頂きさすが高級宿だなと。 お部屋からの眺めは海を一望できとても綺麗で、お部屋の中もとても綺麗でした。 そして今回1番感激したのは、夕食時に私の苦手な食べ物が出ていたので、残してしまい,unclear,booking_confusion|view,false,jalan_archive,fa5d7e519bc8,mixed,conditional_signal_tag,medium,body_sentiment_inference_needed
352,jalan_archive_07_296,Jalan,https://www.jalan.net/yad352850/kuchikomi/archive/,2023/6/24,,ja,,,,とにかくすべてが最高です♪,結婚30周年記念旅行で行きました！部屋はとても綺麗で広くておしゃれでオーシャンビュー！すごくリラックスできます！よく夫婦で温泉旅行に行きますが、今まででここが一番良いです！今までは旅行先の観光地で時間を使いますが、今回は観光地よりも部屋でゆっくりしてる時間と温泉に浸かる時間が多く、癒されました！２日目がちょうど結婚記念日だったので、幸せな日を過ごせました。 ,facility_wide,booking_confusion|view,true,jalan_archive,f8fd308c7966,mixed,conditional_signal_tag,medium,body_sentiment_inference_needed
353,jalan_archive_07_309,Jalan,https://www.jalan.net/yad352850/kuchikomi/archive/,2023/6/23,,ja,,,,こんなに素晴らしい宿は初めて！,界は比較的山の中にある宿が多い印象ですが、界別府は海の横にあり、部屋の窓からの眺望が素晴らしかったです。夜になると大分市の夜景がちょっと見えました。お料理も地元産食材を使って丁寧かつ上品に作られており女性の私に満足できる量でした。また、フロント横では地獄の夏祭りというイベントをやっていていろんな形で楽しめる宿でした。 九州からは遠い所に住んでいますがまた行き,unclear,view,false,jalan_archive,dd54f7e2c47a,positive,body_positive,high,body_sentiment_inference_needed
354,jalan_archive_07_322,Jalan,https://www.jalan.net/yad352850/kuchikomi/archive/,2023/6/22,,ja,,,,お部屋が最高,お部屋から海が一望でき、海に浮かんでいるような不思議な気分になりました。お部屋も広くて、スッキリしたインテリアで居心地が良かったです。ただ、朝食でおかわりを聞いてくれましたが、その時はタイミングが早くてお断りしましたが、その後も気にして欲しかったなと思います。お茶のおかわりをお願いしましたが、お忙しいのか持ってきていただけず…そこだけが残念でした。 足湯も気,facility_wide,footbath|view,true,jalan_archive,0efd2534349a,mixed,body_positive_and_negative,high,body_sentiment_inference_needed
355,jalan_archive_07_335,Jalan,https://www.jalan.net/yad352850/kuchikomi/archive/,2023/6/17,,ja,,,,夫婦でゆっくり出来ました,界グループさんを利用するのは由布院に次いで2回目で別府界さんは祭りをコンセプトに楽しく子供の頃を思い出しました笑もちろん部屋からの眺めも最高でゆっくりお風呂に浸かり日頃のストレスを発散する事が出来ました。お風呂上がりのゆず茶が最高に美味しかったです♪朝夕の食事も最高でした。また利用したいです。,facility_wide,view,true,jalan_archive,d11e8da4ccc8,positive,body_positive,high,body_sentiment_inference_needed
356,jalan_archive_07_348,Jalan,https://www.jalan.net/yad352850/kuchikomi/archive/,2023/6/17,,ja,,,,スタッフさん達がイキイキとしていた,お世話になりました。きめ細やかな接客で､おもてなしを受けました。素晴らしく感動の一泊でした。夕食時のスタッフさんとの､会話が何より嬉しかったです。マニュアルの接客だけでなく､何気ない会話で楽しむことができました。 また利用してみたいです。色々とお世話になりました,unclear,,false,jalan_archive,d1793e91821f,positive,body_positive,high,body_sentiment_inference_needed
357,jalan_archive_07_361,Jalan,https://www.jalan.net/yad352850/kuchikomi/archive/,2023/6/13,,ja,,,,夫婦でゆっくり過ごす旅,部屋の露天風呂は、最高でした。 何度でも入りたくなるお風呂で、海を眺めている時間がとても癒される宿でした。 夕食と朝食は、期待が大き過ぎたのか、少し物足りない感じがしました。,room_open_air_bath,booking_confusion|open_air_public_bath|room_open_air_bath|view,true,jalan_archive,99c58d18906e,mixed,conditional_signal_tag,medium,body_sentiment_inference_needed
358,jalan_archive_07_374,Jalan,https://www.jalan.net/yad352850/kuchikomi/archive/,2023/6/8,,ja,,,,部屋に入った瞬間の景色,部屋はもちろん、宿で楽しめるプランもあり、ご飯も大変美味しくいただきました。 部屋に入った瞬間のオーシャンビューにとても魅了されました。,unclear,view,false,jalan_archive,6623d2f6dec5,positive,body_positive,high,body_sentiment_inference_needed
359,jalan_archive_07_387,Jalan,https://www.jalan.net/yad352850/kuchikomi/archive/,2023/6/7,,ja,,,,居心地が良かった,美味しい料理に気持ちが良い温泉に寛げる部屋どれも良かったです。サービスが充実しており流石星野リゾートって感じがしました。次回利用する時は温泉付き客室に宿泊したいと思いました。ありがとうございました。,facility_wide,,true,jalan_archive,60cb764bcf57,positive,body_positive,high,body_sentiment_inference_needed
360,trip_001,Trip.com,https://jp.trip.com/hotels/beppu-hotel-detail-72321998/hoshino-resorts-kai-beppu/review.html,2026年7月3日,,ja/translated,,,,,星野リゾート 界 別府｜日本美学が凝縮された、全室オーシャンビューの温泉で癒される滞在 ホテルは清潔で手入れが行き届いており、特に大浴場は多くの日本の旅館と比べても格段に静かで清潔でした。埃一つなく、浴室、畳、そして大きな窓もすべてが清々しく透明で、潔癖症の方にもおすすめです。 建物は隈研吾氏が設計したモダンな和風建築で、木造の回廊や和紙の提灯が醸し出す雰囲,open_air_public_bath|public_bath,access|booking_confusion|cleaning_or_maintenance|crowding|footbath|open_air_public_bath|public_bath|view|water_texture,true,trip_public_static_page,c9718662c074,mixed,conditional_signal_tag,medium,body_sentiment_inference_needed
361,trip_002,Trip.com,https://jp.trip.com/hotels/beppu-hotel-detail-72321998/hoshino-resorts-kai-beppu/review.html,2026年1月17日,,ja/translated,,,,,最高のホテルでした！何もかもが素晴らしかったです。ホテル内でのアクティビティも豊富で、快適な環境なので、ホテルに引きこもっていても飽きることがありませんでした。景色も最高で、早起きすれば日の出も見られます。本当に完璧な体験でした。,unclear,view,false,trip_public_static_page,6fc57348a56a,positive,body_positive,high,body_sentiment_inference_needed
362,trip_003,Trip.com,https://jp.trip.com/hotels/beppu-hotel-detail-72321998/hoshino-resorts-kai-beppu/review.html,2025年12月5日,,ja/translated,,,,,星野リゾート界の期待通りのクオリティで、オーシャンフロントという立地がさらに魅力的でした。食事に関しては、正直なところ可もなく不可もなくといった印象です。他の場所でいただいた懐石料理と比べると、少し物足りなく感じました。母は量が少ないと言っていました。ただ、小さなアイスクリームはとても美味しかったです。スタッフの英語は上手で、コミュニケーションもスムーズに取,unclear,view,false,trip_public_static_page,b87dae68b43f,neutral,neutral_or_lodging_context,medium,body_sentiment_inference_needed
363,trip_004,Trip.com,https://jp.trip.com/hotels/beppu-hotel-detail-72321998/hoshino-resorts-kai-beppu/review.html,2026年1月7日,,ja/translated,,,,,星野リゾートに友人と2回目の滞在です。サービス、設備、環境、清潔さ、食事、全てにおいて素晴らしかったです。建物全体が別府湾に面しており、ミニマルなデザインながらも冷たい印象はありません。余白が多く、木材と光の使い方が美しく、まるで呼吸する美術館に泊まっているようでした。公共スペースはとても静かで、満室でも騒がしくなく、「界」シリーズならではの抑制された雰囲気,unclear,cleaning_or_maintenance|crowding|view,false,trip_public_static_page,f6ddf89cb616,mixed,body_positive_and_negative,high,body_sentiment_inference_needed
364,trip_005,Trip.com,https://jp.trip.com/hotels/beppu-hotel-detail-72321998/hoshino-resorts-kai-beppu/review.html,2025年11月5日,,ja/translated,,,,,竹をテーマにした施設で、フロントの英語力は改善の余地あり。チェックイン時にホテル内のアクティビティ時間を事前に伝えるべきです。夕食は全くコスパが悪く、海鮮以外はあまり新鮮ではなく、食事はごく普通でした。チェックアウト時間を10分過ぎただけで、電話が鳴りっぱなしで、チェックアウト時の態度も非常に悪く、荷物を運んでくれるスタッフさえいませんでした。星野リゾートは,unclear,booking_confusion|view,false,trip_public_static_page,26fed4b2aeb2,mixed,conditional_signal_tag,medium,body_sentiment_inference_needed
365,trip_006,Trip.com,https://jp.trip.com/hotels/beppu-hotel-detail-72321998/hoshino-resorts-kai-beppu/review.html,2025年11月5日,,ja/translated,,,,,息をのむような海の景色、半露天のプライベート温泉、夕食も朝食も素晴らしいレベルでした。午後5時にチェックインした際、翌日の朝食は8時45分以降しか選べないと言われ、不満を伝えたところ、ようやく7時半の時間を出してくれました。かなり高価でしたが、全体的には期待通りだったと思います。,open_air_public_bath,booking_confusion|open_air_public_bath|view,true,trip_public_static_page,a173c4244799,mixed,body_positive_and_negative,high,body_sentiment_inference_needed
366,trip_007,Trip.com,https://jp.trip.com/hotels/beppu-hotel-detail-72321998/hoshino-resorts-kai-beppu/review.html,2025年11月19日,,ja/translated,,,,,立地、サービス、大浴場、食事は悪くなかったのですが、コスパはあまり良くありませんでした。,public_bath,public_bath,true,trip_public_static_page,1d15e02eedd4,positive,positive_signal_no_caution,medium,body_sentiment_inference_needed
367,trip_008,Trip.com,https://jp.trip.com/hotels/beppu-hotel-detail-72321998/hoshino-resorts-kai-beppu/review.html,2025年7月25日,,ja/translated,,,,,まず、寝具がひどく柔らかすぎました。次に、カーテンはほとんどなく、仕切り扉からも光が差し込み、温泉の流水音も相まって、朝は全く熟睡できませんでした。また、トイレの洗浄音が非常に大きかったです。さらに、朝食・夕食はかなりお粗末で、宿泊料金に見合わない内容でした。全体としては、見た目ばかりで実質が伴わないホテルという印象です。唯一良かった点は、夕食後に親子向けの,facility_wide,booking_confusion|water_texture,true,trip_public_static_page,da7b0dda4b8e,mixed,conditional_signal_tag,medium,body_sentiment_inference_needed
368,trip_009,Trip.com,https://jp.trip.com/hotels/beppu-hotel-detail-72321998/hoshino-resorts-kai-beppu/review.html,2025年6月3日,,ja/translated,,,,,部屋からの眺めは最高で、立地もとても便利でした。朝食・夕食付きだったため、別府の他のグルメを堪能する時間がなかったのは、ちょっと残念でしたね（笑）。ホテルのすぐ近くにバス停があり、JR駅からも近くて助かりました。,unclear,access|booking_confusion|view,false,trip_public_static_page,44ae765f19a5,mixed,body_positive_and_negative,high,body_sentiment_inference_needed
369,trip_010,Trip.com,https://jp.trip.com/hotels/beppu-hotel-detail-72321998/hoshino-resorts-kai-beppu/review.html,2025年6月2日,,ja/translated,,,,,部屋の大きな窓からは美しい日の出を望むことができ、広さも十分でした。海を目の前にした足湯は格別でした。朝食と昼食はどちらも大変工夫が凝らされており、美味しくいただきました。,facility_wide,footbath|view,true,trip_public_static_page,74f4bfbdbfef,neutral,neutral_or_lodging_context,medium,body_sentiment_inference_needed
370,trip_011,Trip.com,https://jp.trip.com/hotels/beppu-hotel-detail-72321998/hoshino-resorts-kai-beppu/review.html,2024年10月7日,,ja/translated,,,,,チェックイン当初は非常に悪い経験でした。午後2時前にホテルに到着したのですが、チェックインは15時からと言われました。私は昼寝の習慣があり、3時までもうすぐだったので、準備のできている部屋がないかフロントに尋ね、少し昼寝をさせてもらえないかと交渉しようとしました。しかし、ホテルのフロントは全く努力せず（通常はハウスキーピングに電話して、清掃済みの部屋があるか,facility_wide,booking_confusion|cleaning_or_maintenance|view,true,trip_public_static_page,9ab46b9a9228,mixed,body_negative_with_context,high,body_sentiment_inference_needed
371,trip_012,Trip.com,https://jp.trip.com/hotels/beppu-hotel-detail-72321998/hoshino-resorts-kai-beppu/review.html,2025年4月28日,,ja/translated,,,,,界別府に二度目の滞在でしたが、前回同様、立地も海も最高でした。,unclear,view,false,trip_public_static_page,20fdf511b615,positive,body_positive,high,body_sentiment_inference_needed
372,trip_013,Trip.com,https://jp.trip.com/hotels/beppu-hotel-detail-72321998/hoshino-resorts-kai-beppu/review.html,2024年6月12日,,ja/translated,,,,,すごくお勧めします！ 朝食と夕食は事前に予約しておかないと、かなり早い時間になってしまいます。料理はとても繊細で、特に美味しかったです。 温泉のお湯はとても柔らかく、快適に入浴できました。,facility_wide,booking_confusion|water_texture,true,trip_public_static_page,7ab3ee89fafd,mixed,conditional_signal_tag,medium,body_sentiment_inference_needed
373,trip_014,Trip.com,https://jp.trip.com/hotels/beppu-hotel-detail-72321998/hoshino-resorts-kai-beppu/review.html,2023年9月24日,,ja/translated,,,,,オートロックじゃないから、少し残念です。ロケいション最高ダラダラ自己に、ごほうび最高です、心リフレッシュ最高、アメニティ最高、お風呂ゆっくり最高です、スタッフ優しい❗頑張って笑顔いっぱい良かったです ゲ スト 和室（定員３名） 宿泊時期： 2026年2月 夫婦・カップル 14件の口コミ 8.0 / 10 とても良い,facility_wide,,true,trip_public_static_page,d48354a2984e,mixed,body_positive_and_negative,high,body_sentiment_inference_needed
374,trip_015,Trip.com,https://jp.trip.com/hotels/beppu-hotel-detail-72321998/hoshino-resorts-kai-beppu/review.html,2026年3月15日,,ja/translated,,,,,部屋の広さと眺めは素晴らしかったのですが、テレビの機種と充電ケーブルが古すぎました。スマートテレビとUSB充電ポートがあればもっと良かったと思います。夕食と朝食はとても美味しく、滞在全体と食事体験を考えると、値段に見合った価値があると思います。滞在中、日の出の景色が一番印象的でした。,unclear,cleaning_or_maintenance|view,false,trip_public_static_page,33f7e9cce575,mixed,body_positive_and_negative,high,body_sentiment_inference_needed
375,google_nothing,Google Maps,Aside Browser Google Maps review tab snapshot 2026-07-08,11개월 전,,ko/Google-translated,3/5,낫띵,,,"이 가격에 이 정도밖에 안 되나 싶고, 호텔 컨텐츠는 일본어 중심인데 외국인이 많다고 언급. 온천은 APA호텔과 비슷하다고 낮게 평가하고, 친절함·프라이빗함·오션뷰 외에는 남는 게 적다고 봄.",facility_wide,view|weak_onsen_feeling,true,google_maps_review_tab_snapshot,f11f6e2e3bb2,negative,negative_signal_tag,high,body_sentiment_inference_needed
376,google_kang,Google Maps,Aside Browser Google Maps review tab snapshot 2026-07-08,4개월 전,,ko/Google-translated,5/5,강병준,,,스기노이 다음 방문한 숙소로 모든 면에서 우월하고 직원 친절도가 높아 재방문 의사가 높다고 평가. 온천 직접 묘사는 없음.,facility_wide,,true,google_maps_review_tab_snapshot,17823f8d9da6,neutral,neutral_or_lodging_context,medium,body_sentiment_inference_needed
377,google_k,Google Maps,Aside Browser Google Maps review tab snapshot 2026-07-08,3년 전,,ko/Google-translated,3/5,K,,,"뷰는 좋지만 그 외 장점이 제한적이며, 로비층 족욕과 체크인 대기 경험을 언급. 친절함이 오히려 부담스럽다고 평가.",unclear,booking_confusion|footbath,false,google_maps_review_tab_snapshot,03c11388da79,mixed,conditional_signal_tag,medium,body_sentiment_inference_needed
378,google_stella,Google Maps,Aside Browser Google Maps review tab snapshot 2026-07-08,1년 전,,ko/Google-translated,4/5,stella C,,,객실 컨디션에는 실망했지만 일출과 식사 경험은 좋았다고 평가. 온천 직접 묘사는 제한적.,facility_wide,view,true,google_maps_review_tab_snapshot,2902d4e3fce0,mixed,body_positive_and_negative,high,body_sentiment_inference_needed
379,google_kim,Google Maps,Aside Browser Google Maps review tab snapshot 2026-07-08,수정일: 3년 전,,ko/Google-translated,5/5,김상훈,,,"4인실 1박 투숙. 도착 환대와 체크인 지원, 전반적 숙소 경험을 높게 평가. 온천 직접 묘사는 제한적.",facility_wide,booking_confusion,true,google_maps_review_tab_snapshot,54eb085fc7c8,mixed,conditional_signal_tag,medium,body_sentiment_inference_needed
