sample_id,platform,provider,review_date,rating,source_url,language,author_hash,lodging_context,onsen_related,bath_area_tags,signal_tags,caution_tags,original_keywords,paraphrase_ko,source_access,included_in_lodging_direct_count,signal_direction,direction_backfill_rule,direction_backfill_confidence,direction_backfill_candidate_type
tosyoan-jalan-1,Jalan,Jalan,2026/5/23,5 5,https://www.jalan.net/yad331264/kuchikomi/,ja,f1b25e89de,lodging_direct,True,room_open_air_bath;room_bath,room_bath_hot_spring;water_texture,,露天風呂;露天;温泉;由布岳;部屋,객실 노천탕과 객실 내탕을 함께 언급한 후기다; 유후다케 조망·수질 체감 표현이 붙는다.,direct_readable_existing_jalan,true,positive,rating_positive_signal,medium,issue_caution_calibration_needed
tosyoan-jalan-2,Jalan,Jalan,2026/4/23,5 5,https://www.jalan.net/yad331264/kuchikomi/,ja,09bb94ca53,lodging_direct,True,room_open_air_bath;room_bath,room_bath_hot_spring,,露天;内風呂;内湯;温泉;部屋,객실 노천탕과 객실 내탕을 함께 언급한 후기다.,direct_readable_existing_jalan,true,positive,rating_positive_signal,medium,issue_caution_calibration_needed
tosyoan-jalan-3,Jalan,Jalan,2025/12/30,4 4,https://www.jalan.net/yad331264/kuchikomi/,ja,90b222d56c,lodging_direct,True,room_open_air_bath;room_bath,room_bath_hot_spring;water_texture,,露天風呂;露天;温泉;由布岳;眺望;部屋,객실 노천탕과 객실 내탕을 함께 언급한 후기다; 유후다케 조망·수질 체감 표현이 붙는다.,direct_readable_existing_jalan,true,positive,rating_positive_signal,medium,issue_caution_calibration_needed
tosyoan-jalan-4,Jalan,Jalan,2025/12/14,4 4,https://www.jalan.net/yad331264/kuchikomi/,ja,818c02f323,lodging_direct,True,room_open_air_bath;room_bath,room_bath_hot_spring;water_texture,,露天風呂;露天;温泉;由布岳;眺望,객실 노천탕과 객실 내탕을 함께 언급한 후기다; 유후다케 조망·수질 체감 표현이 붙는다.,direct_readable_existing_jalan,true,positive,rating_positive_signal,medium,issue_caution_calibration_needed
tosyoan-jalan-5,Jalan,Jalan,2025/9/23,5 5,https://www.jalan.net/yad331264/kuchikomi/,ja,423fb9ce80,lodging_direct,True,room_bath,room_bath_hot_spring;water_texture;booking_confusion,booking_confusion,温泉;由布岳;眺望;部屋;予約,객실탕을 언급한 후기다; 유후다케 조망·수질 체감 표현이 붙는다; 송영·예약·안내 신호가 함께 보인다.,direct_readable_existing_jalan,true,mixed,caution_or_issue_tag,high,issue_caution_calibration_needed
tosyoan-jalan-6,Jalan,Jalan,2025/9/19,4 4,https://www.jalan.net/yad331264/kuchikomi/,ja,6c17fddb3b,lodging_direct,False,,water_texture;booking_confusion,booking_confusion,由布岳;予約,숙박 경험 중심 후기다; 유후다케 조망·수질 체감 표현이 붙는다; 송영·예약·안내 신호가 함께 보인다.,direct_readable_existing_jalan,true,mixed,caution_or_issue_tag,high,issue_caution_calibration_needed
tosyoan-jalan-7,Jalan,Jalan,2025/9/15,5 5,https://www.jalan.net/yad331264/kuchikomi/,ja,55177fec3b,lodging_direct,True,facility_wide,water_texture;booking_confusion,booking_confusion,由布岳;部屋;予約,숙소 온천을 넓게 언급한 후기다; 유후다케 조망·수질 체감 표현이 붙는다; 송영·예약·안내 신호가 함께 보인다.,direct_readable_existing_jalan,true,mixed,caution_or_issue_tag,high,issue_caution_calibration_needed
tosyoan-jalan-8,Jalan,Jalan,2025/9/3,5 5,https://www.jalan.net/yad331264/kuchikomi/,ja,35008502d4,lodging_direct,True,facility_wide,water_texture;booking_confusion;operation_caution,booking_confusion;operation_caution,温泉;由布岳;部屋;虫;予約,숙소 온천을 넓게 언급한 후기다; 유후다케 조망·수질 체감 표현이 붙는다; 송영·예약·안내 신호가 함께 보인다; 벌레·청결·동선 등 운영 주의가 보인다.,direct_readable_existing_jalan,true,mixed,body_negative_with_context,high,issue_caution_calibration_needed
tosyoan-jalan-9,Jalan,Jalan,2025/8/24,4 4,https://www.jalan.net/yad331264/kuchikomi/,ja,8f14a445cd,lodging_direct,False,,water_texture,,由布岳;部屋,숙박 경험 중심 후기다; 유후다케 조망·수질 체감 표현이 붙는다.,direct_readable_existing_jalan,true,positive,rating_positive_signal,medium,issue_caution_calibration_needed
tosyoan-jalan-10,Jalan,Jalan,2025/8/16,4 4,https://www.jalan.net/yad331264/kuchikomi/,ja,3706ef6dc0,lodging_direct,True,facility_wide,water_texture;booking_confusion,booking_confusion,温泉;源泉;由布岳;眺望;予約,숙소 온천을 넓게 언급한 후기다; 유후다케 조망·수질 체감 표현이 붙는다; 송영·예약·안내 신호가 함께 보인다.,direct_readable_existing_jalan,true,mixed,caution_or_issue_tag,high,issue_caution_calibration_needed
tosyoan-jalan-11,Jalan,Jalan,2025/6/14,5 5,https://www.jalan.net/yad331264/kuchikomi/archive/,ja,a67b3900df,lodging_direct,True,facility_wide,water_texture;booking_confusion,booking_confusion,温泉;由布岳;眺望;部屋,숙소 온천을 넓게 언급한 후기다; 유후다케 조망·수질 체감 표현이 붙는다; 송영·예약·안내 신호가 함께 보인다.,direct_readable_existing_jalan,true,mixed,caution_or_issue_tag,high,issue_caution_calibration_needed
tosyoan-jalan-12,Jalan,Jalan,2025/5/16,5 5,https://www.jalan.net/yad331264/kuchikomi/archive/,ja,557f193c86,lodging_direct,True,room_bath,room_bath_hot_spring;water_texture,,温泉;由布岳;眺望,객실탕을 언급한 후기다; 유후다케 조망·수질 체감 표현이 붙는다.,direct_readable_existing_jalan,true,positive,rating_positive_signal,medium,issue_caution_calibration_needed
tosyoan-jalan-13,Jalan,Jalan,2025/4/26,4 4,https://www.jalan.net/yad331264/kuchikomi/archive/,ja,2c64f97f6e,lodging_direct,True,room_open_air_bath;room_bath,room_bath_hot_spring,,露天風呂;露天;内湯;温泉;部屋,객실 노천탕과 객실 내탕을 함께 언급한 후기다.,direct_readable_existing_jalan,true,positive,rating_positive_signal,medium,issue_caution_calibration_needed
tosyoan-jalan-14,Jalan,Jalan,2025/4/17,4 4,https://www.jalan.net/yad331264/kuchikomi/archive/,ja,e15772023b,lodging_direct,True,room_bath,room_bath_hot_spring;water_texture,,温泉;由布岳;眺望,객실탕을 언급한 후기다; 유후다케 조망·수질 체감 표현이 붙는다.,direct_readable_existing_jalan,true,positive,rating_positive_signal,medium,issue_caution_calibration_needed
tosyoan-jalan-15,Jalan,Jalan,2025/3/21,5 5,https://www.jalan.net/yad331264/kuchikomi/archive/,ja,3556aa4314,lodging_direct,True,facility_wide,water_texture,,温泉;由布岳,숙소 온천을 넓게 언급한 후기다; 유후다케 조망·수질 체감 표현이 붙는다.,direct_readable_existing_jalan,true,positive,rating_positive_signal,medium,issue_caution_calibration_needed
tosyoan-jalan-16,Jalan,Jalan,2024/11/14,5 5,https://www.jalan.net/yad331264/kuchikomi/archive/,ja,1e511d3a72,lodging_direct,True,room_open_air_bath,room_bath_hot_spring;water_texture;booking_confusion,booking_confusion,露天;源泉かけ流し;源泉;由布岳;部屋;予約,객실 노천탕/전망탕을 언급한 후기다; 유후다케 조망·수질 체감 표현이 붙는다; 송영·예약·안내 신호가 함께 보인다.,direct_readable_existing_jalan,true,mixed,caution_or_issue_tag,high,issue_caution_calibration_needed
tosyoan-jalan-17,Jalan,Jalan,2024/9/15,4 4,https://www.jalan.net/yad331264/kuchikomi/archive/,ja,b470dc982e,lodging_direct,True,facility_wide,water_texture;operation_caution,operation_caution,温泉;由布岳;眺望;部屋,숙소 온천을 넓게 언급한 후기다; 유후다케 조망·수질 체감 표현이 붙는다; 벌레·청결·동선 등 운영 주의가 보인다.,direct_readable_existing_jalan,true,mixed,body_negative_with_context,high,issue_caution_calibration_needed
tosyoan-jalan-18,Jalan,Jalan,2024/7/21,5 5,https://www.jalan.net/yad331264/kuchikomi/archive/,ja,727f84087e,lodging_direct,True,facility_wide,water_texture;booking_confusion,booking_confusion,温泉;源泉;部屋;予約;送迎,숙소 온천을 넓게 언급한 후기다; 유후다케 조망·수질 체감 표현이 붙는다; 송영·예약·안내 신호가 함께 보인다.,direct_readable_existing_jalan,true,mixed,caution_or_issue_tag,high,issue_caution_calibration_needed
tosyoan-jalan-19,Jalan,Jalan,2024/5/23,5 5,https://www.jalan.net/yad331264/kuchikomi/archive/,ja,0e729df86e,lodging_direct,True,facility_wide,water_texture,,温泉;由布岳;眺望;部屋,숙소 온천을 넓게 언급한 후기다; 유후다케 조망·수질 체감 표현이 붙는다.,direct_readable_existing_jalan,true,positive,rating_positive_signal,medium,issue_caution_calibration_needed
tosyoan-jalan-20,Jalan,Jalan,2024/4/25,5 5,https://www.jalan.net/yad331264/kuchikomi/archive/,ja,ce03b623a3,lodging_direct,True,facility_wide,water_texture;booking_confusion,booking_confusion,由布岳;部屋;予約,숙소 온천을 넓게 언급한 후기다; 유후다케 조망·수질 체감 표현이 붙는다; 송영·예약·안내 신호가 함께 보인다.,direct_readable_existing_jalan,true,mixed,caution_or_issue_tag,high,issue_caution_calibration_needed
tosyoan-jalan-21,Jalan,Jalan,2024/1/15,4 4,https://www.jalan.net/yad331264/kuchikomi/archive/,ja,b74f2124ea,lodging_direct,True,room_open_air_bath;room_bath,room_bath_hot_spring,,露天;内湯;部屋,객실 노천탕과 객실 내탕을 함께 언급한 후기다.,direct_readable_existing_jalan,true,positive,rating_positive_signal,medium,issue_caution_calibration_needed
tosyoan-jalan-22,Jalan,Jalan,2023/11/23,3 3,https://www.jalan.net/yad331264/kuchikomi/archive/,ja,55aa053fdc,lodging_direct,True,room_open_air_bath;room_bath,room_bath_hot_spring,,露天;内湯;部屋,객실 노천탕과 객실 내탕을 함께 언급한 후기다.,direct_readable_existing_jalan,true,positive,positive_signal_no_caution,medium,issue_caution_calibration_needed
tosyoan-jalan-23,Jalan,Jalan,2023/9/8,5 5,https://www.jalan.net/yad331264/kuchikomi/archive/,ja,762c570032,lodging_direct,True,room_open_air_bath,room_bath_hot_spring;water_texture;booking_confusion,booking_confusion,露天風呂;露天;由布岳;部屋;予約,객실 노천탕/전망탕을 언급한 후기다; 유후다케 조망·수질 체감 표현이 붙는다; 송영·예약·안내 신호가 함께 보인다.,direct_readable_existing_jalan,true,mixed,caution_or_issue_tag,high,issue_caution_calibration_needed
tosyoan-jalan-24,Jalan,Jalan,2023/8/15,5 5,https://www.jalan.net/yad331264/kuchikomi/archive/,ja,5d83d662ae,lodging_direct,True,room_open_air_bath;room_bath,room_bath_hot_spring;booking_confusion,booking_confusion,露天;内湯;部屋;予約,객실 노천탕과 객실 내탕을 함께 언급한 후기다; 송영·예약·안내 신호가 함께 보인다.,direct_readable_existing_jalan,true,mixed,caution_or_issue_tag,high,issue_caution_calibration_needed
tosyoan-jalan-25,Jalan,Jalan,2023/8/7,5 5,https://www.jalan.net/yad331264/kuchikomi/archive/,ja,818c02f323,lodging_direct,True,room_open_air_bath,room_bath_hot_spring;water_texture,,露天風呂;露天;温泉,객실 노천탕/전망탕을 언급한 후기다; 유후다케 조망·수질 체감 표현이 붙는다.,direct_readable_existing_jalan,true,positive,rating_positive_signal,medium,issue_caution_calibration_needed
tosyoan-jalan-26,Jalan,Jalan,2023/7/22,5 5,https://www.jalan.net/yad331264/kuchikomi/archive/,ja,932cdeae0e,lodging_direct,True,room_open_air_bath;room_bath,room_bath_hot_spring;booking_confusion,booking_confusion,露天風呂;露天;内風呂;部屋;予約,객실 노천탕과 객실 내탕을 함께 언급한 후기다; 송영·예약·안내 신호가 함께 보인다.,direct_readable_existing_jalan,true,mixed,caution_or_issue_tag,high,issue_caution_calibration_needed
tosyoan-jalan-27,Jalan,Jalan,2023/6/29,5 5,https://www.jalan.net/yad331264/kuchikomi/archive/,ja,9c48f32a3f,lodging_direct,True,room_open_air_bath;room_bath,room_bath_hot_spring;water_texture,,露天風呂;露天;内湯;由布岳;部屋,객실 노천탕과 객실 내탕을 함께 언급한 후기다; 유후다케 조망·수질 체감 표현이 붙는다.,direct_readable_existing_jalan,true,positive,rating_positive_signal,medium,issue_caution_calibration_needed
tosyoan-jalan-28,Jalan,Jalan,2023/6/28,4 4,https://www.jalan.net/yad331264/kuchikomi/archive/,ja,4a076cdb57,lodging_direct,True,room_open_air_bath,room_bath_hot_spring;water_texture,,露天風呂;露天;温泉;由布岳;眺望;部屋,객실 노천탕/전망탕을 언급한 후기다; 유후다케 조망·수질 체감 표현이 붙는다.,direct_readable_existing_jalan,true,positive,rating_positive_signal,medium,issue_caution_calibration_needed
tosyoan-jalan-29,Jalan,Jalan,2023/4/25,4 4,https://www.jalan.net/yad331264/kuchikomi/archive/,ja,73c35e413d,lodging_direct,True,room_bath,room_bath_hot_spring;temperature_control;booking_confusion,temperature_control;booking_confusion,部屋;部屋風呂;温度;予約,객실탕을 언급한 후기다; 온도/계절 체감 신호가 있다; 송영·예약·안내 신호가 함께 보인다.,direct_readable_existing_jalan,true,mixed,caution_or_issue_tag,high,issue_caution_calibration_needed
tosyoan-jalan-30,Jalan,Jalan,2023/3/27,5 5,https://www.jalan.net/yad331264/kuchikomi/archive/,ja,4b730c80f1,lodging_direct,True,facility_wide,water_texture,,温泉;由布岳;眺望,숙소 온천을 넓게 언급한 후기다; 유후다케 조망·수질 체감 표현이 붙는다.,direct_readable_existing_jalan,true,positive,rating_positive_signal,medium,issue_caution_calibration_needed
tosyoan-jalan-31,Jalan,Jalan,2023/2/28,5 5,https://www.jalan.net/yad331264/kuchikomi/archive/,ja,4ec842ec3d,lodging_direct,True,facility_wide,water_texture,,温泉;由布岳;眺望;部屋,숙소 온천을 넓게 언급한 후기다; 유후다케 조망·수질 체감 표현이 붙는다.,direct_readable_existing_jalan,true,positive,rating_positive_signal,medium,issue_caution_calibration_needed
tosyoan-jalan-32,Jalan,Jalan,2023/1/22,5 5,https://www.jalan.net/yad331264/kuchikomi/archive/,ja,7a1b04a735,lodging_direct,True,facility_wide,water_texture;temperature_control;booking_confusion,temperature_control;booking_confusion,温泉;由布岳;眺望;部屋;タクシー,숙소 온천을 넓게 언급한 후기다; 유후다케 조망·수질 체감 표현이 붙는다; 온도/계절 체감 신호가 있다; 송영·예약·안내 신호가 함께 보인다.,direct_readable_existing_jalan,true,mixed,caution_or_issue_tag,high,issue_caution_calibration_needed
tosyoan-jalan-33,Jalan,Jalan,2023/1/13,4 4,https://www.jalan.net/yad331264/kuchikomi/archive/,ja,451315eadd,lodging_direct,True,room_open_air_bath;room_bath,room_bath_hot_spring,,露天;内湯;部屋;客室,객실 노천탕과 객실 내탕을 함께 언급한 후기다.,direct_readable_existing_jalan,true,positive,rating_positive_signal,medium,issue_caution_calibration_needed
tosyoan-jalan-34,Jalan,Jalan,2022/12/30,5 5,https://www.jalan.net/yad331264/kuchikomi/archive/,ja,4c034a8cbf,lodging_direct,True,facility_wide,water_texture,,温泉;由布岳;眺望;部屋,숙소 온천을 넓게 언급한 후기다; 유후다케 조망·수질 체감 표현이 붙는다.,direct_readable_existing_jalan,true,positive,rating_positive_signal,medium,issue_caution_calibration_needed
tosyoan-jalan-35,Jalan,Jalan,2022/12/15,4 4,https://www.jalan.net/yad331264/kuchikomi/archive/,ja,ba3e3e02b2,lodging_direct,True,facility_wide,water_texture;operation_caution,operation_caution,温泉;由布岳;眺望;部屋,숙소 온천을 넓게 언급한 후기다; 유후다케 조망·수질 체감 표현이 붙는다; 벌레·청결·동선 등 운영 주의가 보인다.,direct_readable_existing_jalan,true,mixed,body_negative_with_context,high,issue_caution_calibration_needed
tosyoan-jalan-36,Jalan,Jalan,2022/12/4,4 4,https://www.jalan.net/yad331264/kuchikomi/archive/,ja,c087a3cbb9,lodging_direct,True,facility_wide,water_texture;temperature_control;operation_caution,temperature_control;operation_caution,温泉;由布岳;眺望;部屋,숙소 온천을 넓게 언급한 후기다; 유후다케 조망·수질 체감 표현이 붙는다; 온도/계절 체감 신호가 있다; 벌레·청결·동선 등 운영 주의가 보인다.,direct_readable_existing_jalan,true,mixed,body_negative_with_context,high,issue_caution_calibration_needed
tosyoan-jalan-37,Jalan,Jalan,2022/11/13,5 5,https://www.jalan.net/yad331264/kuchikomi/archive/,ja,65816b0563,lodging_direct,True,room_open_air_bath;room_bath,room_bath_hot_spring,,露天;内湯;温泉;部屋,객실 노천탕과 객실 내탕을 함께 언급한 후기다.,direct_readable_existing_jalan,true,positive,rating_positive_signal,medium,issue_caution_calibration_needed
tosyoan-jalan-38,Jalan,Jalan,2022/11/5,5 5,https://www.jalan.net/yad331264/kuchikomi/archive/,ja,0b3396b8d4,lodging_direct,True,facility_wide,water_texture;operation_caution,operation_caution,温泉;由布岳;眺望;部屋,숙소 온천을 넓게 언급한 후기다; 유후다케 조망·수질 체감 표현이 붙는다; 벌레·청결·동선 등 운영 주의가 보인다.,direct_readable_existing_jalan,true,mixed,body_negative_with_context,high,issue_caution_calibration_needed
tosyoan-jalan-39,Jalan,Jalan,2022/10/27,5 5,https://www.jalan.net/yad331264/kuchikomi/archive/,ja,b359b48123,lodging_direct,True,facility_wide,water_texture;booking_confusion,booking_confusion,由布岳;部屋;予約,숙소 온천을 넓게 언급한 후기다; 유후다케 조망·수질 체감 표현이 붙는다; 송영·예약·안내 신호가 함께 보인다.,direct_readable_existing_jalan,true,mixed,caution_or_issue_tag,high,issue_caution_calibration_needed
tosyoan-jalan-40,Jalan,Jalan,2022/10/26,4 4,https://www.jalan.net/yad331264/kuchikomi/archive/,ja,b173a8a972,lodging_direct,True,facility_wide,water_texture,,温泉;由布岳;眺望;部屋,숙소 온천을 넓게 언급한 후기다; 유후다케 조망·수질 체감 표현이 붙는다.,direct_readable_existing_jalan,true,positive,rating_positive_signal,medium,issue_caution_calibration_needed
tosyoan-jalan-41,Jalan,Jalan,2022/10/12,5 5,https://www.jalan.net/yad331264/kuchikomi/archive/2.HTML,ja,52d5b05a66,lodging_direct,True,room_open_air_bath;room_bath,room_bath_hot_spring;booking_confusion,booking_confusion,露天風呂;露天;内湯;部屋;予約,객실 노천탕과 객실 내탕을 함께 언급한 후기다; 송영·예약·안내 신호가 함께 보인다.,direct_readable_existing_jalan,true,mixed,caution_or_issue_tag,high,issue_caution_calibration_needed
tosyoan-jalan-42,Jalan,Jalan,2022/9/30,4 4,https://www.jalan.net/yad331264/kuchikomi/archive/2.HTML,ja,3197532a6b,lodging_direct,True,facility_wide,water_texture;booking_confusion,booking_confusion,温泉;部屋,숙소 온천을 넓게 언급한 후기다; 유후다케 조망·수질 체감 표현이 붙는다; 송영·예약·안내 신호가 함께 보인다.,direct_readable_existing_jalan,true,mixed,caution_or_issue_tag,high,issue_caution_calibration_needed
tosyoan-jalan-43,Jalan,Jalan,2022/9/24,5 5,https://www.jalan.net/yad331264/kuchikomi/archive/2.HTML,ja,423fb9ce80,lodging_direct,True,facility_wide,booking_confusion,booking_confusion,温泉;部屋;予約,숙소 온천을 넓게 언급한 후기다; 송영·예약·안내 신호가 함께 보인다.,direct_readable_existing_jalan,true,mixed,caution_or_issue_tag,high,issue_caution_calibration_needed
tosyoan-jalan-44,Jalan,Jalan,2022/9/15,5 5,https://www.jalan.net/yad331264/kuchikomi/archive/2.HTML,ja,0a5d15c8e3,lodging_direct,True,facility_wide,neutral,,温泉;部屋,숙소 온천을 넓게 언급한 후기다.,direct_readable_existing_jalan,true,neutral,neutral_or_lodging_context,medium,issue_caution_calibration_needed
tosyoan-jalan-45,Jalan,Jalan,2022/9/12,5 5,https://www.jalan.net/yad331264/kuchikomi/archive/2.HTML,ja,e4a8848663,lodging_direct,True,facility_wide,water_texture,,温泉;由布岳;眺望;部屋,숙소 온천을 넓게 언급한 후기다; 유후다케 조망·수질 체감 표현이 붙는다.,direct_readable_existing_jalan,true,positive,rating_positive_signal,medium,issue_caution_calibration_needed
tosyoan-jalan-46,Jalan,Jalan,2022/9/8,5 5,https://www.jalan.net/yad331264/kuchikomi/archive/2.HTML,ja,d047fa0a2a,lodging_direct,False,,booking_confusion,booking_confusion,部屋;予約,숙박 경험 중심 후기다; 송영·예약·안내 신호가 함께 보인다.,direct_readable_existing_jalan,true,mixed,caution_or_issue_tag,high,issue_caution_calibration_needed
tosyoan-jalan-47,Jalan,Jalan,2022/9/2,5 5,https://www.jalan.net/yad331264/kuchikomi/archive/2.HTML,ja,b359b48123,lodging_direct,True,facility_wide,water_texture;booking_confusion,booking_confusion,温泉;由布岳;部屋;予約,숙소 온천을 넓게 언급한 후기다; 유후다케 조망·수질 체감 표현이 붙는다; 송영·예약·안내 신호가 함께 보인다.,direct_readable_existing_jalan,true,mixed,caution_or_issue_tag,high,issue_caution_calibration_needed
tosyoan-jalan-48,Jalan,Jalan,2022/8/31,4 4,https://www.jalan.net/yad331264/kuchikomi/archive/2.HTML,ja,d1110051e4,lodging_direct,True,facility_wide,water_texture;booking_confusion,booking_confusion,温泉;由布岳;眺望;部屋,숙소 온천을 넓게 언급한 후기다; 유후다케 조망·수질 체감 표현이 붙는다; 송영·예약·안내 신호가 함께 보인다.,direct_readable_existing_jalan,true,mixed,caution_or_issue_tag,high,issue_caution_calibration_needed
tosyoan-jalan-49,Jalan,Jalan,2022/8/6,5 5,https://www.jalan.net/yad331264/kuchikomi/archive/2.HTML,ja,799572ccba,lodging_direct,True,facility_wide,water_texture;booking_confusion,booking_confusion,源泉;部屋;予約,숙소 온천을 넓게 언급한 후기다; 유후다케 조망·수질 체감 표현이 붙는다; 송영·예약·안내 신호가 함께 보인다.,direct_readable_existing_jalan,true,mixed,caution_or_issue_tag,high,issue_caution_calibration_needed
tosyoan-jalan-50,Jalan,Jalan,2022/7/25,5 5,https://www.jalan.net/yad331264/kuchikomi/archive/2.HTML,ja,8201fbd28f,lodging_direct,False,,booking_confusion,booking_confusion,部屋;予約,숙박 경험 중심 후기다; 송영·예약·안내 신호가 함께 보인다.,direct_readable_existing_jalan,true,mixed,caution_or_issue_tag,high,issue_caution_calibration_needed
tosyoan-jalan-51,Jalan,Jalan,2022/7/14,4 4,https://www.jalan.net/yad331264/kuchikomi/archive/2.HTML,ja,c8ac165ba5,lodging_direct,True,facility_wide,water_texture,,温泉;由布岳;部屋,숙소 온천을 넓게 언급한 후기다; 유후다케 조망·수질 체감 표현이 붙는다.,direct_readable_existing_jalan,true,positive,rating_positive_signal,medium,issue_caution_calibration_needed
tosyoan-jalan-52,Jalan,Jalan,2022/7/11,5 5,https://www.jalan.net/yad331264/kuchikomi/archive/2.HTML,ja,10054801ef,lodging_direct,True,room_open_air_bath;room_bath,room_bath_hot_spring;water_texture,,露天風呂;露天;内風呂;温泉;由布岳;眺望;部屋,객실 노천탕과 객실 내탕을 함께 언급한 후기다; 유후다케 조망·수질 체감 표현이 붙는다.,direct_readable_existing_jalan,true,positive,rating_positive_signal,medium,issue_caution_calibration_needed
tosyoan-jalan-53,Jalan,Jalan,2022/7/10,5 5,https://www.jalan.net/yad331264/kuchikomi/archive/2.HTML,ja,c71a70ab38,lodging_direct,True,facility_wide,water_texture;booking_confusion,booking_confusion,由布岳;部屋;予約,숙소 온천을 넓게 언급한 후기다; 유후다케 조망·수질 체감 표현이 붙는다; 송영·예약·안내 신호가 함께 보인다.,direct_readable_existing_jalan,true,mixed,caution_or_issue_tag,high,issue_caution_calibration_needed
tosyoan-jalan-54,Jalan,Jalan,2022/7/8,5 5,https://www.jalan.net/yad331264/kuchikomi/archive/2.HTML,ja,22e8299e95,lodging_direct,True,facility_wide,neutral,,温泉;部屋,숙소 온천을 넓게 언급한 후기다.,direct_readable_existing_jalan,true,neutral,neutral_or_lodging_context,medium,issue_caution_calibration_needed
tosyoan-jalan-55,Jalan,Jalan,2022/7/1,5 5,https://www.jalan.net/yad331264/kuchikomi/archive/2.HTML,ja,91ea831d9e,lodging_direct,True,facility_wide,temperature_control;booking_confusion,temperature_control;booking_confusion,部屋;温度;予約,숙소 온천을 넓게 언급한 후기다; 온도/계절 체감 신호가 있다; 송영·예약·안내 신호가 함께 보인다.,direct_readable_existing_jalan,true,mixed,caution_or_issue_tag,high,issue_caution_calibration_needed
tosyoan-jalan-56,Jalan,Jalan,2022/6/24,5 5,https://www.jalan.net/yad331264/kuchikomi/archive/2.HTML,ja,c6f24e5b11,lodging_direct,True,facility_wide,temperature_control;booking_confusion;operation_caution,temperature_control;booking_confusion;operation_caution,部屋;温度;予約,숙소 온천을 넓게 언급한 후기다; 온도/계절 체감 신호가 있다; 송영·예약·안내 신호가 함께 보인다; 벌레·청결·동선 등 운영 주의가 보인다.,direct_readable_existing_jalan,true,mixed,body_negative_with_context,high,issue_caution_calibration_needed
tosyoan-jalan-57,Jalan,Jalan,2022/4/24,5 5,https://www.jalan.net/yad331264/kuchikomi/archive/2.HTML,ja,c8516df463,lodging_direct,True,room_bath,room_bath_hot_spring;water_texture,,温泉;由布岳;眺望;部屋;部屋風呂,객실탕을 언급한 후기다; 유후다케 조망·수질 체감 표현이 붙는다.,direct_readable_existing_jalan,true,positive,rating_positive_signal,medium,issue_caution_calibration_needed
tosyoan-jalan-58,Jalan,Jalan,2022/3/9,5 5,https://www.jalan.net/yad331264/kuchikomi/archive/2.HTML,ja,0f0974208c,lodging_direct,True,room_open_air_bath,room_bath_hot_spring,,露天風呂;露天;部屋,객실 노천탕/전망탕을 언급한 후기다.,direct_readable_existing_jalan,true,positive,rating_positive_signal,medium,issue_caution_calibration_needed
tosyoan-jalan-59,Jalan,Jalan,2022/3/1,5 5,https://www.jalan.net/yad331264/kuchikomi/archive/2.HTML,ja,d2c3e30862,lodging_direct,True,room_open_air_bath;room_bath,room_bath_hot_spring,,露天;内湯;温泉;部屋,객실 노천탕과 객실 내탕을 함께 언급한 후기다.,direct_readable_existing_jalan,true,positive,rating_positive_signal,medium,issue_caution_calibration_needed
tosyoan-jalan-60,Jalan,Jalan,2022/1/6,5 5,https://www.jalan.net/yad331264/kuchikomi/archive/2.HTML,ja,30cc1e0307,lodging_direct,True,facility_wide,water_texture;booking_confusion,booking_confusion,由布岳;部屋;予約,숙소 온천을 넓게 언급한 후기다; 유후다케 조망·수질 체감 표현이 붙는다; 송영·예약·안내 신호가 함께 보인다.,direct_readable_existing_jalan,true,mixed,caution_or_issue_tag,high,issue_caution_calibration_needed
tosyoan-jalan-61,Jalan,Jalan,2022/1/5,5 5,https://www.jalan.net/yad331264/kuchikomi/archive/2.HTML,ja,3b96bb71dc,lodging_direct,True,room_bath,room_bath_hot_spring;water_texture,,温泉;源泉掛け流し;源泉;由布岳;眺望;部屋,객실탕을 언급한 후기다; 유후다케 조망·수질 체감 표현이 붙는다.,direct_readable_existing_jalan,true,positive,body_positive,high,issue_caution_calibration_needed
tosyoan-jalan-62,Jalan,Jalan,2022/1/1,5 5,https://www.jalan.net/yad331264/kuchikomi/archive/2.HTML,ja,80a5c312b3,lodging_direct,True,room_open_air_bath;room_bath,room_bath_hot_spring,,露天;内湯;部屋,객실 노천탕과 객실 내탕을 함께 언급한 후기다.,direct_readable_existing_jalan,true,positive,rating_positive_signal,medium,issue_caution_calibration_needed
tosyoan-jalan-63,Jalan,Jalan,2021/12/19,5 5,https://www.jalan.net/yad331264/kuchikomi/archive/2.HTML,ja,afead382ae,lodging_direct,True,facility_wide,water_texture,,温泉;由布岳;眺望;部屋,숙소 온천을 넓게 언급한 후기다; 유후다케 조망·수질 체감 표현이 붙는다.,direct_readable_existing_jalan,true,positive,rating_positive_signal,medium,issue_caution_calibration_needed
tosyoan-jalan-64,Jalan,Jalan,2021/12/13,5 5,https://www.jalan.net/yad331264/kuchikomi/archive/2.HTML,ja,5a2cfa6edb,lodging_direct,False,,temperature_control;booking_confusion,temperature_control;booking_confusion,部屋;予約,숙박 경험 중심 후기다; 온도/계절 체감 신호가 있다; 송영·예약·안내 신호가 함께 보인다.,direct_readable_existing_jalan,true,mixed,caution_or_issue_tag,high,issue_caution_calibration_needed
tosyoan-jalan-65,Jalan,Jalan,2021/12/6,5 5,https://www.jalan.net/yad331264/kuchikomi/archive/2.HTML,ja,03680be4a0,lodging_direct,True,room_bath,room_bath_hot_spring,,温泉;部屋,객실탕을 언급한 후기다.,direct_readable_existing_jalan,true,positive,rating_positive_signal,medium,issue_caution_calibration_needed
tosyoan-jalan-66,Jalan,Jalan,2021/11/9,5 5,https://www.jalan.net/yad331264/kuchikomi/archive/2.HTML,ja,3f927842b8,lodging_direct,True,facility_wide,water_texture;booking_confusion,booking_confusion,温泉;源泉掛け流し;源泉;部屋;予約,숙소 온천을 넓게 언급한 후기다; 유후다케 조망·수질 체감 표현이 붙는다; 송영·예약·안내 신호가 함께 보인다.,direct_readable_existing_jalan,true,mixed,caution_or_issue_tag,high,issue_caution_calibration_needed
tosyoan-jalan-67,Jalan,Jalan,2021/11/9,4 4,https://www.jalan.net/yad331264/kuchikomi/archive/2.HTML,ja,c645b2971b,lodging_direct,False,,water_texture;booking_confusion,booking_confusion,由布岳;部屋;予約,숙박 경험 중심 후기다; 유후다케 조망·수질 체감 표현이 붙는다; 송영·예약·안내 신호가 함께 보인다.,direct_readable_existing_jalan,true,mixed,caution_or_issue_tag,high,issue_caution_calibration_needed
tosyoan-jalan-68,Jalan,Jalan,2021/11/9,4 4,https://www.jalan.net/yad331264/kuchikomi/archive/2.HTML,ja,d580cba0d9,lodging_direct,True,facility_wide,water_texture;booking_confusion,booking_confusion,温泉;源泉掛け流し;源泉;由布岳;眺望;部屋;予約;タクシー,숙소 온천을 넓게 언급한 후기다; 유후다케 조망·수질 체감 표현이 붙는다; 송영·예약·안내 신호가 함께 보인다.,direct_readable_existing_jalan,true,mixed,caution_or_issue_tag,high,issue_caution_calibration_needed
tosyoan-jalan-69,Jalan,Jalan,2021/11/7,4 4,https://www.jalan.net/yad331264/kuchikomi/archive/2.HTML,ja,708ed1af3f,lodging_direct,True,facility_wide,water_texture,,温泉;由布岳;部屋,숙소 온천을 넓게 언급한 후기다; 유후다케 조망·수질 체감 표현이 붙는다.,direct_readable_existing_jalan,true,positive,rating_positive_signal,medium,issue_caution_calibration_needed
tosyoan-jalan-70,Jalan,Jalan,2021/11/6,5 5,https://www.jalan.net/yad331264/kuchikomi/archive/2.HTML,ja,2e52430f27,lodging_direct,True,room_open_air_bath,room_bath_hot_spring,,露天風呂;露天;部屋,객실 노천탕/전망탕을 언급한 후기다.,direct_readable_existing_jalan,true,positive,rating_positive_signal,medium,issue_caution_calibration_needed
tosyoan-jalan-71,Jalan,Jalan,2021/10/26,4 4,https://www.jalan.net/yad331264/kuchikomi/archive/3.HTML,ja,f121f1c56a,lodging_direct,True,room_open_air_bath;room_bath,room_bath_hot_spring,,露天風呂;露天;内風呂;温泉;部屋,객실 노천탕과 객실 내탕을 함께 언급한 후기다.,direct_readable_existing_jalan,true,positive,rating_positive_signal,medium,issue_caution_calibration_needed
tosyoan-jalan-72,Jalan,Jalan,2021/10/24,4 4,https://www.jalan.net/yad331264/kuchikomi/archive/3.HTML,ja,5dec1cb0c7,lodging_direct,True,facility_wide,neutral,,部屋,숙소 온천을 넓게 언급한 후기다.,direct_readable_existing_jalan,true,neutral,neutral_or_lodging_context,medium,issue_caution_calibration_needed
tosyoan-jalan-73,Jalan,Jalan,2021/10/13,5 5,https://www.jalan.net/yad331264/kuchikomi/archive/3.HTML,ja,5d83d662ae,lodging_direct,True,room_open_air_bath,room_bath_hot_spring;booking_confusion,booking_confusion,露天風呂;露天;部屋;予約,객실 노천탕/전망탕을 언급한 후기다; 송영·예약·안내 신호가 함께 보인다.,direct_readable_existing_jalan,true,mixed,caution_or_issue_tag,high,issue_caution_calibration_needed
tosyoan-jalan-74,Jalan,Jalan,2021/8/2,5 5,https://www.jalan.net/yad331264/kuchikomi/archive/3.HTML,ja,b4f893ed5c,lodging_direct,True,facility_wide,water_texture,,温泉;由布岳;眺望;部屋,숙소 온천을 넓게 언급한 후기다; 유후다케 조망·수질 체감 표현이 붙는다.,direct_readable_existing_jalan,true,positive,rating_positive_signal,medium,issue_caution_calibration_needed
tosyoan-jalan-75,Jalan,Jalan,2020/3/10,5 5,https://www.jalan.net/yad331264/kuchikomi/archive/3.HTML,ja,432ce323cc,lodging_direct,True,room_open_air_bath;room_bath,room_bath_hot_spring;water_texture;booking_confusion;operation_caution,booking_confusion;operation_caution,露天;内風呂;温泉;由布岳;部屋;匂い;予約,객실 노천탕과 객실 내탕을 함께 언급한 후기다; 유후다케 조망·수질 체감 표현이 붙는다; 송영·예약·안내 신호가 함께 보인다; 벌레·청결·동선 등 운영 주의가 보인다.,direct_readable_existing_jalan,true,mixed,body_negative_with_context,high,issue_caution_calibration_needed
tosyoan-jalan-76,Jalan,Jalan,2020/3/4,5 5,https://www.jalan.net/yad331264/kuchikomi/archive/3.HTML,ja,6d93f3cea9,lodging_direct,True,facility_wide,water_texture,,由布岳;部屋,숙소 온천을 넓게 언급한 후기다; 유후다케 조망·수질 체감 표현이 붙는다.,direct_readable_existing_jalan,true,positive,rating_positive_signal,medium,issue_caution_calibration_needed
tosyoan-jalan-77,Jalan,Jalan,2020/2/28,4 4,https://www.jalan.net/yad331264/kuchikomi/archive/3.HTML,ja,b3d0db181c,lodging_direct,True,facility_wide,neutral,,部屋,숙소 온천을 넓게 언급한 후기다.,direct_readable_existing_jalan,true,neutral,neutral_or_lodging_context,medium,issue_caution_calibration_needed
tosyoan-jalan-78,Jalan,Jalan,2020/1/11,3 3,https://www.jalan.net/yad331264/kuchikomi/archive/3.HTML,ja,8eb0d2e06f,lodging_direct,False,,,,,숙박 경험 중심 후기다.,direct_readable_existing_jalan,true,neutral,neutral_or_lodging_context,medium,issue_caution_calibration_needed
tosyoan-jalan-79,Jalan,Jalan,2020/1/8,5 5,https://www.jalan.net/yad331264/kuchikomi/archive/3.HTML,ja,6e61cff486,lodging_direct,True,facility_wide,neutral,,,숙소 온천을 넓게 언급한 후기다.,direct_readable_existing_jalan,true,neutral,neutral_or_lodging_context,medium,issue_caution_calibration_needed
tosyoan-jalan-80,Jalan,Jalan,2019/12/15,5 5,https://www.jalan.net/yad331264/kuchikomi/archive/3.HTML,ja,4791d30c50,lodging_direct,True,facility_wide,water_texture,,源泉かけ流し;源泉;由布岳;部屋,숙소 온천을 넓게 언급한 후기다; 유후다케 조망·수질 체감 표현이 붙는다.,direct_readable_existing_jalan,true,positive,body_positive,high,issue_caution_calibration_needed
tosyoan-jalan-81,Jalan,Jalan,2019/12/2,5 5,https://www.jalan.net/yad331264/kuchikomi/archive/3.HTML,ja,fc3799eb90,lodging_direct,True,room_open_air_bath,room_bath_hot_spring,,露天風呂;露天;部屋,객실 노천탕/전망탕을 언급한 후기다.,direct_readable_existing_jalan,true,positive,rating_positive_signal,medium,issue_caution_calibration_needed
tosyoan-jalan-82,Jalan,Jalan,2019/9/24,5 5,https://www.jalan.net/yad331264/kuchikomi/archive/3.HTML,ja,9afdcbd36a,lodging_direct,True,room_open_air_bath,room_bath_hot_spring;water_texture;temperature_control,temperature_control,露天風呂;露天;由布岳;部屋;温度,객실 노천탕/전망탕을 언급한 후기다; 유후다케 조망·수질 체감 표현이 붙는다; 온도/계절 체감 신호가 있다.,direct_readable_existing_jalan,true,mixed,caution_or_issue_tag,high,issue_caution_calibration_needed
tosyoan-jalan-83,Jalan,Jalan,2019/8/4,5 5,https://www.jalan.net/yad331264/kuchikomi/archive/3.HTML,ja,b4f893ed5c,lodging_direct,True,facility_wide,water_texture,,温泉;由布岳;部屋,숙소 온천을 넓게 언급한 후기다; 유후다케 조망·수질 체감 표현이 붙는다.,direct_readable_existing_jalan,true,positive,rating_positive_signal,medium,issue_caution_calibration_needed
tosyoan-jalan-84,Jalan,Jalan,2019/5/25,5 5,https://www.jalan.net/yad331264/kuchikomi/archive/3.HTML,ja,cda0bd72f1,lodging_direct,False,,,,部屋,숙박 경험 중심 후기다.,direct_readable_existing_jalan,true,neutral,neutral_or_lodging_context,medium,issue_caution_calibration_needed
tosyoan-jalan-85,Jalan,Jalan,2019/5/8,5 5,https://www.jalan.net/yad331264/kuchikomi/archive/3.HTML,ja,88b281702b,lodging_direct,True,facility_wide,water_texture;booking_confusion,booking_confusion,温泉;由布岳;部屋;送迎,숙소 온천을 넓게 언급한 후기다; 유후다케 조망·수질 체감 표현이 붙는다; 송영·예약·안내 신호가 함께 보인다.,direct_readable_existing_jalan,true,mixed,caution_or_issue_tag,high,issue_caution_calibration_needed
tosyoan-jalan-86,Jalan,Jalan,2019/4/30,4 4,https://www.jalan.net/yad331264/kuchikomi/archive/3.HTML,ja,fc3b28581e,lodging_direct,True,facility_wide,temperature_control,temperature_control,温泉;熱い;温度,숙소 온천을 넓게 언급한 후기다; 온도/계절 체감 신호가 있다.,direct_readable_existing_jalan,true,mixed,caution_or_issue_tag,high,issue_caution_calibration_needed
tosyoan-jalan-87,Jalan,Jalan,2018/9/30,5 5,https://www.jalan.net/yad331264/kuchikomi/archive/3.HTML,ja,243be9c26f,lodging_direct,True,facility_wide,neutral,,,숙소 온천을 넓게 언급한 후기다.,direct_readable_existing_jalan,true,neutral,neutral_or_lodging_context,medium,issue_caution_calibration_needed
tosyoan-jalan-88,Jalan,Jalan,2018/9/30,5 5,https://www.jalan.net/yad331264/kuchikomi/archive/3.HTML,ja,2e536f7af3,lodging_direct,True,room_bath,room_bath_hot_spring;water_texture,,温泉;由布岳;部屋;部屋風呂,객실탕을 언급한 후기다; 유후다케 조망·수질 체감 표현이 붙는다.,direct_readable_existing_jalan,true,positive,rating_positive_signal,medium,issue_caution_calibration_needed
tosyoan-jalan-89,Jalan,Jalan,2018/8/14,4 4,https://www.jalan.net/yad331264/kuchikomi/archive/3.HTML,ja,cb383dfc09,lodging_direct,True,facility_wide,neutral,,温泉;部屋,숙소 온천을 넓게 언급한 후기다.,direct_readable_existing_jalan,true,neutral,neutral_or_lodging_context,medium,issue_caution_calibration_needed
tosyoan-jalan-90,Jalan,Jalan,2018/4/17,4 4,https://www.jalan.net/yad331264/kuchikomi/archive/3.HTML,ja,3f0704cfbf,lodging_direct,True,facility_wide,neutral,,部屋,숙소 온천을 넓게 언급한 후기다.,direct_readable_existing_jalan,true,neutral,neutral_or_lodging_context,medium,issue_caution_calibration_needed
tosyoan-jalan-91,Jalan,Jalan,2018/2/28,5 5,https://www.jalan.net/yad331264/kuchikomi/archive/3.HTML,ja,681a6e4a1f,lodging_direct,True,room_open_air_bath,room_bath_hot_spring;water_texture;booking_confusion,booking_confusion,露天風呂;露天;由布岳;部屋;予約,객실 노천탕/전망탕을 언급한 후기다; 유후다케 조망·수질 체감 표현이 붙는다; 송영·예약·안내 신호가 함께 보인다.,direct_readable_existing_jalan,true,mixed,caution_or_issue_tag,high,issue_caution_calibration_needed
tosyoan-jalan-92,Jalan,Jalan,2018/1/3,4 4,https://www.jalan.net/yad331264/kuchikomi/archive/3.HTML,ja,11daaf95f8,lodging_direct,True,facility_wide,neutral,,部屋,숙소 온천을 넓게 언급한 후기다.,direct_readable_existing_jalan,true,neutral,neutral_or_lodging_context,medium,issue_caution_calibration_needed
tosyoan-jalan-93,Jalan,Jalan,2017/11/1,5 5,https://www.jalan.net/yad331264/kuchikomi/archive/3.HTML,ja,8e10ee3973,lodging_direct,True,facility_wide,water_texture,,view,숙소 온천을 넓게 언급한 후기다; 유후다케 조망·수질 체감 표현이 붙는다.,direct_readable_existing_jalan,true,positive,rating_positive_signal,medium,issue_caution_calibration_needed
tosyoan-jalan-94,Jalan,Jalan,2017/9/20,4 4,https://www.jalan.net/yad331264/kuchikomi/archive/3.HTML,ja,1006fb498e,lodging_direct,True,facility_wide,temperature_control,temperature_control,部屋;温度,숙소 온천을 넓게 언급한 후기다; 온도/계절 체감 신호가 있다.,direct_readable_existing_jalan,true,mixed,caution_or_issue_tag,high,issue_caution_calibration_needed
tosyoan-jalan-95,Jalan,Jalan,2017/6/10,4 4,https://www.jalan.net/yad331264/kuchikomi/archive/3.HTML,ja,31fb033bf9,lodging_direct,True,facility_wide,booking_confusion,booking_confusion,温泉;予約,숙소 온천을 넓게 언급한 후기다; 송영·예약·안내 신호가 함께 보인다.,direct_readable_existing_jalan,true,mixed,caution_or_issue_tag,high,issue_caution_calibration_needed
tosyoan-jalan-96,Jalan,Jalan,2017/4/30,3 3,https://www.jalan.net/yad331264/kuchikomi/archive/3.HTML,ja,7535c086d5,lodging_direct,True,room_open_air_bath;public_bath,room_bath_hot_spring,,露天風呂;露天;温泉;大浴場;部屋,객실 노천탕/전망탕을 언급한 후기다.,direct_readable_existing_jalan,true,positive,positive_signal_no_caution,medium,issue_caution_calibration_needed
tosyoan-jalan-97,Jalan,Jalan,2017/3/31,5 5,https://www.jalan.net/yad331264/kuchikomi/archive/3.HTML,ja,4fbd22958c,lodging_direct,True,room_open_air_bath,room_bath_hot_spring;water_texture,,露天風呂;露天;由布岳;部屋;客室,객실 노천탕/전망탕을 언급한 후기다; 유후다케 조망·수질 체감 표현이 붙는다.,direct_readable_existing_jalan,true,positive,rating_positive_signal,medium,issue_caution_calibration_needed
tosyoan-jalan-98,Jalan,Jalan,2017/2/1,4 4,https://www.jalan.net/yad331264/kuchikomi/archive/3.HTML,ja,c74121326f,lodging_direct,True,public_bath,neutral,,温泉;大浴場;部屋,숙박 경험 중심 후기다.,direct_readable_existing_jalan,true,neutral,neutral_or_lodging_context,medium,issue_caution_calibration_needed
tosyoan-jalan-99,Jalan,Jalan,2017/1/9,5 5,https://www.jalan.net/yad331264/kuchikomi/archive/3.HTML,ja,11016efce1,lodging_direct,True,facility_wide,booking_confusion,booking_confusion,温泉;部屋;予約,숙소 온천을 넓게 언급한 후기다; 송영·예약·안내 신호가 함께 보인다.,direct_readable_existing_jalan,true,mixed,caution_or_issue_tag,high,issue_caution_calibration_needed
tosyoan-jalan-100,Jalan,Jalan,2016/11/28,5 5,https://www.jalan.net/yad331264/kuchikomi/archive/3.HTML,ja,fe30fe2c6e,lodging_direct,True,facility_wide,water_texture,,由布岳;部屋,숙소 온천을 넓게 언급한 후기다; 유후다케 조망·수질 체감 표현이 붙는다.,direct_readable_existing_jalan,true,positive,rating_positive_signal,medium,issue_caution_calibration_needed
tosyoan-jalan-101,Jalan,Jalan,2016/11/15,4 4,https://www.jalan.net/yad331264/kuchikomi/archive/4.HTML,ja,f219f5a745,lodging_direct,False,,,,,숙박 경험 중심 후기다.,direct_readable_existing_jalan,true,neutral,neutral_or_lodging_context,medium,issue_caution_calibration_needed
tosyoan-jalan-102,Jalan,Jalan,2016/11/8,4 4,https://www.jalan.net/yad331264/kuchikomi/archive/4.HTML,ja,f1ae1c88c2,lodging_direct,True,facility_wide,water_texture,,由布岳;部屋,숙소 온천을 넓게 언급한 후기다; 유후다케 조망·수질 체감 표현이 붙는다.,direct_readable_existing_jalan,true,positive,rating_positive_signal,medium,issue_caution_calibration_needed
tosyoan-jalan-103,Jalan,Jalan,2016/10/17,5 5,https://www.jalan.net/yad331264/kuchikomi/archive/4.HTML,ja,3f0704cfbf,lodging_direct,True,facility_wide,booking_confusion,booking_confusion,部屋,숙소 온천을 넓게 언급한 후기다; 송영·예약·안내 신호가 함께 보인다.,direct_readable_existing_jalan,true,mixed,caution_or_issue_tag,high,issue_caution_calibration_needed
tosyoan-jalan-104,Jalan,Jalan,2016/9/14,5 5,https://www.jalan.net/yad331264/kuchikomi/archive/4.HTML,ja,f660805a5f,lodging_direct,False,,water_texture,,由布岳;部屋,숙박 경험 중심 후기다; 유후다케 조망·수질 체감 표현이 붙는다.,direct_readable_existing_jalan,true,positive,rating_positive_signal,medium,issue_caution_calibration_needed
tosyoan-jalan-105,Jalan,Jalan,2016/9/5,5 5,https://www.jalan.net/yad331264/kuchikomi/archive/4.HTML,ja,bd5b4adb5c,lodging_direct,True,facility_wide,water_texture;booking_confusion,booking_confusion,由布岳;部屋;タクシー,숙소 온천을 넓게 언급한 후기다; 유후다케 조망·수질 체감 표현이 붙는다; 송영·예약·안내 신호가 함께 보인다.,direct_readable_existing_jalan,true,mixed,caution_or_issue_tag,high,issue_caution_calibration_needed
tosyoan-jalan-106,Jalan,Jalan,2016/7/10,4 4,https://www.jalan.net/yad331264/kuchikomi/archive/4.HTML,ja,8ad63d6a9a,lodging_direct,True,facility_wide,water_texture;booking_confusion;operation_caution,booking_confusion;operation_caution,温泉;部屋;虫;送迎;タクシー,숙소 온천을 넓게 언급한 후기다; 유후다케 조망·수질 체감 표현이 붙는다; 송영·예약·안내 신호가 함께 보인다; 벌레·청결·동선 등 운영 주의가 보인다.,direct_readable_existing_jalan,true,mixed,body_negative_with_context,high,issue_caution_calibration_needed
tosyoan-jalan-107,Jalan,Jalan,2016/4/25,5 5,https://www.jalan.net/yad331264/kuchikomi/archive/4.HTML,ja,c545d1aeee,lodging_direct,True,room_bath,room_bath_hot_spring;water_texture,,温泉;眺望;部屋;客室,객실탕을 언급한 후기다; 유후다케 조망·수질 체감 표현이 붙는다.,direct_readable_existing_jalan,true,positive,rating_positive_signal,medium,issue_caution_calibration_needed
tosyoan-jalan-108,Jalan,Jalan,2016/4/7,4 4,https://www.jalan.net/yad331264/kuchikomi/archive/4.HTML,ja,0ec0580c7d,lodging_direct,True,room_open_air_bath;room_bath,room_bath_hot_spring;water_texture,,露天;内風呂;温泉;由布岳;眺望;部屋;客室,객실 노천탕과 객실 내탕을 함께 언급한 후기다; 유후다케 조망·수질 체감 표현이 붙는다.,direct_readable_existing_jalan,true,positive,rating_positive_signal,medium,issue_caution_calibration_needed
tosyoan-jalan-109,Jalan,Jalan,2016/1/25,5 5,https://www.jalan.net/yad331264/kuchikomi/archive/4.HTML,ja,c7c2b74977,lodging_direct,True,facility_wide,water_texture,,由布岳,숙소 온천을 넓게 언급한 후기다; 유후다케 조망·수질 체감 표현이 붙는다.,direct_readable_existing_jalan,true,positive,rating_positive_signal,medium,issue_caution_calibration_needed
tosyoan-jalan-110,Jalan,Jalan,2016/1/13,5 5,https://www.jalan.net/yad331264/kuchikomi/archive/4.HTML,ja,061179b554,lodging_direct,True,facility_wide,neutral,,部屋,숙소 온천을 넓게 언급한 후기다.,direct_readable_existing_jalan,true,neutral,neutral_or_lodging_context,medium,issue_caution_calibration_needed
tosyoan-jalan-111,Jalan,Jalan,2016/1/7,4 4,https://www.jalan.net/yad331264/kuchikomi/archive/4.HTML,ja,4aa6c6c515,lodging_direct,False,,water_texture,,由布岳,숙박 경험 중심 후기다; 유후다케 조망·수질 체감 표현이 붙는다.,direct_readable_existing_jalan,true,positive,rating_positive_signal,medium,issue_caution_calibration_needed
tosyoan-jalan-112,Jalan,Jalan,2015/12/12,5 5,https://www.jalan.net/yad331264/kuchikomi/archive/4.HTML,ja,9cfa66b4b1,lodging_direct,True,room_open_air_bath;room_bath,room_bath_hot_spring;booking_confusion,booking_confusion,露天風呂;露天;内風呂;温泉;部屋;予約,객실 노천탕과 객실 내탕을 함께 언급한 후기다; 송영·예약·안내 신호가 함께 보인다.,direct_readable_existing_jalan,true,mixed,caution_or_issue_tag,high,issue_caution_calibration_needed
tosyoan-jalan-113,Jalan,Jalan,2015/11/10,5 5,https://www.jalan.net/yad331264/kuchikomi/archive/4.HTML,ja,5262432ce1,lodging_direct,True,facility_wide,neutral,,部屋,숙소 온천을 넓게 언급한 후기다.,direct_readable_existing_jalan,true,neutral,neutral_or_lodging_context,medium,issue_caution_calibration_needed
tosyoan-jalan-114,Jalan,Jalan,2015/10/21,5 5,https://www.jalan.net/yad331264/kuchikomi/archive/4.HTML,ja,c7c53d0da8,lodging_direct,True,room_bath,room_bath_hot_spring;water_texture;operation_caution,operation_caution,温泉;眺望;部屋;客室,객실탕을 언급한 후기다; 유후다케 조망·수질 체감 표현이 붙는다; 벌레·청결·동선 등 운영 주의가 보인다.,direct_readable_existing_jalan,true,mixed,body_negative_with_context,high,issue_caution_calibration_needed
tosyoan-jalan-115,Jalan,Jalan,2015/9/6,5 5,https://www.jalan.net/yad331264/kuchikomi/archive/4.HTML,ja,2929defd37,lodging_direct,True,room_open_air_bath,room_bath_hot_spring;water_texture,,露天風呂;露天,객실 노천탕/전망탕을 언급한 후기다; 유후다케 조망·수질 체감 표현이 붙는다.,direct_readable_existing_jalan,true,positive,rating_positive_signal,medium,issue_caution_calibration_needed
tosyoan-jalan-116,Jalan,Jalan,2015/8/25,4 4,https://www.jalan.net/yad331264/kuchikomi/archive/4.HTML,ja,22c1f1a5be,lodging_direct,True,facility_wide,water_texture;booking_confusion,booking_confusion,温泉;由布岳;部屋,숙소 온천을 넓게 언급한 후기다; 유후다케 조망·수질 체감 표현이 붙는다; 송영·예약·안내 신호가 함께 보인다.,direct_readable_existing_jalan,true,mixed,caution_or_issue_tag,high,issue_caution_calibration_needed
tosyoan-jalan-117,Jalan,Jalan,2015/8/21,5 5,https://www.jalan.net/yad331264/kuchikomi/archive/4.HTML,ja,8df534c9af,lodging_direct,True,facility_wide,water_texture;temperature_control,temperature_control,温泉;由布岳;部屋;温度,숙소 온천을 넓게 언급한 후기다; 유후다케 조망·수질 체감 표현이 붙는다; 온도/계절 체감 신호가 있다.,direct_readable_existing_jalan,true,mixed,caution_or_issue_tag,high,issue_caution_calibration_needed
tosyoan-jalan-118,Jalan,Jalan,2008/2/8,5 5,https://www.jalan.net/yad331264/kuchikomi/archive/4.HTML,ja,0d7424df72,lodging_direct,False,,water_texture,,眺望,숙박 경험 중심 후기다; 유후다케 조망·수질 체감 표현이 붙는다.,direct_readable_existing_jalan,true,positive,rating_positive_signal,medium,issue_caution_calibration_needed
tosyoan-rakuten_travel-33123477625402,Rakuten Travel,Rakuten Travel,2026-05-15,5,https://travel.rakuten.co.jp/HOTEL/75289/review.html,ja,dde36d77c1,lodging_direct,True,room_open_air_bath,room_bath_hot_spring;water_texture;booking_confusion,booking_confusion,由布岳;眺望;客室;予約,객실 노천탕/전망탕을 언급한 후기다; 유후다케 조망·수질 체감 표현이 붙는다; 송영·예약·안내 신호가 함께 보인다.,direct_readable,true,mixed,caution_or_issue_tag,high,issue_caution_calibration_needed
tosyoan-rakuten_travel-33123477862052,Rakuten Travel,Rakuten Travel,2026-06-14,5,https://travel.rakuten.co.jp/HOTEL/75289/review.html,ja,e62eea8dc1,lodging_direct,True,room_open_air_bath,room_bath_hot_spring;water_texture;booking_confusion,booking_confusion,温泉;由布岳;眺望;客室;予約,객실 노천탕/전망탕을 언급한 후기다; 유후다케 조망·수질 체감 표현이 붙는다; 송영·예약·안내 신호가 함께 보인다.,direct_readable,true,mixed,caution_or_issue_tag,high,issue_caution_calibration_needed
tosyoan-rakuten_travel-33123477545334,Rakuten Travel,Rakuten Travel,2026-05-05,5,https://travel.rakuten.co.jp/HOTEL/75289/review.html,ja,7f53c0fc6c,lodging_direct,True,room_bath,room_bath_hot_spring;booking_confusion,booking_confusion,温泉,객실탕을 언급한 후기다; 송영·예약·안내 신호가 함께 보인다.,direct_readable,true,mixed,caution_or_issue_tag,high,issue_caution_calibration_needed
tosyoan-rakuten_travel-33123477985383,Rakuten Travel,Rakuten Travel,2026-06-29,5,https://travel.rakuten.co.jp/HOTEL/75289/review.html,ja,d26562cdcb,lodging_direct,True,room_open_air_bath;room_bath,room_bath_hot_spring,,露天;内湯;部屋,객실 노천탕과 객실 내탕을 함께 언급한 후기다.,direct_readable,true,positive,rating_positive_signal,medium,issue_caution_calibration_needed
tosyoan-rakuten_travel-33123477926384,Rakuten Travel,Rakuten Travel,2026-06-22,5,https://travel.rakuten.co.jp/HOTEL/75289/review.html,ja,443085bf73,lodging_direct,True,room_open_air_bath;room_bath,room_bath_hot_spring,,露天風呂;露天;内風呂;内湯;部屋,객실 노천탕과 객실 내탕을 함께 언급한 후기다.,direct_readable,true,positive,rating_positive_signal,medium,issue_caution_calibration_needed
tosyoan-rakuten_travel-33123476972074,Rakuten Travel,Rakuten Travel,2026-02-25,5,https://travel.rakuten.co.jp/HOTEL/75289/review.html,ja,4867451791,lodging_direct,True,room_open_air_bath,room_bath_hot_spring;water_texture;booking_confusion,booking_confusion,露天風呂;露天;由布岳;眺望;部屋;客室;予約,객실 노천탕/전망탕을 언급한 후기다; 유후다케 조망·수질 체감 표현이 붙는다; 송영·예약·안내 신호가 함께 보인다.,direct_readable,true,mixed,caution_or_issue_tag,high,issue_caution_calibration_needed
tosyoan-rakuten_travel-33123476722726,Rakuten Travel,Rakuten Travel,2026-01-24,5,https://travel.rakuten.co.jp/HOTEL/75289/review.html,ja,90a9fa1a56,lodging_direct,True,facility_wide,booking_confusion,booking_confusion,予約,숙소 온천을 넓게 언급한 후기다; 송영·예약·안내 신호가 함께 보인다.,direct_readable,true,mixed,caution_or_issue_tag,high,issue_caution_calibration_needed
tosyoan-rakuten_travel-33123476681625,Rakuten Travel,Rakuten Travel,2026-01-18,5,https://travel.rakuten.co.jp/HOTEL/75289/review.html,ja,f92d8853a5,lodging_direct,True,room_open_air_bath;room_bath,room_bath_hot_spring,,露天;内風呂;内湯;温泉;部屋;部屋風呂,객실 노천탕과 객실 내탕을 함께 언급한 후기다.,direct_readable,true,positive,rating_positive_signal,medium,issue_caution_calibration_needed
tosyoan-rakuten_travel-33123477264793,Rakuten Travel,Rakuten Travel,2026-03-30,5,https://travel.rakuten.co.jp/HOTEL/75289/review.html,ja,5fbb2b3686,lodging_direct,True,room_open_air_bath;room_bath,room_bath_hot_spring;booking_confusion,booking_confusion,露天;内風呂;温泉;予約,객실 노천탕과 객실 내탕을 함께 언급한 후기다; 송영·예약·안내 신호가 함께 보인다.,direct_readable,true,mixed,caution_or_issue_tag,high,issue_caution_calibration_needed
tosyoan-rakuten_travel-33123477147030,Rakuten Travel,Rakuten Travel,2026-03-18,4,https://travel.rakuten.co.jp/HOTEL/75289/review.html,ja,1fb75e1b38,lodging_direct,True,facility_wide,water_texture,,温泉;由布岳;眺望;部屋;客室,숙소 온천을 넓게 언급한 후기다; 유후다케 조망·수질 체감 표현이 붙는다.,direct_readable,true,positive,rating_positive_signal,medium,issue_caution_calibration_needed
tosyoan-rakuten_travel-33123477112447,Rakuten Travel,Rakuten Travel,2026-03-14,5,https://travel.rakuten.co.jp/HOTEL/75289/review.html,ja,3ba4d9a998,lodging_direct,True,room_open_air_bath;room_bath,room_bath_hot_spring;booking_confusion,booking_confusion,露天;内風呂;予約,객실 노천탕과 객실 내탕을 함께 언급한 후기다; 송영·예약·안내 신호가 함께 보인다.,direct_readable,true,mixed,caution_or_issue_tag,high,issue_caution_calibration_needed
tosyoan-rakuten_travel-33123476991760,Rakuten Travel,Rakuten Travel,2026-02-27,5,https://travel.rakuten.co.jp/HOTEL/75289/review.html,ja,c78ea8dd37,lodging_direct,True,room_open_air_bath,room_bath_hot_spring;water_texture,,温泉;由布岳;眺望;部屋;客室,객실 노천탕/전망탕을 언급한 후기다; 유후다케 조망·수질 체감 표현이 붙는다.,direct_readable,true,positive,rating_positive_signal,medium,issue_caution_calibration_needed
tosyoan-rakuten_travel-33123476589324,Rakuten Travel,Rakuten Travel,2026-01-06,5,https://travel.rakuten.co.jp/HOTEL/75289/review.html,ja,5e2ebda5e5,lodging_direct,True,room_open_air_bath,room_bath_hot_spring;water_texture,,温泉;由布岳;眺望;部屋;客室,객실 노천탕/전망탕을 언급한 후기다; 유후다케 조망·수질 체감 표현이 붙는다.,direct_readable,true,positive,rating_positive_signal,medium,issue_caution_calibration_needed
tosyoan-rakuten_travel-33123476970010,Rakuten Travel,Rakuten Travel,2026-02-25,5,https://travel.rakuten.co.jp/HOTEL/75289/review.html,ja,50b7a11929,lodging_direct,True,room_open_air_bath;room_bath,room_bath_hot_spring,,露天;内湯;部屋,객실 노천탕과 객실 내탕을 함께 언급한 후기다.,direct_readable,true,positive,rating_positive_signal,medium,issue_caution_calibration_needed
tosyoan-rakuten_travel-33123476840760,Rakuten Travel,Rakuten Travel,2026-02-09,5,https://travel.rakuten.co.jp/HOTEL/75289/review.html,ja,54d64f905d,lodging_direct,True,room_open_air_bath,room_bath_hot_spring;water_texture,,温泉;由布岳;眺望;部屋;客室,객실 노천탕/전망탕을 언급한 후기다; 유후다케 조망·수질 체감 표현이 붙는다.,direct_readable,true,positive,rating_positive_signal,medium,issue_caution_calibration_needed
tosyoan-rakuten_travel-33123476661380,Rakuten Travel,Rakuten Travel,2026-01-15,5,https://travel.rakuten.co.jp/HOTEL/75289/review.html,ja,feac0881db,lodging_direct,True,facility_wide,water_texture,,温泉;由布岳;眺望;部屋;客室,숙소 온천을 넓게 언급한 후기다; 유후다케 조망·수질 체감 표현이 붙는다.,direct_readable,true,positive,rating_positive_signal,medium,issue_caution_calibration_needed
tosyoan-rakuten_travel-33123477149235,Rakuten Travel,Rakuten Travel,2026-03-18,3,https://travel.rakuten.co.jp/HOTEL/75289/review.html,ja,,lodging_direct,True,room_open_air_bath;room_bath,room_bath_hot_spring;water_texture,,露天風呂;露天;内風呂;温泉;由布岳;眺望;部屋,객실 노천탕과 객실 내탕을 함께 언급한 후기다; 유후다케 조망·수질 체감 표현이 붙는다.,direct_readable,true,positive,positive_signal_no_caution,medium,issue_caution_calibration_needed
tosyoan-rakuten_travel-33123476511002,Rakuten Travel,Rakuten Travel,2025-12-27,4,https://travel.rakuten.co.jp/HOTEL/75289/review.html,ja,5d9e9d42f3,lodging_direct,True,room_open_air_bath,room_bath_hot_spring;water_texture;booking_confusion,booking_confusion,由布岳;眺望;客室;予約,객실 노천탕/전망탕을 언급한 후기다; 유후다케 조망·수질 체감 표현이 붙는다; 송영·예약·안내 신호가 함께 보인다.,direct_readable,true,mixed,caution_or_issue_tag,high,issue_caution_calibration_needed
tosyoan-rakuten_travel-33123476392026,Rakuten Travel,Rakuten Travel,2025-12-15,5,https://travel.rakuten.co.jp/HOTEL/75289/review.html,ja,630fe2e12a,lodging_direct,True,room_open_air_bath,room_bath_hot_spring;water_texture,,温泉;由布岳;眺望;部屋;客室,객실 노천탕/전망탕을 언급한 후기다; 유후다케 조망·수질 체감 표현이 붙는다.,direct_readable,true,positive,rating_positive_signal,medium,issue_caution_calibration_needed
tosyoan-rakuten_travel-33123476148515,Rakuten Travel,Rakuten Travel,2025-11-12,5,https://travel.rakuten.co.jp/HOTEL/75289/review.html,ja,5e411c61d6,lodging_direct,True,room_open_air_bath;room_bath,room_bath_hot_spring;water_texture;temperature_control,temperature_control,露天風呂;露天;内風呂;内湯;温泉;由布岳;眺望;部屋,객실 노천탕과 객실 내탕을 함께 언급한 후기다; 유후다케 조망·수질 체감 표현이 붙는다; 온도/계절 체감 신호가 있다.,direct_readable,true,mixed,caution_or_issue_tag,high,issue_caution_calibration_needed
tosyoan-rakuten_travel-33123476147655,Rakuten Travel,Rakuten Travel,2025-11-11,5,https://travel.rakuten.co.jp/HOTEL/75289/review.html,ja,,lodging_direct,True,room_open_air_bath;room_bath,room_bath_hot_spring;water_texture;operation_caution,operation_caution,露天風呂;露天;内風呂;内湯;温泉;由布岳;眺望;部屋,객실 노천탕과 객실 내탕을 함께 언급한 후기다; 유후다케 조망·수질 체감 표현이 붙는다; 벌레·청결·동선 등 운영 주의가 보인다.,direct_readable,true,mixed,body_negative_with_context,high,issue_caution_calibration_needed
tosyoan-rakuten_travel-33123472911365,Rakuten Travel,Rakuten Travel,2025-10-18,5,https://travel.rakuten.co.jp/HOTEL/75289/review.html,ja,03e91935aa,lodging_direct,True,room_open_air_bath,room_bath_hot_spring;water_texture,,温泉;由布岳;眺望;客室,객실 노천탕/전망탕을 언급한 후기다; 유후다케 조망·수질 체감 표현이 붙는다.,direct_readable,true,positive,rating_positive_signal,medium,issue_caution_calibration_needed
tosyoan-rakuten_travel-33123472723750,Rakuten Travel,Rakuten Travel,2025-08-24,5,https://travel.rakuten.co.jp/HOTEL/75289/review.html,ja,1b361b6949,lodging_direct,True,room_open_air_bath;room_bath,room_bath_hot_spring,,露天;内湯;部屋,객실 노천탕과 객실 내탕을 함께 언급한 후기다.,direct_readable,true,positive,rating_positive_signal,medium,issue_caution_calibration_needed
tosyoan-rakuten_travel-33123472574607,Rakuten Travel,Rakuten Travel,2025-08-13,5,https://travel.rakuten.co.jp/HOTEL/75289/review.html,ja,e65f56cada,lodging_direct,True,room_open_air_bath,room_bath_hot_spring;water_texture,,露天風呂;露天;温泉;由布岳;眺望;部屋,객실 노천탕/전망탕을 언급한 후기다; 유후다케 조망·수질 체감 표현이 붙는다.,direct_readable,true,positive,rating_positive_signal,medium,issue_caution_calibration_needed
tosyoan-rakuten_travel-33123472556524,Rakuten Travel,Rakuten Travel,2025-08-09,5,https://travel.rakuten.co.jp/HOTEL/75289/review.html,ja,,lodging_direct,True,room_open_air_bath,room_bath_hot_spring;water_texture;booking_confusion,booking_confusion,由布岳;眺望;部屋;客室;予約,객실 노천탕/전망탕을 언급한 후기다; 유후다케 조망·수질 체감 표현이 붙는다; 송영·예약·안내 신호가 함께 보인다.,direct_readable,true,mixed,caution_or_issue_tag,high,issue_caution_calibration_needed
tosyoan-rakuten_travel-33123473329982,Rakuten Travel,Rakuten Travel,2025-07-29,5,https://travel.rakuten.co.jp/HOTEL/75289/review.html,ja,,lodging_direct,True,room_open_air_bath,room_bath_hot_spring;water_texture;booking_confusion,booking_confusion,温泉;由布岳;眺望;客室,객실 노천탕/전망탕을 언급한 후기다; 유후다케 조망·수질 체감 표현이 붙는다; 송영·예약·안내 신호가 함께 보인다.,direct_readable,true,mixed,caution_or_issue_tag,high,issue_caution_calibration_needed
tosyoan-rakuten_travel-33123473287868,Rakuten Travel,Rakuten Travel,2025-07-13,5,https://travel.rakuten.co.jp/HOTEL/75289/review.html,ja,,lodging_direct,True,facility_wide,water_texture,,温泉;由布岳;眺望;部屋;客室,숙소 온천을 넓게 언급한 후기다; 유후다케 조망·수질 체감 표현이 붙는다.,direct_readable,true,positive,rating_positive_signal,medium,issue_caution_calibration_needed
tosyoan-rakuten_travel-33123476358022,Rakuten Travel,Rakuten Travel,2025-12-11,5,https://travel.rakuten.co.jp/HOTEL/75289/review.html,ja,556edb23fc,lodging_direct,True,room_open_air_bath,room_bath_hot_spring;water_texture,,温泉;由布岳;眺望;客室,객실 노천탕/전망탕을 언급한 후기다; 유후다케 조망·수질 체감 표현이 붙는다.,direct_readable,true,positive,rating_positive_signal,medium,issue_caution_calibration_needed
tosyoan-rakuten_travel-33123473004096,Rakuten Travel,Rakuten Travel,2025-10-28,5,https://travel.rakuten.co.jp/HOTEL/75289/review.html,ja,66717c09c4,lodging_direct,True,facility_wide,neutral,,温泉,숙소 온천을 넓게 언급한 후기다.,direct_readable,true,neutral,neutral_or_lodging_context,medium,issue_caution_calibration_needed
tosyoan-rakuten_travel-33123472908356,Rakuten Travel,Rakuten Travel,2025-10-18,4,https://travel.rakuten.co.jp/HOTEL/75289/review.html,ja,,lodging_direct,True,room_open_air_bath;room_bath,room_bath_hot_spring;water_texture,,温泉;由布岳;眺望;部屋;部屋風呂;客室,객실 노천탕과 객실 내탕을 함께 언급한 후기다; 유후다케 조망·수질 체감 표현이 붙는다.,direct_readable,true,positive,rating_positive_signal,medium,issue_caution_calibration_needed
tosyoan-rakuten_travel-33123472941078,Rakuten Travel,Rakuten Travel,2025-10-12,4,https://travel.rakuten.co.jp/HOTEL/75289/review.html,ja,,lodging_direct,True,room_open_air_bath;room_bath,room_bath_hot_spring;water_texture,,露天風呂;露天;内湯;由布岳;部屋,객실 노천탕과 객실 내탕을 함께 언급한 후기다; 유후다케 조망·수질 체감 표현이 붙는다.,direct_readable,true,positive,rating_positive_signal,medium,issue_caution_calibration_needed
tosyoan-rakuten_travel-33123472807791,Rakuten Travel,Rakuten Travel,2025-09-23,5,https://travel.rakuten.co.jp/HOTEL/75289/review.html,ja,,lodging_direct,True,room_open_air_bath,room_bath_hot_spring;water_texture;operation_caution,operation_caution,温泉;由布岳;眺望;客室;カビ,객실 노천탕/전망탕을 언급한 후기다; 유후다케 조망·수질 체감 표현이 붙는다; 벌레·청결·동선 등 운영 주의가 보인다.,direct_readable,true,mixed,body_negative_with_context,high,issue_caution_calibration_needed
tosyoan-rakuten_travel-33123472799751,Rakuten Travel,Rakuten Travel,2025-09-21,4,https://travel.rakuten.co.jp/HOTEL/75289/review.html,ja,a03384a55e,lodging_direct,True,room_open_air_bath,room_bath_hot_spring;water_texture,,温泉;由布岳;眺望;客室,객실 노천탕/전망탕을 언급한 후기다; 유후다케 조망·수질 체감 표현이 붙는다.,direct_readable,true,positive,rating_positive_signal,medium,issue_caution_calibration_needed
tosyoan-rakuten_travel-33123472673704,Rakuten Travel,Rakuten Travel,2025-08-31,5,https://travel.rakuten.co.jp/HOTEL/75289/review.html,ja,,lodging_direct,True,facility_wide,booking_confusion,booking_confusion,予約,숙소 온천을 넓게 언급한 후기다; 송영·예약·안내 신호가 함께 보인다.,direct_readable,true,mixed,caution_or_issue_tag,high,issue_caution_calibration_needed
tosyoan-rakuten_travel-33123473312599,Rakuten Travel,Rakuten Travel,2025-07-21,5,https://travel.rakuten.co.jp/HOTEL/75289/review.html,ja,,lodging_direct,True,facility_wide,water_texture,,温泉;由布岳;眺望;部屋;客室,숙소 온천을 넓게 언급한 후기다; 유후다케 조망·수질 체감 표현이 붙는다.,direct_readable,true,positive,rating_positive_signal,medium,issue_caution_calibration_needed
tosyoan-rakuten_travel-33123473280864,Rakuten Travel,Rakuten Travel,2025-07-08,5,https://travel.rakuten.co.jp/HOTEL/75289/review.html,ja,47c935c7d3,lodging_direct,True,room_open_air_bath,room_bath_hot_spring;water_texture;booking_confusion,booking_confusion,由布岳;眺望;部屋;客室;予約,객실 노천탕/전망탕을 언급한 후기다; 유후다케 조망·수질 체감 표현이 붙는다; 송영·예약·안내 신호가 함께 보인다.,direct_readable,true,mixed,caution_or_issue_tag,high,issue_caution_calibration_needed
tosyoan-rakuten_travel-33123476274194,Rakuten Travel,Rakuten Travel,2025-12-02,3,https://travel.rakuten.co.jp/HOTEL/75289/review.html,ja,d954649110,lodging_direct,True,room_open_air_bath;room_bath,room_bath_hot_spring,,露天;内風呂;内湯;部屋,객실 노천탕과 객실 내탕을 함께 언급한 후기다.,direct_readable,true,positive,positive_signal_no_caution,medium,issue_caution_calibration_needed
tosyoan-rakuten_travel-33123477173333,Rakuten Travel,Rakuten Travel,2026-03-21,2,https://travel.rakuten.co.jp/HOTEL/75289/review.html,ja,b3cdcef5ea,lodging_direct,True,room_open_air_bath,room_bath_hot_spring;water_texture;booking_confusion,booking_confusion,由布岳;眺望;客室;予約,객실 노천탕/전망탕을 언급한 후기다; 유후다케 조망·수질 체감 표현이 붙는다; 송영·예약·안내 신호가 함께 보인다.,direct_readable,true,mixed,caution_or_issue_tag,high,issue_caution_calibration_needed
tosyoan-agoda_api-1127481527,Agoda API,Agoda,"June 03, 2026",10.0,https://www.agoda.com/yufuin-onsen-toshoan_2/hotel/yufu-jp.html,en,480ae14ea4,lodging_direct,False,,water_texture;booking_confusion,booking_confusion,view;taxi,숙박 경험 중심 후기다; 유후다케 조망·수질 체감 표현이 붙는다; 송영·예약·안내 신호가 함께 보인다.,direct_readable,true,mixed,caution_or_issue_tag,high,issue_caution_calibration_needed
tosyoan-agoda_api-1133299944,Agoda API,Booking.com,"June 03, 2026",5.0,https://www.agoda.com/yufuin-onsen-toshoan_2/hotel/yufu-jp.html,en,0cdf0355b2,lodging_direct,False,,operation_caution,operation_caution,,숙박 경험 중심 후기다; 벌레·청결·동선 등 운영 주의가 보인다.,direct_readable,true,mixed,body_negative_with_context,high,issue_caution_calibration_needed
tosyoan-agoda_api-1107116214,Agoda API,Agoda,"April 17, 2026",10.0,https://www.agoda.com/yufuin-onsen-toshoan_2/hotel/yufu-jp.html,en,d3afa74fc3,lodging_direct,True,room_open_air_bath,room_bath_hot_spring;booking_confusion,booking_confusion,private onsen;hot spring,객실 노천탕/전망탕을 언급한 후기다; 송영·예약·안내 신호가 함께 보인다.,direct_readable,true,mixed,caution_or_issue_tag,high,issue_caution_calibration_needed
tosyoan-agoda_api-1119709824,Agoda API,Booking.com,"May 12, 2026",10.0,https://www.agoda.com/yufuin-onsen-toshoan_2/hotel/yufu-jp.html,en,e842a8d661,lodging_direct,True,facility_wide,neutral,,hot spring,숙소 온천을 넓게 언급한 후기다.,direct_readable,true,neutral,neutral_or_lodging_context,medium,issue_caution_calibration_needed
tosyoan-agoda_api-1029484195,Agoda API,Agoda,"September 23, 2025",10.0,https://www.agoda.com/yufuin-onsen-toshoan_2/hotel/yufu-jp.html,en,d5e877bf70,lodging_direct,True,room_open_air_bath,room_bath_hot_spring;booking_confusion,booking_confusion,open-air bath;taxi,객실 노천탕/전망탕을 언급한 후기다; 송영·예약·안내 신호가 함께 보인다.,direct_readable,true,mixed,caution_or_issue_tag,high,issue_caution_calibration_needed
tosyoan-agoda_api-1107147119,Agoda API,Booking.com,"April 12, 2026",10.0,https://www.agoda.com/yufuin-onsen-toshoan_2/hotel/yufu-jp.html,en,b06116319e,lodging_direct,False,,water_texture,,view,숙박 경험 중심 후기다; 유후다케 조망·수질 체감 표현이 붙는다.,direct_readable,true,positive,rating_positive_signal,medium,issue_caution_calibration_needed
tosyoan-agoda_api-1129720727,Agoda API,Agoda,"June 07, 2026",9.6,https://www.agoda.com/yufuin-onsen-toshoan_2/hotel/yufu-jp.html,en,cfd2110740,lodging_direct,True,room_open_air_bath,room_bath_hot_spring;water_texture;booking_confusion,booking_confusion,private onsen;hot spring;taxi,객실 노천탕/전망탕을 언급한 후기다; 유후다케 조망·수질 체감 표현이 붙는다; 송영·예약·안내 신호가 함께 보인다.,direct_readable,true,mixed,caution_or_issue_tag,high,issue_caution_calibration_needed
tosyoan-agoda_api-1101347237,Agoda API,Booking.com,"March 22, 2026",10.0,https://www.agoda.com/yufuin-onsen-toshoan_2/hotel/yufu-jp.html,en,9506a73f88,lodging_direct,True,facility_wide,water_texture,,hot spring;view,숙소 온천을 넓게 언급한 후기다; 유후다케 조망·수질 체감 표현이 붙는다.,direct_readable,true,positive,rating_positive_signal,medium,issue_caution_calibration_needed
tosyoan-agoda_api-1115229361,Agoda API,Agoda,"May 06, 2026",9.6,https://www.agoda.com/yufuin-onsen-toshoan_2/hotel/yufu-jp.html,en,39005d9275,lodging_direct,True,room_open_air_bath,room_bath_hot_spring,,private onsen,객실 노천탕/전망탕을 언급한 후기다.,direct_readable,true,positive,body_positive,high,issue_caution_calibration_needed
tosyoan-agoda_api-1101347239,Agoda API,Booking.com,"March 18, 2026",8.0,https://www.agoda.com/yufuin-onsen-toshoan_2/hotel/yufu-jp.html,en,f4904bf63a,lodging_direct,True,facility_wide,neutral,,,숙소 온천을 넓게 언급한 후기다.,direct_readable,true,neutral,neutral_or_lodging_context,medium,issue_caution_calibration_needed
tosyoan-agoda_api-1020704558,Agoda API,Agoda,"October 16, 2025",10.0,https://www.agoda.com/yufuin-onsen-toshoan_2/hotel/yufu-jp.html,en,3b8489d78e,lodging_direct,True,room_open_air_bath;room_bath,room_bath_hot_spring;water_texture,,indoor bath;view,객실 노천탕과 객실 내탕을 함께 언급한 후기다; 유후다케 조망·수질 체감 표현이 붙는다.,direct_readable,true,positive,rating_positive_signal,medium,issue_caution_calibration_needed
tosyoan-agoda_api-922930970,Agoda API,Booking.com,"January 26, 2025",10.0,https://www.agoda.com/yufuin-onsen-toshoan_2/hotel/yufu-jp.html,en,6369872b97,lodging_direct,True,facility_wide,water_texture,,view,숙소 온천을 넓게 언급한 후기다; 유후다케 조망·수질 체감 표현이 붙는다.,direct_readable,true,positive,rating_positive_signal,medium,issue_caution_calibration_needed
tosyoan-agoda_api-996548060,Agoda API,Agoda,"July 27, 2025",10.0,https://www.agoda.com/yufuin-onsen-toshoan_2/hotel/yufu-jp.html,en,df461a2d58,lodging_direct,True,room_open_air_bath,room_bath_hot_spring;water_texture,,private onsen;view,객실 노천탕/전망탕을 언급한 후기다; 유후다케 조망·수질 체감 표현이 붙는다.,direct_readable,true,positive,body_positive,high,issue_caution_calibration_needed
tosyoan-agoda_api-910485410,Agoda API,Booking.com,"December 27, 2024",8.0,https://www.agoda.com/yufuin-onsen-toshoan_2/hotel/yufu-jp.html,en,06a4e8a989,lodging_direct,True,room_open_air_bath,room_bath_hot_spring;water_texture,,private onsen;view,객실 노천탕/전망탕을 언급한 후기다; 유후다케 조망·수질 체감 표현이 붙는다.,direct_readable,true,positive,body_positive,high,issue_caution_calibration_needed
tosyoan-agoda_api-1101906930,Agoda API,Agoda,"April 02, 2026",8.8,https://www.agoda.com/yufuin-onsen-toshoan_2/hotel/yufu-jp.html,en,7cf184f4c6,lodging_direct,True,facility_wide,neutral,,hot spring,숙소 온천을 넓게 언급한 후기다.,direct_readable,true,neutral,neutral_or_lodging_context,medium,issue_caution_calibration_needed
tosyoan-agoda_api-799678819,Agoda API,Booking.com,"April 23, 2024",7.0,https://www.agoda.com/yufuin-onsen-toshoan_2/hotel/yufu-jp.html,en,7403d2cff6,lodging_direct,False,,,,,숙박 경험 중심 후기다.,direct_readable,true,neutral,neutral_or_lodging_context,medium,issue_caution_calibration_needed
tosyoan-agoda_api-1084723396,Agoda API,Agoda,"March 19, 2026",9.2,https://www.agoda.com/yufuin-onsen-toshoan_2/hotel/yufu-jp.html,en,1f70d2ee45,lodging_direct,True,room_open_air_bath;room_bath,room_bath_hot_spring;temperature_control,temperature_control,private onsen;hot spring;indoor bath,객실 노천탕과 객실 내탕을 함께 언급한 후기다; 온도/계절 체감 신호가 있다.,direct_readable,true,mixed,caution_or_issue_tag,high,issue_caution_calibration_needed
tosyoan-agoda_api-785048433,Agoda API,Booking.com,"March 14, 2024",9.0,https://www.agoda.com/yufuin-onsen-toshoan_2/hotel/yufu-jp.html,en,8b23e461ce,lodging_direct,False,,,,,숙박 경험 중심 후기다.,direct_readable,true,neutral,neutral_or_lodging_context,medium,issue_caution_calibration_needed
tosyoan-agoda_api-1082085516,Agoda API,Agoda,"March 13, 2026",9.2,https://www.agoda.com/yufuin-onsen-toshoan_2/hotel/yufu-jp.html,en,7403d2cff6,lodging_direct,True,facility_wide,neutral,,hot spring,숙소 온천을 넓게 언급한 후기다.,direct_readable,true,neutral,neutral_or_lodging_context,medium,issue_caution_calibration_needed
tosyoan-agoda_api-1066946356,Agoda API,Agoda,"January 13, 2026",10.0,https://www.agoda.com/yufuin-onsen-toshoan_2/hotel/yufu-jp.html,en,2bd1fc35d2,lodging_direct,True,room_open_air_bath,room_bath_hot_spring;water_texture;booking_confusion,booking_confusion,private onsen;view;taxi,객실 노천탕/전망탕을 언급한 후기다; 유후다케 조망·수질 체감 표현이 붙는다; 송영·예약·안내 신호가 함께 보인다.,direct_readable,true,mixed,caution_or_issue_tag,high,issue_caution_calibration_needed
tosyoan-agoda_api-1033761680,Agoda API,Booking.com,"September 29, 2025",10.0,https://www.agoda.com/yufuin-onsen-toshoan_2/hotel/yufu-jp.html,en,94d0284668,lodging_direct,True,facility_wide,neutral,,,숙소 온천을 넓게 언급한 후기다.,direct_readable,true,neutral,neutral_or_lodging_context,medium,issue_caution_calibration_needed
tosyoan-agoda_api-1062427400,Agoda API,Agoda,"December 27, 2025",9.6,https://www.agoda.com/yufuin-onsen-toshoan_2/hotel/yufu-jp.html,en,5d080c543f,lodging_direct,True,facility_wide,water_texture,,hot spring;view,숙소 온천을 넓게 언급한 후기다; 유후다케 조망·수질 체감 표현이 붙는다.,direct_readable,true,positive,rating_positive_signal,medium,issue_caution_calibration_needed
tosyoan-agoda_api-990879293,Agoda API,Booking.com,"July 10, 2025",9.0,https://www.agoda.com/yufuin-onsen-toshoan_2/hotel/yufu-jp.html,en,cc3a5b0fc4,lodging_direct,False,,booking_confusion,booking_confusion,taxi,숙박 경험 중심 후기다; 송영·예약·안내 신호가 함께 보인다.,direct_readable,true,mixed,caution_or_issue_tag,high,issue_caution_calibration_needed
tosyoan-agoda_api-1021567811,Agoda API,Agoda,"September 05, 2025",9.6,https://www.agoda.com/yufuin-onsen-toshoan_2/hotel/yufu-jp.html,en,589ce3494a,lodging_direct,True,facility_wide,water_texture;temperature_control;operation_caution,temperature_control;operation_caution,hot spring;view,숙소 온천을 넓게 언급한 후기다; 유후다케 조망·수질 체감 표현이 붙는다; 온도/계절 체감 신호가 있다; 벌레·청결·동선 등 운영 주의가 보인다.,direct_readable,true,mixed,body_negative_with_context,high,issue_caution_calibration_needed
tosyoan-agoda_api-967308262,Agoda API,Booking.com,"May 20, 2025",10.0,https://www.agoda.com/yufuin-onsen-toshoan_2/hotel/yufu-jp.html,en,34d3f7f6a4,lodging_direct,True,facility_wide,booking_confusion,booking_confusion,taxi,숙소 온천을 넓게 언급한 후기다; 송영·예약·안내 신호가 함께 보인다.,direct_readable,true,mixed,caution_or_issue_tag,high,issue_caution_calibration_needed
tosyoan-agoda_api-1013928524,Agoda API,Agoda,"August 22, 2025",10.0,https://www.agoda.com/yufuin-onsen-toshoan_2/hotel/yufu-jp.html,en,3bc184e4a2,lodging_direct,True,facility_wide,water_texture,,hot spring;view,숙소 온천을 넓게 언급한 후기다; 유후다케 조망·수질 체감 표현이 붙는다.,direct_readable,true,positive,rating_positive_signal,medium,issue_caution_calibration_needed
tosyoan-agoda_api-956015820,Agoda API,Booking.com,"April 25, 2025",9.0,https://www.agoda.com/yufuin-onsen-toshoan_2/hotel/yufu-jp.html,en,3f15f4ba0f,lodging_direct,False,,,,,숙박 경험 중심 후기다.,direct_readable,true,neutral,neutral_or_lodging_context,medium,issue_caution_calibration_needed
tosyoan-agoda_api-1070751293,Agoda API,Agoda,"January 27, 2026",9.2,https://www.agoda.com/yufuin-onsen-toshoan_2/hotel/yufu-jp.html,en,184460b947,lodging_direct,False,,water_texture,,view,숙박 경험 중심 후기다; 유후다케 조망·수질 체감 표현이 붙는다.,direct_readable,true,positive,rating_positive_signal,medium,issue_caution_calibration_needed
tosyoan-agoda_api-1101347238,Agoda API,Booking.com,"March 21, 2026",10.0,https://www.agoda.com/yufuin-onsen-toshoan_2/hotel/yufu-jp.html,en,bb601000a1,lodging_direct,False,,booking_confusion,booking_confusion,taxi,숙박 경험 중심 후기다; 송영·예약·안내 신호가 함께 보인다.,direct_readable,true,mixed,caution_or_issue_tag,high,issue_caution_calibration_needed
tosyoan-agoda_api-983098585,Agoda API,Agoda,"June 29, 2025",10.0,https://www.agoda.com/yufuin-onsen-toshoan_2/hotel/yufu-jp.html,en,92d10d296b,lodging_direct,True,room_open_air_bath;room_bath,room_bath_hot_spring;booking_confusion,booking_confusion,hot spring;open-air bath;taxi,객실 노천탕과 객실 내탕을 함께 언급한 후기다; 송영·예약·안내 신호가 함께 보인다.,direct_readable,true,mixed,caution_or_issue_tag,high,issue_caution_calibration_needed
tosyoan-agoda_api-1119709828,Agoda API,Booking.com,"May 02, 2026",9.0,https://www.agoda.com/yufuin-onsen-toshoan_2/hotel/yufu-jp.html,en,007b5cacc3,lodging_direct,True,facility_wide,neutral,,,숙소 온천을 넓게 언급한 후기다.,direct_readable,true,neutral,neutral_or_lodging_context,medium,issue_caution_calibration_needed
tosyoan-agoda_api-816426620,Agoda API,Agoda,"June 12, 2024",10.0,https://www.agoda.com/yufuin-onsen-toshoan_2/hotel/yufu-jp.html,en,5f939b1c43,lodging_direct,True,room_open_air_bath,room_bath_hot_spring;water_texture;booking_confusion,booking_confusion,private onsen;private bath;hot spring;view;taxi,객실 노천탕/전망탕을 언급한 후기다; 유후다케 조망·수질 체감 표현이 붙는다; 송영·예약·안내 신호가 함께 보인다.,direct_readable,true,mixed,caution_or_issue_tag,high,issue_caution_calibration_needed
tosyoan-agoda_api-1140554852,Agoda API,Booking.com,"June 29, 2026",8.0,https://www.agoda.com/yufuin-onsen-toshoan_2/hotel/yufu-jp.html,ja,67b5d2b918,lodging_direct,True,room_open_air_bath,room_bath_hot_spring,,露天風呂;露天;部屋;客室,객실 노천탕/전망탕을 언급한 후기다.,direct_readable,true,positive,rating_positive_signal,medium,issue_caution_calibration_needed
tosyoan-agoda_api-931792621,Agoda API,Agoda,"February 26, 2025",10.0,https://www.agoda.com/yufuin-onsen-toshoan_2/hotel/yufu-jp.html,en,c512f72619,lodging_direct,True,room_open_air_bath,room_bath_hot_spring;booking_confusion,booking_confusion,open-air bath,객실 노천탕/전망탕을 언급한 후기다; 송영·예약·안내 신호가 함께 보인다.,direct_readable,true,mixed,caution_or_issue_tag,high,issue_caution_calibration_needed
tosyoan-agoda_api-1140554854,Agoda API,Booking.com,"June 21, 2026",9.0,https://www.agoda.com/yufuin-onsen-toshoan_2/hotel/yufu-jp.html,ja,1cd1b18f86,lodging_direct,False,,,,,숙박 경험 중심 후기다.,direct_readable,true,neutral,neutral_or_lodging_context,medium,issue_caution_calibration_needed
tosyoan-agoda_api-1077478606,Agoda API,Agoda,"February 20, 2026",9.2,https://www.agoda.com/yufuin-onsen-toshoan_2/hotel/yufu-jp.html,en,d22bd05f52,lodging_direct,True,facility_wide,water_texture;booking_confusion,booking_confusion,hot spring;view;taxi,숙소 온천을 넓게 언급한 후기다; 유후다케 조망·수질 체감 표현이 붙는다; 송영·예약·안내 신호가 함께 보인다.,direct_readable,true,mixed,caution_or_issue_tag,high,issue_caution_calibration_needed
tosyoan-agoda_api-1140554857,Agoda API,Booking.com,"June 19, 2026",8.0,https://www.agoda.com/yufuin-onsen-toshoan_2/hotel/yufu-jp.html,ja,c345cc5dfb,lodging_direct,True,facility_wide,temperature_control,temperature_control,温泉;温度,숙소 온천을 넓게 언급한 후기다; 온도/계절 체감 신호가 있다.,direct_readable,true,mixed,caution_or_issue_tag,high,issue_caution_calibration_needed
tosyoan-agoda_api-960488311,Agoda API,Agoda,"May 07, 2025",9.2,https://www.agoda.com/yufuin-onsen-toshoan_2/hotel/yufu-jp.html,en,2062636c52,lodging_direct,True,room_open_air_bath,room_bath_hot_spring,,open-air bath,객실 노천탕/전망탕을 언급한 후기다.,direct_readable,true,positive,rating_positive_signal,medium,issue_caution_calibration_needed
tosyoan-agoda_api-1133299939,Agoda API,Booking.com,"June 10, 2026",8.0,https://www.agoda.com/yufuin-onsen-toshoan_2/hotel/yufu-jp.html,ja,8f80b44968,lodging_direct,False,,temperature_control,temperature_control,温度,숙박 경험 중심 후기다; 온도/계절 체감 신호가 있다.,direct_readable,true,mixed,caution_or_issue_tag,high,issue_caution_calibration_needed
tosyoan-agoda_api-902504060,Agoda API,Agoda,"December 08, 2024",10.0,https://www.agoda.com/yufuin-onsen-toshoan_2/hotel/yufu-jp.html,en,8a44c28e03,lodging_direct,True,room_open_air_bath;public_bath,room_bath_hot_spring;water_texture;temperature_control;booking_confusion;operation_caution,temperature_control;booking_confusion;operation_caution,hot spring;view;taxi,객실 노천탕/전망탕을 언급한 후기다; 유후다케 조망·수질 체감 표현이 붙는다; 온도/계절 체감 신호가 있다; 송영·예약·안내 신호가 함께 보인다; 벌레·청결·동선 등 운영 주의가 보인다.,direct_readable,true,mixed,body_negative_with_context,high,issue_caution_calibration_needed
tosyoan-agoda_api-1126042746,Agoda API,Booking.com,"May 25, 2026",8.0,https://www.agoda.com/yufuin-onsen-toshoan_2/hotel/yufu-jp.html,ja,e6bec1934c,lodging_direct,True,facility_wide,water_texture,,温泉,숙소 온천을 넓게 언급한 후기다; 유후다케 조망·수질 체감 표현이 붙는다.,direct_readable,true,positive,rating_positive_signal,medium,issue_caution_calibration_needed
tosyoan-agoda_api-869941197,Agoda API,Agoda,"September 19, 2024",10.0,https://www.agoda.com/yufuin-onsen-toshoan_2/hotel/yufu-jp.html,en,2275243e28,lodging_direct,True,room_open_air_bath;room_bath,room_bath_hot_spring;water_texture,,indoor bath;view,객실 노천탕과 객실 내탕을 함께 언급한 후기다; 유후다케 조망·수질 체감 표현이 붙는다.,direct_readable,true,positive,rating_positive_signal,medium,issue_caution_calibration_needed
tosyoan-agoda_api-1119709820,Agoda API,Booking.com,"May 12, 2026",9.0,https://www.agoda.com/yufuin-onsen-toshoan_2/hotel/yufu-jp.html,ja,1f3bf357d8,lodging_direct,True,facility_wide,operation_caution,operation_caution,温泉;部屋;虫,숙소 온천을 넓게 언급한 후기다; 벌레·청결·동선 등 운영 주의가 보인다.,direct_readable,true,mixed,body_negative_with_context,high,issue_caution_calibration_needed
tosyoan-agoda_api-950000342,Agoda API,Agoda,"April 14, 2025",10.0,https://www.agoda.com/yufuin-onsen-toshoan_2/hotel/yufu-jp.html,en,36c0a88d79,lodging_direct,True,room_open_air_bath,room_bath_hot_spring;water_texture;booking_confusion,booking_confusion,private bath;view;taxi,객실 노천탕/전망탕을 언급한 후기다; 유후다케 조망·수질 체감 표현이 붙는다; 송영·예약·안내 신호가 함께 보인다.,direct_readable,true,mixed,caution_or_issue_tag,high,issue_caution_calibration_needed
tosyoan-agoda_api-1119709827,Agoda API,Booking.com,"May 05, 2026",8.0,https://www.agoda.com/yufuin-onsen-toshoan_2/hotel/yufu-jp.html,ja,ce9c4212dd,lodging_direct,True,facility_wide,neutral,,温泉,숙소 온천을 넓게 언급한 후기다.,direct_readable,true,neutral,neutral_or_lodging_context,medium,issue_caution_calibration_needed
tosyoan-agoda_api-926272488,Agoda API,Agoda,"February 06, 2025",9.6,https://www.agoda.com/yufuin-onsen-toshoan_2/hotel/yufu-jp.html,en,927bef0d17,lodging_direct,True,facility_wide,water_texture;booking_confusion,booking_confusion,hot spring;view,숙소 온천을 넓게 언급한 후기다; 유후다케 조망·수질 체감 표현이 붙는다; 송영·예약·안내 신호가 함께 보인다.,direct_readable,true,mixed,caution_or_issue_tag,high,issue_caution_calibration_needed
tosyoan-agoda_api-1101347232,Agoda API,Booking.com,"March 31, 2026",8.0,https://www.agoda.com/yufuin-onsen-toshoan_2/hotel/yufu-jp.html,ja,b6dfb1c731,lodging_direct,False,,operation_caution,operation_caution,カビ,숙박 경험 중심 후기다; 벌레·청결·동선 등 운영 주의가 보인다.,direct_readable,true,mixed,body_negative_with_context,high,issue_caution_calibration_needed
tosyoan-agoda_api-1123123054,Agoda API,Agoda,"May 24, 2026",9.6,https://www.agoda.com/yufuin-onsen-toshoan_2/hotel/yufu-jp.html,en,b13e000eff,lodging_direct,True,room_open_air_bath,room_bath_hot_spring;water_texture,,private onsen;view,객실 노천탕/전망탕을 언급한 후기다; 유후다케 조망·수질 체감 표현이 붙는다.,direct_readable,true,positive,body_positive,high,issue_caution_calibration_needed
tosyoan-agoda_api-983470352,Agoda API,Booking.com,"January 19, 2026",9.0,https://www.agoda.com/yufuin-onsen-toshoan_2/hotel/yufu-jp.html,ja,e15940e244,lodging_direct,False,,,,,숙박 경험 중심 후기다.,direct_readable,true,neutral,neutral_or_lodging_context,medium,issue_caution_calibration_needed
tosyoan-agoda_api-1062453757,Agoda API,Agoda,"December 29, 2025",8.0,https://www.agoda.com/yufuin-onsen-toshoan_2/hotel/yufu-jp.html,en,1219733eea,lodging_direct,True,facility_wide,water_texture;booking_confusion,booking_confusion,hot spring;view;shuttle;taxi,숙소 온천을 넓게 언급한 후기다; 유후다케 조망·수질 체감 표현이 붙는다; 송영·예약·안내 신호가 함께 보인다.,direct_readable,true,mixed,caution_or_issue_tag,high,issue_caution_calibration_needed
tosyoan-agoda_api-1061982091,Agoda API,Booking.com,"December 05, 2025",6.0,https://www.agoda.com/yufuin-onsen-toshoan_2/hotel/yufu-jp.html,ja,184b8b4635,lodging_direct,True,facility_wide,neutral,,,숙소 온천을 넓게 언급한 후기다.,direct_readable,true,neutral,neutral_or_lodging_context,medium,issue_caution_calibration_needed
tosyoan-agoda_api-914036089,Agoda API,Agoda,"January 19, 2025",9.6,https://www.agoda.com/yufuin-onsen-toshoan_2/hotel/yufu-jp.html,en,ccccea5c20,lodging_direct,True,room_open_air_bath,room_bath_hot_spring;water_texture;booking_confusion,booking_confusion,private onsen;view,객실 노천탕/전망탕을 언급한 후기다; 유후다케 조망·수질 체감 표현이 붙는다; 송영·예약·안내 신호가 함께 보인다.,direct_readable,true,mixed,caution_or_issue_tag,high,issue_caution_calibration_needed
tosyoan-agoda_api-1061982095,Agoda API,Booking.com,"December 03, 2025",10.0,https://www.agoda.com/yufuin-onsen-toshoan_2/hotel/yufu-jp.html,ja,fcae245dae,lodging_direct,True,facility_wide,neutral,,,숙소 온천을 넓게 언급한 후기다.,direct_readable,true,neutral,neutral_or_lodging_context,medium,issue_caution_calibration_needed
tosyoan-agoda_api-935442138,Agoda API,Agoda,"March 15, 2025",10.0,https://www.agoda.com/yufuin-onsen-toshoan_2/hotel/yufu-jp.html,en,5561a8d1ec,lodging_direct,True,room_open_air_bath,room_bath_hot_spring,,private onsen;open-air bath,객실 노천탕/전망탕을 언급한 후기다.,direct_readable,true,positive,body_positive,high,issue_caution_calibration_needed
tosyoan-agoda_api-1061982105,Agoda API,Booking.com,"November 18, 2025",10.0,https://www.agoda.com/yufuin-onsen-toshoan_2/hotel/yufu-jp.html,ja,d0cf948269,lodging_direct,True,facility_wide,neutral,,温泉;部屋,숙소 온천을 넓게 언급한 후기다.,direct_readable,true,neutral,neutral_or_lodging_context,medium,issue_caution_calibration_needed
tosyoan-agoda_api-1029784558,Agoda API,Agoda,"September 23, 2025",9.6,https://www.agoda.com/yufuin-onsen-toshoan_2/hotel/yufu-jp.html,en,54d8776c1b,lodging_direct,True,room_bath,room_bath_hot_spring;water_texture,,hot spring;indoor bath;view,객실탕을 언급한 후기다; 유후다케 조망·수질 체감 표현이 붙는다.,direct_readable,true,positive,rating_positive_signal,medium,issue_caution_calibration_needed
tosyoan-agoda_api-1024771146,Agoda API,Booking.com,"September 14, 2025",10.0,https://www.agoda.com/yufuin-onsen-toshoan_2/hotel/yufu-jp.html,ja,904901e15e,lodging_direct,False,,,,部屋,숙박 경험 중심 후기다.,direct_readable,true,neutral,neutral_or_lodging_context,medium,issue_caution_calibration_needed
tosyoan-agoda_api-960368039,Agoda API,Agoda,"May 06, 2025",10.0,https://www.agoda.com/yufuin-onsen-toshoan_2/hotel/yufu-jp.html,en,51e58b26e9,lodging_direct,True,room_open_air_bath,room_bath_hot_spring;water_texture,,private onsen;view,객실 노천탕/전망탕을 언급한 후기다; 유후다케 조망·수질 체감 표현이 붙는다.,direct_readable,true,positive,body_positive,high,issue_caution_calibration_needed
tosyoan-agoda_api-983470350,Agoda API,Booking.com,"June 28, 2025",8.0,https://www.agoda.com/yufuin-onsen-toshoan_2/hotel/yufu-jp.html,ja,b0b0a0f750,lodging_direct,True,room_bath,room_bath_hot_spring;water_texture,,内風呂;温泉;由布岳;部屋,객실탕을 언급한 후기다; 유후다케 조망·수질 체감 표현이 붙는다.,direct_readable,true,positive,rating_positive_signal,medium,issue_caution_calibration_needed
tosyoan-agoda_api-1122076106,Agoda API,Agoda,"May 22, 2026",10.0,https://www.agoda.com/yufuin-onsen-toshoan_2/hotel/yufu-jp.html,en,b768a340bb,lodging_direct,False,,water_texture,,view,숙박 경험 중심 후기다; 유후다케 조망·수질 체감 표현이 붙는다.,direct_readable,true,positive,rating_positive_signal,medium,issue_caution_calibration_needed
tosyoan-agoda_api-983470354,Agoda API,Booking.com,"June 17, 2025",8.0,https://www.agoda.com/yufuin-onsen-toshoan_2/hotel/yufu-jp.html,ja,cc6d18bb5f,lodging_direct,False,,,,,숙박 경험 중심 후기다.,direct_readable,true,neutral,neutral_or_lodging_context,medium,issue_caution_calibration_needed
tosyoan-agoda_api-1051723642,Agoda API,Agoda,"November 16, 2025",10.0,https://www.agoda.com/yufuin-onsen-toshoan_2/hotel/yufu-jp.html,en,b3c2dbf742,lodging_direct,True,room_open_air_bath,room_bath_hot_spring;water_texture;booking_confusion,booking_confusion,private onsen;view;taxi,객실 노천탕/전망탕을 언급한 후기다; 유후다케 조망·수질 체감 표현이 붙는다; 송영·예약·안내 신호가 함께 보인다.,direct_readable,true,mixed,caution_or_issue_tag,high,issue_caution_calibration_needed
tosyoan-agoda_api-974392494,Agoda API,Booking.com,"June 02, 2025",10.0,https://www.agoda.com/yufuin-onsen-toshoan_2/hotel/yufu-jp.html,ja,9f6553aa94,lodging_direct,True,room_bath,room_bath_hot_spring;water_texture,,内風呂;由布岳,객실탕을 언급한 후기다; 유후다케 조망·수질 체감 표현이 붙는다.,direct_readable,true,positive,rating_positive_signal,medium,issue_caution_calibration_needed
tosyoan-agoda_api-898211054,Agoda API,Agoda,"November 29, 2024",10.0,https://www.agoda.com/yufuin-onsen-toshoan_2/hotel/yufu-jp.html,en,0eabd87867,lodging_direct,False,,water_texture;booking_confusion,booking_confusion,view;taxi,숙박 경험 중심 후기다; 유후다케 조망·수질 체감 표현이 붙는다; 송영·예약·안내 신호가 함께 보인다.,direct_readable,true,mixed,caution_or_issue_tag,high,issue_caution_calibration_needed
tosyoan-agoda_api-956015816,Agoda API,Booking.com,"April 29, 2025",9.0,https://www.agoda.com/yufuin-onsen-toshoan_2/hotel/yufu-jp.html,ja,a8a7f4d781,lodging_direct,True,facility_wide,neutral,,部屋,숙소 온천을 넓게 언급한 후기다.,direct_readable,true,neutral,neutral_or_lodging_context,medium,issue_caution_calibration_needed
tosyoan-agoda_api-838544790,Agoda API,Agoda,"July 26, 2024",10.0,https://www.agoda.com/yufuin-onsen-toshoan_2/hotel/yufu-jp.html,en,53233e4b1b,lodging_direct,True,facility_wide,booking_confusion,booking_confusion,hot spring;shuttle;taxi,숙소 온천을 넓게 언급한 후기다; 송영·예약·안내 신호가 함께 보인다.,direct_readable,true,mixed,caution_or_issue_tag,high,issue_caution_calibration_needed
tosyoan-agoda_api-956015818,Agoda API,Booking.com,"April 28, 2025",8.0,https://www.agoda.com/yufuin-onsen-toshoan_2/hotel/yufu-jp.html,ja,883f53a4e5,lodging_direct,True,facility_wide,water_texture;operation_caution,operation_caution,由布岳;カビ,숙소 온천을 넓게 언급한 후기다; 유후다케 조망·수질 체감 표현이 붙는다; 벌레·청결·동선 등 운영 주의가 보인다.,direct_readable,true,mixed,body_negative_with_context,high,issue_caution_calibration_needed
tosyoan-agoda_api-933307932,Agoda API,Agoda,"March 05, 2025",9.2,https://www.agoda.com/yufuin-onsen-toshoan_2/hotel/yufu-jp.html,en,f1d21eb351,lodging_direct,True,room_bath,room_bath_hot_spring;booking_confusion,booking_confusion,hot spring;taxi,객실탕을 언급한 후기다; 송영·예약·안내 신호가 함께 보인다.,direct_readable,true,mixed,caution_or_issue_tag,high,issue_caution_calibration_needed
tosyoan-agoda_api-943973645,Agoda API,Booking.com,"April 04, 2025",10.0,https://www.agoda.com/yufuin-onsen-toshoan_2/hotel/yufu-jp.html,ja,9ffcf5c681,lodging_direct,False,,,,部屋,숙박 경험 중심 후기다.,direct_readable,true,neutral,neutral_or_lodging_context,medium,issue_caution_calibration_needed
tosyoan-agoda_api-1116637496,Agoda API,Agoda,"May 08, 2026",8.4,https://www.agoda.com/yufuin-onsen-toshoan_2/hotel/yufu-jp.html,ja,fc03aefbfd,lodging_direct,False,,,,,숙박 경험 중심 후기다.,direct_readable,true,neutral,neutral_or_lodging_context,medium,issue_caution_calibration_needed
tosyoan-agoda_api-943973664,Agoda API,Booking.com,"March 05, 2025",8.0,https://www.agoda.com/yufuin-onsen-toshoan_2/hotel/yufu-jp.html,ja,91146ffb6a,lodging_direct,False,,,,部屋,숙박 경험 중심 후기다.,direct_readable,true,neutral,neutral_or_lodging_context,medium,issue_caution_calibration_needed
tosyoan-agoda_api-1031762861,Agoda API,Agoda,"September 27, 2025",10.0,https://www.agoda.com/yufuin-onsen-toshoan_2/hotel/yufu-jp.html,en,83d7fc906e,lodging_direct,True,facility_wide,water_texture,,hot spring;view,숙소 온천을 넓게 언급한 후기다; 유후다케 조망·수질 체감 표현이 붙는다.,direct_readable,true,positive,rating_positive_signal,medium,issue_caution_calibration_needed
tosyoan-agoda_api-933970475,Agoda API,Booking.com,"February 22, 2025",7.0,https://www.agoda.com/yufuin-onsen-toshoan_2/hotel/yufu-jp.html,ja,1d32dfa8b5,lodging_direct,True,facility_wide,neutral,,,숙소 온천을 넓게 언급한 후기다.,direct_readable,true,neutral,neutral_or_lodging_context,medium,issue_caution_calibration_needed
tosyoan-agoda_api-1003938356,Agoda API,Agoda,"August 07, 2025",10.0,https://www.agoda.com/yufuin-onsen-toshoan_2/hotel/yufu-jp.html,en,36b308c769,lodging_direct,False,,water_texture,,view,숙박 경험 중심 후기다; 유후다케 조망·수질 체감 표현이 붙는다.,direct_readable,true,positive,rating_positive_signal,medium,issue_caution_calibration_needed
tosyoan-agoda_api-928471512,Agoda API,Booking.com,"February 09, 2025",10.0,https://www.agoda.com/yufuin-onsen-toshoan_2/hotel/yufu-jp.html,ja,8e23f7960e,lodging_direct,False,,,,部屋,숙박 경험 중심 후기다.,direct_readable,true,neutral,neutral_or_lodging_context,medium,issue_caution_calibration_needed
tosyoan-agoda_api-1130828827,Agoda API,Agoda,"June 12, 2026",10.0,https://www.agoda.com/yufuin-onsen-toshoan_2/hotel/yufu-jp.html,en,bcb5271ab3,lodging_direct,True,room_open_air_bath,room_bath_hot_spring,,private onsen,객실 노천탕/전망탕을 언급한 후기다.,direct_readable,true,positive,body_positive,high,issue_caution_calibration_needed
tosyoan-agoda_api-881657293,Agoda API,Booking.com,"October 04, 2024",8.0,https://www.agoda.com/yufuin-onsen-toshoan_2/hotel/yufu-jp.html,ja,227af5fdf7,lodging_direct,True,room_bath,room_bath_hot_spring;water_texture,,温泉;部屋;部屋風呂,객실탕을 언급한 후기다; 유후다케 조망·수질 체감 표현이 붙는다.,direct_readable,true,positive,rating_positive_signal,medium,issue_caution_calibration_needed
tosyoan-agoda_api-902633126,Agoda API,Agoda,"December 10, 2024",9.6,https://www.agoda.com/yufuin-onsen-toshoan_2/hotel/yufu-jp.html,en,520fa48ae1,lodging_direct,True,room_open_air_bath,room_bath_hot_spring;booking_confusion,booking_confusion,private onsen;shuttle;taxi,객실 노천탕/전망탕을 언급한 후기다; 송영·예약·안내 신호가 함께 보인다.,direct_readable,true,mixed,caution_or_issue_tag,high,issue_caution_calibration_needed
tosyoan-agoda_api-812070362,Agoda API,Booking.com,"May 17, 2024",9.0,https://www.agoda.com/yufuin-onsen-toshoan_2/hotel/yufu-jp.html,ja,b45edbf45a,lodging_direct,True,room_bath,room_bath_hot_spring;water_texture,,由布岳;部屋;部屋風呂,객실탕을 언급한 후기다; 유후다케 조망·수질 체감 표현이 붙는다.,direct_readable,true,positive,rating_positive_signal,medium,issue_caution_calibration_needed
tosyoan-agoda_api-1084347108,Agoda API,Agoda,"March 18, 2026",9.2,https://www.agoda.com/yufuin-onsen-toshoan_2/hotel/yufu-jp.html,en,99dc16a98d,lodging_direct,True,room_open_air_bath,room_bath_hot_spring;water_texture,,private onsen;view,객실 노천탕/전망탕을 언급한 후기다; 유후다케 조망·수질 체감 표현이 붙는다.,direct_readable,true,positive,body_positive,high,issue_caution_calibration_needed
tosyoan-agoda_api-799678820,Agoda API,Booking.com,"April 30, 2024",8.0,https://www.agoda.com/yufuin-onsen-toshoan_2/hotel/yufu-jp.html,ja,07ecc02081,lodging_direct,True,room_open_air_bath,room_bath_hot_spring,,露天風呂;露天,객실 노천탕/전망탕을 언급한 후기다.,direct_readable,true,positive,rating_positive_signal,medium,issue_caution_calibration_needed
tosyoan-agoda_api-809964404,Agoda API,Agoda,"May 23, 2024",9.2,https://www.agoda.com/yufuin-onsen-toshoan_2/hotel/yufu-jp.html,en,c95c3acf70,lodging_direct,True,room_open_air_bath,room_bath_hot_spring;booking_confusion;operation_caution,booking_confusion;operation_caution,private onsen;shuttle;taxi,객실 노천탕/전망탕을 언급한 후기다; 송영·예약·안내 신호가 함께 보인다; 벌레·청결·동선 등 운영 주의가 보인다.,direct_readable,true,mixed,body_positive_and_negative,high,issue_caution_calibration_needed
tosyoan-agoda_api-785048426,Agoda API,Booking.com,"March 14, 2024",9.0,https://www.agoda.com/yufuin-onsen-toshoan_2/hotel/yufu-jp.html,ja,b2a0b0524c,lodging_direct,False,,,,,숙박 경험 중심 후기다.,direct_readable,true,neutral,neutral_or_lodging_context,medium,issue_caution_calibration_needed
tosyoan-agoda_api-846456802,Agoda API,Agoda,"August 05, 2024",10.0,https://www.agoda.com/yufuin-onsen-toshoan_2/hotel/yufu-jp.html,en,1e932d95c1,lodging_direct,True,facility_wide,water_texture;booking_confusion,booking_confusion,view;taxi,숙소 온천을 넓게 언급한 후기다; 유후다케 조망·수질 체감 표현이 붙는다; 송영·예약·안내 신호가 함께 보인다.,direct_readable,true,mixed,caution_or_issue_tag,high,issue_caution_calibration_needed
tosyoan-agoda_api-785048427,Agoda API,Booking.com,"March 07, 2024",9.0,https://www.agoda.com/yufuin-onsen-toshoan_2/hotel/yufu-jp.html,ja,3f15f4ba0f,lodging_direct,True,facility_wide,neutral,,温泉;部屋,숙소 온천을 넓게 언급한 후기다.,direct_readable,true,neutral,neutral_or_lodging_context,medium,issue_caution_calibration_needed
tosyoan-agoda_api-1123697413,Agoda API,Agoda,"May 25, 2026",9.2,https://www.agoda.com/yufuin-onsen-toshoan_2/hotel/yufu-jp.html,en,c3bd21bea8,lodging_direct,False,,water_texture,,view,숙박 경험 중심 후기다; 유후다케 조망·수질 체감 표현이 붙는다.,direct_readable,true,positive,rating_positive_signal,medium,issue_caution_calibration_needed
tosyoan-agoda_api-742023626,Agoda API,Booking.com,"November 16, 2023",10.0,https://www.agoda.com/yufuin-onsen-toshoan_2/hotel/yufu-jp.html,ja,49f41df2d5,lodging_direct,False,,,,,숙박 경험 중심 후기다.,direct_readable,true,neutral,neutral_or_lodging_context,medium,issue_caution_calibration_needed
tosyoan-agoda_api-1064635320,Agoda API,Agoda,"January 11, 2026",10.0,https://www.agoda.com/yufuin-onsen-toshoan_2/hotel/yufu-jp.html,en,a248473350,lodging_direct,True,room_open_air_bath,room_bath_hot_spring;temperature_control;booking_confusion;operation_caution,temperature_control;booking_confusion;operation_caution,private onsen;taxi,객실 노천탕/전망탕을 언급한 후기다; 온도/계절 체감 신호가 있다; 송영·예약·안내 신호가 함께 보인다; 벌레·청결·동선 등 운영 주의가 보인다.,direct_readable,true,mixed,body_positive_and_negative,high,issue_caution_calibration_needed
tosyoan-agoda_api-734714513,Agoda API,Booking.com,"October 25, 2023",3.0,https://www.agoda.com/yufuin-onsen-toshoan_2/hotel/yufu-jp.html,ja,a5ef25618f,lodging_direct,False,,,,,숙박 경험 중심 후기다.,direct_readable,true,neutral,neutral_or_lodging_context,medium,issue_caution_calibration_needed
tosyoan-agoda_api-835881534,Agoda API,Agoda,"October 15, 2024",9.2,https://www.agoda.com/yufuin-onsen-toshoan_2/hotel/yufu-jp.html,en,11fd328b25,lodging_direct,True,facility_wide,booking_confusion,booking_confusion,taxi,숙소 온천을 넓게 언급한 후기다; 송영·예약·안내 신호가 함께 보인다.,direct_readable,true,mixed,caution_or_issue_tag,high,issue_caution_calibration_needed
tosyoan-agoda_api-734714518,Agoda API,Booking.com,"October 19, 2023",9.0,https://www.agoda.com/yufuin-onsen-toshoan_2/hotel/yufu-jp.html,ja,be1fc7d802,lodging_direct,False,,water_texture,,由布岳,숙박 경험 중심 후기다; 유후다케 조망·수질 체감 표현이 붙는다.,direct_readable,true,positive,rating_positive_signal,medium,issue_caution_calibration_needed
tosyoan-agoda_api-953934501,Agoda API,Agoda,"April 26, 2025",8.8,https://www.agoda.com/yufuin-onsen-toshoan_2/hotel/yufu-jp.html,en,e62cdb27a6,lodging_direct,False,,,,,숙박 경험 중심 후기다.,direct_readable,true,neutral,neutral_or_lodging_context,medium,issue_caution_calibration_needed
tosyoan-agoda_api-679509013,Agoda API,Booking.com,"July 14, 2023",1.0,https://www.agoda.com/yufuin-onsen-toshoan_2/hotel/yufu-jp.html,ja,7e9a00c416,lodging_direct,False,,,,,숙박 경험 중심 후기다.,direct_readable,true,neutral,neutral_or_lodging_context,medium,issue_caution_calibration_needed
tosyoan-agoda_api-838912747,Agoda API,Agoda,"July 29, 2024",9.2,https://www.agoda.com/yufuin-onsen-toshoan_2/hotel/yufu-jp.html,en,2d4528e37c,lodging_direct,True,facility_wide,water_texture;booking_confusion;operation_caution,booking_confusion;operation_caution,hot spring;view;taxi,숙소 온천을 넓게 언급한 후기다; 유후다케 조망·수질 체감 표현이 붙는다; 송영·예약·안내 신호가 함께 보인다; 벌레·청결·동선 등 운영 주의가 보인다.,direct_readable,true,mixed,body_negative_with_context,high,issue_caution_calibration_needed
tosyoan-agoda_api-1039558933,Agoda API,Agoda,"October 17, 2025",10.0,https://www.agoda.com/yufuin-onsen-toshoan_2/hotel/yufu-jp.html,en,484c255c51,lodging_direct,True,room_open_air_bath,room_bath_hot_spring;water_texture,,view,객실 노천탕/전망탕을 언급한 후기다; 유후다케 조망·수질 체감 표현이 붙는다.,direct_readable,true,positive,rating_positive_signal,medium,issue_caution_calibration_needed
tosyoan-agoda_api-734714514,Agoda API,Booking.com,"November 01, 2023",10.0,https://www.agoda.com/yufuin-onsen-toshoan_2/hotel/yufu-jp.html,en,36d757807b,lodging_direct,False,,,,,숙박 경험 중심 후기다.,direct_readable,true,neutral,neutral_or_lodging_context,medium,issue_caution_calibration_needed
tosyoan-agoda_api-1078898783,Agoda API,Agoda,"March 03, 2026",10.0,https://www.agoda.com/yufuin-onsen-toshoan_2/hotel/yufu-jp.html,en,2906311c9c,lodging_direct,True,room_open_air_bath,room_bath_hot_spring,,private onsen,객실 노천탕/전망탕을 언급한 후기다.,direct_readable,true,positive,body_positive,high,issue_caution_calibration_needed
tosyoan-agoda_api-1140554853,Agoda API,Booking.com,"June 23, 2026",10.0,https://www.agoda.com/yufuin-onsen-toshoan_2/hotel/yufu-jp.html,ja,c3bd21bea8,lodging_direct,False,,,,,숙박 경험 중심 후기다.,direct_readable,true,neutral,neutral_or_lodging_context,medium,issue_caution_calibration_needed
tosyoan-agoda_api-1058730661,Agoda API,Agoda,"December 11, 2025",10.0,https://www.agoda.com/yufuin-onsen-toshoan_2/hotel/yufu-jp.html,en,8d71d78f57,lodging_direct,True,facility_wide,water_texture,,view,숙소 온천을 넓게 언급한 후기다; 유후다케 조망·수질 체감 표현이 붙는다.,direct_readable,true,positive,rating_positive_signal,medium,issue_caution_calibration_needed
tosyoan-agoda_api-1133299937,Agoda API,Booking.com,"June 16, 2026",10.0,https://www.agoda.com/yufuin-onsen-toshoan_2/hotel/yufu-jp.html,ja,c3bd21bea8,lodging_direct,False,,,,,숙박 경험 중심 후기다.,direct_readable,true,neutral,neutral_or_lodging_context,medium,issue_caution_calibration_needed
tosyoan-agoda_api-1078866511,Agoda API,Agoda,"February 26, 2026",9.2,https://www.agoda.com/yufuin-onsen-toshoan_2/hotel/yufu-jp.html,en,f2667dcbb8,lodging_direct,False,,water_texture;booking_confusion,booking_confusion,view;taxi,숙박 경험 중심 후기다; 유후다케 조망·수질 체감 표현이 붙는다; 송영·예약·안내 신호가 함께 보인다.,direct_readable,true,mixed,caution_or_issue_tag,high,issue_caution_calibration_needed
tosyoan-agoda_api-1113409844,Agoda API,Booking.com,"April 24, 2026",9.0,https://www.agoda.com/yufuin-onsen-toshoan_2/hotel/yufu-jp.html,ja,82b78f7fa3,lodging_direct,False,,,,,숙박 경험 중심 후기다.,direct_readable,true,neutral,neutral_or_lodging_context,medium,issue_caution_calibration_needed
tosyoan-agoda_api-1062446039,Agoda API,Agoda,"December 27, 2025",8.4,https://www.agoda.com/yufuin-onsen-toshoan_2/hotel/yufu-jp.html,en,240aeac5e8,lodging_direct,True,room_open_air_bath,room_bath_hot_spring;water_texture,,private onsen;view,객실 노천탕/전망탕을 언급한 후기다; 유후다케 조망·수질 체감 표현이 붙는다.,direct_readable,true,positive,body_positive,high,issue_caution_calibration_needed
tosyoan-agoda_api-1113409845,Agoda API,Booking.com,"April 24, 2026",8.0,https://www.agoda.com/yufuin-onsen-toshoan_2/hotel/yufu-jp.html,en,aa4a7ce29a,lodging_direct,False,,,,,숙박 경험 중심 후기다.,direct_readable,true,neutral,neutral_or_lodging_context,medium,issue_caution_calibration_needed
tosyoan-agoda_api-932466612,Agoda API,Agoda,"March 01, 2025",10.0,https://www.agoda.com/yufuin-onsen-toshoan_2/hotel/yufu-jp.html,en,4fdf5f91e8,lodging_direct,True,room_open_air_bath,room_bath_hot_spring;water_texture,,private bath;view,객실 노천탕/전망탕을 언급한 후기다; 유후다케 조망·수질 체감 표현이 붙는다.,direct_readable,true,positive,rating_positive_signal,medium,issue_caution_calibration_needed
tosyoan-agoda_api-1107147127,Agoda API,Booking.com,"April 02, 2026",9.0,https://www.agoda.com/yufuin-onsen-toshoan_2/hotel/yufu-jp.html,ja,5a245e24f0,lodging_direct,False,,,,,숙박 경험 중심 후기다.,direct_readable,true,neutral,neutral_or_lodging_context,medium,issue_caution_calibration_needed
tosyoan-agoda_api-1022001313,Agoda API,Agoda,"September 11, 2025",10.0,https://www.agoda.com/yufuin-onsen-toshoan_2/hotel/yufu-jp.html,en,d623555042,lodging_direct,True,facility_wide,water_texture,,view,숙소 온천을 넓게 언급한 후기다; 유후다케 조망·수질 체감 표현이 붙는다.,direct_readable,true,positive,rating_positive_signal,medium,issue_caution_calibration_needed
tosyoan-agoda_api-1101347235,Agoda API,Booking.com,"March 22, 2026",10.0,https://www.agoda.com/yufuin-onsen-toshoan_2/hotel/yufu-jp.html,ja,265bb0eb0d,lodging_direct,False,,water_texture,,由布岳,숙박 경험 중심 후기다; 유후다케 조망·수질 체감 표현이 붙는다.,direct_readable,true,positive,rating_positive_signal,medium,issue_caution_calibration_needed
tosyoan-agoda_api-911534485,Agoda API,Agoda,"January 02, 2025",10.0,https://www.agoda.com/yufuin-onsen-toshoan_2/hotel/yufu-jp.html,en,e043899daa,lodging_direct,True,room_open_air_bath,room_bath_hot_spring,,private onsen,객실 노천탕/전망탕을 언급한 후기다.,direct_readable,true,positive,body_positive,high,issue_caution_calibration_needed
tosyoan-agoda_api-1083965673,Agoda API,Booking.com,"March 02, 2026",10.0,https://www.agoda.com/yufuin-onsen-toshoan_2/hotel/yufu-jp.html,ja,9ec5f2f261,lodging_direct,False,,,,,숙박 경험 중심 후기다.,direct_readable,true,neutral,neutral_or_lodging_context,medium,issue_caution_calibration_needed
tosyoan-agoda_api-896219061,Agoda API,Agoda,"November 19, 2024",9.2,https://www.agoda.com/yufuin-onsen-toshoan_2/hotel/yufu-jp.html,en,abdae75576,lodging_direct,True,facility_wide,water_texture,,view,숙소 온천을 넓게 언급한 후기다; 유후다케 조망·수질 체감 표현이 붙는다.,direct_readable,true,positive,rating_positive_signal,medium,issue_caution_calibration_needed
tosyoan-agoda_api-1078510745,Agoda API,Booking.com,"February 22, 2026",9.0,https://www.agoda.com/yufuin-onsen-toshoan_2/hotel/yufu-jp.html,ja,5b51a9fa31,lodging_direct,False,,,,,숙박 경험 중심 후기다.,direct_readable,true,neutral,neutral_or_lodging_context,medium,issue_caution_calibration_needed
tosyoan-agoda_api-1086439296,Agoda API,Agoda,"March 23, 2026",10.0,https://www.agoda.com/yufuin-onsen-toshoan_2/hotel/yufu-jp.html,en,536c1bd4a0,lodging_direct,True,facility_wide,neutral,,hot spring,숙소 온천을 넓게 언급한 후기다.,direct_readable,true,neutral,neutral_or_lodging_context,medium,issue_caution_calibration_needed
tosyoan-agoda_api-1065171342,Agoda API,Booking.com,"December 31, 2025",10.0,https://www.agoda.com/yufuin-onsen-toshoan_2/hotel/yufu-jp.html,ja,3e858bebf6,lodging_direct,False,,,,,숙박 경험 중심 후기다.,direct_readable,true,neutral,neutral_or_lodging_context,medium,issue_caution_calibration_needed
tosyoan-agoda_api-953817202,Agoda API,Agoda,"April 25, 2025",10.0,https://www.agoda.com/yufuin-onsen-toshoan_2/hotel/yufu-jp.html,en,b63cf60d9f,lodging_direct,True,facility_wide,water_texture;booking_confusion,booking_confusion,view;taxi,숙소 온천을 넓게 언급한 후기다; 유후다케 조망·수질 체감 표현이 붙는다; 송영·예약·안내 신호가 함께 보인다.,direct_readable,true,mixed,caution_or_issue_tag,high,issue_caution_calibration_needed
tosyoan-agoda_api-1065171346,Agoda API,Booking.com,"December 29, 2025",10.0,https://www.agoda.com/yufuin-onsen-toshoan_2/hotel/yufu-jp.html,ja,e5cda0c529,lodging_direct,False,,,,,숙박 경험 중심 후기다.,direct_readable,true,neutral,neutral_or_lodging_context,medium,issue_caution_calibration_needed
tosyoan-agoda_api-1096691516,Agoda API,Agoda,"March 29, 2026",9.2,https://www.agoda.com/yufuin-onsen-toshoan_2/hotel/yufu-jp.html,en,87a47577a8,lodging_direct,True,room_open_air_bath,room_bath_hot_spring;temperature_control;operation_caution,temperature_control;operation_caution,private onsen,객실 노천탕/전망탕을 언급한 후기다; 온도/계절 체감 신호가 있다; 벌레·청결·동선 등 운영 주의가 보인다.,direct_readable,true,mixed,body_positive_and_negative,high,issue_caution_calibration_needed
tosyoan-agoda_api-1061982080,Agoda API,Booking.com,"December 13, 2025",10.0,https://www.agoda.com/yufuin-onsen-toshoan_2/hotel/yufu-jp.html,ja,9b2363dcd2,lodging_direct,False,,,,,숙박 경험 중심 후기다.,direct_readable,true,neutral,neutral_or_lodging_context,medium,issue_caution_calibration_needed
tosyoan-agoda_api-974179110,Agoda API,Agoda,"June 15, 2025",10.0,https://www.agoda.com/yufuin-onsen-toshoan_2/hotel/yufu-jp.html,en,7c6b5da8ba,lodging_direct,True,room_open_air_bath,room_bath_hot_spring;water_texture,,private onsen;view,객실 노천탕/전망탕을 언급한 후기다; 유후다케 조망·수질 체감 표현이 붙는다.,direct_readable,true,positive,body_positive,high,issue_caution_calibration_needed
tosyoan-agoda_api-1033761679,Agoda API,Booking.com,"September 30, 2025",9.0,https://www.agoda.com/yufuin-onsen-toshoan_2/hotel/yufu-jp.html,ja,28f345486e,lodging_direct,True,facility_wide,neutral,,,숙소 온천을 넓게 언급한 후기다.,direct_readable,true,neutral,neutral_or_lodging_context,medium,issue_caution_calibration_needed
tosyoan-agoda_api-838350935,Agoda API,Agoda,"July 24, 2024",8.8,https://www.agoda.com/yufuin-onsen-toshoan_2/hotel/yufu-jp.html,en,11d2e55697,lodging_direct,True,facility_wide,water_texture,,view,숙소 온천을 넓게 언급한 후기다; 유후다케 조망·수질 체감 표현이 붙는다.,direct_readable,true,positive,rating_positive_signal,medium,issue_caution_calibration_needed
tosyoan-agoda_api-1024771162,Agoda API,Booking.com,"August 30, 2025",10.0,https://www.agoda.com/yufuin-onsen-toshoan_2/hotel/yufu-jp.html,en,cf7d73bb6e,lodging_direct,False,,water_texture,,view,숙박 경험 중심 후기다; 유후다케 조망·수질 체감 표현이 붙는다.,direct_readable,true,positive,rating_positive_signal,medium,issue_caution_calibration_needed
tosyoan-agoda_api-1007998319,Agoda API,Agoda,"August 16, 2025",7.6,https://www.agoda.com/yufuin-onsen-toshoan_2/hotel/yufu-jp.html,en,30ca9938c7,lodging_direct,True,facility_wide,water_texture;operation_caution,operation_caution,Mt. Yufu,숙소 온천을 넓게 언급한 후기다; 유후다케 조망·수질 체감 표현이 붙는다; 벌레·청결·동선 등 운영 주의가 보인다.,direct_readable,true,mixed,body_negative_with_context,high,issue_caution_calibration_needed
tosyoan-agoda_api-1016706126,Agoda API,Booking.com,"August 21, 2025",10.0,https://www.agoda.com/yufuin-onsen-toshoan_2/hotel/yufu-jp.html,ja,a00234916e,lodging_direct,False,,,,,숙박 경험 중심 후기다.,direct_readable,true,neutral,neutral_or_lodging_context,medium,issue_caution_calibration_needed
tosyoan-agoda_api-1041698998,Agoda API,Agoda,"October 20, 2025",7.2,https://www.agoda.com/yufuin-onsen-toshoan_2/hotel/yufu-jp.html,en,c28f2b3708,lodging_direct,False,,booking_confusion,booking_confusion,taxi,숙박 경험 중심 후기다; 송영·예약·안내 신호가 함께 보인다.,direct_readable,true,mixed,caution_or_issue_tag,high,issue_caution_calibration_needed
tosyoan-agoda_api-998751523,Agoda API,Booking.com,"July 28, 2025",10.0,https://www.agoda.com/yufuin-onsen-toshoan_2/hotel/yufu-jp.html,ja,8c9da9261f,lodging_direct,False,,water_texture,,由布岳,숙박 경험 중심 후기다; 유후다케 조망·수질 체감 표현이 붙는다.,direct_readable,true,positive,rating_positive_signal,medium,issue_caution_calibration_needed
tosyoan-agoda_api-968658129,Agoda API,Agoda,"May 26, 2025",10.0,https://www.agoda.com/yufuin-onsen-toshoan_2/hotel/yufu-jp.html,en,c00ba1feef,lodging_direct,False,,,,,숙박 경험 중심 후기다.,direct_readable,true,neutral,neutral_or_lodging_context,medium,issue_caution_calibration_needed
tosyoan-agoda_api-998751527,Agoda API,Booking.com,"July 18, 2025",10.0,https://www.agoda.com/yufuin-onsen-toshoan_2/hotel/yufu-jp.html,ja,7ddc83e907,lodging_direct,False,,water_texture,,由布岳,숙박 경험 중심 후기다; 유후다케 조망·수질 체감 표현이 붙는다.,direct_readable,true,positive,rating_positive_signal,medium,issue_caution_calibration_needed
tosyoan-agoda_api-810403196,Agoda API,Agoda,"May 29, 2024",9.2,https://www.agoda.com/yufuin-onsen-toshoan_2/hotel/yufu-jp.html,en,5815f22f54,lodging_direct,True,room_open_air_bath,room_bath_hot_spring;water_texture,,private onsen;view,객실 노천탕/전망탕을 언급한 후기다; 유후다케 조망·수질 체감 표현이 붙는다.,direct_readable,true,positive,body_positive,high,issue_caution_calibration_needed
tosyoan-agoda_api-983470351,Agoda API,Booking.com,"June 27, 2025",10.0,https://www.agoda.com/yufuin-onsen-toshoan_2/hotel/yufu-jp.html,ja,67a0de8fd7,lodging_direct,False,,,,,숙박 경험 중심 후기다.,direct_readable,true,neutral,neutral_or_lodging_context,medium,issue_caution_calibration_needed
tosyoan-agoda_api-930486366,Agoda API,Agoda,"February 18, 2025",9.2,https://www.agoda.com/yufuin-onsen-toshoan_2/hotel/yufu-jp.html,en,79ac298b9f,lodging_direct,True,room_open_air_bath,room_bath_hot_spring,,open-air bath,객실 노천탕/전망탕을 언급한 후기다.,direct_readable,true,positive,rating_positive_signal,medium,issue_caution_calibration_needed
tosyoan-agoda_api-983470353,Agoda API,Booking.com,"June 20, 2025",10.0,https://www.agoda.com/yufuin-onsen-toshoan_2/hotel/yufu-jp.html,ja,0c386713b3,lodging_direct,False,,,,,숙박 경험 중심 후기다.,direct_readable,true,neutral,neutral_or_lodging_context,medium,issue_caution_calibration_needed
tosyoan-agoda_api-1052307932,Agoda API,Agoda,"November 17, 2025",9.6,https://www.agoda.com/yufuin-onsen-toshoan_2/hotel/yufu-jp.html,en,4f0dea8b57,lodging_direct,True,room_open_air_bath,room_bath_hot_spring,,private onsen,객실 노천탕/전망탕을 언급한 후기다.,direct_readable,true,positive,body_positive,high,issue_caution_calibration_needed
tosyoan-agoda_api-967308265,Agoda API,Booking.com,"May 17, 2025",10.0,https://www.agoda.com/yufuin-onsen-toshoan_2/hotel/yufu-jp.html,ja,971591a50f,lodging_direct,False,,,,,숙박 경험 중심 후기다.,direct_readable,true,neutral,neutral_or_lodging_context,medium,issue_caution_calibration_needed
tosyoan-agoda_api-981303923,Agoda API,Agoda,"June 23, 2025",10.0,https://www.agoda.com/yufuin-onsen-toshoan_2/hotel/yufu-jp.html,en,915a280e94,lodging_direct,False,,,,,숙박 경험 중심 후기다.,direct_readable,true,neutral,neutral_or_lodging_context,medium,issue_caution_calibration_needed
tosyoan-agoda_api-962988276,Agoda API,Booking.com,"May 11, 2025",8.0,https://www.agoda.com/yufuin-onsen-toshoan_2/hotel/yufu-jp.html,ja,06963df554,lodging_direct,True,facility_wide,neutral,,温泉,숙소 온천을 넓게 언급한 후기다.,direct_readable,true,neutral,neutral_or_lodging_context,medium,issue_caution_calibration_needed
tosyoan-agoda_api-1059022404,Agoda API,Agoda,"December 12, 2025",8.8,https://www.agoda.com/yufuin-onsen-toshoan_2/hotel/yufu-jp.html,en,9dc39c787b,lodging_direct,True,facility_wide,water_texture;booking_confusion,booking_confusion,view;taxi,숙소 온천을 넓게 언급한 후기다; 유후다케 조망·수질 체감 표현이 붙는다; 송영·예약·안내 신호가 함께 보인다.,direct_readable,true,mixed,caution_or_issue_tag,high,issue_caution_calibration_needed
tosyoan-agoda_api-956015823,Agoda API,Booking.com,"April 17, 2025",10.0,https://www.agoda.com/yufuin-onsen-toshoan_2/hotel/yufu-jp.html,ja,8b70bb3a4d,lodging_direct,False,,,,,숙박 경험 중심 후기다.,direct_readable,true,neutral,neutral_or_lodging_context,medium,issue_caution_calibration_needed
tosyoan-agoda_api-1034013218,Agoda API,Agoda,"October 02, 2025",6.8,https://www.agoda.com/yufuin-onsen-toshoan_2/hotel/yufu-jp.html,en,c6d9b060c1,lodging_direct,False,,water_texture,,view,숙박 경험 중심 후기다; 유후다케 조망·수질 체감 표현이 붙는다.,direct_readable,true,positive,rating_positive_signal,medium,issue_caution_calibration_needed
tosyoan-agoda_api-956015825,Agoda API,Booking.com,"April 15, 2025",9.0,https://www.agoda.com/yufuin-onsen-toshoan_2/hotel/yufu-jp.html,ja,366c707adb,lodging_direct,True,facility_wide,neutral,,,숙소 온천을 넓게 언급한 후기다.,direct_readable,true,neutral,neutral_or_lodging_context,medium,issue_caution_calibration_needed
tosyoan-agoda_api-893605625,Agoda API,Agoda,"November 29, 2024",10.0,https://www.agoda.com/yufuin-onsen-toshoan_2/hotel/yufu-jp.html,en,d24a487f0d,lodging_direct,True,facility_wide,water_texture;booking_confusion,booking_confusion,hot spring;view;taxi,숙소 온천을 넓게 언급한 후기다; 유후다케 조망·수질 체감 표현이 붙는다; 송영·예약·안내 신호가 함께 보인다.,direct_readable,true,mixed,caution_or_issue_tag,high,issue_caution_calibration_needed
tosyoan-agoda_api-943973641,Agoda API,Booking.com,"April 04, 2025",10.0,https://www.agoda.com/yufuin-onsen-toshoan_2/hotel/yufu-jp.html,ja,164de7913e,lodging_direct,False,,,,,숙박 경험 중심 후기다.,direct_readable,true,neutral,neutral_or_lodging_context,medium,issue_caution_calibration_needed
tosyoan-agoda_api-820076887,Agoda API,Agoda,"June 18, 2024",8.0,https://www.agoda.com/yufuin-onsen-toshoan_2/hotel/yufu-jp.html,en,59d41114e1,lodging_direct,True,room_open_air_bath,room_bath_hot_spring,,private onsen;open-air bath,객실 노천탕/전망탕을 언급한 후기다.,direct_readable,true,positive,body_positive,high,issue_caution_calibration_needed
tosyoan-agoda_api-943973654,Agoda API,Booking.com,"March 11, 2025",10.0,https://www.agoda.com/yufuin-onsen-toshoan_2/hotel/yufu-jp.html,ja,484a4ece93,lodging_direct,False,,,,,숙박 경험 중심 후기다.,direct_readable,true,neutral,neutral_or_lodging_context,medium,issue_caution_calibration_needed
tosyoan-agoda_api-1080611775,Agoda API,Agoda,"March 07, 2026",10.0,https://www.agoda.com/yufuin-onsen-toshoan_2/hotel/yufu-jp.html,en,,lodging_direct,True,room_open_air_bath,room_bath_hot_spring;water_texture;booking_confusion,booking_confusion,private bath;view,객실 노천탕/전망탕을 언급한 후기다; 유후다케 조망·수질 체감 표현이 붙는다; 송영·예약·안내 신호가 함께 보인다.,direct_readable,true,mixed,caution_or_issue_tag,high,issue_caution_calibration_needed
tosyoan-agoda_api-933970471,Agoda API,Booking.com,"February 25, 2025",10.0,https://www.agoda.com/yufuin-onsen-toshoan_2/hotel/yufu-jp.html,ja,c2bf8cb1a1,lodging_direct,False,,,,,숙박 경험 중심 후기다.,direct_readable,true,neutral,neutral_or_lodging_context,medium,issue_caution_calibration_needed
tosyoan-agoda_api-1072711084,Agoda API,Agoda,"February 05, 2026",9.6,https://www.agoda.com/yufuin-onsen-toshoan_2/hotel/yufu-jp.html,en,e0049a6651,lodging_direct,True,facility_wide,booking_confusion,booking_confusion,hot spring;shuttle;taxi,숙소 온천을 넓게 언급한 후기다; 송영·예약·안내 신호가 함께 보인다.,direct_readable,true,mixed,caution_or_issue_tag,high,issue_caution_calibration_needed
tosyoan-agoda_api-895008592,Agoda API,Booking.com,"November 15, 2024",10.0,https://www.agoda.com/yufuin-onsen-toshoan_2/hotel/yufu-jp.html,ja,a28b422972,lodging_direct,True,facility_wide,neutral,,,숙소 온천을 넓게 언급한 후기다.,direct_readable,true,neutral,neutral_or_lodging_context,medium,issue_caution_calibration_needed
tosyoan-agoda_api-938266302,Agoda API,Agoda,"March 22, 2025",9.2,https://www.agoda.com/yufuin-onsen-toshoan_2/hotel/yufu-jp.html,en,622054d395,lodging_direct,True,room_open_air_bath,room_bath_hot_spring;booking_confusion,booking_confusion,hot spring;open-air bath;shuttle;taxi,객실 노천탕/전망탕을 언급한 후기다; 송영·예약·안내 신호가 함께 보인다.,direct_readable,true,mixed,caution_or_issue_tag,high,issue_caution_calibration_needed
tosyoan-agoda_api-895008593,Agoda API,Booking.com,"November 15, 2024",10.0,https://www.agoda.com/yufuin-onsen-toshoan_2/hotel/yufu-jp.html,ja,a28b422972,lodging_direct,True,facility_wide,neutral,,,숙소 온천을 넓게 언급한 후기다.,direct_readable,true,neutral,neutral_or_lodging_context,medium,issue_caution_calibration_needed
tosyoan-agoda_api-1003687657,Agoda API,Agoda,"August 04, 2025",9.2,https://www.agoda.com/yufuin-onsen-toshoan_2/hotel/yufu-jp.html,en,4935c0f02a,lodging_direct,True,facility_wide,water_texture,,hot spring;view,숙소 온천을 넓게 언급한 후기다; 유후다케 조망·수질 체감 표현이 붙는다.,direct_readable,true,positive,rating_positive_signal,medium,issue_caution_calibration_needed
tosyoan-agoda_api-895008587,Agoda API,Booking.com,"November 14, 2024",9.0,https://www.agoda.com/yufuin-onsen-toshoan_2/hotel/yufu-jp.html,ja,0887552572,lodging_direct,False,,,,,숙박 경험 중심 후기다.,direct_readable,true,neutral,neutral_or_lodging_context,medium,issue_caution_calibration_needed
tosyoan-agoda_api-1133664527,Agoda API,Agoda,"June 18, 2026",10.0,https://www.agoda.com/yufuin-onsen-toshoan_2/hotel/yufu-jp.html,en,503204c093,lodging_direct,False,,water_texture,,view,숙박 경험 중심 후기다; 유후다케 조망·수질 체감 표현이 붙는다.,direct_readable,true,positive,rating_positive_signal,medium,issue_caution_calibration_needed
tosyoan-agoda_api-855553627,Agoda API,Booking.com,"September 03, 2024",9.0,https://www.agoda.com/yufuin-onsen-toshoan_2/hotel/yufu-jp.html,ja,7403d2cff6,lodging_direct,False,,water_texture,,由布岳,숙박 경험 중심 후기다; 유후다케 조망·수질 체감 표현이 붙는다.,direct_readable,true,positive,rating_positive_signal,medium,issue_caution_calibration_needed
tosyoan-agoda_api-1037462891,Agoda API,Agoda,"October 09, 2025",10.0,https://www.agoda.com/yufuin-onsen-toshoan_2/hotel/yufu-jp.html,en,facdaa3e23,lodging_direct,False,,,,,숙박 경험 중심 후기다.,direct_readable,true,neutral,neutral_or_lodging_context,medium,issue_caution_calibration_needed
tosyoan-agoda_api-855553655,Agoda API,Booking.com,"August 18, 2024",10.0,https://www.agoda.com/yufuin-onsen-toshoan_2/hotel/yufu-jp.html,ja,436eebafd9,lodging_direct,False,,,,,숙박 경험 중심 후기다.,direct_readable,true,neutral,neutral_or_lodging_context,medium,issue_caution_calibration_needed
tosyoan-agoda_api-908777285,Agoda API,Agoda,"December 28, 2024",10.0,https://www.agoda.com/yufuin-onsen-toshoan_2/hotel/yufu-jp.html,en,56ceb16862,lodging_direct,False,,,,,숙박 경험 중심 후기다.,direct_readable,true,neutral,neutral_or_lodging_context,medium,issue_caution_calibration_needed
tosyoan-agoda_api-841224856,Agoda API,Booking.com,"July 20, 2024",10.0,https://www.agoda.com/yufuin-onsen-toshoan_2/hotel/yufu-jp.html,ja,84da1b73f7,lodging_direct,True,facility_wide,neutral,,,숙소 온천을 넓게 언급한 후기다.,direct_readable,true,neutral,neutral_or_lodging_context,medium,issue_caution_calibration_needed
tosyoan-agoda_api-904249949,Agoda API,Agoda,"December 16, 2024",9.2,https://www.agoda.com/yufuin-onsen-toshoan_2/hotel/yufu-jp.html,en,10ceaf20c7,lodging_direct,True,room_open_air_bath,room_bath_hot_spring,,private onsen,객실 노천탕/전망탕을 언급한 후기다.,direct_readable,true,positive,body_positive,high,issue_caution_calibration_needed
tosyoan-agoda_api-825637568,Agoda API,Booking.com,"June 26, 2024",7.0,https://www.agoda.com/yufuin-onsen-toshoan_2/hotel/yufu-jp.html,ja,868c9f5323,lodging_direct,False,,,,,숙박 경험 중심 후기다.,direct_readable,true,neutral,neutral_or_lodging_context,medium,issue_caution_calibration_needed
tosyoan-agoda_api-825423921,Agoda API,Agoda,"June 30, 2024",8.0,https://www.agoda.com/yufuin-onsen-toshoan_2/hotel/yufu-jp.html,en,24aa05536e,lodging_direct,True,room_open_air_bath,room_bath_hot_spring;water_texture,,private onsen;open-air bath;view,객실 노천탕/전망탕을 언급한 후기다; 유후다케 조망·수질 체감 표현이 붙는다.,direct_readable,true,positive,body_positive,high,issue_caution_calibration_needed
tosyoan-agoda_api-763685836,Agoda API,Booking.com,"January 15, 2024",8.0,https://www.agoda.com/yufuin-onsen-toshoan_2/hotel/yufu-jp.html,ja,6035877788,lodging_direct,False,,,,,숙박 경험 중심 후기다.,direct_readable,true,neutral,neutral_or_lodging_context,medium,issue_caution_calibration_needed
tosyoan-agoda_api-810161424,Agoda API,Agoda,"May 26, 2024",5.2,https://www.agoda.com/yufuin-onsen-toshoan_2/hotel/yufu-jp.html,en,ebee76b214,lodging_direct,True,room_open_air_bath,room_bath_hot_spring;water_texture;operation_caution,operation_caution,private onsen;view,객실 노천탕/전망탕을 언급한 후기다; 유후다케 조망·수질 체감 표현이 붙는다; 벌레·청결·동선 등 운영 주의가 보인다.,direct_readable,true,mixed,body_positive_and_negative,high,issue_caution_calibration_needed
tosyoan-agoda_api-763685832,Agoda API,Booking.com,"January 11, 2024",10.0,https://www.agoda.com/yufuin-onsen-toshoan_2/hotel/yufu-jp.html,ja,a77e7192bd,lodging_direct,False,,,,,숙박 경험 중심 후기다.,direct_readable,true,neutral,neutral_or_lodging_context,medium,issue_caution_calibration_needed
tosyoan-agoda_api-805849900,Agoda API,Agoda,"May 17, 2024",10.0,https://www.agoda.com/yufuin-onsen-toshoan_2/hotel/yufu-jp.html,en,68196a713b,lodging_direct,False,,,,,숙박 경험 중심 후기다.,direct_readable,true,neutral,neutral_or_lodging_context,medium,issue_caution_calibration_needed
tosyoan-agoda_api-756789181,Agoda API,Booking.com,"December 27, 2023",8.0,https://www.agoda.com/yufuin-onsen-toshoan_2/hotel/yufu-jp.html,ja,e7e312fea4,lodging_direct,False,,,,,숙박 경험 중심 후기다.,direct_readable,true,neutral,neutral_or_lodging_context,medium,issue_caution_calibration_needed
tosyoan-agoda_api-797671770,Agoda API,Agoda,"April 23, 2024",7.2,https://www.agoda.com/yufuin-onsen-toshoan_2/hotel/yufu-jp.html,en,80b5c367c5,lodging_direct,True,room_open_air_bath,room_bath_hot_spring;booking_confusion,booking_confusion,open-air bath;taxi,객실 노천탕/전망탕을 언급한 후기다; 송영·예약·안내 신호가 함께 보인다.,direct_readable,true,mixed,caution_or_issue_tag,high,issue_caution_calibration_needed
tosyoan-agoda_api-752538227,Agoda API,Booking.com,"December 03, 2023",9.0,https://www.agoda.com/yufuin-onsen-toshoan_2/hotel/yufu-jp.html,ja,ebee76b214,lodging_direct,False,,booking_confusion,booking_confusion,taxi,숙박 경험 중심 후기다; 송영·예약·안내 신호가 함께 보인다.,direct_readable,true,mixed,caution_or_issue_tag,high,issue_caution_calibration_needed
tosyoan-agoda_api-797506437,Agoda API,Agoda,"April 21, 2024",9.2,https://www.agoda.com/yufuin-onsen-toshoan_2/hotel/yufu-jp.html,en,8b70bb3a4d,lodging_direct,False,,water_texture;booking_confusion,booking_confusion,view;taxi,숙박 경험 중심 후기다; 유후다케 조망·수질 체감 표현이 붙는다; 송영·예약·안내 신호가 함께 보인다.,direct_readable,true,mixed,caution_or_issue_tag,high,issue_caution_calibration_needed
tosyoan-agoda_api-714942404,Agoda API,Booking.com,"September 05, 2023",8.0,https://www.agoda.com/yufuin-onsen-toshoan_2/hotel/yufu-jp.html,ja,d6a469f840,lodging_direct,False,,,,,숙박 경험 중심 후기다.,direct_readable,true,neutral,neutral_or_lodging_context,medium,issue_caution_calibration_needed
tosyoan-agoda_api-781546686,Agoda API,Agoda,"March 11, 2024",10.0,https://www.agoda.com/yufuin-onsen-toshoan_2/hotel/yufu-jp.html,en,e0049a6651,lodging_direct,True,room_open_air_bath,room_bath_hot_spring,,private onsen,객실 노천탕/전망탕을 언급한 후기다.,direct_readable,true,positive,body_positive,high,issue_caution_calibration_needed
tosyoan-agoda_api-1007318733,Agoda API,Booking.com,"August 06, 2025",9.0,https://www.agoda.com/yufuin-onsen-toshoan_2/hotel/yufu-jp.html,ko,fbf7d22876,lodging_direct,False,,,,,숙박 경험 중심 후기다.,direct_readable,true,neutral,neutral_or_lodging_context,medium,issue_caution_calibration_needed
tosyoan-agoda_api-777651548,Agoda API,Agoda,"March 01, 2024",9.2,https://www.agoda.com/yufuin-onsen-toshoan_2/hotel/yufu-jp.html,en,5db1d32030,lodging_direct,True,room_open_air_bath,room_bath_hot_spring,,private onsen,객실 노천탕/전망탕을 언급한 후기다.,direct_readable,true,positive,body_positive,high,issue_caution_calibration_needed
tosyoan-agoda_api-922930978,Agoda API,Booking.com,"January 31, 2025",8.0,https://www.agoda.com/yufuin-onsen-toshoan_2/hotel/yufu-jp.html,ko,7b37259e14,lodging_direct,False,,,,온천,숙박 경험 중심 후기다.,direct_readable,true,neutral,neutral_or_lodging_context,medium,issue_caution_calibration_needed
tosyoan-agoda_api-776845013,Agoda API,Agoda,"February 29, 2024",9.2,https://www.agoda.com/yufuin-onsen-toshoan_2/hotel/yufu-jp.html,ko,1ca964e0cb,lodging_direct,True,room_open_air_bath,room_bath_hot_spring,,private onsen,객실 노천탕/전망탕을 언급한 후기다.,direct_readable,true,positive,body_positive,high,issue_caution_calibration_needed
tosyoan-agoda_api-922930976,Agoda API,Booking.com,"January 10, 2025",10.0,https://www.agoda.com/yufuin-onsen-toshoan_2/hotel/yufu-jp.html,ko,584e60364d,lodging_direct,False,,,,,숙박 경험 중심 후기다.,direct_readable,true,neutral,neutral_or_lodging_context,medium,issue_caution_calibration_needed
tosyoan-agoda_api-754971017,Agoda API,Agoda,"December 27, 2023",10.0,https://www.agoda.com/yufuin-onsen-toshoan_2/hotel/yufu-jp.html,en,842c642b00,lodging_direct,False,,,,,숙박 경험 중심 후기다.,direct_readable,true,neutral,neutral_or_lodging_context,medium,issue_caution_calibration_needed
tosyoan-agoda_api-895008589,Agoda API,Booking.com,"November 10, 2024",10.0,https://www.agoda.com/yufuin-onsen-toshoan_2/hotel/yufu-jp.html,ko,641644adf2,lodging_direct,False,,,,온천,숙박 경험 중심 후기다.,direct_readable,true,neutral,neutral_or_lodging_context,medium,issue_caution_calibration_needed
tosyoan-agoda_api-754979481,Agoda API,Agoda,"December 27, 2023",9.2,https://www.agoda.com/yufuin-onsen-toshoan_2/hotel/yufu-jp.html,ja,11f688e4b6,lodging_direct,True,facility_wide,neutral,,温泉,숙소 온천을 넓게 언급한 후기다.,direct_readable,true,neutral,neutral_or_lodging_context,medium,issue_caution_calibration_needed
tosyoan-agoda_api-873248688,Agoda API,Booking.com,"September 18, 2024",8.0,https://www.agoda.com/yufuin-onsen-toshoan_2/hotel/yufu-jp.html,ko,b44265cc54,lodging_direct,False,,,,온천;택시,숙박 경험 중심 후기다.,direct_readable,true,neutral,neutral_or_lodging_context,medium,issue_caution_calibration_needed
tosyoan-agoda_api-754559983,Agoda API,Agoda,"December 26, 2023",7.2,https://www.agoda.com/yufuin-onsen-toshoan_2/hotel/yufu-jp.html,en,187037e1a3,lodging_direct,True,room_open_air_bath,room_bath_hot_spring;temperature_control,temperature_control,private onsen,객실 노천탕/전망탕을 언급한 후기다; 온도/계절 체감 신호가 있다.,direct_readable,true,mixed,caution_or_issue_tag,high,issue_caution_calibration_needed
tosyoan-agoda_api-855553607,Agoda API,Booking.com,"August 09, 2024",10.0,https://www.agoda.com/yufuin-onsen-toshoan_2/hotel/yufu-jp.html,ko,91b7ce38d4,lodging_direct,False,,,,온천;객실;택시,숙박 경험 중심 후기다.,direct_readable,true,neutral,neutral_or_lodging_context,medium,issue_caution_calibration_needed
tosyoan-agoda_api-743041922,Agoda API,Agoda,"November 22, 2023",9.2,https://www.agoda.com/yufuin-onsen-toshoan_2/hotel/yufu-jp.html,en,344f858466,lodging_direct,True,room_open_air_bath,room_bath_hot_spring,,private onsen,객실 노천탕/전망탕을 언급한 후기다.,direct_readable,true,positive,body_positive,high,issue_caution_calibration_needed
tosyoan-agoda_api-785048425,Agoda API,Booking.com,"March 11, 2024",8.0,https://www.agoda.com/yufuin-onsen-toshoan_2/hotel/yufu-jp.html,ko,8d6df9214b,lodging_direct,False,,,,택시,숙박 경험 중심 후기다.,direct_readable,true,neutral,neutral_or_lodging_context,medium,issue_caution_calibration_needed
tosyoan-agoda_api-698659868,Agoda API,Agoda,"August 23, 2023",10.0,https://www.agoda.com/yufuin-onsen-toshoan_2/hotel/yufu-jp.html,ko,1b526ef1bf,lodging_direct,True,room_open_air_bath,room_bath_hot_spring,,open-air bath,객실 노천탕/전망탕을 언급한 후기다.,direct_readable,true,positive,rating_positive_signal,medium,issue_caution_calibration_needed
tosyoan-agoda_api-1016706128,Agoda API,Booking.com,"January 19, 2026",10.0,https://www.agoda.com/yufuin-onsen-toshoan_2/hotel/yufu-jp.html,ja,2ecd17a073,lodging_direct,False,,,,,숙박 경험 중심 후기다.,direct_readable,true,neutral,neutral_or_lodging_context,medium,issue_caution_calibration_needed
tosyoan-agoda_api-660158547,Agoda API,Agoda,"June 06, 2023",10.0,https://www.agoda.com/yufuin-onsen-toshoan_2/hotel/yufu-jp.html,en,7f12e9e70a,lodging_direct,False,,booking_confusion,booking_confusion,taxi,숙박 경험 중심 후기다; 송영·예약·안내 신호가 함께 보인다.,direct_readable,true,mixed,caution_or_issue_tag,high,issue_caution_calibration_needed
tosyoan-agoda_api-1040273710,Agoda API,Booking.com,"October 08, 2025",10.0,https://www.agoda.com/yufuin-onsen-toshoan_2/hotel/yufu-jp.html,ja,35015dd23b,lodging_direct,False,,,,,숙박 경험 중심 후기다.,direct_readable,true,neutral,neutral_or_lodging_context,medium,issue_caution_calibration_needed
tosyoan-agoda_api-654012034,Agoda API,Agoda,"May 23, 2023",10.0,https://www.agoda.com/yufuin-onsen-toshoan_2/hotel/yufu-jp.html,en,34dcad2f32,lodging_direct,False,,water_texture,,view,숙박 경험 중심 후기다; 유후다케 조망·수질 체감 표현이 붙는다.,direct_readable,true,positive,rating_positive_signal,medium,issue_caution_calibration_needed
tosyoan-agoda_api-962988282,Agoda API,Booking.com,"April 30, 2025",10.0,https://www.agoda.com/yufuin-onsen-toshoan_2/hotel/yufu-jp.html,ja,9d69631548,lodging_direct,False,,water_texture,,由布岳,숙박 경험 중심 후기다; 유후다케 조망·수질 체감 표현이 붙는다.,direct_readable,true,positive,rating_positive_signal,medium,issue_caution_calibration_needed
tosyoan-agoda_api-652731827,Agoda API,Agoda,"May 20, 2023",8.8,https://www.agoda.com/yufuin-onsen-toshoan_2/hotel/yufu-jp.html,en,ef3ee5bb46,lodging_direct,False,,water_texture,,view,숙박 경험 중심 후기다; 유후다케 조망·수질 체감 표현이 붙는다.,direct_readable,true,positive,rating_positive_signal,medium,issue_caution_calibration_needed
tosyoan-agoda_api-651201378,Agoda API,Agoda,"May 17, 2023",10.0,https://www.agoda.com/yufuin-onsen-toshoan_2/hotel/yufu-jp.html,en,3307b73369,lodging_direct,False,,,,,숙박 경험 중심 후기다.,direct_readable,true,neutral,neutral_or_lodging_context,medium,issue_caution_calibration_needed
tosyoan-agoda_api-1052498953,Agoda API,Booking.com,"November 12, 2025",10.0,https://www.agoda.com/yufuin-onsen-toshoan_2/hotel/yufu-jp.html,en,347a1e2bc9,lodging_direct,False,,,,,숙박 경험 중심 후기다.,direct_readable,true,neutral,neutral_or_lodging_context,medium,issue_caution_calibration_needed
tosyoan-agoda_api-651186816,Agoda API,Agoda,"May 17, 2023",9.6,https://www.agoda.com/yufuin-onsen-toshoan_2/hotel/yufu-jp.html,en,3307b73369,lodging_direct,False,,water_texture;booking_confusion,booking_confusion,view;taxi,숙박 경험 중심 후기다; 유후다케 조망·수질 체감 표현이 붙는다; 송영·예약·안내 신호가 함께 보인다.,direct_readable,true,mixed,caution_or_issue_tag,high,issue_caution_calibration_needed
tosyoan-agoda_api-974392491,Agoda API,Booking.com,"June 04, 2025",10.0,https://www.agoda.com/yufuin-onsen-toshoan_2/hotel/yufu-jp.html,en,1cf5222795,lodging_direct,False,,,,,숙박 경험 중심 후기다.,direct_readable,true,neutral,neutral_or_lodging_context,medium,issue_caution_calibration_needed
tosyoan-agoda_api-640929062,Agoda API,Agoda,"April 27, 2023",9.2,https://www.agoda.com/yufuin-onsen-toshoan_2/hotel/yufu-jp.html,en,5679d1cbe2,lodging_direct,True,room_open_air_bath,room_bath_hot_spring,,private bath,객실 노천탕/전망탕을 언급한 후기다.,direct_readable,true,positive,rating_positive_signal,medium,issue_caution_calibration_needed
tosyoan-agoda_api-1140554850,Agoda API,Booking.com,"June 30, 2026",8.0,https://www.agoda.com/yufuin-onsen-toshoan_2/hotel/yufu-jp.html,en,dacaeb8fa6,lodging_direct,False,,operation_caution,operation_caution,,숙박 경험 중심 후기다; 벌레·청결·동선 등 운영 주의가 보인다.,direct_readable,true,mixed,body_negative_with_context,high,issue_caution_calibration_needed
tosyoan-agoda_api-628845370,Agoda API,Agoda,"April 08, 2023",10.0,https://www.agoda.com/yufuin-onsen-toshoan_2/hotel/yufu-jp.html,en,7541be0187,lodging_direct,False,,,,,숙박 경험 중심 후기다.,direct_readable,true,neutral,neutral_or_lodging_context,medium,issue_caution_calibration_needed
tosyoan-agoda_api-1126042751,Agoda API,Booking.com,"May 24, 2026",10.0,https://www.agoda.com/yufuin-onsen-toshoan_2/hotel/yufu-jp.html,en,1200703571,lodging_direct,False,,,,,숙박 경험 중심 후기다.,direct_readable,true,neutral,neutral_or_lodging_context,medium,issue_caution_calibration_needed
tosyoan-agoda_api-628845398,Agoda API,Agoda,"April 08, 2023",10.0,https://www.agoda.com/yufuin-onsen-toshoan_2/hotel/yufu-jp.html,en,7541be0187,lodging_direct,False,,,,,숙박 경험 중심 후기다.,direct_readable,true,neutral,neutral_or_lodging_context,medium,issue_caution_calibration_needed
tosyoan-agoda_api-1113409841,Agoda API,Booking.com,"April 29, 2026",9.0,https://www.agoda.com/yufuin-onsen-toshoan_2/hotel/yufu-jp.html,en,5ccd566f36,lodging_direct,True,facility_wide,water_texture;temperature_control,temperature_control,view,숙소 온천을 넓게 언급한 후기다; 유후다케 조망·수질 체감 표현이 붙는다; 온도/계절 체감 신호가 있다.,direct_readable,true,mixed,caution_or_issue_tag,high,issue_caution_calibration_needed
tosyoan-agoda_api-626112181,Agoda API,Agoda,"March 30, 2023",9.6,https://www.agoda.com/yufuin-onsen-toshoan_2/hotel/yufu-jp.html,en,a16f080ecc,lodging_direct,False,,water_texture,,view,숙박 경험 중심 후기다; 유후다케 조망·수질 체감 표현이 붙는다.,direct_readable,true,positive,rating_positive_signal,medium,issue_caution_calibration_needed
tosyoan-agoda_api-1107147108,Agoda API,Booking.com,"April 14, 2026",8.0,https://www.agoda.com/yufuin-onsen-toshoan_2/hotel/yufu-jp.html,en,4d67d97c3e,lodging_direct,True,facility_wide,neutral,,,숙소 온천을 넓게 언급한 후기다.,direct_readable,true,neutral,neutral_or_lodging_context,medium,issue_caution_calibration_needed
tosyoan-agoda_api-593524164,Agoda API,Agoda,"February 06, 2023",8.0,https://www.agoda.com/yufuin-onsen-toshoan_2/hotel/yufu-jp.html,en,aef36502d6,lodging_direct,True,facility_wide,operation_caution,operation_caution,,숙소 온천을 넓게 언급한 후기다; 벌레·청결·동선 등 운영 주의가 보인다.,direct_readable,true,mixed,body_negative_with_context,high,issue_caution_calibration_needed
tosyoan-agoda_api-1107147114,Agoda API,Booking.com,"April 12, 2026",10.0,https://www.agoda.com/yufuin-onsen-toshoan_2/hotel/yufu-jp.html,en,396bd07890,lodging_direct,True,facility_wide,water_texture,,hot spring;view,숙소 온천을 넓게 언급한 후기다; 유후다케 조망·수질 체감 표현이 붙는다.,direct_readable,true,positive,rating_positive_signal,medium,issue_caution_calibration_needed
tosyoan-agoda_api-965549806,Agoda API,Agoda,"May 17, 2025",9.2,https://www.agoda.com/yufuin-onsen-toshoan_2/hotel/yufu-jp.html,en,49cba500f2,lodging_direct,False,,water_texture,,view,숙박 경험 중심 후기다; 유후다케 조망·수질 체감 표현이 붙는다.,direct_readable,true,positive,rating_positive_signal,medium,issue_caution_calibration_needed
tosyoan-agoda_api-1078510768,Agoda API,Booking.com,"February 07, 2026",10.0,https://www.agoda.com/yufuin-onsen-toshoan_2/hotel/yufu-jp.html,en,bd6658dc07,lodging_direct,True,facility_wide,water_texture,,view,숙소 온천을 넓게 언급한 후기다; 유후다케 조망·수질 체감 표현이 붙는다.,direct_readable,true,positive,rating_positive_signal,medium,issue_caution_calibration_needed
tosyoan-agoda_api-900705196,Agoda API,Agoda,"December 03, 2024",10.0,https://www.agoda.com/yufuin-onsen-toshoan_2/hotel/yufu-jp.html,en,532ac5ba15,lodging_direct,True,room_open_air_bath,room_bath_hot_spring,,private bath,객실 노천탕/전망탕을 언급한 후기다.,direct_readable,true,positive,rating_positive_signal,medium,issue_caution_calibration_needed
tosyoan-agoda_api-1046679893,Agoda API,Booking.com,"October 31, 2025",5.0,https://www.agoda.com/yufuin-onsen-toshoan_2/hotel/yufu-jp.html,en,31176daadb,lodging_direct,False,,water_texture,,view;Mt. Yufu,숙박 경험 중심 후기다; 유후다케 조망·수질 체감 표현이 붙는다.,direct_readable,true,positive,rating_positive_signal,medium,issue_caution_calibration_needed
tosyoan-agoda_api-897736297,Agoda API,Agoda,"November 23, 2024",10.0,https://www.agoda.com/yufuin-onsen-toshoan_2/hotel/yufu-jp.html,en,f671ac3aee,lodging_direct,False,,,,,숙박 경험 중심 후기다.,direct_readable,true,neutral,neutral_or_lodging_context,medium,issue_caution_calibration_needed
tosyoan-agoda_api-1046679900,Agoda API,Booking.com,"October 19, 2025",3.0,https://www.agoda.com/yufuin-onsen-toshoan_2/hotel/yufu-jp.html,en,1219733eea,lodging_direct,True,facility_wide,booking_confusion;operation_caution,booking_confusion;operation_caution,taxi,숙소 온천을 넓게 언급한 후기다; 송영·예약·안내 신호가 함께 보인다; 벌레·청결·동선 등 운영 주의가 보인다.,direct_readable,true,mixed,body_negative_with_context,high,issue_caution_calibration_needed
tosyoan-agoda_api-797949826,Agoda API,Agoda,"April 27, 2024",10.0,https://www.agoda.com/yufuin-onsen-toshoan_2/hotel/yufu-jp.html,en,cbd1cabda8,lodging_direct,True,room_open_air_bath,room_bath_hot_spring,,private onsen;open-air bath,객실 노천탕/전망탕을 언급한 후기다.,direct_readable,true,positive,body_positive,high,issue_caution_calibration_needed
tosyoan-agoda_api-1033761682,Agoda API,Booking.com,"September 18, 2025",10.0,https://www.agoda.com/yufuin-onsen-toshoan_2/hotel/yufu-jp.html,en,b7343ba03b,lodging_direct,True,room_open_air_bath,room_bath_hot_spring;water_texture,,view,객실 노천탕/전망탕을 언급한 후기다; 유후다케 조망·수질 체감 표현이 붙는다.,direct_readable,true,positive,rating_positive_signal,medium,issue_caution_calibration_needed
tosyoan-agoda_api-779080297,Agoda API,Agoda,"March 03, 2024",10.0,https://www.agoda.com/yufuin-onsen-toshoan_2/hotel/yufu-jp.html,en,a6f0edc895,lodging_direct,True,room_open_air_bath,room_bath_hot_spring;water_texture;temperature_control,temperature_control,hot spring;open-air bath;view,객실 노천탕/전망탕을 언급한 후기다; 유후다케 조망·수질 체감 표현이 붙는다; 온도/계절 체감 신호가 있다.,direct_readable,true,mixed,caution_or_issue_tag,high,issue_caution_calibration_needed
tosyoan-agoda_api-974392495,Agoda API,Booking.com,"June 01, 2025",8.0,https://www.agoda.com/yufuin-onsen-toshoan_2/hotel/yufu-jp.html,en,cb2614acf3,lodging_direct,True,room_open_air_bath,room_bath_hot_spring,,private onsen,객실 노천탕/전망탕을 언급한 후기다.,direct_readable,true,positive,body_positive,high,issue_caution_calibration_needed
tosyoan-agoda_api-770899003,Agoda API,Agoda,"February 10, 2024",10.0,https://www.agoda.com/yufuin-onsen-toshoan_2/hotel/yufu-jp.html,en,528f61a743,lodging_direct,True,room_open_air_bath,room_bath_hot_spring;water_texture,,private onsen;view,객실 노천탕/전망탕을 언급한 후기다; 유후다케 조망·수질 체감 표현이 붙는다.,direct_readable,true,positive,body_positive,high,issue_caution_calibration_needed
tosyoan-agoda_api-962988277,Agoda API,Booking.com,"May 11, 2025",10.0,https://www.agoda.com/yufuin-onsen-toshoan_2/hotel/yufu-jp.html,en,e083612b4a,lodging_direct,False,,water_texture,,view,숙박 경험 중심 후기다; 유후다케 조망·수질 체감 표현이 붙는다.,direct_readable,true,positive,rating_positive_signal,medium,issue_caution_calibration_needed
tosyoan-agoda_api-767228912,Agoda API,Agoda,"January 30, 2024",10.0,https://www.agoda.com/yufuin-onsen-toshoan_2/hotel/yufu-jp.html,en,d22bd05f52,lodging_direct,True,room_open_air_bath,room_bath_hot_spring;water_texture;temperature_control;booking_confusion;operation_caution,temperature_control;booking_confusion;operation_caution,hot spring;view;taxi,객실 노천탕/전망탕을 언급한 후기다; 유후다케 조망·수질 체감 표현이 붙는다; 온도/계절 체감 신호가 있다; 송영·예약·안내 신호가 함께 보인다; 벌레·청결·동선 등 운영 주의가 보인다.,direct_readable,true,mixed,body_negative_with_context,high,issue_caution_calibration_needed
tosyoan-agoda_api-962988278,Agoda API,Booking.com,"May 07, 2025",10.0,https://www.agoda.com/yufuin-onsen-toshoan_2/hotel/yufu-jp.html,en,9662663553,lodging_direct,False,,,,,숙박 경험 중심 후기다.,direct_readable,true,neutral,neutral_or_lodging_context,medium,issue_caution_calibration_needed
tosyoan-agoda_api-766144062,Agoda API,Agoda,"January 23, 2024",9.6,https://www.agoda.com/yufuin-onsen-toshoan_2/hotel/yufu-jp.html,en,bb50c05500,lodging_direct,False,,,,,숙박 경험 중심 후기다.,direct_readable,true,neutral,neutral_or_lodging_context,medium,issue_caution_calibration_needed
tosyoan-agoda_api-962988280,Agoda API,Booking.com,"May 02, 2025",9.0,https://www.agoda.com/yufuin-onsen-toshoan_2/hotel/yufu-jp.html,en,25b29846d9,lodging_direct,True,facility_wide,neutral,,,숙소 온천을 넓게 언급한 후기다.,direct_readable,true,neutral,neutral_or_lodging_context,medium,issue_caution_calibration_needed
tosyoan-agoda_api-751513558,Agoda API,Agoda,"December 18, 2023",10.0,https://www.agoda.com/yufuin-onsen-toshoan_2/hotel/yufu-jp.html,en,c9cd340ebe,lodging_direct,True,facility_wide,neutral,,hot spring,숙소 온천을 넓게 언급한 후기다.,direct_readable,true,neutral,neutral_or_lodging_context,medium,issue_caution_calibration_needed
tosyoan-agoda_api-956015822,Agoda API,Booking.com,"April 23, 2025",10.0,https://www.agoda.com/yufuin-onsen-toshoan_2/hotel/yufu-jp.html,en,d38efd8117,lodging_direct,True,room_open_air_bath,room_bath_hot_spring;water_texture,,private onsen;view,객실 노천탕/전망탕을 언급한 후기다; 유후다케 조망·수질 체감 표현이 붙는다.,direct_readable,true,positive,body_positive,high,issue_caution_calibration_needed
tosyoan-agoda_api-750885599,Agoda API,Agoda,"December 17, 2023",10.0,https://www.agoda.com/yufuin-onsen-toshoan_2/hotel/yufu-jp.html,en,8c4bc22dad,lodging_direct,True,room_open_air_bath;public_bath,room_bath_hot_spring;booking_confusion,booking_confusion,hot spring;open-air bath;taxi,객실 노천탕/전망탕을 언급한 후기다; 송영·예약·안내 신호가 함께 보인다.,direct_readable,true,mixed,caution_or_issue_tag,high,issue_caution_calibration_needed
tosyoan-agoda_api-943973650,Agoda API,Booking.com,"March 22, 2025",10.0,https://www.agoda.com/yufuin-onsen-toshoan_2/hotel/yufu-jp.html,en,46b089a319,lodging_direct,True,room_open_air_bath,room_bath_hot_spring;water_texture;operation_caution,operation_caution,private onsen;view,객실 노천탕/전망탕을 언급한 후기다; 유후다케 조망·수질 체감 표현이 붙는다; 벌레·청결·동선 등 운영 주의가 보인다.,direct_readable,true,mixed,body_positive_and_negative,high,issue_caution_calibration_needed
tosyoan-agoda_api-748019533,Agoda API,Agoda,"December 06, 2023",10.0,https://www.agoda.com/yufuin-onsen-toshoan_2/hotel/yufu-jp.html,en,1b164ffe01,lodging_direct,True,facility_wide,booking_confusion,booking_confusion,hot spring;taxi,숙소 온천을 넓게 언급한 후기다; 송영·예약·안내 신호가 함께 보인다.,direct_readable,true,mixed,caution_or_issue_tag,high,issue_caution_calibration_needed
tosyoan-agoda_api-943973651,Agoda API,Booking.com,"March 19, 2025",10.0,https://www.agoda.com/yufuin-onsen-toshoan_2/hotel/yufu-jp.html,en,383ea5b2a0,lodging_direct,True,facility_wide,water_texture;booking_confusion,booking_confusion,view;taxi,숙소 온천을 넓게 언급한 후기다; 유후다케 조망·수질 체감 표현이 붙는다; 송영·예약·안내 신호가 함께 보인다.,direct_readable,true,mixed,caution_or_issue_tag,high,issue_caution_calibration_needed
tosyoan-agoda_api-724333494,Agoda API,Agoda,"October 22, 2023",9.6,https://www.agoda.com/yufuin-onsen-toshoan_2/hotel/yufu-jp.html,en,f8c38b2167,lodging_direct,False,,,,,숙박 경험 중심 후기다.,direct_readable,true,neutral,neutral_or_lodging_context,medium,issue_caution_calibration_needed
tosyoan-agoda_api-943973659,Agoda API,Booking.com,"March 10, 2025",8.0,https://www.agoda.com/yufuin-onsen-toshoan_2/hotel/yufu-jp.html,en,1d37e2f1c8,lodging_direct,False,,,,,숙박 경험 중심 후기다.,direct_readable,true,neutral,neutral_or_lodging_context,medium,issue_caution_calibration_needed
tosyoan-agoda_api-712666779,Agoda API,Agoda,"September 16, 2023",10.0,https://www.agoda.com/yufuin-onsen-toshoan_2/hotel/yufu-jp.html,en,7403d2cff6,lodging_direct,True,facility_wide,water_texture;booking_confusion;operation_caution,booking_confusion;operation_caution,hot spring;view;taxi,숙소 온천을 넓게 언급한 후기다; 유후다케 조망·수질 체감 표현이 붙는다; 송영·예약·안내 신호가 함께 보인다; 벌레·청결·동선 등 운영 주의가 보인다.,direct_readable,true,mixed,body_negative_with_context,high,issue_caution_calibration_needed
tosyoan-agoda_api-943973668,Agoda API,Booking.com,"March 04, 2025",8.0,https://www.agoda.com/yufuin-onsen-toshoan_2/hotel/yufu-jp.html,en,a69d964011,lodging_direct,True,facility_wide,water_texture,,view,숙소 온천을 넓게 언급한 후기다; 유후다케 조망·수질 체감 표현이 붙는다.,direct_readable,true,positive,rating_positive_signal,medium,issue_caution_calibration_needed
tosyoan-agoda_api-707241666,Agoda API,Agoda,"September 07, 2023",10.0,https://www.agoda.com/yufuin-onsen-toshoan_2/hotel/yufu-jp.html,en,a7c788781a,lodging_direct,True,room_open_air_bath,room_bath_hot_spring;water_texture;booking_confusion,booking_confusion,private onsen;view;Mt. Yufu;taxi,객실 노천탕/전망탕을 언급한 후기다; 유후다케 조망·수질 체감 표현이 붙는다; 송영·예약·안내 신호가 함께 보인다.,direct_readable,true,mixed,caution_or_issue_tag,high,issue_caution_calibration_needed
tosyoan-agoda_api-910485409,Agoda API,Booking.com,"December 23, 2024",10.0,https://www.agoda.com/yufuin-onsen-toshoan_2/hotel/yufu-jp.html,en,97aeff69ab,lodging_direct,True,room_open_air_bath,room_bath_hot_spring;water_texture,,private onsen;view,객실 노천탕/전망탕을 언급한 후기다; 유후다케 조망·수질 체감 표현이 붙는다.,direct_readable,true,positive,body_positive,high,issue_caution_calibration_needed
tosyoan-agoda_api-635345400,Agoda API,Agoda,"April 19, 2023",9.6,https://www.agoda.com/yufuin-onsen-toshoan_2/hotel/yufu-jp.html,en,620c6a9170,lodging_direct,True,facility_wide,water_texture;booking_confusion,booking_confusion,view;taxi,숙소 온천을 넓게 언급한 후기다; 유후다케 조망·수질 체감 표현이 붙는다; 송영·예약·안내 신호가 함께 보인다.,direct_readable,true,mixed,caution_or_issue_tag,high,issue_caution_calibration_needed
tosyoan-agoda_api-904850161,Agoda API,Booking.com,"December 11, 2024",9.0,https://www.agoda.com/yufuin-onsen-toshoan_2/hotel/yufu-jp.html,en,39416a0d49,lodging_direct,False,,,,,숙박 경험 중심 후기다.,direct_readable,true,neutral,neutral_or_lodging_context,medium,issue_caution_calibration_needed
tosyoan-agoda_api-626087807,Agoda API,Agoda,"March 30, 2023",9.6,https://www.agoda.com/yufuin-onsen-toshoan_2/hotel/yufu-jp.html,en,429fd92e21,lodging_direct,True,room_open_air_bath,room_bath_hot_spring;water_texture;booking_confusion,booking_confusion,private onsen;view;taxi,객실 노천탕/전망탕을 언급한 후기다; 유후다케 조망·수질 체감 표현이 붙는다; 송영·예약·안내 신호가 함께 보인다.,direct_readable,true,mixed,caution_or_issue_tag,high,issue_caution_calibration_needed
tosyoan-agoda_api-855553589,Agoda API,Booking.com,"August 01, 2024",5.0,https://www.agoda.com/yufuin-onsen-toshoan_2/hotel/yufu-jp.html,en,133552ebfb,lodging_direct,False,,,,,숙박 경험 중심 후기다.,direct_readable,true,neutral,neutral_or_lodging_context,medium,issue_caution_calibration_needed
tosyoan-google_maps-001,Google Maps,Google-native,2개월 전,5,https://www.google.com/maps/search/%E7%94%B1%E5%B8%83%E9%99%A2%E6%B8%A9%E6%B3%89+%E6%9D%B1%E5%8C%A0%E5%BA%B5,ko,9fbb45a97b,lodging_direct,False,,,,객실;창밖 풍경,"객실과 창밖 풍경, 식사 만족을 남긴 최신 한국어 후기.",direct_readable_aside_browser,true,positive,body_positive,high,issue_caution_calibration_needed
tosyoan-google_maps-002,Google Maps,Google-native,4개월 전,5,https://www.google.com/maps/search/%E7%94%B1%E5%B8%83%E9%99%A2%E6%B8%A9%E6%B3%89+%E6%9D%B1%E5%8C%A0%E5%BA%B5,ko,b86bc225bc,lodging_direct,False,,,,별관;가족만의 공간;조용함,별관 객실 체류와 조용한 소규모 료칸 경험을 남긴 후기.,direct_readable_aside_browser,true,neutral,neutral_or_lodging_context,medium,issue_caution_calibration_needed
tosyoan-google_maps-003,Google Maps,Google-native,5개월 전,5,https://www.google.com/maps/search/%E7%94%B1%E5%B8%83%E9%99%A2%E6%B8%A9%E6%B3%89+%E6%9D%B1%E5%8C%A0%E5%BA%B5,ko,5d5b54a740,lodging_direct,False,,booking_confusion,access_or_taxi,택시;거리;음식,"역에서 거리와 택시 이용, 식사 만족을 함께 언급한 후기.",direct_readable_aside_browser,true,mixed,caution_or_issue_tag,high,issue_caution_calibration_needed
tosyoan-google_maps-004,Google Maps,Google-native,6개월 전,5,https://www.google.com/maps/search/%E7%94%B1%E5%B8%83%E9%99%A2%E6%B8%A9%E6%B3%89+%E6%9D%B1%E5%8C%A0%E5%BA%B5,ko,0e49a3b3fd,lodging_direct,False,,,,방사이즈;가이세키;무료음료,"객실 크기와 식사, 무료음료 만족을 남긴 후기.",direct_readable_aside_browser,true,positive,body_positive,high,issue_caution_calibration_needed
tosyoan-google_maps-005,Google Maps,Google-native,1년 전,1,https://www.google.com/maps/search/%E7%94%B1%E5%B8%83%E9%99%A2%E6%B8%A9%E6%B3%89+%E6%9D%B1%E5%8C%A0%E5%BA%B5,ko,e0847664c7,lodging_direct,False,,operation_caution,expectation_or_service_gap,접객;재방문;아쉬움,재방문 저평점 표본으로 접객 아쉬움을 남긴 후기.,direct_readable_aside_browser,true,mixed,caution_or_issue_tag,high,issue_caution_calibration_needed
tosyoan-google_maps-006,Google Maps,Google-native,1년 전,5,https://www.google.com/maps/search/%E7%94%B1%E5%B8%83%E9%99%A2%E6%B8%A9%E6%B3%89+%E6%9D%B1%E5%8C%A0%E5%BA%B5,ko,d2f1ae1c55,lodging_direct,True,room_bath,room_bath_hot_spring;booking_confusion,access_or_taxi,대욕장 없이;방마다 프라이빗 온천;택시,대욕장 없이 방마다 프라이빗 온천이 있다는 한국어 직접 신호.,direct_readable_aside_browser,true,mixed,caution_or_issue_tag,high,issue_caution_calibration_needed
tosyoan-google_maps-007,Google Maps,Google-native,11개월 전,5,https://www.google.com/maps/search/%E7%94%B1%E5%B8%83%E9%99%A2%E6%B8%A9%E6%B3%89+%E6%9D%B1%E5%8C%A0%E5%BA%B5,ko,9d0eb3ad55,lodging_direct,True,room_bath,room_bath_hot_spring;water_texture,,개별욕탕;룸컨디션;뷰,"룸컨디션과 개별욕탕, 전망 만족이 함께 나타난 후기.",direct_readable_aside_browser,true,positive,body_positive,high,issue_caution_calibration_needed
tosyoan-google_maps-008,Google Maps,Google-native,1년 전,5,https://www.google.com/maps/search/%E7%94%B1%E5%B8%83%E9%99%A2%E6%B8%A9%E6%B3%89+%E6%9D%B1%E5%8C%A0%E5%BA%B5,ko,72d8d595be,lodging_direct,True,room_bath,room_bath_hot_spring;water_texture,,온천;뷰;구름,온천에서 보이는 전망과 식사 만족을 남긴 후기.,direct_readable_aside_browser,true,positive,body_positive,high,issue_caution_calibration_needed
tosyoan-google_maps-009,Google Maps,Google-native,3년 전,5,https://www.google.com/maps/search/%E7%94%B1%E5%B8%83%E9%99%A2%E6%B8%A9%E6%B3%89+%E6%9D%B1%E5%8C%A0%E5%BA%B5,ko,1c8fa30c8f,lodging_direct,True,room_bath,room_bath_hot_spring,,개인탕;방 개수 적음;위치,개인탕이 딸린 방과 조용한 소규모 숙소 맥락을 남긴 후기.,direct_readable_aside_browser,true,positive,rating_positive_signal,medium,issue_caution_calibration_needed
tosyoan-google_maps-010,Google Maps,Google-native,1년 전,5,https://www.google.com/maps/search/%E7%94%B1%E5%B8%83%E9%99%A2%E6%B8%A9%E6%B3%89+%E6%9D%B1%E5%8C%A0%E5%BA%B5,ko,893d3f356b,lodging_direct,False,,water_texture,,유후다케산;객실,객실 상태와 유후다케 조망 만족을 남긴 후기.,direct_readable_aside_browser,true,positive,body_positive,high,issue_caution_calibration_needed
tosyoan-google_maps-011,Google Maps,Google-native,2년 전,5,https://www.google.com/maps/search/%E7%94%B1%E5%B8%83%E9%99%A2%E6%B8%A9%E6%B3%89+%E6%9D%B1%E5%8C%A0%E5%BA%B5,ko,3f95257b5d,lodging_direct,False,,water_texture,,전망;숙소 편리,"전망과 숙소 편의, 식사 만족을 남긴 후기.",direct_readable_aside_browser,true,positive,body_positive,high,issue_caution_calibration_needed
tosyoan-google_maps-012,Google Maps,Google-native,8년 전,4,https://www.google.com/maps/search/%E7%94%B1%E5%B8%83%E9%99%A2%E6%B8%A9%E6%B3%89+%E6%9D%B1%E5%8C%A0%E5%BA%B5,ko,c219873f5e,lodging_direct,True,room_bath;room_open_air_bath,room_bath_hot_spring,,노천탕은 없고;객실별 개인탕,노천탕 기대와 달리 객실별 개인탕이라는 구분 신호를 남긴 후기.,direct_readable_aside_browser,true,positive,rating_positive_signal,medium,issue_caution_calibration_needed
tosyoan-google_maps-013,Google Maps,Google-native,6년 전,5,https://www.google.com/maps/search/%E7%94%B1%E5%B8%83%E9%99%A2%E6%B8%A9%E6%B3%89+%E6%9D%B1%E5%8C%A0%E5%BA%B5,ko,fb926abe40,lodging_direct,False,,water_texture;booking_confusion,access_or_taxi,길;간판;유후다케,"도착 동선과 유후다케 조망, 식사 좌식 주의를 남긴 후기.",direct_readable_aside_browser,true,mixed,caution_or_issue_tag,high,issue_caution_calibration_needed
tosyoan-google_maps-014,Google Maps,Google-native,3년 전,5,https://www.google.com/maps/search/%E7%94%B1%E5%B8%83%E9%99%A2%E6%B8%A9%E6%B3%89+%E6%9D%B1%E5%8C%A0%E5%BA%B5,ko,5c2dcad032,lodging_direct,True,room_bath,room_bath_hot_spring,,객실내 온천;창문열고,객실내 온천 이용 만족을 직접 남긴 후기.,direct_readable_aside_browser,true,positive,body_positive,high,issue_caution_calibration_needed
tosyoan-google_maps-015,Google Maps,Google-native,8년 전,3,https://www.google.com/maps/search/%E7%94%B1%E5%B8%83%E9%99%A2%E6%B8%A9%E6%B3%89+%E6%9D%B1%E5%8C%A0%E5%BA%B5,ko,6c8f343ebc,lodging_direct,True,room_bath;room_open_air_bath,room_bath_hot_spring;water_texture;operation_caution,expectation_or_service_gap,노천온천이아닌;실내온천;뷰 사라짐,리모델링 뒤 노천온천 기대와 실내온천 체감 차이를 남긴 후기.,direct_readable_aside_browser,true,mixed,caution_or_issue_tag,high,issue_caution_calibration_needed
tosyoan-google_maps-016,Google Maps,Google-native,6년 전,5,https://www.google.com/maps/search/%E7%94%B1%E5%B8%83%E9%99%A2%E6%B8%A9%E6%B3%89+%E6%9D%B1%E5%8C%A0%E5%BA%B5,ko,81e7ff8767,lodging_direct,False,,,,한국인 직원;식사,한국인 직원과 식사 만족을 남긴 후기.,direct_readable_aside_browser,true,positive,body_positive,high,issue_caution_calibration_needed
tosyoan-google_maps-017,Google Maps,Google-native,6년 전,5,https://www.google.com/maps/search/%E7%94%B1%E5%B8%83%E9%99%A2%E6%B8%A9%E6%B3%89+%E6%9D%B1%E5%8C%A0%E5%BA%B5,ko,8920a75230,lodging_direct,False,,,,프라이빗한공간;재방문,프라이빗한 공간성과 재방문 의사를 남긴 후기.,direct_readable_aside_browser,true,positive,body_positive,high,issue_caution_calibration_needed
tosyoan-google_maps-018,Google Maps,Google-native,6년 전,5,https://www.google.com/maps/search/%E7%94%B1%E5%B8%83%E9%99%A2%E6%B8%A9%E6%B3%89+%E6%9D%B1%E5%8C%A0%E5%BA%B5,ko,7f994a35fe,lodging_direct,False,,,,한국인 직원;고급 료칸,한국인 직원과 고급 료칸 체감을 남긴 후기.,direct_readable_aside_browser,true,neutral,neutral_or_lodging_context,medium,issue_caution_calibration_needed
tosyoan-google_maps-019,Google Maps,Google-native,3개월 전,5,https://www.google.com/maps/search/%E7%94%B1%E5%B8%83%E9%99%A2%E6%B8%A9%E6%B3%89+%E6%9D%B1%E5%8C%A0%E5%BA%B5,ko,9b17a3935e,lodging_direct,False,,,,객실;전철;풍경,최근 한국어 후기로 객실 풍경과 식사 만족을 남긴 후기.,direct_readable_aside_browser,true,positive,body_positive,high,issue_caution_calibration_needed
tosyoan-google_maps-020,Google Maps,Google-native,4개월 전,5,https://www.google.com/maps/search/%E7%94%B1%E5%B8%83%E9%99%A2%E6%B8%A9%E6%B3%89+%E6%9D%B1%E5%8C%A0%E5%BA%B5,ko,7a54f3d9a2,lodging_direct,False,,,,분위기;직원 배려,분위기와 직원 배려를 남긴 다국어 Google 후기.,direct_readable_aside_browser,true,neutral,neutral_or_lodging_context,medium,issue_caution_calibration_needed
