sample_id,platform,provider,review_date,rating,source_url,language,author_hash,lodging_context,onsen_related,bath_area_tags,signal_tags,caution_tags,original_keywords,paraphrase_ko,source_access,included_in_lodging_direct_count,signal_direction,direction_backfill_rule,direction_backfill_confidence,direction_backfill_candidate_type
enokiya-rakuten_travel-33123477713380,Rakuten Travel,Rakuten Travel,2026-05-26,5,https://travel.rakuten.co.jp/HOTEL/28502/review.html,ja,6abf0facf3,lodging_direct,True,private_bath,private_bath_experience;crowding,room_no_shower_or_small_wet_area;pet_friendly_context,貸切風呂;貸切;湯;シャワー;部屋にシャワーがない,공용 대절탕을 프라이빗하게 이용하는 경험을 언급한 후기다; 공실 타이밍이나 대기 가능성을 함께 남겼다; 객실 샤워/동선 등 운영 주의 신호가 붙는다.,direct_readable,True,mixed,caution_or_issue_tag,high,issue_caution_calibration_needed
enokiya-rakuten_travel-33123477605129,Rakuten Travel,Rakuten Travel,2026-05-12,5,https://travel.rakuten.co.jp/HOTEL/28502/review.html,ja,a71c422a0f,lodging_direct,False,,,,,숙박 경험 중심 후기다.,direct_readable,True,neutral,neutral_or_lodging_context,medium,issue_caution_calibration_needed
enokiya-rakuten_travel-33123477398314,Rakuten Travel,Rakuten Travel,2026-04-16,5,https://travel.rakuten.co.jp/HOTEL/28502/review.html,ja,923f9936a7,lodging_direct,True,facility_wide,facility_wide_hot_spring_mention,,,숙소 온천 또는 욕장 이용을 넓게 언급한 후기다.,direct_readable,True,positive,rating_positive_signal,medium,issue_caution_calibration_needed
enokiya-rakuten_travel-33123477988542,Rakuten Travel,Rakuten Travel,2026-06-29,5,https://travel.rakuten.co.jp/HOTEL/28502/review.html,ja,5048279ee4,lodging_direct,True,facility_wide,facility_wide_hot_spring_mention,pet_friendly_context,,숙소 온천 또는 욕장 이용을 넓게 언급한 후기다; 객실 샤워/동선 등 운영 주의 신호가 붙는다.,direct_readable,True,positive,rating_positive_signal,medium,issue_caution_calibration_needed
enokiya-rakuten_travel-33123477814998,Rakuten Travel,Rakuten Travel,2026-06-08,5,https://travel.rakuten.co.jp/HOTEL/28502/review.html,ja,824637f704,lodging_direct,False,,,,,숙박 경험 중심 후기다.,direct_readable,True,neutral,neutral_or_lodging_context,medium,issue_caution_calibration_needed
enokiya-rakuten_travel-33123477594086,Rakuten Travel,Rakuten Travel,2026-05-10,5,https://travel.rakuten.co.jp/HOTEL/28502/review.html,ja,5b8393ffdc,lodging_direct,True,private_bath,private_bath_experience,,露天風呂;露天,공용 대절탕을 프라이빗하게 이용하는 경험을 언급한 후기다.,direct_readable,True,positive,body_positive,high,issue_caution_calibration_needed
enokiya-rakuten_travel-33123477482304,Rakuten Travel,Rakuten Travel,2026-04-27,5,https://travel.rakuten.co.jp/HOTEL/28502/review.html,ja,,lodging_direct,True,facility_wide,water_texture,pet_friendly_context,,숙소 온천 또는 욕장 이용을 넓게 언급한 후기다; 원천·수질 체감 표현이 포함된다; 객실 샤워/동선 등 운영 주의 신호가 붙는다.,direct_readable,True,positive,rating_positive_signal,medium,issue_caution_calibration_needed
enokiya-rakuten_travel-33123477419982,Rakuten Travel,Rakuten Travel,2026-04-19,5,https://travel.rakuten.co.jp/HOTEL/28502/review.html,ja,ad79b4954e,lodging_direct,False,,,,予約,숙박 경험 중심 후기다.,direct_readable,True,neutral,neutral_or_lodging_context,medium,issue_caution_calibration_needed
enokiya-rakuten_travel-33123477388656,Rakuten Travel,Rakuten Travel,2026-04-15,4,https://travel.rakuten.co.jp/HOTEL/28502/review.html,ja,,lodging_direct,False,,,,,숙박 경험 중심 후기다.,direct_readable,True,neutral,neutral_or_lodging_context,medium,issue_caution_calibration_needed
enokiya-rakuten_travel-33123477348586,Rakuten Travel,Rakuten Travel,2026-04-10,4,https://travel.rakuten.co.jp/HOTEL/28502/review.html,ja,aff3507c3b,lodging_direct,True,facility_wide,facility_wide_hot_spring_mention,pet_friendly_context,湯,숙소 온천 또는 욕장 이용을 넓게 언급한 후기다; 객실 샤워/동선 등 운영 주의 신호가 붙는다.,direct_readable,True,positive,rating_positive_signal,medium,issue_caution_calibration_needed
enokiya-rakuten_travel-33123478055518,Rakuten Travel,Rakuten Travel,2026-07-07,4,https://travel.rakuten.co.jp/HOTEL/28502/review.html,ja,12866f8813,lodging_direct,True,facility_wide,facility_wide_hot_spring_mention,,,숙소 온천 또는 욕장 이용을 넓게 언급한 후기다.,direct_readable,True,positive,rating_positive_signal,medium,issue_caution_calibration_needed
enokiya-rakuten_travel-33123477953398,Rakuten Travel,Rakuten Travel,2026-06-25,5,https://travel.rakuten.co.jp/HOTEL/28502/review.html,ja,12866f8813,lodging_direct,True,facility_wide,facility_wide_hot_spring_mention,,,숙소 온천 또는 욕장 이용을 넓게 언급한 후기다.,direct_readable,True,positive,rating_positive_signal,medium,issue_caution_calibration_needed
enokiya-rakuten_travel-33123477815109,Rakuten Travel,Rakuten Travel,2026-06-08,5,https://travel.rakuten.co.jp/HOTEL/28502/review.html,ja,824637f704,lodging_direct,True,facility_wide,facility_wide_hot_spring_mention,,,숙소 온천 또는 욕장 이용을 넓게 언급한 후기다.,direct_readable,True,positive,rating_positive_signal,medium,issue_caution_calibration_needed
enokiya-rakuten_travel-33123477815058,Rakuten Travel,Rakuten Travel,2026-06-08,5,https://travel.rakuten.co.jp/HOTEL/28502/review.html,ja,824637f704,lodging_direct,False,,,,,숙박 경험 중심 후기다.,direct_readable,True,neutral,neutral_or_lodging_context,medium,issue_caution_calibration_needed
enokiya-rakuten_travel-33123477111439,Rakuten Travel,Rakuten Travel,2026-03-14,5,https://travel.rakuten.co.jp/HOTEL/28502/review.html,ja,780b1f94fc,lodging_direct,True,facility_wide,facility_wide_hot_spring_mention,,予約,숙소 온천 또는 욕장 이용을 넓게 언급한 후기다.,direct_readable,True,positive,rating_positive_signal,medium,issue_caution_calibration_needed
enokiya-rakuten_travel-33123476826456,Rakuten Travel,Rakuten Travel,2026-02-07,5,https://travel.rakuten.co.jp/HOTEL/28502/review.html,ja,b4b8be231b,lodging_direct,True,private_bath,private_bath_experience;crowding;booking_confusion,pet_friendly_context,貸切温泉;貸切;露天風呂;露天;温泉;湯;待ち,공용 대절탕을 프라이빗하게 이용하는 경험을 언급한 후기다; 공실 타이밍이나 대기 가능성을 함께 남겼다; 객실 샤워/동선 등 운영 주의 신호가 붙는다.,direct_readable,True,mixed,conditional_signal_tag,medium,issue_caution_calibration_needed
enokiya-rakuten_travel-33123476667199,Rakuten Travel,Rakuten Travel,2026-01-16,4,https://travel.rakuten.co.jp/HOTEL/28502/review.html,ja,e0a7e60706,lodging_direct,True,private_bath,private_bath_experience,pet_friendly_context,温泉;湯,공용 대절탕을 프라이빗하게 이용하는 경험을 언급한 후기다; 객실 샤워/동선 등 운영 주의 신호가 붙는다.,direct_readable,True,positive,body_positive,high,issue_caution_calibration_needed
enokiya-rakuten_travel-33123477125954,Rakuten Travel,Rakuten Travel,2026-03-15,5,https://travel.rakuten.co.jp/HOTEL/28502/review.html,en,8165820dfb,lodging_direct,False,,,,,숙박 경험 중심 후기다.,direct_readable,True,neutral,neutral_or_lodging_context,medium,issue_caution_calibration_needed
enokiya-rakuten_travel-33123476841646,Rakuten Travel,Rakuten Travel,2026-02-09,5,https://travel.rakuten.co.jp/HOTEL/28502/review.html,ja,68f1ed480f,lodging_direct,True,facility_wide,facility_wide_hot_spring_mention,,湯,숙소 온천 또는 욕장 이용을 넓게 언급한 후기다.,direct_readable,True,positive,rating_positive_signal,medium,issue_caution_calibration_needed
enokiya-rakuten_travel-33123477280988,Rakuten Travel,Rakuten Travel,2026-04-01,5,https://travel.rakuten.co.jp/HOTEL/28502/review.html,ja,251e9376c4,lodging_direct,True,private_bath,private_bath_experience,,貸切風呂;貸切,공용 대절탕을 프라이빗하게 이용하는 경험을 언급한 후기다.,direct_readable,True,positive,body_positive,high,issue_caution_calibration_needed
enokiya-rakuten_travel-33123477104138,Rakuten Travel,Rakuten Travel,2026-03-13,5,https://travel.rakuten.co.jp/HOTEL/28502/review.html,ja,e5982d8f50,lodging_direct,False,,,pet_friendly_context,,숙박 경험 중심 후기다; 객실 샤워/동선 등 운영 주의 신호가 붙는다.,direct_readable,True,neutral,neutral_or_lodging_context,medium,issue_caution_calibration_needed
enokiya-rakuten_travel-33123477058395,Rakuten Travel,Rakuten Travel,2026-03-07,4,https://travel.rakuten.co.jp/HOTEL/28502/review.html,ja,19d109d202,lodging_direct,True,private_bath,private_bath_experience;crowding;booking_confusion,,貸切;湯;予約;空き,공용 대절탕을 프라이빗하게 이용하는 경험을 언급한 후기다; 공실 타이밍이나 대기 가능성을 함께 남겼다.,direct_readable,True,mixed,conditional_signal_tag,medium,issue_caution_calibration_needed
enokiya-rakuten_travel-33123476896402,Rakuten Travel,Rakuten Travel,2026-02-16,5,https://travel.rakuten.co.jp/HOTEL/28502/review.html,ja,65465bb6e7,lodging_direct,True,facility_wide,facility_wide_hot_spring_mention,,,숙소 온천 또는 욕장 이용을 넓게 언급한 후기다.,direct_readable,True,positive,rating_positive_signal,medium,issue_caution_calibration_needed
enokiya-rakuten_travel-33123476608062,Rakuten Travel,Rakuten Travel,2026-01-08,5,https://travel.rakuten.co.jp/HOTEL/28502/review.html,ja,aa997d8e49,lodging_direct,True,facility_wide,crowding,pet_friendly_context,予約;待ち,숙소 온천 또는 욕장 이용을 넓게 언급한 후기다; 공실 타이밍이나 대기 가능성을 함께 남겼다; 객실 샤워/동선 등 운영 주의 신호가 붙는다.,direct_readable,True,mixed,conditional_signal_tag,medium,issue_caution_calibration_needed
enokiya-rakuten_travel-33123477083612,Rakuten Travel,Rakuten Travel,2026-03-10,5,https://travel.rakuten.co.jp/HOTEL/28502/review.html,ja,df857c8477,lodging_direct,True,facility_wide,facility_wide_hot_spring_mention,pet_friendly_context,湯,숙소 온천 또는 욕장 이용을 넓게 언급한 후기다; 객실 샤워/동선 등 운영 주의 신호가 붙는다.,direct_readable,True,positive,rating_positive_signal,medium,issue_caution_calibration_needed
enokiya-rakuten_travel-33123476825187,Rakuten Travel,Rakuten Travel,2026-02-07,4,https://travel.rakuten.co.jp/HOTEL/28502/review.html,ja,80754810fd,lodging_direct,True,private_bath,private_bath_experience,,貸切風呂;貸切;温泉;湯,공용 대절탕을 프라이빗하게 이용하는 경험을 언급한 후기다.,direct_readable,True,positive,body_positive,high,issue_caution_calibration_needed
enokiya-rakuten_travel-33123476617302,Rakuten Travel,Rakuten Travel,2026-01-09,4,https://travel.rakuten.co.jp/HOTEL/28502/review.html,ja,8a33b19045,lodging_direct,False,,,,,숙박 경험 중심 후기다.,direct_readable,True,neutral,neutral_or_lodging_context,medium,issue_caution_calibration_needed
enokiya-rakuten_travel-33123476373520,Rakuten Travel,Rakuten Travel,2025-12-13,5,https://travel.rakuten.co.jp/HOTEL/28502/review.html,ja,4a6cff346c,lodging_direct,True,facility_wide,facility_wide_hot_spring_mention,pet_friendly_context,温泉;予約,숙소 온천 또는 욕장 이용을 넓게 언급한 후기다; 객실 샤워/동선 등 운영 주의 신호가 붙는다.,direct_readable,True,positive,rating_positive_signal,medium,issue_caution_calibration_needed
enokiya-rakuten_travel-33123476540323,Rakuten Travel,Rakuten Travel,2025-12-31,5,https://travel.rakuten.co.jp/HOTEL/28502/review.html,ja,20afa6e179,lodging_direct,True,private_bath,private_bath_experience,,貸切;温泉,공용 대절탕을 프라이빗하게 이용하는 경험을 언급한 후기다.,direct_readable,True,positive,body_positive,high,issue_caution_calibration_needed
enokiya-rakuten_travel-33123476204342,Rakuten Travel,Rakuten Travel,2025-11-27,5,https://travel.rakuten.co.jp/HOTEL/28502/review.html,ja,0118f71c54,lodging_direct,True,facility_wide,facility_wide_hot_spring_mention,,湯,숙소 온천 또는 욕장 이용을 넓게 언급한 후기다.,direct_readable,True,positive,rating_positive_signal,medium,issue_caution_calibration_needed
enokiya-rakuten_travel-33123476374872,Rakuten Travel,Rakuten Travel,2025-12-14,4,https://travel.rakuten.co.jp/HOTEL/28502/review.html,ja,7d3cda49cf,lodging_direct,False,,,,,숙박 경험 중심 후기다.,direct_readable,True,neutral,neutral_or_lodging_context,medium,issue_caution_calibration_needed
enokiya-rakuten_travel-33123476292851,Rakuten Travel,Rakuten Travel,2025-12-04,5,https://travel.rakuten.co.jp/HOTEL/28502/review.html,ja,ae865c7e7b,lodging_direct,False,,,stairs_or_access,,숙박 경험 중심 후기다; 객실 샤워/동선 등 운영 주의 신호가 붙는다.,direct_readable,True,mixed,caution_or_issue_tag,high,issue_caution_calibration_needed
enokiya-rakuten_travel-33123476146887,Rakuten Travel,Rakuten Travel,2025-11-11,4,https://travel.rakuten.co.jp/HOTEL/28502/review.html,ja,,lodging_direct,True,private_bath,private_bath_experience,,貸切;湯,공용 대절탕을 프라이빗하게 이용하는 경험을 언급한 후기다.,direct_readable,True,positive,body_positive,high,issue_caution_calibration_needed
enokiya-rakuten_travel-33123472824152,Rakuten Travel,Rakuten Travel,2025-09-12,4,https://travel.rakuten.co.jp/HOTEL/28502/review.html,ja,,lodging_direct,True,private_bath,private_bath_experience,,貸切風呂;貸切;湯,공용 대절탕을 프라이빗하게 이용하는 경험을 언급한 후기다.,direct_readable,True,positive,body_positive,high,issue_caution_calibration_needed
enokiya-rakuten_travel-33123472590709,Rakuten Travel,Rakuten Travel,2025-08-15,5,https://travel.rakuten.co.jp/HOTEL/28502/review.html,ja,,lodging_direct,True,private_bath,private_bath_experience;temperature,pet_friendly_context,貸切温泉;貸切;温泉;湯,공용 대절탕을 프라이빗하게 이용하는 경험을 언급한 후기다; 탕 온도나 계절 체감이 언급된다; 객실 샤워/동선 등 운영 주의 신호가 붙는다.,direct_readable,True,mixed,conditional_signal_tag,medium,issue_caution_calibration_needed
enokiya-rakuten_travel-33123472537439,Rakuten Travel,Rakuten Travel,2025-08-05,4,https://travel.rakuten.co.jp/HOTEL/28502/review.html,ja,3ecbd6cea4,lodging_direct,True,private_bath,private_bath_experience;temperature,,貸切;湯,공용 대절탕을 프라이빗하게 이용하는 경험을 언급한 후기다; 탕 온도나 계절 체감이 언급된다.,direct_readable,True,mixed,conditional_signal_tag,medium,issue_caution_calibration_needed
enokiya-rakuten_travel-33123476365684,Rakuten Travel,Rakuten Travel,2025-12-12,5,https://travel.rakuten.co.jp/HOTEL/28502/review.html,ja,f1b410b952,lodging_direct,False,,,,,숙박 경험 중심 후기다.,direct_readable,True,neutral,neutral_or_lodging_context,medium,issue_caution_calibration_needed
enokiya-rakuten_travel-33123476172107,Rakuten Travel,Rakuten Travel,2025-11-18,5,https://travel.rakuten.co.jp/HOTEL/28502/review.html,ja,d6bd6b13a1,lodging_direct,False,,,pet_friendly_context,,숙박 경험 중심 후기다; 객실 샤워/동선 등 운영 주의 신호가 붙는다.,direct_readable,True,neutral,neutral_or_lodging_context,medium,issue_caution_calibration_needed
enokiya-rakuten_travel-33123473027141,Rakuten Travel,Rakuten Travel,2025-05-25,5,https://travel.rakuten.co.jp/HOTEL/28502/review.html,ja,ff45b07c4f,lodging_direct,True,facility_wide,facility_wide_hot_spring_mention,,温泉,숙소 온천 또는 욕장 이용을 넓게 언급한 후기다.,direct_readable,True,positive,rating_positive_signal,medium,issue_caution_calibration_needed
enokiya-rakuten_travel-33123472396943,Rakuten Travel,Rakuten Travel,2024-10-12,4,https://travel.rakuten.co.jp/HOTEL/28502/review.html,ja,,lodging_direct,False,,,,,숙박 경험 중심 후기다.,direct_readable,True,neutral,neutral_or_lodging_context,medium,issue_caution_calibration_needed
enokiya-rakuten_travel-33123472050728,Rakuten Travel,Rakuten Travel,2024-07-23,5,https://travel.rakuten.co.jp/HOTEL/28502/review.html,ja,bc5a4ba921,lodging_direct,True,facility_wide,facility_wide_hot_spring_mention,pet_friendly_context,湯,숙소 온천 또는 욕장 이용을 넓게 언급한 후기다; 객실 샤워/동선 등 운영 주의 신호가 붙는다.,direct_readable,True,positive,rating_positive_signal,medium,issue_caution_calibration_needed
enokiya-rakuten_travel-33123471880886,Rakuten Travel,Rakuten Travel,2024-06-17,5,https://travel.rakuten.co.jp/HOTEL/28502/review.html,ja,,lodging_direct,False,,,building_age,予約,숙박 경험 중심 후기다; 객실 샤워/동선 등 운영 주의 신호가 붙는다.,direct_readable,True,mixed,caution_or_issue_tag,high,issue_caution_calibration_needed
enokiya-rakuten_travel-33123471668385,Rakuten Travel,Rakuten Travel,2024-06-05,4,https://travel.rakuten.co.jp/HOTEL/28502/review.html,ja,164de73a44,lodging_direct,True,facility_wide,facility_wide_hot_spring_mention,,湯,숙소 온천 또는 욕장 이용을 넓게 언급한 후기다.,direct_readable,True,positive,rating_positive_signal,medium,issue_caution_calibration_needed
enokiya-rakuten_travel-33123471184269,Rakuten Travel,Rakuten Travel,2024-02-26,5,https://travel.rakuten.co.jp/HOTEL/28502/review.html,ja,bb94ea3a84,lodging_direct,True,facility_wide,water_texture,,温泉;湯,숙소 온천 또는 욕장 이용을 넓게 언급한 후기다; 원천·수질 체감 표현이 포함된다.,direct_readable,True,positive,rating_positive_signal,medium,issue_caution_calibration_needed
enokiya-rakuten_travel-33123470773031,Rakuten Travel,Rakuten Travel,2024-01-09,4,https://travel.rakuten.co.jp/HOTEL/28502/review.html,ja,,lodging_direct,True,private_bath,private_bath_experience;crowding;booking_confusion,,空き,공용 대절탕을 프라이빗하게 이용하는 경험을 언급한 후기다; 공실 타이밍이나 대기 가능성을 함께 남겼다.,direct_readable,True,mixed,conditional_signal_tag,medium,issue_caution_calibration_needed
enokiya-rakuten_travel-33123470766572,Rakuten Travel,Rakuten Travel,2024-01-06,4,https://travel.rakuten.co.jp/HOTEL/28502/review.html,ja,,lodging_direct,True,private_bath,private_bath_experience,,露天;湯,공용 대절탕을 프라이빗하게 이용하는 경험을 언급한 후기다.,direct_readable,True,positive,body_positive,high,issue_caution_calibration_needed
enokiya-rakuten_travel-33123469995061,Rakuten Travel,Rakuten Travel,2023-08-28,5,https://travel.rakuten.co.jp/HOTEL/28502/review.html,ja,b907a219ae,lodging_direct,True,facility_wide,facility_wide_hot_spring_mention,,温泉,숙소 온천 또는 욕장 이용을 넓게 언급한 후기다.,direct_readable,True,positive,rating_positive_signal,medium,issue_caution_calibration_needed
enokiya-rakuten_travel-33123469745737,Rakuten Travel,Rakuten Travel,2023-07-18,4,https://travel.rakuten.co.jp/HOTEL/28502/review.html,ja,42612a0120,lodging_direct,True,facility_wide,facility_wide_hot_spring_mention,pet_friendly_context,湯,숙소 온천 또는 욕장 이용을 넓게 언급한 후기다; 객실 샤워/동선 등 운영 주의 신호가 붙는다.,direct_readable,True,positive,rating_positive_signal,medium,issue_caution_calibration_needed
enokiya-rakuten_travel-33123472339030,Rakuten Travel,Rakuten Travel,2024-10-09,4,https://travel.rakuten.co.jp/HOTEL/28502/review.html,ja,,lodging_direct,False,,,,,숙박 경험 중심 후기다.,direct_readable,True,neutral,neutral_or_lodging_context,medium,issue_caution_calibration_needed
enokiya-rakuten_travel-33123470743648,Rakuten Travel,Rakuten Travel,2024-01-04,5,https://travel.rakuten.co.jp/HOTEL/28502/review.html,ja,,lodging_direct,False,,,,,숙박 경험 중심 후기다.,direct_readable,True,neutral,neutral_or_lodging_context,medium,issue_caution_calibration_needed
enokiya-rakuten_travel-33123470643564,Rakuten Travel,Rakuten Travel,2023-12-12,5,https://travel.rakuten.co.jp/HOTEL/28502/review.html,ja,a2486b1ba3,lodging_direct,True,facility_wide,facility_wide_hot_spring_mention,,,숙소 온천 또는 욕장 이용을 넓게 언급한 후기다.,direct_readable,True,positive,rating_positive_signal,medium,issue_caution_calibration_needed
enokiya-rakuten_travel-33123469590210,Rakuten Travel,Rakuten Travel,2023-06-24,5,https://travel.rakuten.co.jp/HOTEL/28502/review.html,ja,,lodging_direct,True,private_bath,private_bath_experience;crowding;booking_confusion,,貸切風呂;貸切,공용 대절탕을 프라이빗하게 이용하는 경험을 언급한 후기다; 공실 타이밍이나 대기 가능성을 함께 남겼다.,direct_readable,True,mixed,conditional_signal_tag,medium,issue_caution_calibration_needed
enokiya-rakuten_travel-33123461326017,Rakuten Travel,Rakuten Travel,2022-08-23,5,https://travel.rakuten.co.jp/HOTEL/28502/review.html,ja,,lodging_direct,False,,,pet_friendly_context,,숙박 경험 중심 후기다; 객실 샤워/동선 등 운영 주의 신호가 붙는다.,direct_readable,True,neutral,neutral_or_lodging_context,medium,issue_caution_calibration_needed
enokiya-rakuten_travel-33123461313535,Rakuten Travel,Rakuten Travel,2022-08-19,5,https://travel.rakuten.co.jp/HOTEL/28502/review.html,ja,55348dc1f8,lodging_direct,True,family_bath,private_bath_experience,pet_friendly_context,家族風呂;露天風呂;露天;湯,공용 대절탕을 프라이빗하게 이용하는 경험을 언급한 후기다; 객실 샤워/동선 등 운영 주의 신호가 붙는다.,direct_readable,True,positive,body_positive,high,issue_caution_calibration_needed
enokiya-rakuten_travel-33123461288530,Rakuten Travel,Rakuten Travel,2022-08-14,5,https://travel.rakuten.co.jp/HOTEL/28502/review.html,ja,c0de5034fd,lodging_direct,True,private_bath,private_bath_experience;crowding,,空き;待ち,공용 대절탕을 프라이빗하게 이용하는 경험을 언급한 후기다; 공실 타이밍이나 대기 가능성을 함께 남겼다.,direct_readable,True,mixed,conditional_signal_tag,medium,issue_caution_calibration_needed
enokiya-rakuten_travel-33123461151070,Rakuten Travel,Rakuten Travel,2022-06-13,4,https://travel.rakuten.co.jp/HOTEL/28502/review.html,ja,72e0c80204,lodging_direct,True,facility_wide,facility_wide_hot_spring_mention,pet_friendly_context,予約,숙소 온천 또는 욕장 이용을 넓게 언급한 후기다; 객실 샤워/동선 등 운영 주의 신호가 붙는다.,direct_readable,True,positive,rating_positive_signal,medium,issue_caution_calibration_needed
enokiya-rakuten_travel-33123461027253,Rakuten Travel,Rakuten Travel,2022-05-08,5,https://travel.rakuten.co.jp/HOTEL/28502/review.html,ja,b433689214,lodging_direct,True,facility_wide,facility_wide_hot_spring_mention,pet_friendly_context,湯,숙소 온천 또는 욕장 이용을 넓게 언급한 후기다; 객실 샤워/동선 등 운영 주의 신호가 붙는다.,direct_readable,True,positive,rating_positive_signal,medium,issue_caution_calibration_needed
enokiya-rakuten_travel-33123460898378,Rakuten Travel,Rakuten Travel,2022-03-26,5,https://travel.rakuten.co.jp/HOTEL/28502/review.html,ja,7f85bc992b,lodging_direct,True,facility_wide,facility_wide_hot_spring_mention,,,숙소 온천 또는 욕장 이용을 넓게 언급한 후기다.,direct_readable,True,positive,rating_positive_signal,medium,issue_caution_calibration_needed
enokiya-rakuten_travel-33123460911761,Rakuten Travel,Rakuten Travel,2022-03-20,5,https://travel.rakuten.co.jp/HOTEL/28502/review.html,ja,3adfb852d3,lodging_direct,True,facility_wide,facility_wide_hot_spring_mention,pet_friendly_context,湯,숙소 온천 또는 욕장 이용을 넓게 언급한 후기다; 객실 샤워/동선 등 운영 주의 신호가 붙는다.,direct_readable,True,positive,rating_positive_signal,medium,issue_caution_calibration_needed
enokiya-rakuten_travel-33123460907895,Rakuten Travel,Rakuten Travel,2022-03-18,5,https://travel.rakuten.co.jp/HOTEL/28502/review.html,ja,c693a1b9a2,lodging_direct,True,facility_wide,facility_wide_hot_spring_mention,,湯,숙소 온천 또는 욕장 이용을 넓게 언급한 후기다.,direct_readable,True,positive,rating_positive_signal,medium,issue_caution_calibration_needed
enokiya-rakuten_travel-33123460892894,Rakuten Travel,Rakuten Travel,2022-03-15,5,https://travel.rakuten.co.jp/HOTEL/28502/review.html,ja,,lodging_direct,True,facility_wide,facility_wide_hot_spring_mention,,湯,숙소 온천 또는 욕장 이용을 넓게 언급한 후기다.,direct_readable,True,positive,rating_positive_signal,medium,issue_caution_calibration_needed
enokiya-rakuten_travel-33123460575523,Rakuten Travel,Rakuten Travel,2021-09-23,4,https://travel.rakuten.co.jp/HOTEL/28502/review.html,ja,,lodging_direct,False,,,,,숙박 경험 중심 후기다.,direct_readable,True,neutral,neutral_or_lodging_context,medium,issue_caution_calibration_needed
enokiya-rakuten_travel-33123460479240,Rakuten Travel,Rakuten Travel,2021-07-31,4,https://travel.rakuten.co.jp/HOTEL/28502/review.html,ja,f7d048fad5,lodging_direct,True,private_bath,private_bath_experience,pet_friendly_context,露天風呂;露天,공용 대절탕을 프라이빗하게 이용하는 경험을 언급한 후기다; 객실 샤워/동선 등 운영 주의 신호가 붙는다.,direct_readable,True,positive,body_positive,high,issue_caution_calibration_needed
enokiya-rakuten_travel-33123460403213,Rakuten Travel,Rakuten Travel,2021-05-05,5,https://travel.rakuten.co.jp/HOTEL/28502/review.html,ja,,lodging_direct,True,private_bath,private_bath_experience;temperature,,露天風呂;露天;湯;大浴場,공용 대절탕을 프라이빗하게 이용하는 경험을 언급한 후기다; 탕 온도나 계절 체감이 언급된다.,direct_readable,True,mixed,conditional_signal_tag,medium,issue_caution_calibration_needed
enokiya-rakuten_travel-33123460397555,Rakuten Travel,Rakuten Travel,2021-05-05,5,https://travel.rakuten.co.jp/HOTEL/28502/review.html,ja,57d69655ae,lodging_direct,True,facility_wide,facility_wide_hot_spring_mention,stairs_or_access,湯,숙소 온천 또는 욕장 이용을 넓게 언급한 후기다; 객실 샤워/동선 등 운영 주의 신호가 붙는다.,direct_readable,True,mixed,caution_or_issue_tag,high,issue_caution_calibration_needed
enokiya-rakuten_travel-33123460199855,Rakuten Travel,Rakuten Travel,2020-12-21,4,https://travel.rakuten.co.jp/HOTEL/28502/review.html,ja,,lodging_direct,True,facility_wide,facility_wide_hot_spring_mention,,湯,숙소 온천 또는 욕장 이용을 넓게 언급한 후기다.,direct_readable,True,positive,rating_positive_signal,medium,issue_caution_calibration_needed
enokiya-rakuten_travel-33123460176997,Rakuten Travel,Rakuten Travel,2020-12-13,4,https://travel.rakuten.co.jp/HOTEL/28502/review.html,ja,6490d9263f,lodging_direct,True,family_bath,private_bath_experience,,家族風呂;温泉,공용 대절탕을 프라이빗하게 이용하는 경험을 언급한 후기다.,direct_readable,True,positive,body_positive,high,issue_caution_calibration_needed
enokiya-rakuten_travel-33123466195345,Rakuten Travel,Rakuten Travel,2020-12-08,5,https://travel.rakuten.co.jp/HOTEL/28502/review.html,ja,623093debb,lodging_direct,False,,,pet_friendly_context,,숙박 경험 중심 후기다; 객실 샤워/동선 등 운영 주의 신호가 붙는다.,direct_readable,True,neutral,neutral_or_lodging_context,medium,issue_caution_calibration_needed
enokiya-rakuten_travel-33123466025121,Rakuten Travel,Rakuten Travel,2020-11-23,5,https://travel.rakuten.co.jp/HOTEL/28502/review.html,ja,43929db2e0,lodging_direct,False,,,,予約,숙박 경험 중심 후기다.,direct_readable,True,neutral,neutral_or_lodging_context,medium,issue_caution_calibration_needed
enokiya-rakuten_travel-33123465542289,Rakuten Travel,Rakuten Travel,2020-09-22,4,https://travel.rakuten.co.jp/HOTEL/28502/review.html,ja,43929db2e0,lodging_direct,True,facility_wide,facility_wide_hot_spring_mention,,湯;予約,숙소 온천 또는 욕장 이용을 넓게 언급한 후기다.,direct_readable,True,positive,rating_positive_signal,medium,issue_caution_calibration_needed
enokiya-rakuten_travel-33123465349640,Rakuten Travel,Rakuten Travel,2020-09-04,5,https://travel.rakuten.co.jp/HOTEL/28502/review.html,ja,212746dea5,lodging_direct,False,,,,,숙박 경험 중심 후기다.,direct_readable,True,neutral,neutral_or_lodging_context,medium,issue_caution_calibration_needed
enokiya-rakuten_travel-33123465217093,Rakuten Travel,Rakuten Travel,2020-08-16,5,https://travel.rakuten.co.jp/HOTEL/28502/review.html,ja,,lodging_direct,True,facility_wide,crowding,pet_friendly_context,湯;待ち,숙소 온천 또는 욕장 이용을 넓게 언급한 후기다; 공실 타이밍이나 대기 가능성을 함께 남겼다; 객실 샤워/동선 등 운영 주의 신호가 붙는다.,direct_readable,True,mixed,conditional_signal_tag,medium,issue_caution_calibration_needed
enokiya-rakuten_travel-33123465085976,Rakuten Travel,Rakuten Travel,2020-07-21,4,https://travel.rakuten.co.jp/HOTEL/28502/review.html,ja,92ff583ee0,lodging_direct,False,,,pet_friendly_context,,숙박 경험 중심 후기다; 객실 샤워/동선 등 운영 주의 신호가 붙는다.,direct_readable,True,neutral,neutral_or_lodging_context,medium,issue_caution_calibration_needed
enokiya-rakuten_travel-33123464618256,Rakuten Travel,Rakuten Travel,2020-04-20,5,https://travel.rakuten.co.jp/HOTEL/28502/review.html,ja,,lodging_direct,True,facility_wide,facility_wide_hot_spring_mention,,,숙소 온천 또는 욕장 이용을 넓게 언급한 후기다.,direct_readable,True,positive,rating_positive_signal,medium,issue_caution_calibration_needed
enokiya-rakuten_travel-33123460041174,Rakuten Travel,Rakuten Travel,2020-01-01,4,https://travel.rakuten.co.jp/HOTEL/28502/review.html,ja,,lodging_direct,True,facility_wide,facility_wide_hot_spring_mention,pet_friendly_context,温泉;湯;大浴場,숙소 온천 또는 욕장 이용을 넓게 언급한 후기다; 객실 샤워/동선 등 운영 주의 신호가 붙는다.,direct_readable,True,positive,rating_positive_signal,medium,issue_caution_calibration_needed
enokiya-rakuten_travel-33123463960061,Rakuten Travel,Rakuten Travel,2019-12-23,5,https://travel.rakuten.co.jp/HOTEL/28502/review.html,ja,,lodging_direct,True,facility_wide,facility_wide_hot_spring_mention,,温泉;湯,숙소 온천 또는 욕장 이용을 넓게 언급한 후기다.,direct_readable,True,positive,rating_positive_signal,medium,issue_caution_calibration_needed
enokiya-rakuten_travel-33123463224254,Rakuten Travel,Rakuten Travel,2019-08-22,5,https://travel.rakuten.co.jp/HOTEL/28502/review.html,ja,,lodging_direct,True,private_bath,private_bath_experience,,露天風呂;露天,공용 대절탕을 프라이빗하게 이용하는 경험을 언급한 후기다.,direct_readable,True,positive,body_positive,high,issue_caution_calibration_needed
enokiya-rakuten_travel-33123462212726,Rakuten Travel,Rakuten Travel,2018-11-08,5,https://travel.rakuten.co.jp/HOTEL/28502/review.html,ja,8576b42afe,lodging_direct,True,family_bath,private_bath_experience,,家族風呂;露天風呂;露天;温泉,공용 대절탕을 프라이빗하게 이용하는 경험을 언급한 후기다.,direct_readable,True,positive,body_positive,high,issue_caution_calibration_needed
enokiya-rakuten_travel-33123458991998,Rakuten Travel,Rakuten Travel,2018-08-19,5,https://travel.rakuten.co.jp/HOTEL/28502/review.html,ja,0f2a1a9f87,lodging_direct,True,family_bath,private_bath_experience;temperature,building_age;pet_friendly_context,家族風呂;露天;温泉;湯,공용 대절탕을 프라이빗하게 이용하는 경험을 언급한 후기다; 탕 온도나 계절 체감이 언급된다; 객실 샤워/동선 등 운영 주의 신호가 붙는다.,direct_readable,True,mixed,caution_or_issue_tag,high,issue_caution_calibration_needed
enokiya-rakuten_travel-33123470998975,Rakuten Travel,Rakuten Travel,2017-09-28,5,https://travel.rakuten.co.jp/HOTEL/28502/review.html,ja,,lodging_direct,False,,,,,숙박 경험 중심 후기다.,direct_readable,True,neutral,neutral_or_lodging_context,medium,issue_caution_calibration_needed
enokiya-rakuten_travel-33123470942971,Rakuten Travel,Rakuten Travel,2017-09-23,4,https://travel.rakuten.co.jp/HOTEL/28502/review.html,ja,,lodging_direct,True,facility_wide,facility_wide_hot_spring_mention,building_age,湯,숙소 온천 또는 욕장 이용을 넓게 언급한 후기다; 객실 샤워/동선 등 운영 주의 신호가 붙는다.,direct_readable,True,mixed,caution_or_issue_tag,high,issue_caution_calibration_needed
enokiya-rakuten_travel-33123470329271,Rakuten Travel,Rakuten Travel,2017-06-18,5,https://travel.rakuten.co.jp/HOTEL/28502/review.html,ja,1e02f3a9a6,lodging_direct,True,facility_wide,facility_wide_hot_spring_mention,,湯,숙소 온천 또는 욕장 이용을 넓게 언급한 후기다.,direct_readable,True,positive,rating_positive_signal,medium,issue_caution_calibration_needed
enokiya-rakuten_travel-33123468784870,Rakuten Travel,Rakuten Travel,2016-10-11,4,https://travel.rakuten.co.jp/HOTEL/28502/review.html,ja,8f9dc67e9a,lodging_direct,True,facility_wide,facility_wide_hot_spring_mention,,湯,숙소 온천 또는 욕장 이용을 넓게 언급한 후기다.,direct_readable,True,positive,rating_positive_signal,medium,issue_caution_calibration_needed
enokiya-rakuten_travel-33123468668552,Rakuten Travel,Rakuten Travel,2016-09-10,4,https://travel.rakuten.co.jp/HOTEL/28502/review.html,ja,,lodging_direct,True,facility_wide,facility_wide_hot_spring_mention,,,숙소 온천 또는 욕장 이용을 넓게 언급한 후기다.,direct_readable,True,positive,rating_positive_signal,medium,issue_caution_calibration_needed
enokiya-rakuten_travel-33123468374592,Rakuten Travel,Rakuten Travel,2016-08-05,5,https://travel.rakuten.co.jp/HOTEL/28502/review.html,ja,,lodging_direct,True,facility_wide,crowding,,温泉;湯;予約;混雑,숙소 온천 또는 욕장 이용을 넓게 언급한 후기다; 공실 타이밍이나 대기 가능성을 함께 남겼다.,direct_readable,True,mixed,conditional_signal_tag,medium,issue_caution_calibration_needed
enokiya-rakuten_travel-33123468422214,Rakuten Travel,Rakuten Travel,2016-08-01,5,https://travel.rakuten.co.jp/HOTEL/28502/review.html,ja,c5afc4eab6,lodging_direct,True,facility_wide,facility_wide_hot_spring_mention,,湯,숙소 온천 또는 욕장 이용을 넓게 언급한 후기다.,direct_readable,True,positive,rating_positive_signal,medium,issue_caution_calibration_needed
enokiya-rakuten_travel-33123467195856,Rakuten Travel,Rakuten Travel,2015-06-19,4,https://travel.rakuten.co.jp/HOTEL/28502/review.html,ja,,lodging_direct,False,,,pet_friendly_context,,숙박 경험 중심 후기다; 객실 샤워/동선 등 운영 주의 신호가 붙는다.,direct_readable,True,neutral,neutral_or_lodging_context,medium,issue_caution_calibration_needed
enokiya-rakuten_travel-33123466211588,Rakuten Travel,Rakuten Travel,2014-09-01,5,https://travel.rakuten.co.jp/HOTEL/28502/review.html,ja,1916dfdb87,lodging_direct,True,facility_wide,facility_wide_hot_spring_mention,,湯,숙소 온천 또는 욕장 이용을 넓게 언급한 후기다.,direct_readable,True,positive,rating_positive_signal,medium,issue_caution_calibration_needed
enokiya-rakuten_travel-33123465681952,Rakuten Travel,Rakuten Travel,2014-06-30,4,https://travel.rakuten.co.jp/HOTEL/28502/review.html,ja,,lodging_direct,True,facility_wide,facility_wide_hot_spring_mention,pet_friendly_context,湯,숙소 온천 또는 욕장 이용을 넓게 언급한 후기다; 객실 샤워/동선 등 운영 주의 신호가 붙는다.,direct_readable,True,positive,rating_positive_signal,medium,issue_caution_calibration_needed
enokiya-rakuten_travel-33123465282364,Rakuten Travel,Rakuten Travel,2014-04-23,4,https://travel.rakuten.co.jp/HOTEL/28502/review.html,ja,55028f100b,lodging_direct,True,facility_wide,facility_wide_hot_spring_mention,pet_friendly_context,,숙소 온천 또는 욕장 이용을 넓게 언급한 후기다; 객실 샤워/동선 등 운영 주의 신호가 붙는다.,direct_readable,True,positive,rating_positive_signal,medium,issue_caution_calibration_needed
enokiya-rakuten_travel-33123465036789,Rakuten Travel,Rakuten Travel,2014-03-08,5,https://travel.rakuten.co.jp/HOTEL/28502/review.html,ja,4efab1ca41,lodging_direct,True,facility_wide,facility_wide_hot_spring_mention,room_no_shower_or_small_wet_area;pet_friendly_context,温泉;シャワー,숙소 온천 또는 욕장 이용을 넓게 언급한 후기다; 객실 샤워/동선 등 운영 주의 신호가 붙는다.,direct_readable,True,mixed,caution_or_issue_tag,high,issue_caution_calibration_needed
enokiya-rakuten_travel-33123464084001,Rakuten Travel,Rakuten Travel,2013-09-02,5,https://travel.rakuten.co.jp/HOTEL/28502/review.html,ja,,lodging_direct,True,family_bath,private_bath_experience,,家族風呂;湯,공용 대절탕을 프라이빗하게 이용하는 경험을 언급한 후기다.,direct_readable,True,positive,body_positive,high,issue_caution_calibration_needed
enokiya-rakuten_travel-33123463805688,Rakuten Travel,Rakuten Travel,2013-07-30,5,https://travel.rakuten.co.jp/HOTEL/28502/review.html,ja,d289988348,lodging_direct,True,facility_wide,facility_wide_hot_spring_mention,pet_friendly_context,,숙소 온천 또는 욕장 이용을 넓게 언급한 후기다; 객실 샤워/동선 등 운영 주의 신호가 붙는다.,direct_readable,True,positive,rating_positive_signal,medium,issue_caution_calibration_needed
enokiya-rakuten_travel-33123463402983,Rakuten Travel,Rakuten Travel,2013-05-27,5,https://travel.rakuten.co.jp/HOTEL/28502/review.html,ja,,lodging_direct,True,facility_wide,facility_wide_hot_spring_mention,building_age,湯,숙소 온천 또는 욕장 이용을 넓게 언급한 후기다; 객실 샤워/동선 등 운영 주의 신호가 붙는다.,direct_readable,True,mixed,caution_or_issue_tag,high,issue_caution_calibration_needed
enokiya-rakuten_travel-33123462967604,Rakuten Travel,Rakuten Travel,2013-02-21,5,https://travel.rakuten.co.jp/HOTEL/28502/review.html,ja,,lodging_direct,True,private_bath,private_bath_experience,,露天風呂;露天;湯,공용 대절탕을 프라이빗하게 이용하는 경험을 언급한 후기다.,direct_readable,True,positive,body_positive,high,issue_caution_calibration_needed
enokiya-rakuten_travel-33123459948402,Rakuten Travel,Rakuten Travel,2013-01-04,4,https://travel.rakuten.co.jp/HOTEL/28502/review.html,ja,,lodging_direct,True,private_bath,private_bath_experience,building_age,露天;湯,공용 대절탕을 프라이빗하게 이용하는 경험을 언급한 후기다; 객실 샤워/동선 등 운영 주의 신호가 붙는다.,direct_readable,True,mixed,caution_or_issue_tag,high,issue_caution_calibration_needed
enokiya-rakuten_travel-33123462641280,Rakuten Travel,Rakuten Travel,2012-11-26,5,https://travel.rakuten.co.jp/HOTEL/28502/review.html,ja,,lodging_direct,True,private_bath,private_bath_experience;temperature,,露天風呂;露天;湯,공용 대절탕을 프라이빗하게 이용하는 경험을 언급한 후기다; 탕 온도나 계절 체감이 언급된다.,direct_readable,True,mixed,conditional_signal_tag,medium,issue_caution_calibration_needed
enokiya-rakuten_travel-33123462559440,Rakuten Travel,Rakuten Travel,2012-10-30,5,https://travel.rakuten.co.jp/HOTEL/28502/review.html,ja,434759d316,lodging_direct,True,facility_wide,facility_wide_hot_spring_mention,pet_friendly_context,温泉;湯,숙소 온천 또는 욕장 이용을 넓게 언급한 후기다; 객실 샤워/동선 등 운영 주의 신호가 붙는다.,direct_readable,True,positive,rating_positive_signal,medium,issue_caution_calibration_needed
enokiya-rakuten_travel-33123462378322,Rakuten Travel,Rakuten Travel,2012-09-16,5,https://travel.rakuten.co.jp/HOTEL/28502/review.html,ja,,lodging_direct,True,facility_wide,facility_wide_hot_spring_mention,pet_friendly_context,湯,숙소 온천 또는 욕장 이용을 넓게 언급한 후기다; 객실 샤워/동선 등 운영 주의 신호가 붙는다.,direct_readable,True,positive,rating_positive_signal,medium,issue_caution_calibration_needed
enokiya-rakuten_travel-33123462346471,Rakuten Travel,Rakuten Travel,2012-09-03,5,https://travel.rakuten.co.jp/HOTEL/28502/review.html,ja,,lodging_direct,True,facility_wide,facility_wide_hot_spring_mention,,,숙소 온천 또는 욕장 이용을 넓게 언급한 후기다.,direct_readable,True,positive,rating_positive_signal,medium,issue_caution_calibration_needed
enokiya-rakuten_travel-33123462300180,Rakuten Travel,Rakuten Travel,2012-08-21,5,https://travel.rakuten.co.jp/HOTEL/28502/review.html,ja,,lodging_direct,False,,,,,숙박 경험 중심 후기다.,direct_readable,True,neutral,neutral_or_lodging_context,medium,issue_caution_calibration_needed
enokiya-rakuten_travel-33123462177051,Rakuten Travel,Rakuten Travel,2012-07-15,5,https://travel.rakuten.co.jp/HOTEL/28502/review.html,ja,,lodging_direct,True,facility_wide,facility_wide_hot_spring_mention,,温泉,숙소 온천 또는 욕장 이용을 넓게 언급한 후기다.,direct_readable,True,positive,rating_positive_signal,medium,issue_caution_calibration_needed
enokiya-rakuten_travel-33123462140246,Rakuten Travel,Rakuten Travel,2012-06-25,4,https://travel.rakuten.co.jp/HOTEL/28502/review.html,ja,e90afc33d8,lodging_direct,True,private_bath,private_bath_experience,,露天風呂;露天,공용 대절탕을 프라이빗하게 이용하는 경험을 언급한 후기다.,direct_readable,True,positive,body_positive,high,issue_caution_calibration_needed
enokiya-rakuten_travel-33123462011913,Rakuten Travel,Rakuten Travel,2012-04-01,4,https://travel.rakuten.co.jp/HOTEL/28502/review.html,ja,,lodging_direct,True,facility_wide,temperature,,湯;シャワー,숙소 온천 또는 욕장 이용을 넓게 언급한 후기다; 탕 온도나 계절 체감이 언급된다.,direct_readable,True,mixed,conditional_signal_tag,medium,issue_caution_calibration_needed
enokiya-rakuten_travel-33123458956926,Rakuten Travel,Rakuten Travel,2011-09-13,4,https://travel.rakuten.co.jp/HOTEL/28502/review.html,ja,,lodging_direct,True,facility_wide,facility_wide_hot_spring_mention,,温泉,숙소 온천 또는 욕장 이용을 넓게 언급한 후기다.,direct_readable,True,positive,rating_positive_signal,medium,issue_caution_calibration_needed
enokiya-rakuten_travel-33123458621347,Rakuten Travel,Rakuten Travel,2011-07-05,5,https://travel.rakuten.co.jp/HOTEL/28502/review.html,ja,,lodging_direct,True,facility_wide,facility_wide_hot_spring_mention,,湯;予約,숙소 온천 또는 욕장 이용을 넓게 언급한 후기다.,direct_readable,True,positive,rating_positive_signal,medium,issue_caution_calibration_needed
enokiya-rakuten_travel-33123472281381,Rakuten Travel,Rakuten Travel,2011-04-24,5,https://travel.rakuten.co.jp/HOTEL/28502/review.html,ja,,lodging_direct,False,,,pet_friendly_context,,숙박 경험 중심 후기다; 객실 샤워/동선 등 운영 주의 신호가 붙는다.,direct_readable,True,neutral,neutral_or_lodging_context,medium,issue_caution_calibration_needed
enokiya-rakuten_travel-33123471614117,Rakuten Travel,Rakuten Travel,2010-12-06,4,https://travel.rakuten.co.jp/HOTEL/28502/review.html,ja,4c8c8d4548,lodging_direct,True,facility_wide,facility_wide_hot_spring_mention,,湯,숙소 온천 또는 욕장 이용을 넓게 언급한 후기다.,direct_readable,True,positive,rating_positive_signal,medium,issue_caution_calibration_needed
enokiya-rakuten_travel-33123471493358,Rakuten Travel,Rakuten Travel,2010-11-13,5,https://travel.rakuten.co.jp/HOTEL/28502/review.html,ja,,lodging_direct,True,facility_wide,facility_wide_hot_spring_mention,,温泉;湯,숙소 온천 또는 욕장 이용을 넓게 언급한 후기다.,direct_readable,True,positive,rating_positive_signal,medium,issue_caution_calibration_needed
enokiya-rakuten_travel-33123471532327,Rakuten Travel,Rakuten Travel,2010-11-08,5,https://travel.rakuten.co.jp/HOTEL/28502/review.html,ja,97388d8517,lodging_direct,True,facility_wide,facility_wide_hot_spring_mention,,湯,숙소 온천 또는 욕장 이용을 넓게 언급한 후기다.,direct_readable,True,positive,rating_positive_signal,medium,issue_caution_calibration_needed
enokiya-rakuten_travel-33123471166118,Rakuten Travel,Rakuten Travel,2010-08-29,5,https://travel.rakuten.co.jp/HOTEL/28502/review.html,ja,,lodging_direct,True,facility_wide,facility_wide_hot_spring_mention,pet_friendly_context,,숙소 온천 또는 욕장 이용을 넓게 언급한 후기다; 객실 샤워/동선 등 운영 주의 신호가 붙는다.,direct_readable,True,positive,rating_positive_signal,medium,issue_caution_calibration_needed
enokiya-rakuten_travel-33123470991393,Rakuten Travel,Rakuten Travel,2010-08-13,5,https://travel.rakuten.co.jp/HOTEL/28502/review.html,ja,,lodging_direct,True,facility_wide,facility_wide_hot_spring_mention,,湯,숙소 온천 또는 욕장 이용을 넓게 언급한 후기다.,direct_readable,True,positive,rating_positive_signal,medium,issue_caution_calibration_needed
enokiya-rakuten_travel-33123470727112,Rakuten Travel,Rakuten Travel,2010-07-14,5,https://travel.rakuten.co.jp/HOTEL/28502/review.html,ja,63670b8329,lodging_direct,True,private_bath,private_bath_experience,,露天風呂;露天;温泉;湯,공용 대절탕을 프라이빗하게 이용하는 경험을 언급한 후기다.,direct_readable,True,positive,body_positive,high,issue_caution_calibration_needed
enokiya-rakuten_travel-33123470474846,Rakuten Travel,Rakuten Travel,2010-05-25,5,https://travel.rakuten.co.jp/HOTEL/28502/review.html,ja,,lodging_direct,False,,,stairs_or_access,,숙박 경험 중심 후기다; 객실 샤워/동선 등 운영 주의 신호가 붙는다.,direct_readable,True,mixed,caution_or_issue_tag,high,issue_caution_calibration_needed
enokiya-rakuten_travel-33123470003741,Rakuten Travel,Rakuten Travel,2010-03-20,5,https://travel.rakuten.co.jp/HOTEL/28502/review.html,ja,ea85afc253,lodging_direct,True,facility_wide,facility_wide_hot_spring_mention,,湯,숙소 온천 또는 욕장 이용을 넓게 언급한 후기다.,direct_readable,True,positive,rating_positive_signal,medium,issue_caution_calibration_needed
enokiya-rakuten_travel-33123469885525,Rakuten Travel,Rakuten Travel,2010-03-03,5,https://travel.rakuten.co.jp/HOTEL/28502/review.html,ja,e33201fd09,lodging_direct,False,,,,,숙박 경험 중심 후기다.,direct_readable,True,neutral,neutral_or_lodging_context,medium,issue_caution_calibration_needed
enokiya-rakuten_travel-33123469552273,Rakuten Travel,Rakuten Travel,2010-01-07,5,https://travel.rakuten.co.jp/HOTEL/28502/review.html,ja,,lodging_direct,False,,,,,숙박 경험 중심 후기다.,direct_readable,True,neutral,neutral_or_lodging_context,medium,issue_caution_calibration_needed
enokiya-rakuten_travel-33123469158730,Rakuten Travel,Rakuten Travel,2009-11-02,5,https://travel.rakuten.co.jp/HOTEL/28502/review.html,ja,bc913401f2,lodging_direct,True,private_bath,private_bath_experience,pet_friendly_context,湯,공용 대절탕을 프라이빗하게 이용하는 경험을 언급한 후기다; 객실 샤워/동선 등 운영 주의 신호가 붙는다.,direct_readable,True,positive,body_positive,high,issue_caution_calibration_needed
enokiya-rakuten_travel-33123468314862,Rakuten Travel,Rakuten Travel,2009-06-17,5,https://travel.rakuten.co.jp/HOTEL/28502/review.html,ja,,lodging_direct,True,facility_wide,water_texture;temperature,room_no_shower_or_small_wet_area;pet_friendly_context,シャワー;ぬるい,숙소 온천 또는 욕장 이용을 넓게 언급한 후기다; 원천·수질 체감 표현이 포함된다; 탕 온도나 계절 체감이 언급된다; 객실 샤워/동선 등 운영 주의 신호가 붙는다.,direct_readable,True,mixed,body_negative_with_context,high,issue_caution_calibration_needed
enokiya-rakuten_travel-33123468272628,Rakuten Travel,Rakuten Travel,2009-06-08,5,https://travel.rakuten.co.jp/HOTEL/28502/review.html,ja,,lodging_direct,True,private_bath,private_bath_experience,,露天風呂;露天,공용 대절탕을 프라이빗하게 이용하는 경험을 언급한 후기다.,direct_readable,True,positive,body_positive,high,issue_caution_calibration_needed
enokiya-rakuten_travel-33123469642302,Rakuten Travel,Rakuten Travel,2023-06-29,5,https://travel.rakuten.co.jp/HOTEL/28502/review.html,ja,,lodging_direct,False,,,,,숙박 경험 중심 후기다.,direct_readable,True,neutral,neutral_or_lodging_context,medium,issue_caution_calibration_needed
enokiya-rakuten_travel-33123469613756,Rakuten Travel,Rakuten Travel,2023-06-28,5,https://travel.rakuten.co.jp/HOTEL/28502/review.html,ja,07d8ed222f,lodging_direct,False,,,,,숙박 경험 중심 후기다.,direct_readable,True,neutral,neutral_or_lodging_context,medium,issue_caution_calibration_needed
enokiya-rakuten_travel-33123469608019,Rakuten Travel,Rakuten Travel,2023-06-25,5,https://travel.rakuten.co.jp/HOTEL/28502/review.html,ja,28510bd68c,lodging_direct,False,,,,,숙박 경험 중심 후기다.,direct_readable,True,neutral,neutral_or_lodging_context,medium,issue_caution_calibration_needed
enokiya-rakuten_travel-33123461323841,Rakuten Travel,Rakuten Travel,2022-08-22,5,https://travel.rakuten.co.jp/HOTEL/28502/review.html,ja,6103c3fa92,lodging_direct,False,,,,,숙박 경험 중심 후기다.,direct_readable,True,neutral,neutral_or_lodging_context,medium,issue_caution_calibration_needed
enokiya-rakuten_travel-33123461007693,Rakuten Travel,Rakuten Travel,2022-05-04,5,https://travel.rakuten.co.jp/HOTEL/28502/review.html,ja,dcde622df2,lodging_direct,True,facility_wide,facility_wide_hot_spring_mention,,湯,숙소 온천 또는 욕장 이용을 넓게 언급한 후기다.,direct_readable,True,positive,rating_positive_signal,medium,issue_caution_calibration_needed
enokiya-rakuten_travel-33123460934921,Rakuten Travel,Rakuten Travel,2022-04-08,4,https://travel.rakuten.co.jp/HOTEL/28502/review.html,ja,,lodging_direct,True,facility_wide,facility_wide_hot_spring_mention,,温泉,숙소 온천 또는 욕장 이용을 넓게 언급한 후기다.,direct_readable,True,positive,rating_positive_signal,medium,issue_caution_calibration_needed
enokiya-rakuten_travel-33123460932958,Rakuten Travel,Rakuten Travel,2022-04-06,5,https://travel.rakuten.co.jp/HOTEL/28502/review.html,ja,,lodging_direct,True,facility_wide,facility_wide_hot_spring_mention,,温泉,숙소 온천 또는 욕장 이용을 넓게 언급한 후기다.,direct_readable,True,positive,rating_positive_signal,medium,issue_caution_calibration_needed
enokiya-rakuten_travel-33123460894290,Rakuten Travel,Rakuten Travel,2022-03-25,5,https://travel.rakuten.co.jp/HOTEL/28502/review.html,ja,,lodging_direct,True,facility_wide,facility_wide_hot_spring_mention,,温泉,숙소 온천 또는 욕장 이용을 넓게 언급한 후기다.,direct_readable,True,positive,rating_positive_signal,medium,issue_caution_calibration_needed
enokiya-rakuten_travel-33123460665414,Rakuten Travel,Rakuten Travel,2021-11-19,4,https://travel.rakuten.co.jp/HOTEL/28502/review.html,ja,69b89a4e46,lodging_direct,True,facility_wide,facility_wide_hot_spring_mention,,湯,숙소 온천 또는 욕장 이용을 넓게 언급한 후기다.,direct_readable,True,positive,rating_positive_signal,medium,issue_caution_calibration_needed
enokiya-rakuten_travel-33123466584455,Rakuten Travel,Rakuten Travel,2021-04-03,4,https://travel.rakuten.co.jp/HOTEL/28502/review.html,ja,7682e9aa03,lodging_direct,False,,,pet_friendly_context,,숙박 경험 중심 후기다; 객실 샤워/동선 등 운영 주의 신호가 붙는다.,direct_readable,True,neutral,neutral_or_lodging_context,medium,issue_caution_calibration_needed
enokiya-rakuten_travel-33123465982021,Rakuten Travel,Rakuten Travel,2020-11-18,4,https://travel.rakuten.co.jp/HOTEL/28502/review.html,ja,86e9c76406,lodging_direct,True,facility_wide,facility_wide_hot_spring_mention,,温泉,숙소 온천 또는 욕장 이용을 넓게 언급한 후기다.,direct_readable,True,positive,rating_positive_signal,medium,issue_caution_calibration_needed
enokiya-rakuten_travel-33123465966030,Rakuten Travel,Rakuten Travel,2020-11-16,5,https://travel.rakuten.co.jp/HOTEL/28502/review.html,ja,,lodging_direct,False,,,pet_friendly_context,,숙박 경험 중심 후기다; 객실 샤워/동선 등 운영 주의 신호가 붙는다.,direct_readable,True,neutral,neutral_or_lodging_context,medium,issue_caution_calibration_needed
enokiya-rakuten_travel-33123465685371,Rakuten Travel,Rakuten Travel,2020-10-19,5,https://travel.rakuten.co.jp/HOTEL/28502/review.html,ja,,lodging_direct,False,,,,,숙박 경험 중심 후기다.,direct_readable,True,neutral,neutral_or_lodging_context,medium,issue_caution_calibration_needed
enokiya-rakuten_travel-33123465736359,Rakuten Travel,Rakuten Travel,2020-10-14,5,https://travel.rakuten.co.jp/HOTEL/28502/review.html,ja,,lodging_direct,False,,,pet_friendly_context,,숙박 경험 중심 후기다; 객실 샤워/동선 등 운영 주의 신호가 붙는다.,direct_readable,True,neutral,neutral_or_lodging_context,medium,issue_caution_calibration_needed
enokiya-rakuten_travel-33123465539257,Rakuten Travel,Rakuten Travel,2020-09-21,4,https://travel.rakuten.co.jp/HOTEL/28502/review.html,ja,6facce212d,lodging_direct,False,,,,,숙박 경험 중심 후기다.,direct_readable,True,neutral,neutral_or_lodging_context,medium,issue_caution_calibration_needed
enokiya-rakuten_travel-33123463110784,Rakuten Travel,Rakuten Travel,2019-07-19,4,https://travel.rakuten.co.jp/HOTEL/28502/review.html,ja,09809c5f54,lodging_direct,False,,,stairs_or_access,,숙박 경험 중심 후기다; 객실 샤워/동선 등 운영 주의 신호가 붙는다.,direct_readable,True,mixed,caution_or_issue_tag,high,issue_caution_calibration_needed
enokiya-rakuten_travel-33123470203984,Rakuten Travel,Rakuten Travel,2017-05-29,5,https://travel.rakuten.co.jp/HOTEL/28502/review.html,ja,,lodging_direct,False,,,,,숙박 경험 중심 후기다.,direct_readable,True,neutral,neutral_or_lodging_context,medium,issue_caution_calibration_needed
enokiya-rakuten_travel-33123468395889,Rakuten Travel,Rakuten Travel,2016-08-08,5,https://travel.rakuten.co.jp/HOTEL/28502/review.html,ja,,lodging_direct,True,facility_wide,facility_wide_hot_spring_mention,,,숙소 온천 또는 욕장 이용을 넓게 언급한 후기다.,direct_readable,True,positive,rating_positive_signal,medium,issue_caution_calibration_needed
enokiya-rakuten_travel-33123461794171,Rakuten Travel,Rakuten Travel,2016-03-28,4,https://travel.rakuten.co.jp/HOTEL/28502/review.html,ja,9b536ce9ad,lodging_direct,False,,,,,숙박 경험 중심 후기다.,direct_readable,True,neutral,neutral_or_lodging_context,medium,issue_caution_calibration_needed
enokiya-rakuten_travel-33123466651031,Rakuten Travel,Rakuten Travel,2014-12-30,5,https://travel.rakuten.co.jp/HOTEL/28502/review.html,ja,,lodging_direct,False,,,,,숙박 경험 중심 후기다.,direct_readable,True,neutral,neutral_or_lodging_context,medium,issue_caution_calibration_needed
enokiya-rakuten_travel-33123465003457,Rakuten Travel,Rakuten Travel,2014-02-25,5,https://travel.rakuten.co.jp/HOTEL/28502/review.html,ja,c799fa9830,lodging_direct,False,,,,,숙박 경험 중심 후기다.,direct_readable,True,neutral,neutral_or_lodging_context,medium,issue_caution_calibration_needed
enokiya-rakuten_travel-33123463663894,Rakuten Travel,Rakuten Travel,2013-06-23,4,https://travel.rakuten.co.jp/HOTEL/28502/review.html,ja,db1b9737f9,lodging_direct,True,facility_wide,facility_wide_hot_spring_mention,pet_friendly_context,湯,숙소 온천 또는 욕장 이용을 넓게 언급한 후기다; 객실 샤워/동선 등 운영 주의 신호가 붙는다.,direct_readable,True,positive,rating_positive_signal,medium,issue_caution_calibration_needed
enokiya-rakuten_travel-33123459896176,Rakuten Travel,Rakuten Travel,2012-11-30,5,https://travel.rakuten.co.jp/HOTEL/28502/review.html,ja,3c0b9f9637,lodging_direct,True,facility_wide,facility_wide_hot_spring_mention,,温泉,숙소 온천 또는 욕장 이용을 넓게 언급한 후기다.,direct_readable,True,positive,rating_positive_signal,medium,issue_caution_calibration_needed
enokiya-rakuten_travel-33123462061392,Rakuten Travel,Rakuten Travel,2012-05-04,5,https://travel.rakuten.co.jp/HOTEL/28502/review.html,ja,a0b40bf1d8,lodging_direct,False,,,,,숙박 경험 중심 후기다.,direct_readable,True,neutral,neutral_or_lodging_context,medium,issue_caution_calibration_needed
enokiya-rakuten_travel-33123471158723,Rakuten Travel,Rakuten Travel,2010-08-27,4,https://travel.rakuten.co.jp/HOTEL/28502/review.html,ja,,lodging_direct,False,,,pet_friendly_context,,숙박 경험 중심 후기다; 객실 샤워/동선 등 운영 주의 신호가 붙는다.,direct_readable,True,neutral,neutral_or_lodging_context,medium,issue_caution_calibration_needed
enokiya-rakuten_travel-33123470238992,Rakuten Travel,Rakuten Travel,2010-04-23,5,https://travel.rakuten.co.jp/HOTEL/28502/review.html,ja,,lodging_direct,True,facility_wide,facility_wide_hot_spring_mention,pet_friendly_context,湯,숙소 온천 또는 욕장 이용을 넓게 언급한 후기다; 객실 샤워/동선 등 운영 주의 신호가 붙는다.,direct_readable,True,positive,rating_positive_signal,medium,issue_caution_calibration_needed
enokiya-rakuten_travel-33123469282067,Rakuten Travel,Rakuten Travel,2009-11-12,5,https://travel.rakuten.co.jp/HOTEL/28502/review.html,ja,bc4592692e,lodging_direct,True,facility_wide,facility_wide_hot_spring_mention,,湯,숙소 온천 또는 욕장 이용을 넓게 언급한 후기다.,direct_readable,True,positive,rating_positive_signal,medium,issue_caution_calibration_needed
enokiya-rakuten_travel-33123463115987,Rakuten Travel,Rakuten Travel,2019-07-20,3,https://travel.rakuten.co.jp/HOTEL/28502/review.html,ja,39c82fb82f,lodging_direct,False,,,,,숙박 경험 중심 후기다.,direct_readable,True,neutral,neutral_or_lodging_context,medium,issue_caution_calibration_needed
enokiya-rakuten_travel-33123464284368,Rakuten Travel,Rakuten Travel,2013-10-20,3,https://travel.rakuten.co.jp/HOTEL/28502/review.html,ja,310959cdd6,lodging_direct,True,facility_wide,facility_wide_hot_spring_mention,building_age;pet_friendly_context,湯;予約,숙소 온천 또는 욕장 이용을 넓게 언급한 후기다; 객실 샤워/동선 등 운영 주의 신호가 붙는다.,direct_readable,True,mixed,caution_or_issue_tag,high,issue_caution_calibration_needed
enokiya-rakuten_travel-33123461911076,Rakuten Travel,Rakuten Travel,2012-01-07,3,https://travel.rakuten.co.jp/HOTEL/28502/review.html,ja,,lodging_direct,True,facility_wide,facility_wide_hot_spring_mention,,,숙소 온천 또는 욕장 이용을 넓게 언급한 후기다.,direct_readable,True,positive,positive_signal_no_caution,medium,issue_caution_calibration_needed
enokiya-rakuten_travel-33123469485156,Rakuten Travel,Rakuten Travel,2023-06-13,2,https://travel.rakuten.co.jp/HOTEL/28502/review.html,ja,f2360da42c,lodging_direct,False,,,,,숙박 경험 중심 후기다.,direct_readable,True,neutral,neutral_or_lodging_context,medium,issue_caution_calibration_needed
enokiya-rakuten_travel-33123460397080,Rakuten Travel,Rakuten Travel,2021-05-04,2,https://travel.rakuten.co.jp/HOTEL/28502/review.html,ja,763b6a5c7e,lodging_direct,False,,,pet_friendly_context;insects,予約,숙박 경험 중심 후기다; 객실 샤워/동선 등 운영 주의 신호가 붙는다.,direct_readable,True,mixed,caution_or_issue_tag,high,issue_caution_calibration_needed
enokiya-rakuten_travel-33123463347154,Rakuten Travel,Rakuten Travel,2019-09-12,2,https://travel.rakuten.co.jp/HOTEL/28502/review.html,ja,,lodging_direct,True,facility_wide,facility_wide_hot_spring_mention,pet_friendly_context,温泉;湯,숙소 온천 또는 욕장 이용을 넓게 언급한 후기다; 객실 샤워/동선 등 운영 주의 신호가 붙는다.,direct_readable,True,positive,positive_signal_no_caution,medium,issue_caution_calibration_needed
enokiya-rakuten_travel-33123469418113,Rakuten Travel,Rakuten Travel,2009-12-08,2,https://travel.rakuten.co.jp/HOTEL/28502/review.html,ja,,lodging_direct,False,,,pet_friendly_context,予約,숙박 경험 중심 후기다; 객실 샤워/동선 등 운영 주의 신호가 붙는다.,direct_readable,True,neutral,neutral_or_lodging_context,medium,issue_caution_calibration_needed
enokiya-rakuten_travel-33123476070433,Rakuten Travel,Rakuten Travel,2009-03-31,0,https://travel.rakuten.co.jp/HOTEL/28502/review.html,ja,,lodging_direct,True,facility_wide,facility_wide_hot_spring_mention,,湯,숙소 온천 또는 욕장 이용을 넓게 언급한 후기다.,direct_readable,True,positive,positive_signal_no_caution,medium,issue_caution_calibration_needed
enokiya-rakuten_travel-33123476054377,Rakuten Travel,Rakuten Travel,2009-03-24,0,https://travel.rakuten.co.jp/HOTEL/28502/review.html,ja,,lodging_direct,True,facility_wide,facility_wide_hot_spring_mention,,温泉;湯,숙소 온천 또는 욕장 이용을 넓게 언급한 후기다.,direct_readable,True,positive,positive_signal_no_caution,medium,issue_caution_calibration_needed
enokiya-rakuten_travel-33123476047696,Rakuten Travel,Rakuten Travel,2009-03-24,0,https://travel.rakuten.co.jp/HOTEL/28502/review.html,ja,,lodging_direct,True,facility_wide,facility_wide_hot_spring_mention,,,숙소 온천 또는 욕장 이용을 넓게 언급한 후기다.,direct_readable,True,positive,positive_signal_no_caution,medium,issue_caution_calibration_needed
enokiya-rakuten_travel-33123475961848,Rakuten Travel,Rakuten Travel,2009-01-26,0,https://travel.rakuten.co.jp/HOTEL/28502/review.html,ja,,lodging_direct,True,facility_wide,facility_wide_hot_spring_mention,,,숙소 온천 또는 욕장 이용을 넓게 언급한 후기다.,direct_readable,True,positive,positive_signal_no_caution,medium,issue_caution_calibration_needed
enokiya-rakuten_travel-33123475829546,Rakuten Travel,Rakuten Travel,2008-08-25,0,https://travel.rakuten.co.jp/HOTEL/28502/review.html,ja,,lodging_direct,True,facility_wide,facility_wide_hot_spring_mention,,湯,숙소 온천 또는 욕장 이용을 넓게 언급한 후기다.,direct_readable,True,positive,positive_signal_no_caution,medium,issue_caution_calibration_needed
enokiya-rakuten_travel-33123475703953,Rakuten Travel,Rakuten Travel,2008-05-20,0,https://travel.rakuten.co.jp/HOTEL/28502/review.html,ja,,lodging_direct,False,,,,,숙박 경험 중심 후기다.,direct_readable,True,neutral,neutral_or_lodging_context,medium,issue_caution_calibration_needed
enokiya-rakuten_travel-33123475386488,Rakuten Travel,Rakuten Travel,2007-10-26,0,https://travel.rakuten.co.jp/HOTEL/28502/review.html,ja,,lodging_direct,True,private_bath,private_bath_experience,stairs_or_access,露天;温泉,공용 대절탕을 프라이빗하게 이용하는 경험을 언급한 후기다; 객실 샤워/동선 등 운영 주의 신호가 붙는다.,direct_readable,True,mixed,caution_or_issue_tag,high,issue_caution_calibration_needed
enokiya-rakuten_travel-33123474958479,Rakuten Travel,Rakuten Travel,2007-05-07,0,https://travel.rakuten.co.jp/HOTEL/28502/review.html,ja,,lodging_direct,True,private_bath,private_bath_experience,,露天風呂;露天;湯,공용 대절탕을 프라이빗하게 이용하는 경험을 언급한 후기다.,direct_readable,True,positive,body_positive,high,issue_caution_calibration_needed
enokiya-rakuten_travel-33123474970631,Rakuten Travel,Rakuten Travel,2007-04-22,0,https://travel.rakuten.co.jp/HOTEL/28502/review.html,ja,,lodging_direct,True,facility_wide,crowding;temperature,,待ち,숙소 온천 또는 욕장 이용을 넓게 언급한 후기다; 공실 타이밍이나 대기 가능성을 함께 남겼다; 탕 온도나 계절 체감이 언급된다.,direct_readable,True,mixed,conditional_signal_tag,medium,issue_caution_calibration_needed
enokiya-rakuten_travel-33123474667445,Rakuten Travel,Rakuten Travel,2007-01-20,0,https://travel.rakuten.co.jp/HOTEL/28502/review.html,ja,,lodging_direct,True,facility_wide,temperature,,湯,숙소 온천 또는 욕장 이용을 넓게 언급한 후기다; 탕 온도나 계절 체감이 언급된다.,direct_readable,True,mixed,conditional_signal_tag,medium,issue_caution_calibration_needed
enokiya-rakuten_travel-33123474690867,Rakuten Travel,Rakuten Travel,2007-01-07,0,https://travel.rakuten.co.jp/HOTEL/28502/review.html,ja,,lodging_direct,True,family_bath,private_bath_experience;crowding,,家族風呂;露天;温泉;湯;待ち,공용 대절탕을 프라이빗하게 이용하는 경험을 언급한 후기다; 공실 타이밍이나 대기 가능성을 함께 남겼다.,direct_readable,True,mixed,conditional_signal_tag,medium,issue_caution_calibration_needed
enokiya-rakuten_travel-33123474573883,Rakuten Travel,Rakuten Travel,2006-11-25,0,https://travel.rakuten.co.jp/HOTEL/28502/review.html,ja,,lodging_direct,True,private_bath,private_bath_experience,pet_friendly_context,露天風呂;露天;湯;予約,공용 대절탕을 프라이빗하게 이용하는 경험을 언급한 후기다; 객실 샤워/동선 등 운영 주의 신호가 붙는다.,direct_readable,True,positive,body_positive,high,issue_caution_calibration_needed
enokiya-rakuten_travel-33123474387079,Rakuten Travel,Rakuten Travel,2006-10-01,0,https://travel.rakuten.co.jp/HOTEL/28502/review.html,ja,,lodging_direct,True,private_bath,private_bath_experience,,露天風呂;露天,공용 대절탕을 프라이빗하게 이용하는 경험을 언급한 후기다.,direct_readable,True,positive,body_positive,high,issue_caution_calibration_needed
enokiya-rakuten_travel-33123474376650,Rakuten Travel,Rakuten Travel,2006-09-22,0,https://travel.rakuten.co.jp/HOTEL/28502/review.html,ja,,lodging_direct,True,private_bath,private_bath_experience,,露天,공용 대절탕을 프라이빗하게 이용하는 경험을 언급한 후기다.,direct_readable,True,positive,body_positive,high,issue_caution_calibration_needed
enokiya-rakuten_travel-33123474107069,Rakuten Travel,Rakuten Travel,2006-07-10,0,https://travel.rakuten.co.jp/HOTEL/28502/review.html,ja,,lodging_direct,True,private_bath,private_bath_experience;crowding;temperature,,露天風呂;露天;温泉;湯;シャワー;待ち;熱い,공용 대절탕을 프라이빗하게 이용하는 경험을 언급한 후기다; 공실 타이밍이나 대기 가능성을 함께 남겼다; 탕 온도나 계절 체감이 언급된다.,direct_readable,True,mixed,conditional_signal_tag,medium,issue_caution_calibration_needed
enokiya-rakuten_travel-33123474072165,Rakuten Travel,Rakuten Travel,2006-06-10,0,https://travel.rakuten.co.jp/HOTEL/28502/review.html,ja,,lodging_direct,True,private_bath,private_bath_experience;temperature,,露天風呂;露天;温泉,공용 대절탕을 프라이빗하게 이용하는 경험을 언급한 후기다; 탕 온도나 계절 체감이 언급된다.,direct_readable,True,mixed,conditional_signal_tag,medium,issue_caution_calibration_needed
enokiya-rakuten_travel-33123473963969,Rakuten Travel,Rakuten Travel,2006-05-17,0,https://travel.rakuten.co.jp/HOTEL/28502/review.html,ja,,lodging_direct,True,facility_wide,facility_wide_hot_spring_mention,,,숙소 온천 또는 욕장 이용을 넓게 언급한 후기다.,direct_readable,True,positive,positive_signal_no_caution,medium,issue_caution_calibration_needed
enokiya-rakuten_travel-33123473923221,Rakuten Travel,Rakuten Travel,2006-05-14,0,https://travel.rakuten.co.jp/HOTEL/28502/review.html,ja,,lodging_direct,True,private_bath,private_bath_experience,,露天風呂;露天;湯,공용 대절탕을 프라이빗하게 이용하는 경험을 언급한 후기다.,direct_readable,True,positive,body_positive,high,issue_caution_calibration_needed
enokiya-rakuten_travel-33123473890338,Rakuten Travel,Rakuten Travel,2006-04-11,0,https://travel.rakuten.co.jp/HOTEL/28502/review.html,ja,,lodging_direct,True,facility_wide,facility_wide_hot_spring_mention,,,숙소 온천 또는 욕장 이용을 넓게 언급한 후기다.,direct_readable,True,positive,positive_signal_no_caution,medium,issue_caution_calibration_needed
enokiya-rakuten_travel-33123473866647,Rakuten Travel,Rakuten Travel,2006-03-30,0,https://travel.rakuten.co.jp/HOTEL/28502/review.html,ja,,lodging_direct,True,private_bath,private_bath_experience;temperature,,露天風呂;露天;温泉,공용 대절탕을 프라이빗하게 이용하는 경험을 언급한 후기다; 탕 온도나 계절 체감이 언급된다.,direct_readable,True,mixed,conditional_signal_tag,medium,issue_caution_calibration_needed
enokiya-rakuten_travel-33123473764656,Rakuten Travel,Rakuten Travel,2006-02-10,0,https://travel.rakuten.co.jp/HOTEL/28502/review.html,ja,,lodging_direct,True,private_bath,private_bath_experience;water_texture,,露天風呂;露天,공용 대절탕을 프라이빗하게 이용하는 경험을 언급한 후기다; 원천·수질 체감 표현이 포함된다.,direct_readable,True,positive,body_positive,high,issue_caution_calibration_needed
enokiya-rakuten_travel-33123473654830,Rakuten Travel,Rakuten Travel,2005-12-25,0,https://travel.rakuten.co.jp/HOTEL/28502/review.html,ja,,lodging_direct,True,family_bath;private_bath,private_bath_experience,,家族風呂;露天風呂;露天,세 개의 공용 대절/가족형 탕을 잠그고 쓰는 방식으로 이해한 후기다.,direct_readable,True,positive,positive_signal_no_caution,medium,issue_caution_calibration_needed
enokiya-rakuten_travel-33123473613988,Rakuten Travel,Rakuten Travel,2005-12-06,0,https://travel.rakuten.co.jp/HOTEL/28502/review.html,ja,,lodging_direct,True,facility_wide,crowding;temperature,room_no_shower_or_small_wet_area;insects,湯;シャワー;待ち,숙소 온천 또는 욕장 이용을 넓게 언급한 후기다; 공실 타이밍이나 대기 가능성을 함께 남겼다; 탕 온도나 계절 체감이 언급된다; 객실 샤워/동선 등 운영 주의 신호가 붙는다.,direct_readable,True,mixed,caution_or_issue_tag,high,issue_caution_calibration_needed
enokiya-rakuten_travel-33123473540055,Rakuten Travel,Rakuten Travel,2005-11-09,0,https://travel.rakuten.co.jp/HOTEL/28502/review.html,ja,,lodging_direct,True,private_bath,private_bath_experience,,露天風呂;露天;予約,공용 대절탕을 프라이빗하게 이용하는 경험을 언급한 후기다.,direct_readable,True,positive,body_positive,high,issue_caution_calibration_needed
enokiya-rakuten_travel-33123473496161,Rakuten Travel,Rakuten Travel,2005-10-05,0,https://travel.rakuten.co.jp/HOTEL/28502/review.html,ja,,lodging_direct,False,,,stairs_or_access,,숙박 경험 중심 후기다; 객실 샤워/동선 등 운영 주의 신호가 붙는다.,direct_readable,True,mixed,caution_or_issue_tag,high,issue_caution_calibration_needed
enokiya-rakuten_travel-33123473493700,Rakuten Travel,Rakuten Travel,2005-10-02,0,https://travel.rakuten.co.jp/HOTEL/28502/review.html,ja,,lodging_direct,True,private_bath,private_bath_experience;temperature,,露天風呂;露天;湯;ぬるい,공용 대절탕을 프라이빗하게 이용하는 경험을 언급한 후기다; 탕 온도나 계절 체감이 언급된다.,direct_readable,True,mixed,body_positive_and_negative,high,issue_caution_calibration_needed
enokiya-rakuten_travel-33123473474492,Rakuten Travel,Rakuten Travel,2005-09-26,0,https://travel.rakuten.co.jp/HOTEL/28502/review.html,ja,,lodging_direct,True,facility_wide,water_texture,room_no_shower_or_small_wet_area;pet_friendly_context,温泉;湯;シャワー,숙소 온천 또는 욕장 이용을 넓게 언급한 후기다; 원천·수질 체감 표현이 포함된다; 객실 샤워/동선 등 운영 주의 신호가 붙는다.,direct_readable,True,mixed,caution_or_issue_tag,high,issue_caution_calibration_needed
enokiya-rakuten_travel-33123473470678,Rakuten Travel,Rakuten Travel,2005-09-14,0,https://travel.rakuten.co.jp/HOTEL/28502/review.html,ja,,lodging_direct,True,private_bath,private_bath_experience,,露天風呂;露天;温泉;湯;予約,공용 대절탕을 프라이빗하게 이용하는 경험을 언급한 후기다.,direct_readable,True,positive,body_positive,high,issue_caution_calibration_needed
enokiya-rakuten_travel-33123473351363,Rakuten Travel,Rakuten Travel,2005-04-20,0,https://travel.rakuten.co.jp/HOTEL/28502/review.html,ja,,lodging_direct,True,private_bath,private_bath_experience,,貸切;露天風呂;露天,공용 대절탕을 프라이빗하게 이용하는 경험을 언급한 후기다.,direct_readable,True,positive,body_positive,high,issue_caution_calibration_needed
enokiya-rakuten_travel-33123476452640,Rakuten Travel,Rakuten Travel,2005-03-26,0,https://travel.rakuten.co.jp/HOTEL/28502/review.html,ja,,lodging_direct,True,family_bath;private_bath,private_bath_experience;temperature,building_age,貸切;家族風呂;露天風呂;露天;温泉;湯;予約,세 개의 공용 대절/가족형 탕을 잠그고 쓰는 방식으로 이해한 후기다; 탕 온도나 계절 체감이 언급된다; 객실 샤워/동선 등 운영 주의 신호가 붙는다.,direct_readable,True,mixed,caution_or_issue_tag,high,issue_caution_calibration_needed
enokiya-rakuten_travel-33123475596731,Rakuten Travel,Rakuten Travel,2005-01-15,0,https://travel.rakuten.co.jp/HOTEL/28502/review.html,ja,,lodging_direct,True,private_bath,private_bath_experience;temperature,,露天,공용 대절탕을 프라이빗하게 이용하는 경험을 언급한 후기다; 탕 온도나 계절 체감이 언급된다.,direct_readable,True,mixed,conditional_signal_tag,medium,issue_caution_calibration_needed
enokiya-rakuten_travel-33123476031072,Rakuten Travel,Rakuten Travel,2009-03-25,0,https://travel.rakuten.co.jp/HOTEL/28502/review.html,ja,,lodging_direct,True,facility_wide,facility_wide_hot_spring_mention,,湯,숙소 온천 또는 욕장 이용을 넓게 언급한 후기다.,direct_readable,True,positive,positive_signal_no_caution,medium,issue_caution_calibration_needed
enokiya-rakuten_travel-33123475901986,Rakuten Travel,Rakuten Travel,2008-11-22,0,https://travel.rakuten.co.jp/HOTEL/28502/review.html,ja,,lodging_direct,False,,,,,숙박 경험 중심 후기다.,direct_readable,True,neutral,neutral_or_lodging_context,medium,issue_caution_calibration_needed
enokiya-rakuten_travel-33123475147559,Rakuten Travel,Rakuten Travel,2007-07-22,0,https://travel.rakuten.co.jp/HOTEL/28502/review.html,ja,,lodging_direct,False,,,,,숙박 경험 중심 후기다.,direct_readable,True,neutral,neutral_or_lodging_context,medium,issue_caution_calibration_needed
enokiya-rakuten_travel-33123473872157,Rakuten Travel,Rakuten Travel,2006-04-24,0,https://travel.rakuten.co.jp/HOTEL/28502/review.html,ja,,lodging_direct,False,,,,,숙박 경험 중심 후기다.,direct_readable,True,neutral,neutral_or_lodging_context,medium,issue_caution_calibration_needed
enokiya-rakuten_travel-33123473556811,Rakuten Travel,Rakuten Travel,2005-11-28,0,https://travel.rakuten.co.jp/HOTEL/28502/review.html,ja,,lodging_direct,True,private_bath,private_bath_experience,,露天風呂;露天,공용 대절탕을 프라이빗하게 이용하는 경험을 언급한 후기다.,direct_readable,True,positive,body_positive,high,issue_caution_calibration_needed
enokiya-rakuten_travel-33123473460610,Rakuten Travel,Rakuten Travel,2005-09-23,0,https://travel.rakuten.co.jp/HOTEL/28502/review.html,ja,,lodging_direct,True,facility_wide,facility_wide_hot_spring_mention,,湯,숙소 온천 또는 욕장 이용을 넓게 언급한 후기다.,direct_readable,True,positive,positive_signal_no_caution,medium,issue_caution_calibration_needed
enokiya-rakuten_travel-33123473411706,Rakuten Travel,Rakuten Travel,2005-08-15,0,https://travel.rakuten.co.jp/HOTEL/28502/review.html,ja,,lodging_direct,False,,,,,숙박 경험 중심 후기다.,direct_readable,True,neutral,neutral_or_lodging_context,medium,issue_caution_calibration_needed
enokiya-jalan-1,Jalan,Jalan,2026/5/27,,https://www.jalan.net/yad348760/kuchikomi/,ja,,lodging_direct,True,private_bath,private_bath_experience;crowding;booking_confusion,,空き,공용 대절탕을 프라이빗하게 이용하는 경험을 언급한 후기다; 공실 타이밍이나 대기 가능성을 함께 남겼다.,direct_readable,True,mixed,conditional_signal_tag,medium,issue_caution_calibration_needed
enokiya-jalan-2,Jalan,Jalan,2026/5/27,,https://www.jalan.net/yad348760/kuchikomi/,ja,,lodging_direct,True,private_bath,private_bath_experience;crowding,,貸切;露天風呂;露天;湯,공용 대절탕을 프라이빗하게 이용하는 경험을 언급한 후기다; 공실 타이밍이나 대기 가능성을 함께 남겼다.,direct_readable,True,mixed,conditional_signal_tag,medium,issue_caution_calibration_needed
enokiya-jalan-3,Jalan,Jalan,2026/5/23,,https://www.jalan.net/yad348760/kuchikomi/,ja,,lodging_direct,True,facility_wide,facility_wide_hot_spring_mention,,温泉,숙소 온천 또는 욕장 이용을 넓게 언급한 후기다.,direct_readable,True,positive,positive_signal_no_caution,medium,issue_caution_calibration_needed
enokiya-jalan-4,Jalan,Jalan,2026/4/22,,https://www.jalan.net/yad348760/kuchikomi/,ja,,lodging_direct,True,private_bath,private_bath_experience,,貸切;温泉,공용 대절탕을 프라이빗하게 이용하는 경험을 언급한 후기다.,direct_readable,True,positive,body_positive,high,issue_caution_calibration_needed
enokiya-jalan-5,Jalan,Jalan,2025/12/1,,https://www.jalan.net/yad348760/kuchikomi/,ja,,lodging_direct,True,facility_wide,facility_wide_hot_spring_mention,,温泉;湯;予約,숙소 온천 또는 욕장 이용을 넓게 언급한 후기다.,direct_readable,True,positive,positive_signal_no_caution,medium,issue_caution_calibration_needed
enokiya-jalan-6,Jalan,Jalan,2025/11/19,,https://www.jalan.net/yad348760/kuchikomi/,ja,,lodging_direct,True,private_bath,private_bath_experience;crowding;booking_confusion,,湯,공용 대절탕을 프라이빗하게 이용하는 경험을 언급한 후기다; 공실 타이밍이나 대기 가능성을 함께 남겼다.,direct_readable,True,mixed,conditional_signal_tag,medium,issue_caution_calibration_needed
enokiya-jalan-7,Jalan,Jalan,2025/10/20,,https://www.jalan.net/yad348760/kuchikomi/,ja,,lodging_direct,True,facility_wide,facility_wide_hot_spring_mention,,,숙소 온천 또는 욕장 이용을 넓게 언급한 후기다.,direct_readable,True,positive,positive_signal_no_caution,medium,issue_caution_calibration_needed
enokiya-jalan-8,Jalan,Jalan,2025/9/24,,https://www.jalan.net/yad348760/kuchikomi/,ja,,lodging_direct,True,private_bath,private_bath_experience;crowding,,貸切風呂;貸切;予約;待ち,공용 대절탕을 프라이빗하게 이용하는 경험을 언급한 후기다; 공실 타이밍이나 대기 가능성을 함께 남겼다.,direct_readable,True,mixed,conditional_signal_tag,medium,issue_caution_calibration_needed
enokiya-jalan-9,Jalan,Jalan,2025/9/23,,https://www.jalan.net/yad348760/kuchikomi/,ja,,lodging_direct,True,facility_wide,facility_wide_hot_spring_mention,pet_friendly_context,温泉;湯;大浴場;予約,숙소 온천 또는 욕장 이용을 넓게 언급한 후기다; 객실 샤워/동선 등 운영 주의 신호가 붙는다.,direct_readable,True,positive,positive_signal_no_caution,medium,issue_caution_calibration_needed
enokiya-jalan-10,Jalan,Jalan,2025/9/15,,https://www.jalan.net/yad348760/kuchikomi/,ja,,lodging_direct,True,private_bath,private_bath_experience,,貸切;シャワー,공용 대절탕을 프라이빗하게 이용하는 경험을 언급한 후기다.,direct_readable,True,positive,body_positive,high,issue_caution_calibration_needed
enokiya-jalan-11,Jalan,Jalan,2025/8/31,,https://www.jalan.net/yad348760/kuchikomi/,ja,,lodging_direct,True,private_bath,private_bath_experience,,貸切;露天風呂;露天,공용 대절탕을 프라이빗하게 이용하는 경험을 언급한 후기다.,direct_readable,True,positive,body_positive,high,issue_caution_calibration_needed
enokiya-jalan-12,Jalan,Jalan,2025/8/25,,https://www.jalan.net/yad348760/kuchikomi/,ja,,lodging_direct,True,private_bath,private_bath_experience,,貸切風呂;貸切,공용 대절탕을 프라이빗하게 이용하는 경험을 언급한 후기다.,direct_readable,True,positive,body_positive,high,issue_caution_calibration_needed
enokiya-jalan-13,Jalan,Jalan,2025/7/31,,https://www.jalan.net/yad348760/kuchikomi/,ja,,lodging_direct,True,private_bath,private_bath_experience;temperature,,貸切;温泉,공용 대절탕을 프라이빗하게 이용하는 경험을 언급한 후기다; 탕 온도나 계절 체감이 언급된다.,direct_readable,True,mixed,conditional_signal_tag,medium,issue_caution_calibration_needed
enokiya-jalan-14,Jalan,Jalan,2025/7/30,,https://www.jalan.net/yad348760/kuchikomi/,ja,,lodging_direct,True,private_bath,private_bath_experience,,貸切風呂;貸切;温泉;湯,공용 대절탕을 프라이빗하게 이용하는 경험을 언급한 후기다.,direct_readable,True,positive,body_positive,high,issue_caution_calibration_needed
enokiya-jalan-15,Jalan,Jalan,2025/7/20,,https://www.jalan.net/yad348760/kuchikomi/,ja,,lodging_direct,False,,,,,숙박 경험 중심 후기다.,direct_readable,True,neutral,neutral_or_lodging_context,medium,issue_caution_calibration_needed
enokiya-jalan-16,Jalan,Jalan,2025/7/16,,https://www.jalan.net/yad348760/kuchikomi/,ja,,lodging_direct,True,private_bath,private_bath_experience;crowding;booking_confusion,pet_friendly_context,空き,공용 대절탕을 프라이빗하게 이용하는 경험을 언급한 후기다; 공실 타이밍이나 대기 가능성을 함께 남겼다; 객실 샤워/동선 등 운영 주의 신호가 붙는다.,direct_readable,True,mixed,conditional_signal_tag,medium,issue_caution_calibration_needed
enokiya-jalan-17,Jalan,Jalan,2025/7/8,,https://www.jalan.net/yad348760/kuchikomi/,ja,,lodging_direct,True,private_bath,private_bath_experience,pet_friendly_context,貸切風呂;貸切;露天;温泉,공용 대절탕을 프라이빗하게 이용하는 경험을 언급한 후기다; 객실 샤워/동선 등 운영 주의 신호가 붙는다.,direct_readable,True,positive,body_positive,high,issue_caution_calibration_needed
enokiya-jalan-18,Jalan,Jalan,2025/7/6,,https://www.jalan.net/yad348760/kuchikomi/,ja,,lodging_direct,True,facility_wide,facility_wide_hot_spring_mention,,,숙소 온천 또는 욕장 이용을 넓게 언급한 후기다.,direct_readable,True,positive,positive_signal_no_caution,medium,issue_caution_calibration_needed
enokiya-jalan-19,Jalan,Jalan,2025/7/1,,https://www.jalan.net/yad348760/kuchikomi/,ja,,lodging_direct,False,,,,,숙박 경험 중심 후기다.,direct_readable,True,neutral,neutral_or_lodging_context,medium,issue_caution_calibration_needed
enokiya-agoda_api-1120908585,Agoda API,Agoda,"May 20, 2026",9.6,https://www.agoda.com/enokiya-ryokan/hotel/yufu-jp.html,en,09090a96f7,lodging_direct,True,family_bath;private_bath,private_bath_experience;crowding,room_no_shower_or_small_wet_area,public bath;shower;available,세 개의 공용 대절/가족형 탕을 잠그고 쓰는 방식으로 이해한 후기다; 공실 타이밍이나 대기 가능성을 함께 남겼다; 객실 샤워/동선 등 운영 주의 신호가 붙는다.,direct_readable,True,mixed,caution_or_issue_tag,high,issue_caution_calibration_needed
enokiya-agoda_api-1078556639,Agoda API,Booking.com,"February 09, 2026",9.0,https://www.agoda.com/enokiya-ryokan/hotel/yufu-jp.html,en,84525b0263,lodging_direct,True,facility_wide,facility_wide_hot_spring_mention,,onsen;shower,숙소 온천 또는 욕장 이용을 넓게 언급한 후기다.,direct_readable,True,positive,rating_positive_signal,medium,issue_caution_calibration_needed
enokiya-agoda_api-1056900869,Agoda API,Agoda,"December 02, 2025",9.2,https://www.agoda.com/enokiya-ryokan/hotel/yufu-jp.html,en,66183e16f4,lodging_direct,True,facility_wide,crowding;booking_confusion;temperature,,hot spring;available,숙소 온천 또는 욕장 이용을 넓게 언급한 후기다; 공실 타이밍이나 대기 가능성을 함께 남겼다; 탕 온도나 계절 체감이 언급된다.,direct_readable,True,mixed,conditional_signal_tag,medium,issue_caution_calibration_needed
enokiya-agoda_api-1062076157,Agoda API,Booking.com,"November 22, 2025",10.0,https://www.agoda.com/enokiya-ryokan/hotel/yufu-jp.html,en,76f9a187fe,lodging_direct,True,facility_wide,crowding,,onsen;available,숙소 온천 또는 욕장 이용을 넓게 언급한 후기다; 공실 타이밍이나 대기 가능성을 함께 남겼다.,direct_readable,True,mixed,conditional_signal_tag,medium,issue_caution_calibration_needed
enokiya-agoda_api-931148998,Agoda API,Agoda,"February 19, 2025",10.0,https://www.agoda.com/enokiya-ryokan/hotel/yufu-jp.html,en,8659e575c7,lodging_direct,True,private_bath,private_bath_experience;crowding;booking_confusion,,private onsen;open-air bath;onsen,공용 대절탕을 프라이빗하게 이용하는 경험을 언급한 후기다; 공실 타이밍이나 대기 가능성을 함께 남겼다.,direct_readable,True,mixed,conditional_signal_tag,medium,issue_caution_calibration_needed
enokiya-agoda_api-1052561362,Agoda API,Booking.com,"November 13, 2025",9.0,https://www.agoda.com/enokiya-ryokan/hotel/yufu-jp.html,en,a776d12855,lodging_direct,False,,,,,숙박 경험 중심 후기다.,direct_readable,True,neutral,neutral_or_lodging_context,medium,issue_caution_calibration_needed
enokiya-agoda_api-803180195,Agoda API,Agoda,"May 07, 2024",10.0,https://www.agoda.com/enokiya-ryokan/hotel/yufu-jp.html,en,4502848c8e,lodging_direct,False,,,pet_friendly_context,,숙박 경험 중심 후기다; 객실 샤워/동선 등 운영 주의 신호가 붙는다.,direct_readable,True,neutral,neutral_or_lodging_context,medium,issue_caution_calibration_needed
enokiya-agoda_api-1052561371,Agoda API,Booking.com,"November 01, 2025",10.0,https://www.agoda.com/enokiya-ryokan/hotel/yufu-jp.html,en,c2829a396a,lodging_direct,True,private_bath,private_bath_experience,,private onsen;onsen,공용 대절탕을 프라이빗하게 이용하는 경험을 언급한 후기다.,direct_readable,True,positive,body_positive,high,issue_caution_calibration_needed
enokiya-agoda_api-1092169187,Agoda API,Agoda,"March 27, 2026",9.2,https://www.agoda.com/enokiya-ryokan/hotel/yufu-jp.html,en,6b89915ddf,lodging_direct,True,private_bath,private_bath_experience,,private onsen;onsen,공용 대절탕을 프라이빗하게 이용하는 경험을 언급한 후기다.,direct_readable,True,positive,body_positive,high,issue_caution_calibration_needed
enokiya-agoda_api-1046728191,Agoda API,Booking.com,"October 19, 2025",10.0,https://www.agoda.com/enokiya-ryokan/hotel/yufu-jp.html,en,89573d55fe,lodging_direct,False,,,,,숙박 경험 중심 후기다.,direct_readable,True,neutral,neutral_or_lodging_context,medium,issue_caution_calibration_needed
enokiya-agoda_api-988312394,Agoda API,Agoda,"July 10, 2025",10.0,https://www.agoda.com/enokiya-ryokan/hotel/yufu-jp.html,en,6dd17e70e5,lodging_direct,True,private_bath,private_bath_experience,,,공용 대절탕을 프라이빗하게 이용하는 경험을 언급한 후기다.,direct_readable,True,positive,body_positive,high,issue_caution_calibration_needed
enokiya-agoda_api-963040022,Agoda API,Booking.com,"April 30, 2025",8.0,https://www.agoda.com/enokiya-ryokan/hotel/yufu-jp.html,en,4743fd0b33,lodging_direct,True,private_bath,private_bath_experience,,private onsen;onsen,공용 대절탕을 프라이빗하게 이용하는 경험을 언급한 후기다.,direct_readable,True,positive,body_positive,high,issue_caution_calibration_needed
enokiya-agoda_api-1067069422,Agoda API,Agoda,"January 13, 2026",10.0,https://www.agoda.com/enokiya-ryokan/hotel/yufu-jp.html,en,ea8d2424a1,lodging_direct,True,facility_wide,crowding;booking_confusion,,hot spring,숙소 온천 또는 욕장 이용을 넓게 언급한 후기다; 공실 타이밍이나 대기 가능성을 함께 남겼다.,direct_readable,True,mixed,conditional_signal_tag,medium,issue_caution_calibration_needed
enokiya-agoda_api-956062523,Agoda API,Booking.com,"April 22, 2025",10.0,https://www.agoda.com/enokiya-ryokan/hotel/yufu-jp.html,en,c5c8f32bdf,lodging_direct,True,facility_wide,facility_wide_hot_spring_mention,,onsen,숙소 온천 또는 욕장 이용을 넓게 언급한 후기다.,direct_readable,True,positive,rating_positive_signal,medium,issue_caution_calibration_needed
enokiya-agoda_api-1056912975,Agoda API,Agoda,"December 02, 2025",10.0,https://www.agoda.com/enokiya-ryokan/hotel/yufu-jp.html,en,c62e2f0a9e,lodging_direct,True,facility_wide,crowding,building_age,onsen;wait,숙소 온천 또는 욕장 이용을 넓게 언급한 후기다; 공실 타이밍이나 대기 가능성을 함께 남겼다; 객실 샤워/동선 등 운영 주의 신호가 붙는다.,direct_readable,True,mixed,caution_or_issue_tag,high,issue_caution_calibration_needed
enokiya-agoda_api-944669949,Agoda API,Booking.com,"March 25, 2025",7.0,https://www.agoda.com/enokiya-ryokan/hotel/yufu-jp.html,en,36d740ab58,lodging_direct,True,facility_wide,crowding,,shower;wait,숙소 온천 또는 욕장 이용을 넓게 언급한 후기다; 공실 타이밍이나 대기 가능성을 함께 남겼다.,direct_readable,True,mixed,conditional_signal_tag,medium,issue_caution_calibration_needed
enokiya-agoda_api-1104740163,Agoda API,Agoda,"April 11, 2026",10.0,https://www.agoda.com/enokiya-ryokan/hotel/yufu-jp.html,en,16301c5bdd,lodging_direct,False,,,pet_friendly_context,,숙박 경험 중심 후기다; 객실 샤워/동선 등 운영 주의 신호가 붙는다.,direct_readable,True,neutral,neutral_or_lodging_context,medium,issue_caution_calibration_needed
enokiya-agoda_api-934227177,Agoda API,Booking.com,"February 28, 2025",9.0,https://www.agoda.com/enokiya-ryokan/hotel/yufu-jp.html,en,a60ee781ca,lodging_direct,True,facility_wide,facility_wide_hot_spring_mention,,hot spring,숙소 온천 또는 욕장 이용을 넓게 언급한 후기다.,direct_readable,True,positive,rating_positive_signal,medium,issue_caution_calibration_needed
enokiya-agoda_api-1133886982,Agoda API,Agoda,"June 18, 2026",10.0,https://www.agoda.com/enokiya-ryokan/hotel/yufu-jp.html,en,8fa705169c,lodging_direct,True,private_bath,private_bath_experience,,private onsen;onsen,공용 대절탕을 프라이빗하게 이용하는 경험을 언급한 후기다.,direct_readable,True,positive,body_positive,high,issue_caution_calibration_needed
enokiya-agoda_api-916517411,Agoda API,Booking.com,"January 16, 2025",10.0,https://www.agoda.com/enokiya-ryokan/hotel/yufu-jp.html,en,64ca93f83b,lodging_direct,True,private_bath,private_bath_experience;crowding;booking_confusion,room_no_shower_or_small_wet_area,private onsen;onsen;shower;available,공용 대절탕을 프라이빗하게 이용하는 경험을 언급한 후기다; 공실 타이밍이나 대기 가능성을 함께 남겼다; 객실 샤워/동선 등 운영 주의 신호가 붙는다.,direct_readable,True,mixed,caution_or_issue_tag,high,issue_caution_calibration_needed
enokiya-agoda_api-1059071311,Agoda API,Agoda,"December 12, 2025",10.0,https://www.agoda.com/enokiya-ryokan/hotel/yufu-jp.html,en,50c6d90320,lodging_direct,False,,,,,숙박 경험 중심 후기다.,direct_readable,True,neutral,neutral_or_lodging_context,medium,issue_caution_calibration_needed
enokiya-agoda_api-895045778,Agoda API,Booking.com,"November 15, 2024",1.0,https://www.agoda.com/enokiya-ryokan/hotel/yufu-jp.html,en,fd0aa93434,lodging_direct,True,facility_wide,facility_wide_hot_spring_mention,,shower,숙소 온천 또는 욕장 이용을 넓게 언급한 후기다.,direct_readable,True,positive,positive_signal_no_caution,medium,issue_caution_calibration_needed
enokiya-agoda_api-929575825,Agoda API,Agoda,"February 17, 2025",9.6,https://www.agoda.com/enokiya-ryokan/hotel/yufu-jp.html,en,2b20bde9c5,lodging_direct,True,family_bath,private_bath_experience,building_age,family bath,공용 대절탕을 프라이빗하게 이용하는 경험을 언급한 후기다; 객실 샤워/동선 등 운영 주의 신호가 붙는다.,direct_readable,True,mixed,caution_or_issue_tag,high,issue_caution_calibration_needed
enokiya-agoda_api-895045779,Agoda API,Booking.com,"November 14, 2024",10.0,https://www.agoda.com/enokiya-ryokan/hotel/yufu-jp.html,en,31e9697d43,lodging_direct,True,private_bath,private_bath_experience,,private onsen;onsen,공용 대절탕을 프라이빗하게 이용하는 경험을 언급한 후기다.,direct_readable,True,positive,body_positive,high,issue_caution_calibration_needed
enokiya-agoda_api-815965895,Agoda API,Agoda,"June 06, 2024",10.0,https://www.agoda.com/enokiya-ryokan/hotel/yufu-jp.html,en,7841417529,lodging_direct,True,facility_wide,facility_wide_hot_spring_mention,room_no_shower_or_small_wet_area,hot spring;shower,숙소 온천 또는 욕장 이용을 넓게 언급한 후기다; 객실 샤워/동선 등 운영 주의 신호가 붙는다.,direct_readable,True,mixed,caution_or_issue_tag,high,issue_caution_calibration_needed
enokiya-agoda_api-812109893,Agoda API,Booking.com,"May 24, 2024",9.0,https://www.agoda.com/enokiya-ryokan/hotel/yufu-jp.html,en,23ef075d4c,lodging_direct,True,private_bath,private_bath_experience,,private onsen;onsen,공용 대절탕을 프라이빗하게 이용하는 경험을 언급한 후기다.,direct_readable,True,positive,body_positive,high,issue_caution_calibration_needed
enokiya-agoda_api-1072072070,Agoda API,Agoda,"February 02, 2026",10.0,https://www.agoda.com/enokiya-ryokan/hotel/yufu-jp.html,en,2cce683b86,lodging_direct,True,facility_wide,crowding;booking_confusion,,,숙소 온천 또는 욕장 이용을 넓게 언급한 후기다; 공실 타이밍이나 대기 가능성을 함께 남겼다.,direct_readable,True,mixed,conditional_signal_tag,medium,issue_caution_calibration_needed
enokiya-agoda_api-752589616,Agoda API,Booking.com,"December 09, 2023",10.0,https://www.agoda.com/enokiya-ryokan/hotel/yufu-jp.html,en,af7f48cc57,lodging_direct,False,,,,,숙박 경험 중심 후기다.,direct_readable,True,neutral,neutral_or_lodging_context,medium,issue_caution_calibration_needed
enokiya-agoda_api-943554251,Agoda API,Agoda,"April 05, 2025",10.0,https://www.agoda.com/enokiya-ryokan/hotel/yufu-jp.html,en,86f7e437fa,lodging_direct,True,private_bath,private_bath_experience,,private bath,공용 대절탕을 프라이빗하게 이용하는 경험을 언급한 후기다.,direct_readable,True,positive,body_positive,high,issue_caution_calibration_needed
enokiya-agoda_api-951064987,Agoda API,Booking.com,"April 13, 2025",9.0,https://www.agoda.com/enokiya-ryokan/hotel/yufu-jp.html,en,ce34021b85,lodging_direct,False,,,,,숙박 경험 중심 후기다.,direct_readable,True,neutral,neutral_or_lodging_context,medium,issue_caution_calibration_needed
enokiya-agoda_api-901697344,Agoda API,Agoda,"December 04, 2024",9.6,https://www.agoda.com/enokiya-ryokan/hotel/yufu-jp.html,en,db9d1980fb,lodging_direct,True,facility_wide,facility_wide_hot_spring_mention,,onsen,숙소 온천 또는 욕장 이용을 넓게 언급한 후기다.,direct_readable,True,positive,rating_positive_signal,medium,issue_caution_calibration_needed
enokiya-agoda_api-974459186,Agoda API,Booking.com,"May 22, 2025",10.0,https://www.agoda.com/enokiya-ryokan/hotel/yufu-jp.html,en,4683ada43d,lodging_direct,True,private_bath,private_bath_experience,,private onsen;onsen,공용 대절탕을 프라이빗하게 이용하는 경험을 언급한 후기다.,direct_readable,True,positive,body_positive,high,issue_caution_calibration_needed
enokiya-agoda_api-926325240,Agoda API,Agoda,"February 07, 2025",10.0,https://www.agoda.com/enokiya-ryokan/hotel/yufu-jp.html,en,3b17f4e455,lodging_direct,False,,,,,숙박 경험 중심 후기다.,direct_readable,True,neutral,neutral_or_lodging_context,medium,issue_caution_calibration_needed
enokiya-agoda_api-944669947,Agoda API,Booking.com,"March 25, 2025",9.0,https://www.agoda.com/enokiya-ryokan/hotel/yufu-jp.html,en,9c17520e4b,lodging_direct,True,private_bath,private_bath_experience,,private onsen;onsen,공용 대절탕을 프라이빗하게 이용하는 경험을 언급한 후기다.,direct_readable,True,positive,body_positive,high,issue_caution_calibration_needed
enokiya-agoda_api-1080925295,Agoda API,Agoda,"March 11, 2026",7.2,https://www.agoda.com/enokiya-ryokan/hotel/yufu-jp.html,en,e0b366c8b4,lodging_direct,True,private_bath,private_bath_experience;crowding;booking_confusion,,private bath;available,공용 대절탕을 프라이빗하게 이용하는 경험을 언급한 후기다; 공실 타이밍이나 대기 가능성을 함께 남겼다.,direct_readable,True,mixed,conditional_signal_tag,medium,issue_caution_calibration_needed
enokiya-agoda_api-1113455504,Agoda API,Booking.com,"May 01, 2026",8.0,https://www.agoda.com/enokiya-ryokan/hotel/yufu-jp.html,ja,4bb81d952c,lodging_direct,False,,,,,숙박 경험 중심 후기다.,direct_readable,True,neutral,neutral_or_lodging_context,medium,issue_caution_calibration_needed
enokiya-agoda_api-904888834,Agoda API,Agoda,"December 17, 2024",9.6,https://www.agoda.com/enokiya-ryokan/hotel/yufu-jp.html,en,f9cf738ade,lodging_direct,True,private_bath,private_bath_experience;crowding,,onsen;available,공용 대절탕을 프라이빗하게 이용하는 경험을 언급한 후기다; 공실 타이밍이나 대기 가능성을 함께 남겼다.,direct_readable,True,mixed,conditional_signal_tag,medium,issue_caution_calibration_needed
enokiya-agoda_api-1040272913,Agoda API,Booking.com,"January 19, 2026",9.0,https://www.agoda.com/enokiya-ryokan/hotel/yufu-jp.html,ja,4549c1746d,lodging_direct,True,family_bath,private_bath_experience,,家族風呂,공용 대절탕을 프라이빗하게 이용하는 경험을 언급한 후기다.,direct_readable,True,positive,body_positive,high,issue_caution_calibration_needed
enokiya-agoda_api-1125687237,Agoda API,Agoda,"May 30, 2026",9.6,https://www.agoda.com/enokiya-ryokan/hotel/yufu-jp.html,en,91319980df,lodging_direct,True,private_bath,private_bath_experience;crowding;booking_confusion,,private bath;shower,공용 대절탕을 프라이빗하게 이용하는 경험을 언급한 후기다; 공실 타이밍이나 대기 가능성을 함께 남겼다.,direct_readable,True,mixed,conditional_signal_tag,medium,issue_caution_calibration_needed
enokiya-agoda_api-1052561364,Agoda API,Booking.com,"November 05, 2025",10.0,https://www.agoda.com/enokiya-ryokan/hotel/yufu-jp.html,ja,9a8bd6e900,lodging_direct,True,family_bath,private_bath_experience,,家族風呂;湯,공용 대절탕을 프라이빗하게 이용하는 경험을 언급한 후기다.,direct_readable,True,positive,body_positive,high,issue_caution_calibration_needed
enokiya-agoda_api-913861485,Agoda API,Agoda,"January 07, 2025",8.0,https://www.agoda.com/enokiya-ryokan/hotel/yufu-jp.html,en,62b069b7ae,lodging_direct,True,facility_wide,facility_wide_hot_spring_mention,room_no_shower_or_small_wet_area,shower,숙소 온천 또는 욕장 이용을 넓게 언급한 후기다; 객실 샤워/동선 등 운영 주의 신호가 붙는다.,direct_readable,True,mixed,caution_or_issue_tag,high,issue_caution_calibration_needed
enokiya-agoda_api-1052561366,Agoda API,Booking.com,"November 04, 2025",9.0,https://www.agoda.com/enokiya-ryokan/hotel/yufu-jp.html,ja,7fc4f740c9,lodging_direct,False,,,,,숙박 경험 중심 후기다.,direct_readable,True,neutral,neutral_or_lodging_context,medium,issue_caution_calibration_needed
enokiya-agoda_api-917307238,Agoda API,Agoda,"January 17, 2025",10.0,https://www.agoda.com/enokiya-ryokan/hotel/yufu-jp.html,en,82007755c4,lodging_direct,True,facility_wide,crowding;booking_confusion,building_age,hot spring;available,숙소 온천 또는 욕장 이용을 넓게 언급한 후기다; 공실 타이밍이나 대기 가능성을 함께 남겼다; 객실 샤워/동선 등 운영 주의 신호가 붙는다.,direct_readable,True,mixed,caution_or_issue_tag,high,issue_caution_calibration_needed
enokiya-agoda_api-1046728188,Agoda API,Booking.com,"October 27, 2025",9.0,https://www.agoda.com/enokiya-ryokan/hotel/yufu-jp.html,ja,8cd51bc582,lodging_direct,True,private_bath,private_bath_experience,,貸切,공용 대절탕을 프라이빗하게 이용하는 경험을 언급한 후기다.,direct_readable,True,positive,body_positive,high,issue_caution_calibration_needed
enokiya-agoda_api-1058856599,Agoda API,Agoda,"December 11, 2025",9.6,https://www.agoda.com/enokiya-ryokan/hotel/yufu-jp.html,en,53a584a590,lodging_direct,True,private_bath,private_bath_experience;crowding;booking_confusion,,private bath;wait,공용 대절탕을 프라이빗하게 이용하는 경험을 언급한 후기다; 공실 타이밍이나 대기 가능성을 함께 남겼다.,direct_readable,True,mixed,conditional_signal_tag,medium,issue_caution_calibration_needed
enokiya-agoda_api-1024816878,Agoda API,Booking.com,"September 04, 2025",10.0,https://www.agoda.com/enokiya-ryokan/hotel/yufu-jp.html,ja,3bb3cd1acb,lodging_direct,True,facility_wide,facility_wide_hot_spring_mention,pet_friendly_context,温泉,숙소 온천 또는 욕장 이용을 넓게 언급한 후기다; 객실 샤워/동선 등 운영 주의 신호가 붙는다.,direct_readable,True,positive,rating_positive_signal,medium,issue_caution_calibration_needed
enokiya-agoda_api-938479004,Agoda API,Agoda,"March 25, 2025",10.0,https://www.agoda.com/enokiya-ryokan/hotel/yufu-jp.html,en,f37c093e19,lodging_direct,False,,,,,숙박 경험 중심 후기다.,direct_readable,True,neutral,neutral_or_lodging_context,medium,issue_caution_calibration_needed
enokiya-agoda_api-990913861,Agoda API,Booking.com,"June 29, 2025",10.0,https://www.agoda.com/enokiya-ryokan/hotel/yufu-jp.html,ja,3f2c60b9d1,lodging_direct,True,private_bath,private_bath_experience,,露天;湯,공용 대절탕을 프라이빗하게 이용하는 경험을 언급한 후기다.,direct_readable,True,positive,body_positive,high,issue_caution_calibration_needed
enokiya-agoda_api-981182604,Agoda API,Agoda,"June 22, 2025",8.8,https://www.agoda.com/enokiya-ryokan/hotel/yufu-jp.html,en,03edde21ad,lodging_direct,True,facility_wide,facility_wide_hot_spring_mention,,,숙소 온천 또는 욕장 이용을 넓게 언급한 후기다.,direct_readable,True,positive,rating_positive_signal,medium,issue_caution_calibration_needed
enokiya-agoda_api-934227187,Agoda API,Booking.com,"February 19, 2025",10.0,https://www.agoda.com/enokiya-ryokan/hotel/yufu-jp.html,ja,32522e1ba9,lodging_direct,True,facility_wide,facility_wide_hot_spring_mention,,,숙소 온천 또는 욕장 이용을 넓게 언급한 후기다.,direct_readable,True,positive,rating_positive_signal,medium,issue_caution_calibration_needed
enokiya-agoda_api-1104625641,Agoda API,Agoda,"April 09, 2026",9.6,https://www.agoda.com/enokiya-ryokan/hotel/yufu-jp.html,en,fce79b3cff,lodging_direct,True,facility_wide,facility_wide_hot_spring_mention,,,숙소 온천 또는 욕장 이용을 넓게 언급한 후기다.,direct_readable,True,positive,rating_positive_signal,medium,issue_caution_calibration_needed
enokiya-agoda_api-832912132,Agoda API,Booking.com,"July 14, 2024",10.0,https://www.agoda.com/enokiya-ryokan/hotel/yufu-jp.html,ja,3865cebf3c,lodging_direct,False,,,,,숙박 경험 중심 후기다.,direct_readable,True,neutral,neutral_or_lodging_context,medium,issue_caution_calibration_needed
enokiya-agoda_api-1080538276,Agoda API,Agoda,"March 06, 2026",9.2,https://www.agoda.com/enokiya-ryokan/hotel/yufu-jp.html,en,d312cc75dc,lodging_direct,True,facility_wide,facility_wide_hot_spring_mention,,,숙소 온천 또는 욕장 이용을 넓게 언급한 후기다.,direct_readable,True,positive,rating_positive_signal,medium,issue_caution_calibration_needed
enokiya-agoda_api-825680795,Agoda API,Booking.com,"June 27, 2024",8.0,https://www.agoda.com/enokiya-ryokan/hotel/yufu-jp.html,ja,9a8bd6e900,lodging_direct,False,,,,,숙박 경험 중심 후기다.,direct_readable,True,neutral,neutral_or_lodging_context,medium,issue_caution_calibration_needed
enokiya-agoda_api-1124338094,Agoda API,Agoda,"May 28, 2026",10.0,https://www.agoda.com/enokiya-ryokan/hotel/yufu-jp.html,en,1b78097fcf,lodging_direct,True,private_bath,private_bath_experience,,private onsen;onsen,공용 대절탕을 프라이빗하게 이용하는 경험을 언급한 후기다.,direct_readable,True,positive,body_positive,high,issue_caution_calibration_needed
enokiya-agoda_api-818690606,Agoda API,Booking.com,"June 14, 2024",10.0,https://www.agoda.com/enokiya-ryokan/hotel/yufu-jp.html,ja,bb80fdf456,lodging_direct,True,private_bath,private_bath_experience;crowding,pet_friendly_context,貸切風呂;貸切;湯,공용 대절탕을 프라이빗하게 이용하는 경험을 언급한 후기다; 공실 타이밍이나 대기 가능성을 함께 남겼다; 객실 샤워/동선 등 운영 주의 신호가 붙는다.,direct_readable,True,mixed,conditional_signal_tag,medium,issue_caution_calibration_needed
enokiya-agoda_api-1137803951,Agoda API,Agoda,"June 25, 2026",8.8,https://www.agoda.com/enokiya-ryokan/hotel/yufu-jp.html,en,503204c093,lodging_direct,True,private_bath,private_bath_experience,,onsen,공용 대절탕을 프라이빗하게 이용하는 경험을 언급한 후기다.,direct_readable,True,positive,body_positive,high,issue_caution_calibration_needed
enokiya-agoda_api-793872175,Agoda API,Booking.com,"April 16, 2024",8.0,https://www.agoda.com/enokiya-ryokan/hotel/yufu-jp.html,ja,f84e984ba2,lodging_direct,True,facility_wide,facility_wide_hot_spring_mention,,,숙소 온천 또는 욕장 이용을 넓게 언급한 후기다.,direct_readable,True,positive,rating_positive_signal,medium,issue_caution_calibration_needed
enokiya-agoda_api-885954592,Agoda API,Agoda,"October 24, 2024",10.0,https://www.agoda.com/enokiya-ryokan/hotel/yufu-jp.html,en,2486c6120a,lodging_direct,False,,,,,숙박 경험 중심 후기다.,direct_readable,True,neutral,neutral_or_lodging_context,medium,issue_caution_calibration_needed
enokiya-agoda_api-785035914,Agoda API,Booking.com,"March 28, 2024",9.0,https://www.agoda.com/enokiya-ryokan/hotel/yufu-jp.html,ja,7aff3aa5d2,lodging_direct,True,facility_wide,facility_wide_hot_spring_mention,pet_friendly_context,湯,숙소 온천 또는 욕장 이용을 넓게 언급한 후기다; 객실 샤워/동선 등 운영 주의 신호가 붙는다.,direct_readable,True,positive,rating_positive_signal,medium,issue_caution_calibration_needed
enokiya-agoda_api-886490209,Agoda API,Agoda,"October 31, 2024",10.0,https://www.agoda.com/enokiya-ryokan/hotel/yufu-jp.html,en,f48fa5224c,lodging_direct,True,facility_wide,facility_wide_hot_spring_mention,,hot spring,숙소 온천 또는 욕장 이용을 넓게 언급한 후기다.,direct_readable,True,positive,rating_positive_signal,medium,issue_caution_calibration_needed
enokiya-agoda_api-778494156,Agoda API,Booking.com,"February 26, 2024",9.0,https://www.agoda.com/enokiya-ryokan/hotel/yufu-jp.html,ja,92f269ee22,lodging_direct,False,,,,,숙박 경험 중심 후기다.,direct_readable,True,neutral,neutral_or_lodging_context,medium,issue_caution_calibration_needed
enokiya-agoda_api-1079929715,Agoda API,Agoda,"March 04, 2026",10.0,https://www.agoda.com/enokiya-ryokan/hotel/yufu-jp.html,en,2abce4b5c4,lodging_direct,True,facility_wide,facility_wide_hot_spring_mention,,onsen,숙소 온천 또는 욕장 이용을 넓게 언급한 후기다.,direct_readable,True,positive,rating_positive_signal,medium,issue_caution_calibration_needed
enokiya-agoda_api-763722460,Agoda API,Booking.com,"January 15, 2024",8.0,https://www.agoda.com/enokiya-ryokan/hotel/yufu-jp.html,ja,1ef41e7bd4,lodging_direct,True,private_bath,private_bath_experience;crowding;booking_confusion;temperature,building_age,貸切風呂;貸切;温泉;熱い,공용 대절탕을 프라이빗하게 이용하는 경험을 언급한 후기다; 공실 타이밍이나 대기 가능성을 함께 남겼다; 탕 온도나 계절 체감이 언급된다; 객실 샤워/동선 등 운영 주의 신호가 붙는다.,direct_readable,True,mixed,caution_or_issue_tag,high,issue_caution_calibration_needed
enokiya-agoda_api-960255984,Agoda API,Agoda,"May 05, 2025",10.0,https://www.agoda.com/enokiya-ryokan/hotel/yufu-jp.html,en,c269af59b8,lodging_direct,False,,,,,숙박 경험 중심 후기다.,direct_readable,True,neutral,neutral_or_lodging_context,medium,issue_caution_calibration_needed
enokiya-agoda_api-746971109,Agoda API,Booking.com,"November 22, 2023",10.0,https://www.agoda.com/enokiya-ryokan/hotel/yufu-jp.html,ja,fcf6967c79,lodging_direct,False,,,,,숙박 경험 중심 후기다.,direct_readable,True,neutral,neutral_or_lodging_context,medium,issue_caution_calibration_needed
enokiya-agoda_api-958968952,Agoda API,Agoda,"May 03, 2025",9.6,https://www.agoda.com/enokiya-ryokan/hotel/yufu-jp.html,en,31f2c8b46d,lodging_direct,True,private_bath,private_bath_experience;crowding;booking_confusion,,private onsen;hot spring;onsen,공용 대절탕을 프라이빗하게 이용하는 경험을 언급한 후기다; 공실 타이밍이나 대기 가능성을 함께 남겼다.,direct_readable,True,mixed,conditional_signal_tag,medium,issue_caution_calibration_needed
enokiya-agoda_api-742085776,Agoda API,Booking.com,"November 08, 2023",10.0,https://www.agoda.com/enokiya-ryokan/hotel/yufu-jp.html,ja,a6aa6c594f,lodging_direct,True,private_bath,private_bath_experience,,貸切風呂;貸切;露天風呂;露天,공용 대절탕을 프라이빗하게 이용하는 경험을 언급한 후기다.,direct_readable,True,positive,body_positive,high,issue_caution_calibration_needed
enokiya-agoda_api-981412395,Agoda API,Agoda,"June 25, 2025",9.2,https://www.agoda.com/enokiya-ryokan/hotel/yufu-jp.html,en,8af9810589,lodging_direct,False,,,,,숙박 경험 중심 후기다.,direct_readable,True,neutral,neutral_or_lodging_context,medium,issue_caution_calibration_needed
enokiya-agoda_api-1107205299,Agoda API,Booking.com,"April 08, 2026",9.0,https://www.agoda.com/enokiya-ryokan/hotel/yufu-jp.html,en,01b163783a,lodging_direct,True,private_bath,private_bath_experience,,private onsen;onsen,공용 대절탕을 프라이빗하게 이용하는 경험을 언급한 후기다.,direct_readable,True,positive,body_positive,high,issue_caution_calibration_needed
enokiya-agoda_api-931447054,Agoda API,Agoda,"February 23, 2025",9.2,https://www.agoda.com/enokiya-ryokan/hotel/yufu-jp.html,en,ef47b9a4cf,lodging_direct,True,facility_wide,crowding,pet_friendly_context,public bath;onsen;shower;wait,숙소 온천 또는 욕장 이용을 넓게 언급한 후기다; 공실 타이밍이나 대기 가능성을 함께 남겼다; 객실 샤워/동선 등 운영 주의 신호가 붙는다.,direct_readable,True,mixed,conditional_signal_tag,medium,issue_caution_calibration_needed
enokiya-agoda_api-855667155,Agoda API,Booking.com,"August 07, 2024",9.0,https://www.agoda.com/enokiya-ryokan/hotel/yufu-jp.html,en,28336899f9,lodging_direct,False,,crowding;booking_confusion,,,숙박 경험 중심 후기다; 공실 타이밍이나 대기 가능성을 함께 남겼다.,direct_readable,True,mixed,conditional_signal_tag,medium,issue_caution_calibration_needed
enokiya-agoda_api-1081314748,Agoda API,Agoda,"March 12, 2026",9.6,https://www.agoda.com/enokiya-ryokan/hotel/yufu-jp.html,en,f709b04e0f,lodging_direct,True,family_bath,private_bath_experience;crowding;booking_confusion,,family bath;onsen;available,공용 대절탕을 프라이빗하게 이용하는 경험을 언급한 후기다; 공실 타이밍이나 대기 가능성을 함께 남겼다.,direct_readable,True,mixed,conditional_signal_tag,medium,issue_caution_calibration_needed
enokiya-agoda_api-818690612,Agoda API,Booking.com,"June 14, 2024",7.0,https://www.agoda.com/enokiya-ryokan/hotel/yufu-jp.html,en,5b7a0567b3,lodging_direct,False,,,,,숙박 경험 중심 후기다.,direct_readable,True,neutral,neutral_or_lodging_context,medium,issue_caution_calibration_needed
enokiya-agoda_api-1073743953,Agoda API,Agoda,"February 10, 2026",10.0,https://www.agoda.com/enokiya-ryokan/hotel/yufu-jp.html,en,57fcf5df1f,lodging_direct,True,facility_wide,crowding,,hot spring;available,숙소 온천 또는 욕장 이용을 넓게 언급한 후기다; 공실 타이밍이나 대기 가능성을 함께 남겼다.,direct_readable,True,mixed,conditional_signal_tag,medium,issue_caution_calibration_needed
enokiya-agoda_api-1133348132,Agoda API,Booking.com,"June 10, 2026",10.0,https://www.agoda.com/enokiya-ryokan/hotel/yufu-jp.html,ja,a6e78b4a1d,lodging_direct,False,,,,,숙박 경험 중심 후기다.,direct_readable,True,neutral,neutral_or_lodging_context,medium,issue_caution_calibration_needed
enokiya-agoda_api-1066264464,Agoda API,Agoda,"January 11, 2026",10.0,https://www.agoda.com/enokiya-ryokan/hotel/yufu-jp.html,en,05364c0625,lodging_direct,True,private_bath,private_bath_experience,room_no_shower_or_small_wet_area,private onsen;onsen;shower,공용 대절탕을 프라이빗하게 이용하는 경험을 언급한 후기다; 객실 샤워/동선 등 운영 주의 신호가 붙는다.,direct_readable,True,mixed,caution_or_issue_tag,high,issue_caution_calibration_needed
enokiya-agoda_api-1119759229,Agoda API,Booking.com,"May 14, 2026",10.0,https://www.agoda.com/enokiya-ryokan/hotel/yufu-jp.html,ja,c42a91c13d,lodging_direct,False,,,,,숙박 경험 중심 후기다.,direct_readable,True,neutral,neutral_or_lodging_context,medium,issue_caution_calibration_needed
enokiya-agoda_api-1059493992,Agoda API,Agoda,"December 15, 2025",10.0,https://www.agoda.com/enokiya-ryokan/hotel/yufu-jp.html,en,a170178273,lodging_direct,True,private_bath,private_bath_experience,,private onsen;onsen,공용 대절탕을 프라이빗하게 이용하는 경험을 언급한 후기다.,direct_readable,True,positive,body_positive,high,issue_caution_calibration_needed
enokiya-agoda_api-1107205315,Agoda API,Booking.com,"April 06, 2026",8.0,https://www.agoda.com/enokiya-ryokan/hotel/yufu-jp.html,ja,0d9c6bcb8b,lodging_direct,True,facility_wide,facility_wide_hot_spring_mention,,湯,숙소 온천 또는 욕장 이용을 넓게 언급한 후기다.,direct_readable,True,positive,rating_positive_signal,medium,issue_caution_calibration_needed
enokiya-agoda_api-896598960,Agoda API,Agoda,"November 20, 2024",8.8,https://www.agoda.com/enokiya-ryokan/hotel/yufu-jp.html,en,d7a9d0fce0,lodging_direct,True,facility_wide,facility_wide_hot_spring_mention,room_no_shower_or_small_wet_area,onsen;shower,숙소 온천 또는 욕장 이용을 넓게 언급한 후기다; 객실 샤워/동선 등 운영 주의 신호가 붙는다.,direct_readable,True,mixed,caution_or_issue_tag,high,issue_caution_calibration_needed
enokiya-agoda_api-1084019891,Agoda API,Booking.com,"March 10, 2026",10.0,https://www.agoda.com/enokiya-ryokan/hotel/yufu-jp.html,en,289fc249d0,lodging_direct,False,,,,,숙박 경험 중심 후기다.,direct_readable,True,neutral,neutral_or_lodging_context,medium,issue_caution_calibration_needed
enokiya-agoda_api-895615405,Agoda API,Agoda,"November 18, 2024",10.0,https://www.agoda.com/enokiya-ryokan/hotel/yufu-jp.html,en,4beb46d36a,lodging_direct,True,private_bath,private_bath_experience,,private onsen;onsen,공용 대절탕을 프라이빗하게 이용하는 경험을 언급한 후기다.,direct_readable,True,positive,body_positive,high,issue_caution_calibration_needed
enokiya-agoda_api-1078556621,Agoda API,Booking.com,"February 24, 2026",9.0,https://www.agoda.com/enokiya-ryokan/hotel/yufu-jp.html,ja,c20d1f555d,lodging_direct,False,,,,,숙박 경험 중심 후기다.,direct_readable,True,neutral,neutral_or_lodging_context,medium,issue_caution_calibration_needed
enokiya-agoda_api-1069751025,Agoda API,Agoda,"January 23, 2026",8.8,https://www.agoda.com/enokiya-ryokan/hotel/yufu-jp.html,en,06a4e8a989,lodging_direct,True,private_bath,private_bath_experience,,private bath,공용 대절탕을 프라이빗하게 이용하는 경험을 언급한 후기다.,direct_readable,True,positive,body_positive,high,issue_caution_calibration_needed
enokiya-agoda_api-1078556623,Agoda API,Booking.com,"February 23, 2026",10.0,https://www.agoda.com/enokiya-ryokan/hotel/yufu-jp.html,ja,6ae86b6ccf,lodging_direct,False,,,,,숙박 경험 중심 후기다.,direct_readable,True,neutral,neutral_or_lodging_context,medium,issue_caution_calibration_needed
enokiya-agoda_api-938217927,Agoda API,Agoda,"March 22, 2025",10.0,https://www.agoda.com/enokiya-ryokan/hotel/yufu-jp.html,en,27163a4125,lodging_direct,True,facility_wide,facility_wide_hot_spring_mention,,onsen,숙소 온천 또는 욕장 이용을 넓게 언급한 후기다.,direct_readable,True,positive,rating_positive_signal,medium,issue_caution_calibration_needed
enokiya-agoda_api-1078556630,Agoda API,Booking.com,"February 15, 2026",10.0,https://www.agoda.com/enokiya-ryokan/hotel/yufu-jp.html,ja,96fc5d89cb,lodging_direct,False,,,,,숙박 경험 중심 후기다.,direct_readable,True,neutral,neutral_or_lodging_context,medium,issue_caution_calibration_needed
enokiya-agoda_api-934371892,Agoda API,Agoda,"March 10, 2025",9.6,https://www.agoda.com/enokiya-ryokan/hotel/yufu-jp.html,en,ebee76b214,lodging_direct,False,,,building_age,,숙박 경험 중심 후기다; 객실 샤워/동선 등 운영 주의 신호가 붙는다.,direct_readable,True,mixed,caution_or_issue_tag,high,issue_caution_calibration_needed
enokiya-agoda_api-1072951613,Agoda API,Booking.com,"February 01, 2026",10.0,https://www.agoda.com/enokiya-ryokan/hotel/yufu-jp.html,ja,74d7fa2b33,lodging_direct,False,,,,,숙박 경험 중심 후기다.,direct_readable,True,neutral,neutral_or_lodging_context,medium,issue_caution_calibration_needed
enokiya-agoda_api-811341161,Agoda API,Agoda,"May 30, 2024",10.0,https://www.agoda.com/enokiya-ryokan/hotel/yufu-jp.html,en,0a57a5ea8a,lodging_direct,False,,,,,숙박 경험 중심 후기다.,direct_readable,True,neutral,neutral_or_lodging_context,medium,issue_caution_calibration_needed
enokiya-agoda_api-1072951622,Agoda API,Booking.com,"January 24, 2026",10.0,https://www.agoda.com/enokiya-ryokan/hotel/yufu-jp.html,ja,14da0840cc,lodging_direct,False,,,,,숙박 경험 중심 후기다.,direct_readable,True,neutral,neutral_or_lodging_context,medium,issue_caution_calibration_needed
enokiya-agoda_api-847990402,Agoda API,Agoda,"August 24, 2024",9.6,https://www.agoda.com/enokiya-ryokan/hotel/yufu-jp.html,en,381e7f3044,lodging_direct,False,,,,,숙박 경험 중심 후기다.,direct_readable,True,neutral,neutral_or_lodging_context,medium,issue_caution_calibration_needed
enokiya-agoda_api-974459177,Agoda API,Booking.com,"January 19, 2026",9.0,https://www.agoda.com/enokiya-ryokan/hotel/yufu-jp.html,ja,5e26e4aa18,lodging_direct,True,private_bath,private_bath_experience,,露天;湯,공용 대절탕을 프라이빗하게 이용하는 경험을 언급한 후기다.,direct_readable,True,positive,body_positive,high,issue_caution_calibration_needed
enokiya-agoda_api-1034006602,Agoda API,Agoda,"October 02, 2025",10.0,https://www.agoda.com/enokiya-ryokan/hotel/yufu-jp.html,en,60f022a424,lodging_direct,False,,,,,숙박 경험 중심 후기다.,direct_readable,True,neutral,neutral_or_lodging_context,medium,issue_caution_calibration_needed
enokiya-agoda_api-1069623137,Agoda API,Booking.com,"January 11, 2026",10.0,https://www.agoda.com/enokiya-ryokan/hotel/yufu-jp.html,ja,2293e9dcea,lodging_direct,True,facility_wide,facility_wide_hot_spring_mention,,湯,숙소 온천 또는 욕장 이용을 넓게 언급한 후기다.,direct_readable,True,positive,rating_positive_signal,medium,issue_caution_calibration_needed
enokiya-agoda_api-1077941563,Agoda API,Agoda,"February 22, 2026",9.2,https://www.agoda.com/enokiya-ryokan/hotel/yufu-jp.html,en,184e536b5e,lodging_direct,True,facility_wide,facility_wide_hot_spring_mention,,onsen,숙소 온천 또는 욕장 이용을 넓게 언급한 후기다.,direct_readable,True,positive,rating_positive_signal,medium,issue_caution_calibration_needed
enokiya-agoda_api-1062076128,Agoda API,Booking.com,"December 07, 2025",10.0,https://www.agoda.com/enokiya-ryokan/hotel/yufu-jp.html,ja,4e5a4a0236,lodging_direct,True,facility_wide,facility_wide_hot_spring_mention,,湯,숙소 온천 또는 욕장 이용을 넓게 언급한 후기다.,direct_readable,True,positive,rating_positive_signal,medium,issue_caution_calibration_needed
enokiya-agoda_api-950961336,Agoda API,Agoda,"April 15, 2025",9.6,https://www.agoda.com/enokiya-ryokan/hotel/yufu-jp.html,en,8d71d78f57,lodging_direct,False,,,,,숙박 경험 중심 후기다.,direct_readable,True,neutral,neutral_or_lodging_context,medium,issue_caution_calibration_needed
enokiya-agoda_api-1052561361,Agoda API,Booking.com,"November 15, 2025",9.0,https://www.agoda.com/enokiya-ryokan/hotel/yufu-jp.html,ja,ca73ab6556,lodging_direct,False,,,,,숙박 경험 중심 후기다.,direct_readable,True,neutral,neutral_or_lodging_context,medium,issue_caution_calibration_needed
enokiya-agoda_api-1059586454,Agoda API,Agoda,"December 16, 2025",10.0,https://www.agoda.com/enokiya-ryokan/hotel/yufu-jp.html,en,9b5095cfe5,lodging_direct,True,facility_wide,facility_wide_hot_spring_mention,pet_friendly_context,onsen,숙소 온천 또는 욕장 이용을 넓게 언급한 후기다; 객실 샤워/동선 등 운영 주의 신호가 붙는다.,direct_readable,True,positive,rating_positive_signal,medium,issue_caution_calibration_needed
enokiya-agoda_api-1040272917,Agoda API,Booking.com,"October 09, 2025",9.0,https://www.agoda.com/enokiya-ryokan/hotel/yufu-jp.html,ja,8dac926255,lodging_direct,True,facility_wide,facility_wide_hot_spring_mention,,湯,숙소 온천 또는 욕장 이용을 넓게 언급한 후기다.,direct_readable,True,positive,rating_positive_signal,medium,issue_caution_calibration_needed
enokiya-agoda_api-1084978077,Agoda API,Agoda,"March 20, 2026",6.8,https://www.agoda.com/enokiya-ryokan/hotel/yufu-jp.html,en,cc04229247,lodging_direct,True,private_bath,private_bath_experience,,private onsen;onsen,공용 대절탕을 프라이빗하게 이용하는 경험을 언급한 후기다.,direct_readable,True,positive,body_positive,high,issue_caution_calibration_needed
enokiya-agoda_api-1024816881,Agoda API,Booking.com,"September 04, 2025",9.0,https://www.agoda.com/enokiya-ryokan/hotel/yufu-jp.html,ja,f3623f0134,lodging_direct,True,private_bath,private_bath_experience,,露天,공용 대절탕을 프라이빗하게 이용하는 경험을 언급한 후기다.,direct_readable,True,positive,body_positive,high,issue_caution_calibration_needed
enokiya-agoda_api-953598709,Agoda API,Agoda,"April 22, 2025",10.0,https://www.agoda.com/enokiya-ryokan/hotel/yufu-jp.html,en,3ce77ae1d0,lodging_direct,True,facility_wide,crowding;booking_confusion,,onsen;shower,숙소 온천 또는 욕장 이용을 넓게 언급한 후기다; 공실 타이밍이나 대기 가능성을 함께 남겼다.,direct_readable,True,mixed,conditional_signal_tag,medium,issue_caution_calibration_needed
enokiya-agoda_api-1016744439,Agoda API,Booking.com,"August 22, 2025",10.0,https://www.agoda.com/enokiya-ryokan/hotel/yufu-jp.html,ja,f89fc33ad8,lodging_direct,False,,,,,숙박 경험 중심 후기다.,direct_readable,True,neutral,neutral_or_lodging_context,medium,issue_caution_calibration_needed
enokiya-agoda_api-908179107,Agoda API,Agoda,"December 22, 2024",9.6,https://www.agoda.com/enokiya-ryokan/hotel/yufu-jp.html,en,83d7fc906e,lodging_direct,False,,,,,숙박 경험 중심 후기다.,direct_readable,True,neutral,neutral_or_lodging_context,medium,issue_caution_calibration_needed
enokiya-agoda_api-998786842,Agoda API,Booking.com,"July 17, 2025",10.0,https://www.agoda.com/enokiya-ryokan/hotel/yufu-jp.html,ja,773bd2f414,lodging_direct,True,private_bath,private_bath_experience,,露天;湯,공용 대절탕을 프라이빗하게 이용하는 경험을 언급한 후기다.,direct_readable,True,positive,body_positive,high,issue_caution_calibration_needed
enokiya-agoda_api-1034015467,Agoda API,Agoda,"October 02, 2025",10.0,https://www.agoda.com/enokiya-ryokan/hotel/yufu-jp.html,en,34d2c8a726,lodging_direct,True,facility_wide,facility_wide_hot_spring_mention,,onsen,숙소 온천 또는 욕장 이용을 넓게 언급한 후기다.,direct_readable,True,positive,rating_positive_signal,medium,issue_caution_calibration_needed
enokiya-agoda_api-974459183,Agoda API,Booking.com,"May 28, 2025",9.0,https://www.agoda.com/enokiya-ryokan/hotel/yufu-jp.html,ja,a0f503ff2c,lodging_direct,True,facility_wide,facility_wide_hot_spring_mention,,湯,숙소 온천 또는 욕장 이용을 넓게 언급한 후기다.,direct_readable,True,positive,rating_positive_signal,medium,issue_caution_calibration_needed
enokiya-agoda_api-1038009356,Agoda API,Agoda,"October 13, 2025",8.4,https://www.agoda.com/enokiya-ryokan/hotel/yufu-jp.html,en,8d32267b6b,lodging_direct,False,,,,,숙박 경험 중심 후기다.,direct_readable,True,neutral,neutral_or_lodging_context,medium,issue_caution_calibration_needed
enokiya-agoda_api-963040010,Agoda API,Booking.com,"May 11, 2025",10.0,https://www.agoda.com/enokiya-ryokan/hotel/yufu-jp.html,ja,1219733eea,lodging_direct,False,,,,,숙박 경험 중심 후기다.,direct_readable,True,neutral,neutral_or_lodging_context,medium,issue_caution_calibration_needed
enokiya-agoda_api-1060655475,Agoda API,Agoda,"December 22, 2025",7.2,https://www.agoda.com/enokiya-ryokan/hotel/yufu-jp.html,en,1cddd8e6f1,lodging_direct,True,facility_wide,facility_wide_hot_spring_mention,,,숙소 온천 또는 욕장 이용을 넓게 언급한 후기다.,direct_readable,True,positive,rating_positive_signal,medium,issue_caution_calibration_needed
enokiya-agoda_api-944669944,Agoda API,Booking.com,"March 27, 2025",10.0,https://www.agoda.com/enokiya-ryokan/hotel/yufu-jp.html,ja,fe8d39fdd7,lodging_direct,False,,,,,숙박 경험 중심 후기다.,direct_readable,True,neutral,neutral_or_lodging_context,medium,issue_caution_calibration_needed
enokiya-agoda_api-953581537,Agoda API,Agoda,"April 22, 2025",7.2,https://www.agoda.com/enokiya-ryokan/hotel/yufu-jp.html,en,27a1a95bee,lodging_direct,False,,,,,숙박 경험 중심 후기다.,direct_readable,True,neutral,neutral_or_lodging_context,medium,issue_caution_calibration_needed
enokiya-agoda_api-910523516,Agoda API,Booking.com,"December 18, 2024",10.0,https://www.agoda.com/enokiya-ryokan/hotel/yufu-jp.html,ja,6f6000ac64,lodging_direct,False,,,,,숙박 경험 중심 후기다.,direct_readable,True,neutral,neutral_or_lodging_context,medium,issue_caution_calibration_needed
enokiya-agoda_api-926684375,Agoda API,Agoda,"February 10, 2025",6.8,https://www.agoda.com/enokiya-ryokan/hotel/yufu-jp.html,en,8d2e02be6c,lodging_direct,True,facility_wide,facility_wide_hot_spring_mention,,hot spring,숙소 온천 또는 욕장 이용을 넓게 언급한 후기다.,direct_readable,True,positive,rating_positive_signal,medium,issue_caution_calibration_needed
enokiya-agoda_api-899689323,Agoda API,Booking.com,"November 28, 2024",10.0,https://www.agoda.com/enokiya-ryokan/hotel/yufu-jp.html,ja,868c9f5323,lodging_direct,True,facility_wide,facility_wide_hot_spring_mention,,湯;onsen,숙소 온천 또는 욕장 이용을 넓게 언급한 후기다.,direct_readable,True,positive,rating_positive_signal,medium,issue_caution_calibration_needed
enokiya-agoda_api-902627833,Agoda API,Agoda,"December 09, 2024",6.0,https://www.agoda.com/enokiya-ryokan/hotel/yufu-jp.html,en,961c4ce569,lodging_direct,True,family_bath,private_bath_experience,,family bath,공용 대절탕을 프라이빗하게 이용하는 경험을 언급한 후기다.,direct_readable,True,positive,body_positive,high,issue_caution_calibration_needed
enokiya-agoda_api-825680844,Agoda API,Booking.com,"June 29, 2024",9.0,https://www.agoda.com/enokiya-ryokan/hotel/yufu-jp.html,ja,1de4d22883,lodging_direct,True,facility_wide,crowding,,湯;待ち,숙소 온천 또는 욕장 이용을 넓게 언급한 후기다; 공실 타이밍이나 대기 가능성을 함께 남겼다.,direct_readable,True,mixed,conditional_signal_tag,medium,issue_caution_calibration_needed
enokiya-agoda_api-1060009900,Agoda API,Agoda,"December 18, 2025",9.6,https://www.agoda.com/enokiya-ryokan/hotel/yufu-jp.html,en,503204c093,lodging_direct,True,private_bath,private_bath_experience,building_age,private bath,공용 대절탕을 프라이빗하게 이용하는 경험을 언급한 후기다; 객실 샤워/동선 등 운영 주의 신호가 붙는다.,direct_readable,True,mixed,caution_or_issue_tag,high,issue_caution_calibration_needed
enokiya-agoda_api-825680802,Agoda API,Booking.com,"June 28, 2024",10.0,https://www.agoda.com/enokiya-ryokan/hotel/yufu-jp.html,ja,08d72aa25a,lodging_direct,False,,crowding,,待ち,숙박 경험 중심 후기다; 공실 타이밍이나 대기 가능성을 함께 남겼다.,direct_readable,True,mixed,conditional_signal_tag,medium,issue_caution_calibration_needed
enokiya-agoda_api-1049571304,Agoda API,Agoda,"November 08, 2025",9.2,https://www.agoda.com/enokiya-ryokan/hotel/yufu-jp.html,en,b63cf60d9f,lodging_direct,True,facility_wide,facility_wide_hot_spring_mention,,onsen,숙소 온천 또는 욕장 이용을 넓게 언급한 후기다.,direct_readable,True,positive,rating_positive_signal,medium,issue_caution_calibration_needed
enokiya-agoda_api-825680787,Agoda API,Booking.com,"June 26, 2024",9.0,https://www.agoda.com/enokiya-ryokan/hotel/yufu-jp.html,ja,08759691dd,lodging_direct,True,facility_wide,facility_wide_hot_spring_mention,,湯,숙소 온천 또는 욕장 이용을 넓게 언급한 후기다.,direct_readable,True,positive,rating_positive_signal,medium,issue_caution_calibration_needed
enokiya-agoda_api-1069792723,Agoda API,Agoda,"January 24, 2026",10.0,https://www.agoda.com/enokiya-ryokan/hotel/yufu-jp.html,en,68ca33ec7f,lodging_direct,False,,,,,숙박 경험 중심 후기다.,direct_readable,True,neutral,neutral_or_lodging_context,medium,issue_caution_calibration_needed
enokiya-agoda_api-818690598,Agoda API,Booking.com,"June 12, 2024",9.0,https://www.agoda.com/enokiya-ryokan/hotel/yufu-jp.html,ja,02fea95175,lodging_direct,False,,,,,숙박 경험 중심 후기다.,direct_readable,True,neutral,neutral_or_lodging_context,medium,issue_caution_calibration_needed
enokiya-agoda_api-923629985,Agoda API,Agoda,"February 03, 2025",5.2,https://www.agoda.com/enokiya-ryokan/hotel/yufu-jp.html,en,5b1e861860,lodging_direct,True,private_bath,private_bath_experience,,,공용 대절탕을 프라이빗하게 이용하는 경험을 언급한 후기다.,direct_readable,True,positive,body_positive,high,issue_caution_calibration_needed
enokiya-agoda_api-818690601,Agoda API,Booking.com,"June 04, 2024",8.0,https://www.agoda.com/enokiya-ryokan/hotel/yufu-jp.html,ja,9bdc5c7d09,lodging_direct,True,facility_wide,crowding,,湯;待ち,숙소 온천 또는 욕장 이용을 넓게 언급한 후기다; 공실 타이밍이나 대기 가능성을 함께 남겼다.,direct_readable,True,mixed,conditional_signal_tag,medium,issue_caution_calibration_needed
enokiya-agoda_api-1062464468,Agoda API,Agoda,"December 27, 2025",10.0,https://www.agoda.com/enokiya-ryokan/hotel/yufu-jp.html,en,ebee76b214,lodging_direct,False,,,,,숙박 경험 중심 후기다.,direct_readable,True,neutral,neutral_or_lodging_context,medium,issue_caution_calibration_needed
enokiya-agoda_api-773112897,Agoda API,Booking.com,"February 16, 2024",9.0,https://www.agoda.com/enokiya-ryokan/hotel/yufu-jp.html,ja,2b3a8bd259,lodging_direct,False,,,,,숙박 경험 중심 후기다.,direct_readable,True,neutral,neutral_or_lodging_context,medium,issue_caution_calibration_needed
enokiya-agoda_api-962779252,Agoda API,Agoda,"May 15, 2025",10.0,https://www.agoda.com/enokiya-ryokan/hotel/yufu-jp.html,en,353fd54120,lodging_direct,True,private_bath,private_bath_experience,,private onsen;onsen,공용 대절탕을 프라이빗하게 이용하는 경험을 언급한 후기다.,direct_readable,True,positive,body_positive,high,issue_caution_calibration_needed
enokiya-agoda_api-773112907,Agoda API,Booking.com,"February 16, 2024",10.0,https://www.agoda.com/enokiya-ryokan/hotel/yufu-jp.html,ja,81271173a2,lodging_direct,True,facility_wide,facility_wide_hot_spring_mention,,湯,숙소 온천 또는 욕장 이용을 넓게 언급한 후기다.,direct_readable,True,positive,rating_positive_signal,medium,issue_caution_calibration_needed
enokiya-agoda_api-951159513,Agoda API,Agoda,"April 15, 2025",10.0,https://www.agoda.com/enokiya-ryokan/hotel/yufu-jp.html,en,b2dc10337b,lodging_direct,False,,,,,숙박 경험 중심 후기다.,direct_readable,True,neutral,neutral_or_lodging_context,medium,issue_caution_calibration_needed
enokiya-agoda_api-768017571,Agoda API,Booking.com,"January 17, 2024",8.0,https://www.agoda.com/enokiya-ryokan/hotel/yufu-jp.html,ja,7cfd850f2a,lodging_direct,False,,,,,숙박 경험 중심 후기다.,direct_readable,True,neutral,neutral_or_lodging_context,medium,issue_caution_calibration_needed
enokiya-agoda_api-949608214,Agoda API,Agoda,"April 11, 2025",10.0,https://www.agoda.com/enokiya-ryokan/hotel/yufu-jp.html,en,89da046a91,lodging_direct,False,,,,,숙박 경험 중심 후기다.,direct_readable,True,neutral,neutral_or_lodging_context,medium,issue_caution_calibration_needed
enokiya-agoda_api-752589613,Agoda API,Booking.com,"December 03, 2023",7.0,https://www.agoda.com/enokiya-ryokan/hotel/yufu-jp.html,ja,cc7df11aff,lodging_direct,False,,,,,숙박 경험 중심 후기다.,direct_readable,True,neutral,neutral_or_lodging_context,medium,issue_caution_calibration_needed
enokiya-agoda_api-904980197,Agoda API,Agoda,"December 17, 2024",10.0,https://www.agoda.com/enokiya-ryokan/hotel/yufu-jp.html,en,e62677d9a2,lodging_direct,False,,,,,숙박 경험 중심 후기다.,direct_readable,True,neutral,neutral_or_lodging_context,medium,issue_caution_calibration_needed
enokiya-agoda_api-746971112,Agoda API,Booking.com,"November 20, 2023",9.0,https://www.agoda.com/enokiya-ryokan/hotel/yufu-jp.html,ja,8180cb2972,lodging_direct,False,,,,,숙박 경험 중심 후기다.,direct_readable,True,neutral,neutral_or_lodging_context,medium,issue_caution_calibration_needed
enokiya-agoda_api-903822500,Agoda API,Agoda,"December 16, 2024",6.8,https://www.agoda.com/enokiya-ryokan/hotel/yufu-jp.html,en,745fe18e0e,lodging_direct,False,,,,,숙박 경험 중심 후기다.,direct_readable,True,neutral,neutral_or_lodging_context,medium,issue_caution_calibration_needed
enokiya-agoda_api-1062076125,Agoda API,Booking.com,"December 08, 2025",10.0,https://www.agoda.com/enokiya-ryokan/hotel/yufu-jp.html,ko,154ad02951,lodging_direct,False,,,,,숙박 경험 중심 후기다.,direct_readable,True,neutral,neutral_or_lodging_context,medium,issue_caution_calibration_needed
enokiya-agoda_api-902623360,Agoda API,Agoda,"December 09, 2024",10.0,https://www.agoda.com/enokiya-ryokan/hotel/yufu-jp.html,en,75b3077ede,lodging_direct,False,,,,,숙박 경험 중심 후기다.,direct_readable,True,neutral,neutral_or_lodging_context,medium,issue_caution_calibration_needed
enokiya-agoda_api-974459179,Agoda API,Booking.com,"June 06, 2025",8.0,https://www.agoda.com/enokiya-ryokan/hotel/yufu-jp.html,ko,293a9c1d2e,lodging_direct,False,,,,,숙박 경험 중심 후기다.,direct_readable,True,neutral,neutral_or_lodging_context,medium,issue_caution_calibration_needed
enokiya-agoda_api-848321017,Agoda API,Agoda,"August 28, 2024",10.0,https://www.agoda.com/enokiya-ryokan/hotel/yufu-jp.html,en,4d2feacb4f,lodging_direct,False,,,,,숙박 경험 중심 후기다.,direct_readable,True,neutral,neutral_or_lodging_context,medium,issue_caution_calibration_needed
enokiya-agoda_api-967355882,Agoda API,Booking.com,"May 21, 2025",9.0,https://www.agoda.com/enokiya-ryokan/hotel/yufu-jp.html,ko,5dfb0871b7,lodging_direct,True,facility_wide,facility_wide_hot_spring_mention,,온천,숙소 온천 또는 욕장 이용을 넓게 언급한 후기다.,direct_readable,True,positive,rating_positive_signal,medium,issue_caution_calibration_needed
enokiya-agoda_api-816799220,Agoda API,Agoda,"June 15, 2024",9.6,https://www.agoda.com/enokiya-ryokan/hotel/yufu-jp.html,en,589ce3494a,lodging_direct,True,private_bath,private_bath_experience,,private bath;shower,공용 대절탕을 프라이빗하게 이용하는 경험을 언급한 후기다.,direct_readable,True,positive,body_positive,high,issue_caution_calibration_needed
enokiya-agoda_api-825680817,Agoda API,Booking.com,"June 20, 2024",10.0,https://www.agoda.com/enokiya-ryokan/hotel/yufu-jp.html,ko,324000b308,lodging_direct,False,,,,,숙박 경험 중심 후기다.,direct_readable,True,neutral,neutral_or_lodging_context,medium,issue_caution_calibration_needed
enokiya-agoda_api-815798491,Agoda API,Agoda,"June 04, 2024",10.0,https://www.agoda.com/enokiya-ryokan/hotel/yufu-jp.html,en,5ac2697f91,lodging_direct,True,private_bath,private_bath_experience,,private onsen;onsen,공용 대절탕을 프라이빗하게 이용하는 경험을 언급한 후기다.,direct_readable,True,positive,body_positive,high,issue_caution_calibration_needed
enokiya-agoda_api-778494164,Agoda API,Booking.com,"February 24, 2024",10.0,https://www.agoda.com/enokiya-ryokan/hotel/yufu-jp.html,ko,26c0ca793e,lodging_direct,True,private_bath,private_bath_experience,,노천탕;프라이빗;샤워;기다림,공용 대절탕을 프라이빗하게 이용하는 경험을 언급한 후기다.,direct_readable,True,positive,body_positive,high,issue_caution_calibration_needed
enokiya-agoda_api-803676484,Agoda API,Agoda,"May 13, 2024",10.0,https://www.agoda.com/enokiya-ryokan/hotel/yufu-jp.html,en,7c6b5da8ba,lodging_direct,False,,,,,숙박 경험 중심 후기다.,direct_readable,True,neutral,neutral_or_lodging_context,medium,issue_caution_calibration_needed
enokiya-agoda_api-752589615,Agoda API,Booking.com,"December 20, 2023",9.0,https://www.agoda.com/enokiya-ryokan/hotel/yufu-jp.html,ko,97cd844572,lodging_direct,True,facility_wide,facility_wide_hot_spring_mention,,온천,숙소 온천 또는 욕장 이용을 넓게 언급한 후기다.,direct_readable,True,positive,rating_positive_signal,medium,issue_caution_calibration_needed
enokiya-agoda_api-795649313,Agoda API,Agoda,"April 19, 2024",9.2,https://www.agoda.com/enokiya-ryokan/hotel/yufu-jp.html,en,90348242fc,lodging_direct,True,private_bath,private_bath_experience,,private onsen;onsen;shower,공용 대절탕을 프라이빗하게 이용하는 경험을 언급한 후기다.,direct_readable,True,positive,body_positive,high,issue_caution_calibration_needed
enokiya-agoda_api-734769893,Agoda API,Booking.com,"October 27, 2023",8.0,https://www.agoda.com/enokiya-ryokan/hotel/yufu-jp.html,ko,66e5652448,lodging_direct,False,,,,,숙박 경험 중심 후기다.,direct_readable,True,neutral,neutral_or_lodging_context,medium,issue_caution_calibration_needed
enokiya-agoda_api-766233445,Agoda API,Agoda,"January 25, 2024",8.0,https://www.agoda.com/enokiya-ryokan/hotel/yufu-jp.html,en,a6f0edc895,lodging_direct,False,,,,,숙박 경험 중심 후기다.,direct_readable,True,neutral,neutral_or_lodging_context,medium,issue_caution_calibration_needed
enokiya-agoda_api-1119759227,Agoda API,Booking.com,"May 17, 2026",10.0,https://www.agoda.com/enokiya-ryokan/hotel/yufu-jp.html,ja,c3bd21bea8,lodging_direct,True,facility_wide,facility_wide_hot_spring_mention,,温泉,숙소 온천 또는 욕장 이용을 넓게 언급한 후기다.,direct_readable,True,positive,rating_positive_signal,medium,issue_caution_calibration_needed
enokiya-agoda_api-761539048,Agoda API,Agoda,"January 11, 2024",9.2,https://www.agoda.com/enokiya-ryokan/hotel/yufu-jp.html,en,7272f72d18,lodging_direct,True,private_bath,private_bath_experience;crowding;booking_confusion,,private onsen;onsen;shower,공용 대절탕을 프라이빗하게 이용하는 경험을 언급한 후기다; 공실 타이밍이나 대기 가능성을 함께 남겼다.,direct_readable,True,mixed,conditional_signal_tag,medium,issue_caution_calibration_needed
enokiya-agoda_api-1033799375,Agoda API,Booking.com,"September 27, 2025",10.0,https://www.agoda.com/enokiya-ryokan/hotel/yufu-jp.html,ja,56de028625,lodging_direct,True,facility_wide,facility_wide_hot_spring_mention,,温泉,숙소 온천 또는 욕장 이용을 넓게 언급한 후기다.,direct_readable,True,positive,rating_positive_signal,medium,issue_caution_calibration_needed
enokiya-agoda_api-752405323,Agoda API,Agoda,"December 20, 2023",9.6,https://www.agoda.com/enokiya-ryokan/hotel/yufu-jp.html,en,503204c093,lodging_direct,True,private_bath,private_bath_experience,,private bath;public bath,공용 대절탕을 프라이빗하게 이용하는 경험을 언급한 후기다.,direct_readable,True,positive,body_positive,high,issue_caution_calibration_needed
enokiya-agoda_api-773112871,Agoda API,Booking.com,"February 09, 2024",10.0,https://www.agoda.com/enokiya-ryokan/hotel/yufu-jp.html,ja,3ae127b96f,lodging_direct,True,facility_wide,facility_wide_hot_spring_mention,,温泉,숙소 온천 또는 욕장 이용을 넓게 언급한 후기다.,direct_readable,True,positive,rating_positive_signal,medium,issue_caution_calibration_needed
enokiya-agoda_api-733084166,Agoda API,Agoda,"October 30, 2023",10.0,https://www.agoda.com/enokiya-ryokan/hotel/yufu-jp.html,en,8b70bb3a4d,lodging_direct,True,private_bath,private_bath_experience,,private onsen;onsen,공용 대절탕을 프라이빗하게 이용하는 경험을 언급한 후기다.,direct_readable,True,positive,body_positive,high,issue_caution_calibration_needed
enokiya-agoda_api-1119759231,Agoda API,Booking.com,"May 08, 2026",10.0,https://www.agoda.com/enokiya-ryokan/hotel/yufu-jp.html,en,003337ad0d,lodging_direct,True,facility_wide,facility_wide_hot_spring_mention,,hot spring,숙소 온천 또는 욕장 이용을 넓게 언급한 후기다.,direct_readable,True,positive,rating_positive_signal,medium,issue_caution_calibration_needed
enokiya-agoda_api-730683836,Agoda API,Agoda,"October 24, 2023",4.4,https://www.agoda.com/enokiya-ryokan/hotel/yufu-jp.html,en,c28f2b3708,lodging_direct,True,facility_wide,facility_wide_hot_spring_mention,room_no_shower_or_small_wet_area,hot spring;shower,숙소 온천 또는 욕장 이용을 넓게 언급한 후기다; 객실 샤워/동선 등 운영 주의 신호가 붙는다.,direct_readable,True,mixed,caution_or_issue_tag,high,issue_caution_calibration_needed
enokiya-agoda_api-1113455508,Agoda API,Booking.com,"April 27, 2026",10.0,https://www.agoda.com/enokiya-ryokan/hotel/yufu-jp.html,en,33dca1c0c1,lodging_direct,False,,,,,숙박 경험 중심 후기다.,direct_readable,True,neutral,neutral_or_lodging_context,medium,issue_caution_calibration_needed
enokiya-agoda_api-290993012,Agoda API,Agoda,"March 23, 2021",10.0,https://www.agoda.com/enokiya-ryokan/hotel/yufu-jp.html,en,f36b57035b,lodging_direct,False,,,,,숙박 경험 중심 후기다.,direct_readable,True,neutral,neutral_or_lodging_context,medium,issue_caution_calibration_needed
enokiya-agoda_api-1107205336,Agoda API,Booking.com,"April 02, 2026",10.0,https://www.agoda.com/enokiya-ryokan/hotel/yufu-jp.html,en,0df122ca07,lodging_direct,False,,,,,숙박 경험 중심 후기다.,direct_readable,True,neutral,neutral_or_lodging_context,medium,issue_caution_calibration_needed
enokiya-agoda_api-289812660,Agoda API,Agoda,"March 21, 2021",10.0,https://www.agoda.com/enokiya-ryokan/hotel/yufu-jp.html,en,f52c304be4,lodging_direct,True,facility_wide,facility_wide_hot_spring_mention,,onsen,숙소 온천 또는 욕장 이용을 넓게 언급한 후기다.,direct_readable,True,positive,rating_positive_signal,medium,issue_caution_calibration_needed
enokiya-agoda_api-1101384270,Agoda API,Booking.com,"March 28, 2026",8.0,https://www.agoda.com/enokiya-ryokan/hotel/yufu-jp.html,en,2121f63fa2,lodging_direct,True,facility_wide,facility_wide_hot_spring_mention,,onsen,숙소 온천 또는 욕장 이용을 넓게 언급한 후기다.,direct_readable,True,positive,rating_positive_signal,medium,issue_caution_calibration_needed
enokiya-agoda_api-280969719,Agoda API,Agoda,"January 08, 2021",9.6,https://www.agoda.com/enokiya-ryokan/hotel/yufu-jp.html,en,010f6a317b,lodging_direct,False,,,,,숙박 경험 중심 후기다.,direct_readable,True,neutral,neutral_or_lodging_context,medium,issue_caution_calibration_needed
enokiya-agoda_api-1084019887,Agoda API,Booking.com,"March 02, 2026",9.0,https://www.agoda.com/enokiya-ryokan/hotel/yufu-jp.html,en,f709b04e0f,lodging_direct,True,private_bath,private_bath_experience;crowding,,private onsen;public bath;onsen;wait,공용 대절탕을 프라이빗하게 이용하는 경험을 언급한 후기다; 공실 타이밍이나 대기 가능성을 함께 남겼다.,direct_readable,True,mixed,conditional_signal_tag,medium,issue_caution_calibration_needed
enokiya-agoda_api-277034782,Agoda API,Agoda,"October 22, 2020",10.0,https://www.agoda.com/enokiya-ryokan/hotel/yufu-jp.html,en,25e447ccb5,lodging_direct,False,,,,,숙박 경험 중심 후기다.,direct_readable,True,neutral,neutral_or_lodging_context,medium,issue_caution_calibration_needed
enokiya-agoda_api-1078556627,Agoda API,Booking.com,"February 15, 2026",10.0,https://www.agoda.com/enokiya-ryokan/hotel/yufu-jp.html,en,75a3999929,lodging_direct,True,facility_wide,facility_wide_hot_spring_mention,,onsen,숙소 온천 또는 욕장 이용을 넓게 언급한 후기다.,direct_readable,True,positive,rating_positive_signal,medium,issue_caution_calibration_needed
enokiya-agoda_api-253940484,Agoda API,Agoda,"January 28, 2020",9.2,https://www.agoda.com/enokiya-ryokan/hotel/yufu-jp.html,en,8778cad576,lodging_direct,True,facility_wide,facility_wide_hot_spring_mention,,,숙소 온천 또는 욕장 이용을 넓게 언급한 후기다.,direct_readable,True,positive,rating_positive_signal,medium,issue_caution_calibration_needed
enokiya-agoda_api-1078556645,Agoda API,Booking.com,"February 07, 2026",10.0,https://www.agoda.com/enokiya-ryokan/hotel/yufu-jp.html,en,8b406ea85b,lodging_direct,True,private_bath,private_bath_experience;crowding;booking_confusion,,private onsen;onsen,공용 대절탕을 프라이빗하게 이용하는 경험을 언급한 후기다; 공실 타이밍이나 대기 가능성을 함께 남겼다.,direct_readable,True,mixed,conditional_signal_tag,medium,issue_caution_calibration_needed
enokiya-agoda_api-250631406,Agoda API,Agoda,"December 30, 2019",6.8,https://www.agoda.com/enokiya-ryokan/hotel/yufu-jp.html,en,6c2d3a7dc4,lodging_direct,False,,,,,숙박 경험 중심 후기다.,direct_readable,True,neutral,neutral_or_lodging_context,medium,issue_caution_calibration_needed
enokiya-agoda_api-1062076132,Agoda API,Booking.com,"December 07, 2025",10.0,https://www.agoda.com/enokiya-ryokan/hotel/yufu-jp.html,en,14ae73cdea,lodging_direct,True,private_bath,private_bath_experience,,private onsen;onsen,공용 대절탕을 프라이빗하게 이용하는 경험을 언급한 후기다.,direct_readable,True,positive,body_positive,high,issue_caution_calibration_needed
enokiya-agoda_api-250621131,Agoda API,Agoda,"December 29, 2019",7.6,https://www.agoda.com/enokiya-ryokan/hotel/yufu-jp.html,en,0f035e4668,lodging_direct,True,private_bath,private_bath_experience;crowding,,private onsen;onsen;available,공용 대절탕을 프라이빗하게 이용하는 경험을 언급한 후기다; 공실 타이밍이나 대기 가능성을 함께 남겼다.,direct_readable,True,mixed,conditional_signal_tag,medium,issue_caution_calibration_needed
enokiya-agoda_api-1052561360,Agoda API,Booking.com,"November 16, 2025",10.0,https://www.agoda.com/enokiya-ryokan/hotel/yufu-jp.html,en,3e182b1ea9,lodging_direct,True,facility_wide,facility_wide_hot_spring_mention,,onsen,숙소 온천 또는 욕장 이용을 넓게 언급한 후기다.,direct_readable,True,positive,rating_positive_signal,medium,issue_caution_calibration_needed
enokiya-agoda_api-246199031,Agoda API,Agoda,"November 19, 2019",9.2,https://www.agoda.com/enokiya-ryokan/hotel/yufu-jp.html,en,4398f8e7d9,lodging_direct,False,,,,,숙박 경험 중심 후기다.,direct_readable,True,neutral,neutral_or_lodging_context,medium,issue_caution_calibration_needed
enokiya-agoda_api-1040272921,Agoda API,Booking.com,"October 06, 2025",10.0,https://www.agoda.com/enokiya-ryokan/hotel/yufu-jp.html,en,34d2c8a726,lodging_direct,False,,,,,숙박 경험 중심 후기다.,direct_readable,True,neutral,neutral_or_lodging_context,medium,issue_caution_calibration_needed
enokiya-agoda_api-246119536,Agoda API,Agoda,"November 13, 2019",8.4,https://www.agoda.com/enokiya-ryokan/hotel/yufu-jp.html,en,c0a54cd59a,lodging_direct,False,,,,,숙박 경험 중심 후기다.,direct_readable,True,neutral,neutral_or_lodging_context,medium,issue_caution_calibration_needed
enokiya-agoda_api-1024816872,Agoda API,Booking.com,"September 13, 2025",9.0,https://www.agoda.com/enokiya-ryokan/hotel/yufu-jp.html,en,e2b1316245,lodging_direct,False,,,,,숙박 경험 중심 후기다.,direct_readable,True,neutral,neutral_or_lodging_context,medium,issue_caution_calibration_needed
enokiya-agoda_api-245981981,Agoda API,Agoda,"November 11, 2019",9.2,https://www.agoda.com/enokiya-ryokan/hotel/yufu-jp.html,en,fae93f41bf,lodging_direct,False,,,,,숙박 경험 중심 후기다.,direct_readable,True,neutral,neutral_or_lodging_context,medium,issue_caution_calibration_needed
enokiya-agoda_api-998786839,Agoda API,Booking.com,"July 28, 2025",8.0,https://www.agoda.com/enokiya-ryokan/hotel/yufu-jp.html,en,7b49d36cb1,lodging_direct,False,,,,,숙박 경험 중심 후기다.,direct_readable,True,neutral,neutral_or_lodging_context,medium,issue_caution_calibration_needed
enokiya-agoda_api-244672437,Agoda API,Agoda,"November 01, 2019",8.4,https://www.agoda.com/enokiya-ryokan/hotel/yufu-jp.html,en,be45728e49,lodging_direct,True,facility_wide,facility_wide_hot_spring_mention,room_no_shower_or_small_wet_area;building_age,onsen;shower,숙소 온천 또는 욕장 이용을 넓게 언급한 후기다; 객실 샤워/동선 등 운영 주의 신호가 붙는다.,direct_readable,True,mixed,caution_or_issue_tag,high,issue_caution_calibration_needed
enokiya-agoda_api-974459178,Agoda API,Booking.com,"June 12, 2025",9.0,https://www.agoda.com/enokiya-ryokan/hotel/yufu-jp.html,en,abae854dce,lodging_direct,False,,,,,숙박 경험 중심 후기다.,direct_readable,True,neutral,neutral_or_lodging_context,medium,issue_caution_calibration_needed
enokiya-agoda_api-241422166,Agoda API,Agoda,"October 18, 2019",6.0,https://www.agoda.com/enokiya-ryokan/hotel/yufu-jp.html,en,42e4301279,lodging_direct,True,private_bath,private_bath_experience,,private bath;hot spring;onsen,공용 대절탕을 프라이빗하게 이용하는 경험을 언급한 후기다.,direct_readable,True,positive,body_positive,high,issue_caution_calibration_needed
enokiya-agoda_api-923004022,Agoda API,Booking.com,"January 23, 2025",10.0,https://www.agoda.com/enokiya-ryokan/hotel/yufu-jp.html,en,e4b6037823,lodging_direct,True,private_bath,private_bath_experience,,private onsen;onsen,공용 대절탕을 프라이빗하게 이용하는 경험을 언급한 후기다.,direct_readable,True,positive,body_positive,high,issue_caution_calibration_needed
enokiya-agoda_api-238942943,Agoda API,Agoda,"October 04, 2019",10.0,https://www.agoda.com/enokiya-ryokan/hotel/yufu-jp.html,en,4edc721654,lodging_direct,False,,,,,숙박 경험 중심 후기다.,direct_readable,True,neutral,neutral_or_lodging_context,medium,issue_caution_calibration_needed
enokiya-agoda_api-910523518,Agoda API,Booking.com,"December 24, 2024",10.0,https://www.agoda.com/enokiya-ryokan/hotel/yufu-jp.html,en,48e1ad8467,lodging_direct,True,facility_wide,facility_wide_hot_spring_mention,,onsen,숙소 온천 또는 욕장 이용을 넓게 언급한 후기다.,direct_readable,True,positive,rating_positive_signal,medium,issue_caution_calibration_needed
enokiya-agoda_api-229367654,Agoda API,Agoda,"July 21, 2019",9.2,https://www.agoda.com/enokiya-ryokan/hotel/yufu-jp.html,en,b256d455b2,lodging_direct,True,facility_wide,facility_wide_hot_spring_mention,building_age,onsen,숙소 온천 또는 욕장 이용을 넓게 언급한 후기다; 객실 샤워/동선 등 운영 주의 신호가 붙는다.,direct_readable,True,mixed,caution_or_issue_tag,high,issue_caution_calibration_needed
enokiya-agoda_api-904896529,Agoda API,Booking.com,"December 12, 2024",10.0,https://www.agoda.com/enokiya-ryokan/hotel/yufu-jp.html,en,e3bb3eeac4,lodging_direct,False,,,,,숙박 경험 중심 후기다.,direct_readable,True,neutral,neutral_or_lodging_context,medium,issue_caution_calibration_needed
enokiya-agoda_api-227926926,Agoda API,Agoda,"July 12, 2019",8.0,https://www.agoda.com/enokiya-ryokan/hotel/yufu-jp.html,en,fbb9f9a24e,lodging_direct,True,facility_wide,facility_wide_hot_spring_mention,,hot spring,숙소 온천 또는 욕장 이용을 넓게 언급한 후기다.,direct_readable,True,positive,rating_positive_signal,medium,issue_caution_calibration_needed
enokiya-agoda_api-904896532,Agoda API,Booking.com,"December 06, 2024",10.0,https://www.agoda.com/enokiya-ryokan/hotel/yufu-jp.html,en,ddda273992,lodging_direct,False,,,,,숙박 경험 중심 후기다.,direct_readable,True,neutral,neutral_or_lodging_context,medium,issue_caution_calibration_needed
enokiya-agoda_api-218819238,Agoda API,Agoda,"May 21, 2019",8.0,https://www.agoda.com/enokiya-ryokan/hotel/yufu-jp.html,en,23ad517198,lodging_direct,True,facility_wide,facility_wide_hot_spring_mention,building_age,onsen,숙소 온천 또는 욕장 이용을 넓게 언급한 후기다; 객실 샤워/동선 등 운영 주의 신호가 붙는다.,direct_readable,True,mixed,caution_or_issue_tag,high,issue_caution_calibration_needed
enokiya-agoda_api-904896534,Agoda API,Booking.com,"December 05, 2024",10.0,https://www.agoda.com/enokiya-ryokan/hotel/yufu-jp.html,en,528f61a743,lodging_direct,False,,,,,숙박 경험 중심 후기다.,direct_readable,True,neutral,neutral_or_lodging_context,medium,issue_caution_calibration_needed
enokiya-agoda_api-212737169,Agoda API,Agoda,"May 04, 2019",9.2,https://www.agoda.com/enokiya-ryokan/hotel/yufu-jp.html,en,07265870f6,lodging_direct,False,,,,,숙박 경험 중심 후기다.,direct_readable,True,neutral,neutral_or_lodging_context,medium,issue_caution_calibration_needed
enokiya-agoda_api-904896523,Agoda API,Booking.com,"December 02, 2024",10.0,https://www.agoda.com/enokiya-ryokan/hotel/yufu-jp.html,en,f092bba774,lodging_direct,True,private_bath,private_bath_experience,,private onsen;onsen,공용 대절탕을 프라이빗하게 이용하는 경험을 언급한 후기다.,direct_readable,True,positive,body_positive,high,issue_caution_calibration_needed
enokiya-agoda_api-210960470,Agoda API,Agoda,"April 03, 2019",10.0,https://www.agoda.com/enokiya-ryokan/hotel/yufu-jp.html,en,6fd2bcbbda,lodging_direct,False,,,,,숙박 경험 중심 후기다.,direct_readable,True,neutral,neutral_or_lodging_context,medium,issue_caution_calibration_needed
enokiya-agoda_api-899689322,Agoda API,Booking.com,"November 30, 2024",10.0,https://www.agoda.com/enokiya-ryokan/hotel/yufu-jp.html,en,410013f679,lodging_direct,True,private_bath,private_bath_experience,,private onsen;onsen,공용 대절탕을 프라이빗하게 이용하는 경험을 언급한 후기다.,direct_readable,True,positive,body_positive,high,issue_caution_calibration_needed
enokiya-agoda_api-208408546,Agoda API,Agoda,"March 18, 2019",9.6,https://www.agoda.com/enokiya-ryokan/hotel/yufu-jp.html,en,3e182b1ea9,lodging_direct,False,,,building_age,,숙박 경험 중심 후기다; 객실 샤워/동선 등 운영 주의 신호가 붙는다.,direct_readable,True,mixed,caution_or_issue_tag,high,issue_caution_calibration_needed
enokiya-agoda_api-818690613,Agoda API,Booking.com,"June 16, 2024",10.0,https://www.agoda.com/enokiya-ryokan/hotel/yufu-jp.html,en,3d637fc604,lodging_direct,True,private_bath,private_bath_experience,,private onsen;onsen,공용 대절탕을 프라이빗하게 이용하는 경험을 언급한 후기다.,direct_readable,True,positive,body_positive,high,issue_caution_calibration_needed
enokiya-google_maps-gilrae-lee-2026,Google Maps,Google-native,4개월 전,5,https://www.google.com/maps/search/?api=1&query=%E6%A6%8E%E5%B1%8B%E6%97%85%E9%A4%A8%20%E7%94%B1%E5%B8%83%E9%99%A2,ko,4943816006,lodging_direct,True,private_bath,private_bath_experience,,온천;프라이빗;공용탕,공용 대절탕을 프라이빗하게 이용하는 경험을 언급한 후기다.,direct_readable_aside_browser,True,positive,body_positive,high,issue_caution_calibration_needed
enokiya-google_maps-yoon-2025,Google Maps,Google-native,1년 전,5,https://www.google.com/maps/search/?api=1&query=%E6%A6%8E%E5%B1%8B%E6%97%85%E9%A4%A8%20%E7%94%B1%E5%B8%83%E9%99%A2,ko,6dd17e70e5,lodging_direct,True,facility_wide,facility_wide_hot_spring_mention,,노천탕;샤워;기다림,숙소 온천 또는 욕장 이용을 넓게 언급한 후기다.,direct_readable_aside_browser,True,positive,rating_positive_signal,medium,issue_caution_calibration_needed
enokiya-google_maps-chimchan-2024,Google Maps,Google-native,2년 전,5,https://www.google.com/maps/search/?api=1&query=%E6%A6%8E%E5%B1%8B%E6%97%85%E9%A4%A8%20%E7%94%B1%E5%B8%83%E9%99%A2,ko,db3dc174a2,lodging_direct,True,facility_wide,facility_wide_hot_spring_mention,,온천;노천탕,숙소 온천 또는 욕장 이용을 넓게 언급한 후기다.,direct_readable_aside_browser,True,positive,rating_positive_signal,medium,issue_caution_calibration_needed
