direct_read_sequence,platform,source_url,page_label,review_id,language,review_date,stay_date,rating,bath_rating,room_rating,title,room_or_plan,body_char_count,onsen_related,bath_area_tags,signal_tags,issue_tags,original_keywords_short,short_paraphrase,signal_direction,direction_backfill_rule,direction_backfill_confidence,direction_backfill_candidate_type
1,Jalan,https://www.jalan.net/yad321819/kuchikomi/,latest_1,Jalan_latest_1_1,ja,2026/6/30,2026年5月宿泊,4,3,4,寂しい旅になりました,【早割30】旬菜彩る大正屋特選牛付会席が早期予約で1000円引《藤会席◆食事処》,137,yes,unclear,booking_confusion,,,온천 언급 없는 숙박 경험 리뷰.,mixed,conditional_signal_tag,medium,issue_caution_calibration_needed
2,Jalan,https://www.jalan.net/yad321819/kuchikomi/,latest_1,Jalan_latest_1_2,ja,2026/6/21,2026年6月宿泊,5,5,5,記念日旅館,【スタンダードプラン】美肌温泉に癒される湯治旅◆郷土の旬菜彩る大正屋特選牛付会席《藤会席◆食事処》,84,yes,facility_wide,water_texture,,温泉;湯;美肌,우레시노 물성/피부감 언급,positive,rating_positive_signal,medium,issue_caution_calibration_needed
3,Jalan,https://www.jalan.net/yad321819/kuchikomi/,latest_1,Jalan_latest_1_3,ja,2026/6/12,2026年5月宿泊,5,5,5,結婚記念日　いい思い出,【じゃらんスペシャルウィーク】東館客室◆匠の技が紡ぐ珠玉の逸品◆料理長特選会席《松会席◆食事処》,146,yes,open_air_public_bath,booking_confusion;public_bath_hot_spring;water_texture,sister_property_movement,お風呂;椎葉山荘;温泉;露天;露天風呂;風呂,공용 노천탕 경험 언급; 우레시노 물성/피부감 언급; 주의 신호: sister_property_movement,mixed,caution_or_issue_tag,high,issue_caution_calibration_needed
4,Jalan,https://www.jalan.net/yad321819/kuchikomi/,latest_1,Jalan_latest_1_4,ja,2026/6/10,2026年6月宿泊,5,4,5,部屋風呂最高,【じゃらんスペシャルウィーク】東館客室◆匠の技が紡ぐ珠玉の逸品◆料理長特選会席《松会席◆食事処》,364,yes,public_bath;room_bath,public_bath_hot_spring;room_bath_hot_spring;water_texture,,サウナ;四季の湯;大浴場;温泉;湯;滝の湯;部屋風呂;風呂,대욕장/공용탕 이용 경험 언급; 객실탕/객실 노천탕 맥락 언급; 우레시노 물성/피부감 언급,positive,body_positive,high,issue_caution_calibration_needed
5,Jalan,https://www.jalan.net/yad321819/kuchikomi/,latest_1,Jalan_latest_1_5,ja,2026/6/7,2026年4月宿泊,5,4,5,ゆったりとした旅館,【料理グレードアップ】趣向を凝らした珠玉の逸品◆匠の技が織りなす料理長特選会席《松会席◆食事処》,105,no,unclear,,aging_or_access,,주의 신호: aging_or_access,mixed,caution_or_issue_tag,high,issue_caution_calibration_needed
6,Jalan,https://www.jalan.net/yad321819/kuchikomi/,latest_1,Jalan_latest_1_6,ja,2026/6/5,2026年6月宿泊,5,5,4,温泉おすすめ,【じゃらんのお得な10日間】20％OFF◆庭園側,59,yes,facility_wide,water_texture,,温泉,우레시노 물성/피부감 언급,positive,rating_positive_signal,medium,issue_caution_calibration_needed
7,Jalan,https://www.jalan.net/yad321819/kuchikomi/,latest_1,Jalan_latest_1_7,ja,2026/6/3,2026年4月宿泊,4,5,4,高齢者との旅行でした,【特室◆水昌・菊】眼前に臨む日本庭園と檜内風呂付客室、当館最高級会席を味わう《食事処◆松会席》,98,yes,facility_wide,water_texture,sister_property_movement,風呂,우레시노 물성/피부감 언급; 주의 신호: sister_property_movement,mixed,caution_or_issue_tag,high,issue_caution_calibration_needed
8,Jalan,https://www.jalan.net/yad321819/kuchikomi/,latest_1,Jalan_latest_1_8,ja,2026/6/2,2026年4月宿泊,5,5,5,妹と初の嬉野温泉へ,【早割30】旬菜彩る大正屋特選牛付会席が早期予約で1000円引《藤会席◆食事処》,237,yes,open_air_public_bath;public_bath,booking_confusion;public_bath_hot_spring;water_texture,sister_property_movement,しいばの湯;とろとろ;温泉;湯;美人の湯;露天;露天風呂;風呂,대욕장/공용탕 이용 경험 언급; 공용 노천탕 경험 언급; 우레시노 물성/피부감 언급; 주의 신호: sister_property_movement,mixed,caution_or_issue_tag,high,issue_caution_calibration_needed
9,Jalan,https://www.jalan.net/yad321819/kuchikomi/,latest_1,Jalan_latest_1_9,ja,2026/5/28,2026年5月宿泊,5,5,5,とても寛げました！,【じゃらんのお得な10日間】20％OFF◆庭園側,123,yes,facility_wide,water_texture,,お風呂;湯;風呂,우레시노 물성/피부감 언급,positive,rating_positive_signal,medium,issue_caution_calibration_needed
10,Jalan,https://www.jalan.net/yad321819/kuchikomi/,latest_1,Jalan_latest_1_10,ja,2026/5/19,2026年5月宿泊,5,5,5,念願の嬉野温泉で最高のお宿で最高でした！,【当館人気No1プラン】佐賀の厳選食材を満喫◆佐賀牛陶板焼＆旬菜＆鮮魚など《佐賀牛会席◆食事処》,515,yes,facility_wide,water_texture,sister_property_movement,温泉;湯;風呂,우레시노 물성/피부감 언급; 주의 신호: sister_property_movement,mixed,caution_or_issue_tag,high,issue_caution_calibration_needed
11,Jalan,https://www.jalan.net/yad321819/kuchikomi/,latest_1,Jalan_latest_1_11,ja,2026/5/18,2026年5月宿泊,5,5,5,夕食と中庭がよかった,【じゃらんのお得な10日間】20％OFF◆庭園側,103,yes,facility_wide,water_texture,,お風呂;泉質;温泉;湯;風呂,우레시노 물성/피부감 언급,positive,body_positive,high,issue_caution_calibration_needed
12,Jalan,https://www.jalan.net/yad321819/kuchikomi/,latest_1,Jalan_latest_1_12,ja,2026/5/17,2026年4月宿泊,5,4,5,またすぐにでも再訪したい！！,【じゃらんスペシャルウィーク】庭園側,291,yes,facility_wide,water_texture,temperature,温泉,우레시노 물성/피부감 언급; 주의 신호: temperature,mixed,caution_or_issue_tag,high,issue_caution_calibration_needed
13,Jalan,https://www.jalan.net/yad321819/kuchikomi/,latest_1,Jalan_latest_1_13,ja,2026/5/16,2026年4月宿泊,4,4,4,和室に宿泊,【じゃらんスペシャルウィーク】庭園側,168,yes,facility_wide,water_texture,,お風呂;湯;風呂,우레시노 물성/피부감 언급,positive,rating_positive_signal,medium,issue_caution_calibration_needed
14,Jalan,https://www.jalan.net/yad321819/kuchikomi/,latest_1,Jalan_latest_1_14,ja,2026/5/10,2026年5月宿泊,4,4,4,接客最高！間違いない。,【スタンダードプラン】美肌温泉に癒される湯治旅◆郷土の旬菜彩る大正屋特選牛付会席《藤会席◆食事処》,216,yes,public_bath,booking_confusion;public_bath_hot_spring;water_texture,aging_or_access,大浴場;温泉;湯;美肌;風呂,대욕장/공용탕 이용 경험 언급; 우레시노 물성/피부감 언급; 주의 신호: aging_or_access,mixed,caution_or_issue_tag,high,issue_caution_calibration_needed
15,Jalan,https://www.jalan.net/yad321819/kuchikomi/,latest_1,Jalan_latest_1_15,ja,2026/5/8,2026年5月宿泊,5,5,4,義母と母を新幹線で嬉野旅行,【スタンダードプラン】美肌温泉に癒される湯治旅◆郷土の旬菜彩る大正屋特選牛付会席《藤会席◆食事処》,98,yes,facility_wide,water_texture,aging_or_access,お風呂;温泉;湯;美肌;風呂,우레시노 물성/피부감 언급; 주의 신호: aging_or_access,mixed,caution_or_issue_tag,high,issue_caution_calibration_needed
16,Jalan,https://www.jalan.net/yad321819/kuchikomi/,latest_1,Jalan_latest_1_16,ja,2026/5/6,2026年5月宿泊,5,5,4,さすがです,【当館人気No1プラン】佐賀の厳選食材を満喫◆佐賀牛陶板焼＆旬菜＆鮮魚など《佐賀牛会席◆食事処》,450,yes,open_air_public_bath;public_bath,public_bath_hot_spring;water_texture,cleanliness;temperature,お風呂;大浴場;椎葉山荘;湯;露天;露天風呂;風呂,"대욕장/공용탕 이용 경험 언급; 공용 노천탕 경험 언급; 우레시노 물성/피부감 언급; 주의 신호: cleanliness,temperature",mixed,caution_or_issue_tag,high,issue_caution_calibration_needed
17,Jalan,https://www.jalan.net/yad321819/kuchikomi/,latest_1,Jalan_latest_1_17,ja,2026/5/6,2026年5月宿泊,4,4,4,子連れにもオススメ、細かなサービスと感じのよいおもてなし,【スタンダードプラン】美肌温泉に癒される湯治旅◆郷土の旬菜彩る大正屋特選牛付会席《藤会席◆食事処》,399,yes,facility_wide,water_texture,,温泉;湯;美肌,우레시노 물성/피부감 언급,positive,rating_positive_signal,medium,issue_caution_calibration_needed
18,Jalan,https://www.jalan.net/yad321819/kuchikomi/,latest_1,Jalan_latest_1_18,ja,2026/5/5,2026年5月宿泊,5,4,4,お風呂が気持ち良かった,【直前割タイムセール◆お部屋お任せ】一泊,52,yes,facility_wide,water_texture,,お風呂;湯;風呂,우레시노 물성/피부감 언급,positive,body_positive,high,issue_caution_calibration_needed
19,Jalan,https://www.jalan.net/yad321819/kuchikomi/,latest_1,Jalan_latest_1_19,ja,2026/5/5,2026年5月宿泊,5,5,5,最高の宿でした,【当館人気No1プラン】佐賀の厳選食材を満喫◆佐賀牛陶板焼＆旬菜＆鮮魚など《佐賀牛会席◆食事処》,109,yes,facility_wide,water_texture,,お風呂;風呂,우레시노 물성/피부감 언급,positive,body_positive,high,issue_caution_calibration_needed
20,Jalan,https://www.jalan.net/yad321819/kuchikomi/,latest_1,Jalan_latest_1_20,ja,2026/4/27,2026年4月宿泊,4,4,4,オーソドックスにいいです。,【じゃらんのお得な10日間】30％OFF◆東館客室◆匠の技が紡ぐ料理長特選会席《松会席◆食事処》,110,yes,room_bath,room_bath_hot_spring;water_texture,aging_or_access,温泉;部屋風呂;風呂,객실탕/객실 노천탕 맥락 언급; 우레시노 물성/피부감 언급; 주의 신호: aging_or_access,mixed,caution_or_issue_tag,high,issue_caution_calibration_needed
21,Jalan,https://www.jalan.net/yad321819/kuchikomi/,latest_1,Jalan_latest_1_21,ja,2026/4/14,2026年3月宿泊,5,5,4,温泉最高,【当館人気No1プラン】佐賀の厳選食材を満喫◆佐賀牛陶板焼＆旬菜＆鮮魚など《佐賀牛会席◆食事処》,255,yes,facility_wide,water_texture,aging_or_access;sister_property_movement,お風呂;椎葉山荘;温泉;風呂,"우레시노 물성/피부감 언급; 주의 신호: aging_or_access,sister_property_movement",mixed,caution_or_issue_tag,high,issue_caution_calibration_needed
22,Jalan,https://www.jalan.net/yad321819/kuchikomi/,latest_1,Jalan_latest_1_22,ja,2026/4/5,2026年3月宿泊,4,5,4,卒業旅行,【早割60】佐賀の厳選食材を満喫◆佐賀牛会席が早期予約で2000円引《佐賀牛会席◆食事処》,387,yes,open_air_public_bath;public_bath;room_bath,booking_confusion;public_bath_hot_spring;room_bath_hot_spring;water_texture,cleanliness;sister_property_movement,お風呂;大浴場;椎葉山荘;泉質;温泉;湯;露天;露天風呂,"대욕장/공용탕 이용 경험 언급; 공용 노천탕 경험 언급; 객실탕/객실 노천탕 맥락 언급; 우레시노 물성/피부감 언급; 주의 신호: cleanliness,sister_property_movement",mixed,caution_or_issue_tag,high,issue_caution_calibration_needed
23,Jalan,https://www.jalan.net/yad321819/kuchikomi/,latest_1,Jalan_latest_1_23,ja,2026/4/4,2026年3月宿泊,5,5,4,居心地の良い老舗旅館,【スタンダードプラン】美肌温泉に癒される湯治旅◆郷土の旬菜彩る大正屋特選牛付会席《藤会席◆食事処》,282,yes,facility_wide,water_texture,,温泉;湯;美肌,우레시노 물성/피부감 언급,positive,rating_positive_signal,medium,issue_caution_calibration_needed
24,Jalan,https://www.jalan.net/yad321819/kuchikomi/,latest_1,Jalan_latest_1_24,ja,2026/4/4,2026年2月宿泊,3,4,4,全体的に良かったのですが・・・,【記念日プラン】大切な時間を大切な仲間や家族とともアニバーサリープラン《藤会席◆食事処》,161,yes,facility_wide,water_texture,cleanliness,お風呂;とろとろ;風呂,우레시노 물성/피부감 언급; 주의 신호: cleanliness,mixed,caution_or_issue_tag,high,issue_caution_calibration_needed
25,Jalan,https://www.jalan.net/yad321819/kuchikomi/,latest_1,Jalan_latest_1_25,ja,2026/4/3,2026年4月宿泊,5,4,5,安心のお宿,【じゃらんのお得な10日間】30％OFF◆東館客室◆匠の技が紡ぐ料理長特選会席《松会席◆食事処》,329,yes,facility_wide,water_texture,sister_property_movement,温泉;湯,우레시노 물성/피부감 언급; 주의 신호: sister_property_movement,mixed,caution_or_issue_tag,high,issue_caution_calibration_needed
26,Jalan,https://www.jalan.net/yad321819/kuchikomi/,latest_1,Jalan_latest_1_26,ja,2026/4/1,2026年3月宿泊,5,5,5,落ち着いた雰囲気と、温かいおもてなしがうれしい宿,【じゃらんアワード受賞プラン】10％OFF◆当館人気No1◆佐賀牛陶板焼＆旬菜＆鮮魚等《佐賀牛会席◆食事処》,218,yes,open_air_public_bath;public_bath,public_bath_hot_spring;water_texture,sister_property_movement,しいばの湯;泉質;温泉;湯;露天,대욕장/공용탕 이용 경험 언급; 공용 노천탕 경험 언급; 우레시노 물성/피부감 언급; 주의 신호: sister_property_movement,mixed,caution_or_issue_tag,high,issue_caution_calibration_needed
27,Jalan,https://www.jalan.net/yad321819/kuchikomi/,latest_1,Jalan_latest_1_27,ja,2026/3/31,2026年3月宿泊,5,5,5,食事よし、風呂もよし、接客も素晴らしい,【当館人気No1プラン】佐賀の厳選食材を満喫◆佐賀牛陶板焼＆旬菜＆鮮魚など《佐賀牛会席◆食事処》,449,yes,public_bath,public_bath_hot_spring;water_texture,sister_property_movement,しいばの湯;四季の湯;温泉;湯;滝の湯;風呂,대욕장/공용탕 이용 경험 언급; 우레시노 물성/피부감 언급; 주의 신호: sister_property_movement,mixed,caution_or_issue_tag,high,issue_caution_calibration_needed
28,Jalan,https://www.jalan.net/yad321819/kuchikomi/,latest_1,Jalan_latest_1_28,ja,2026/3/31,2026年3月宿泊,5,4,5,老舗に,【早割60】佐賀の厳選食材を満喫◆佐賀牛会席が早期予約で2000円引《佐賀牛会席◆食事処》,92,yes,facility_wide,booking_confusion;water_texture,,温泉,우레시노 물성/피부감 언급,mixed,conditional_signal_tag,medium,issue_caution_calibration_needed
29,Jalan,https://www.jalan.net/yad321819/kuchikomi/,latest_1,Jalan_latest_1_29,ja,2026/3/30,2026年3月宿泊,3,5,5,お風呂が最高,【早割90】匠の技が織りなす料理長特選会席が早期予約で3000円引《松会席◆食事処》,165,yes,facility_wide,booking_confusion;water_texture,,お風呂;サウナ;泉質;温泉;風呂,우레시노 물성/피부감 언급,mixed,conditional_signal_tag,medium,issue_caution_calibration_needed
30,Jalan,https://www.jalan.net/yad321819/kuchikomi/,latest_1,Jalan_latest_1_30,ja,2026/3/27,2026年2月宿泊,1,5,5,残念,【記念日プラン】大切な時間を大切な仲間や家族とともアニバーサリープラン《藤会席◆食事処》,99,yes,facility_wide,booking_confusion;water_texture,,温泉,우레시노 물성/피부감 언급,mixed,body_negative_with_context,high,issue_caution_calibration_needed
31,Jalan,https://www.jalan.net/yad321819/kuchikomi/2.HTML,latest_2,Jalan_latest_2_1,ja,2026/3/24,2026年1月宿泊,1,1,1,今までの宿泊の中でも,【早割60】佐賀の厳選食材を満喫◆佐賀牛会席が早期予約で2000円引《佐賀牛会席◆食事処》,416,yes,room_bath,booking_confusion;room_bath_hot_spring;water_texture,aging_or_access,湯;部屋風呂;風呂,객실탕/객실 노천탕 맥락 언급; 우레시노 물성/피부감 언급; 주의 신호: aging_or_access,mixed,caution_or_issue_tag,high,issue_caution_calibration_needed
32,Jalan,https://www.jalan.net/yad321819/kuchikomi/2.HTML,latest_2,Jalan_latest_2_2,ja,2026/3/17,2026年3月宿泊,4,4,3,フロント対応,【早割90】匠の技が織りなす料理長特選会席が早期予約で3000円引《松会席◆食事処》,75,yes,facility_wide,booking_confusion,,風呂,온천 언급 없는 숙박 경험 리뷰.,mixed,conditional_signal_tag,medium,issue_caution_calibration_needed
33,Jalan,https://www.jalan.net/yad321819/kuchikomi/2.HTML,latest_2,Jalan_latest_2_3,ja,2026/3/16,2026年3月宿泊,4,4,3,ご飯がとっても美味しかった。,【特室◆水昌・菊】眼前に臨む日本庭園と檜内風呂付客室、当館最高級会席を味わう《食事処◆松会席》,292,yes,facility_wide,booking_confusion;water_texture,aging_or_access,温泉;風呂,우레시노 물성/피부감 언급; 주의 신호: aging_or_access,mixed,caution_or_issue_tag,high,issue_caution_calibration_needed
34,Jalan,https://www.jalan.net/yad321819/kuchikomi/2.HTML,latest_2,Jalan_latest_2_4,ja,2026/3/13,2026年3月宿泊,5,5,5,おもてなし最高,【じゃらんアワード受賞プラン】10％OFF◆当館人気No1◆佐賀牛陶板焼＆旬菜＆鮮魚等《佐賀牛会席◆食事処》,251,yes,open_air_public_bath,public_bath_hot_spring;water_texture,sister_property_movement,お風呂;湯;露天;露天風呂;風呂,공용 노천탕 경험 언급; 우레시노 물성/피부감 언급; 주의 신호: sister_property_movement,mixed,caution_or_issue_tag,high,issue_caution_calibration_needed
35,Jalan,https://www.jalan.net/yad321819/kuchikomi/2.HTML,latest_2,Jalan_latest_2_5,ja,2026/3/8,2026年3月宿泊,5,4,5,食事が豪華,【じゃらんアワード受賞プラン】10％OFF◆当館人気No1◆佐賀牛陶板焼＆旬菜＆鮮魚等《佐賀牛会席◆食事処》,179,yes,private_bath,private_bath_experience;water_texture,cleanliness,お風呂;湯;貸切;風呂,대절/프라이빗탕 맥락 언급; 우레시노 물성/피부감 언급; 주의 신호: cleanliness,mixed,caution_or_issue_tag,high,issue_caution_calibration_needed
36,Jalan,https://www.jalan.net/yad321819/kuchikomi/2.HTML,latest_2,Jalan_latest_2_6,ja,2026/3/1,2026年2月宿泊,4,3,3,お料理が美味しい,【早割90】匠の技が織りなす料理長特選会席が早期予約で3000円引《松会席◆食事処》,376,yes,public_bath,booking_confusion;public_bath_hot_spring;water_texture,aging_or_access;cleanliness,四季の湯;大浴場;湯,"대욕장/공용탕 이용 경험 언급; 우레시노 물성/피부감 언급; 주의 신호: aging_or_access,cleanliness",mixed,caution_or_issue_tag,high,issue_caution_calibration_needed
37,Jalan,https://www.jalan.net/yad321819/kuchikomi/2.HTML,latest_2,Jalan_latest_2_7,ja,2026/2/22,2026年2月宿泊,5,5,4,初本館泊,【早割30】旬菜彩る大正屋特選牛付会席が早期予約で1000円引《藤会席◆食事処》,241,yes,facility_wide,booking_confusion,,お風呂;風呂,온천 언급 없는 숙박 경험 리뷰.,mixed,conditional_signal_tag,medium,issue_caution_calibration_needed
38,Jalan,https://www.jalan.net/yad321819/kuchikomi/2.HTML,latest_2,Jalan_latest_2_8,ja,2026/2/19,2026年1月宿泊,2,3,1,期待はしていませんでしたが,【当館人気No1プラン】佐賀の厳選食材を満喫◆佐賀牛陶板焼＆旬菜＆鮮魚など《佐賀牛会席◆食事処》,70,yes,facility_wide,booking_confusion,,風呂,온천 언급 없는 숙박 경험 리뷰.,mixed,conditional_signal_tag,medium,issue_caution_calibration_needed
39,Jalan,https://www.jalan.net/yad321819/kuchikomi/2.HTML,latest_2,Jalan_latest_2_9,ja,2026/2/18,2026年2月宿泊,5,5,5,おもてなしがとても素晴らしい,【50歳以上限定のおとな旅★10%OFF】日本庭園と檜内風呂付客室◆大正屋特選牛会席《食事処◆松会席》,215,yes,facility_wide,booking_confusion,,風呂,온천 언급 없는 숙박 경험 리뷰.,mixed,conditional_signal_tag,medium,issue_caution_calibration_needed
40,Jalan,https://www.jalan.net/yad321819/kuchikomi/2.HTML,latest_2,Jalan_latest_2_10,ja,2026/2/17,2026年1月宿泊,5,5,5,ありがとうございました,【早割30】旬菜彩る大正屋特選牛付会席が早期予約で1000円引《藤会席◆食事処》,180,yes,facility_wide,booking_confusion;water_texture,sister_property_movement,湯;湯めぐり,우레시노 물성/피부감 언급; 주의 신호: sister_property_movement,mixed,caution_or_issue_tag,high,issue_caution_calibration_needed
41,Jalan,https://www.jalan.net/yad321819/kuchikomi/2.HTML,latest_2,Jalan_latest_2_11,ja,2026/2/14,2026年2月宿泊,5,5,4,お風呂も！最高なお宿,【早割30】旬菜彩る大正屋特選牛付会席が早期予約で1000円引《藤会席◆食事処》,57,yes,public_bath,booking_confusion;public_bath_hot_spring;water_texture,,お風呂;しいばの湯;温泉;湯;風呂,대욕장/공용탕 이용 경험 언급; 우레시노 물성/피부감 언급,mixed,conditional_signal_tag,medium,issue_caution_calibration_needed
42,Jalan,https://www.jalan.net/yad321819/kuchikomi/2.HTML,latest_2,Jalan_latest_2_12,ja,2026/2/12,2026年1月宿泊,5,5,5,嬉野温泉最高,【じゃらんアワード受賞プラン】10％OFF◆当館人気No1◆佐賀牛陶板焼＆旬菜＆鮮魚等《佐賀牛会席◆食事処》,651,yes,open_air_public_bath,booking_confusion;public_bath_hot_spring;water_texture,aging_or_access;sister_property_movement,温泉;湯;露天;露天風呂;風呂,"공용 노천탕 경험 언급; 우레시노 물성/피부감 언급; 주의 신호: aging_or_access,sister_property_movement",mixed,caution_or_issue_tag,high,issue_caution_calibration_needed
43,Jalan,https://www.jalan.net/yad321819/kuchikomi/2.HTML,latest_2,Jalan_latest_2_13,ja,2026/2/3,2026年1月宿泊,5,5,5,友達との嬉野温泉旅行,【じゃらんアワード受賞プラン】10％OFF◆当館人気No1◆佐賀牛陶板焼＆旬菜＆鮮魚等《佐賀牛会席◆食事処》,330,yes,facility_wide,water_texture,,泉質;温泉;湯,우레시노 물성/피부감 언급,positive,rating_positive_signal,medium,issue_caution_calibration_needed
44,Jalan,https://www.jalan.net/yad321819/kuchikomi/2.HTML,latest_2,Jalan_latest_2_14,ja,2026/2/2,2026年1月宿泊,4,5,4,まさに美肌の湯,【じゃらんのお得な10日間】30％OFF◆東館客室◆匠の技が紡ぐ料理長特選会席《松会席◆食事処》,390,yes,open_air_public_bath,public_bath_hot_spring;water_texture,,お風呂;椎葉山荘;温泉;湯;美肌;露天;露天風呂;風呂,공용 노천탕 경험 언급; 우레시노 물성/피부감 언급,positive,rating_positive_signal,medium,issue_caution_calibration_needed
45,Jalan,https://www.jalan.net/yad321819/kuchikomi/2.HTML,latest_2,Jalan_latest_2_15,ja,2026/2/2,2026年1月宿泊,4,2,5,いい湯だな,【露天風呂付客室◆東館松琴亭】品格、居心地、余韻を感じる特別空間、嬉野の名湯を満喫《食事処◆松会席》,333,yes,open_air_public_bath;public_bath,public_bath_hot_spring;water_texture,,大浴場;泉質;温泉;湯;露天;露天風呂;風呂,대욕장/공용탕 이용 경험 언급; 공용 노천탕 경험 언급; 우레시노 물성/피부감 언급,positive,positive_signal_no_caution,medium,issue_caution_calibration_needed
46,Jalan,https://www.jalan.net/yad321819/kuchikomi/2.HTML,latest_2,Jalan_latest_2_16,ja,2026/1/23,2026年1月宿泊,4,4,4,老舗の風格,【早割30】旬菜彩る大正屋特選牛付会席が早期予約で1000円引《藤会席◆食事処》,229,yes,facility_wide,booking_confusion,,お風呂;風呂,온천 언급 없는 숙박 경험 리뷰.,mixed,conditional_signal_tag,medium,issue_caution_calibration_needed
47,Jalan,https://www.jalan.net/yad321819/kuchikomi/2.HTML,latest_2,Jalan_latest_2_17,ja,2026/1/20,2026年1月宿泊,2,1,2,風呂つき部屋を選びましたが、使えませんでした,【じゃらんスペシャルウィーク】東館客室◆匠の技が紡ぐ珠玉の逸品◆料理長特選会席《松会席◆食事処》,136,yes,open_air_public_bath,booking_confusion;public_bath_hot_spring,temperature,露天;露天風呂;風呂,공용 노천탕 경험 언급; 주의 신호: temperature,mixed,caution_or_issue_tag,high,issue_caution_calibration_needed
48,Jalan,https://www.jalan.net/yad321819/kuchikomi/2.HTML,latest_2,Jalan_latest_2_18,ja,2026/1/19,2025年12月宿泊,5,5,5,おもてなしが最高,【50歳以上限定のおとな旅★10%OFF】日本庭園と檜内風呂付客室◆大正屋特選牛会席《食事処◆松会席》,90,yes,facility_wide,water_texture,,風呂,우레시노 물성/피부감 언급,positive,body_positive,high,issue_caution_calibration_needed
49,Jalan,https://www.jalan.net/yad321819/kuchikomi/2.HTML,latest_2,Jalan_latest_2_19,ja,2026/1/19,2025年12月宿泊,5,5,5,おもてなしが最高,【早割60】佐賀の厳選食材を満喫◆佐賀牛会席が早期予約で2000円引《佐賀牛会席◆食事処》,50,yes,unclear,booking_confusion,,,온천 언급 없는 숙박 경험 리뷰.,mixed,conditional_signal_tag,medium,issue_caution_calibration_needed
50,Jalan,https://www.jalan.net/yad321819/kuchikomi/2.HTML,latest_2,Jalan_latest_2_20,ja,2026/1/7,2026年1月宿泊,5,4,5,おすすめの宿です,【最高峰客室◆衆芳亭】優雅と静寂が織りなす日本庭園と和空間、匠の技冴える珠玉の会席《食事処◆松会席》,279,yes,facility_wide,water_texture,,温泉,우레시노 물성/피부감 언급,positive,rating_positive_signal,medium,issue_caution_calibration_needed
51,Jalan,https://www.jalan.net/yad321819/kuchikomi/2.HTML,latest_2,Jalan_latest_2_21,ja,2026/1/2,2025年12月宿泊,4,4,4,ゆっくりとした時間を過ごすことができました,【当館人気No1プラン】佐賀の厳選食材を満喫◆佐賀牛陶板焼＆旬菜＆鮮魚など《佐賀牛会席◆食事処》,111,yes,facility_wide,water_texture,cleanliness,お風呂;湯;風呂,우레시노 물성/피부감 언급; 주의 신호: cleanliness,mixed,caution_or_issue_tag,high,issue_caution_calibration_needed
52,Jalan,https://www.jalan.net/yad321819/kuchikomi/2.HTML,latest_2,Jalan_latest_2_22,ja,2025/12/31,2025年12月宿泊,2,4,5,部分的には素晴らしいが、再訪は考えづらい,【スタンダードプラン】美肌温泉に癒される湯治旅◆郷土の旬菜彩る大正屋特選牛付会席《藤会席◆食事処》,816,yes,facility_wide,booking_confusion;water_texture,,温泉;湯;美肌,우레시노 물성/피부감 언급,mixed,conditional_signal_tag,medium,issue_caution_calibration_needed
53,Jalan,https://www.jalan.net/yad321819/kuchikomi/2.HTML,latest_2,Jalan_latest_2_23,ja,2025/12/29,2025年12月宿泊,4,4,4,スタッフの接遇がとても良かった,【早割90】匠の技が織りなす料理長特選会席が早期予約で3000円引《松会席◆食事処》,310,yes,facility_wide,booking_confusion;water_texture,sister_property_movement,湯,우레시노 물성/피부감 언급; 주의 신호: sister_property_movement,mixed,caution_or_issue_tag,high,issue_caution_calibration_needed
54,Jalan,https://www.jalan.net/yad321819/kuchikomi/2.HTML,latest_2,Jalan_latest_2_24,ja,2025/12/26,2025年12月宿泊,5,5,5,クリスマスイブのサプライズ、最高,【早割30】旬菜彩る大正屋特選牛付会席が早期予約で1000円引《藤会席◆食事処》,112,yes,facility_wide,booking_confusion;water_texture,,とろとろ;温泉,우레시노 물성/피부감 언급,mixed,conditional_signal_tag,medium,issue_caution_calibration_needed
55,Jalan,https://www.jalan.net/yad321819/kuchikomi/2.HTML,latest_2,Jalan_latest_2_25,ja,2025/12/25,2025年12月宿泊,5,5,4,大浴場の空間と湯質、料理と器のハーモニーが最高,【スタンダードプラン】美肌温泉に癒される湯治旅◆郷土の旬菜彩る大正屋特選牛付会席《藤会席◆食事処》,304,yes,public_bath,public_bath_hot_spring;water_texture;weak_onsen_feeling,weak_onsen_feeling,四季の湯;大浴場;温泉;湯;滝の湯;美肌,대욕장/공용탕 이용 경험 언급; 우레시노 물성/피부감 언급; 주의 신호: weak_onsen_feeling,negative,negative_signal_tag,high,issue_caution_calibration_needed
56,Jalan,https://www.jalan.net/yad321819/kuchikomi/2.HTML,latest_2,Jalan_latest_2_26,ja,2025/12/22,2025年12月宿泊,5,5,5,大人におすすめ,【源泉100％かけ流し檜温泉内風呂付◆東館客室】夕食時ワンドリンクサービス《松会席◆食事処》,89,yes,facility_wide,water_texture,,温泉;風呂,우레시노 물성/피부감 언급,positive,rating_positive_signal,medium,issue_caution_calibration_needed
57,Jalan,https://www.jalan.net/yad321819/kuchikomi/2.HTML,latest_2,Jalan_latest_2_27,ja,2025/12/22,2025年12月宿泊,5,4,5,嬉野温泉と九州を大満喫出来ました,【Let’s ラーケーション】佐賀の厳選食材を満喫◆佐賀牛陶板焼＆旬菜＆鮮魚など《佐賀牛会席◆食事処》,239,yes,public_bath,public_bath_hot_spring;water_texture,sister_property_movement,お風呂;大浴場;温泉;湯;滝の湯;風呂,대욕장/공용탕 이용 경험 언급; 우레시노 물성/피부감 언급; 주의 신호: sister_property_movement,mixed,caution_or_issue_tag,high,issue_caution_calibration_needed
58,Jalan,https://www.jalan.net/yad321819/kuchikomi/2.HTML,latest_2,Jalan_latest_2_28,ja,2025/12/21,2025年11月宿泊,5,5,5,嬉野温泉のお湯、とても良いです！,【当館人気No1プラン】佐賀の厳選食材を満喫◆佐賀牛陶板焼＆旬菜＆鮮魚など《佐賀牛会席◆食事処》,405,yes,facility_wide,water_texture,aging_or_access;sister_property_movement,姉妹館;温泉;湯;湯めぐり,"우레시노 물성/피부감 언급; 주의 신호: aging_or_access,sister_property_movement",mixed,caution_or_issue_tag,high,issue_caution_calibration_needed
59,Jalan,https://www.jalan.net/yad321819/kuchikomi/2.HTML,latest_2,Jalan_latest_2_29,ja,2025/12/13,2025年12月宿泊,5,5,4,家族でゆっくりできました！,【当館人気No1プラン】佐賀の厳選食材を満喫◆佐賀牛陶板焼＆旬菜＆鮮魚など《佐賀牛会席◆食事処》,210,yes,facility_wide,water_texture,,温泉;湯,우레시노 물성/피부감 언급,positive,body_positive,high,issue_caution_calibration_needed
60,Jalan,https://www.jalan.net/yad321819/kuchikomi/2.HTML,latest_2,Jalan_latest_2_30,ja,2025/12/10,2025年12月宿泊,5,5,5,庭の見えるお部屋が素敵,【じゃらんのお得な10日間】20％OFF◆庭園側,116,yes,facility_wide,booking_confusion;water_texture,,お風呂;温泉;風呂,우레시노 물성/피부감 언급,mixed,conditional_signal_tag,medium,issue_caution_calibration_needed
61,Jalan,https://www.jalan.net/yad321819/kuchikomi/3.HTML,latest_3,Jalan_latest_3_1,ja,2025/12/8,2025年12月宿泊,4,5,4,温泉とティーサロンから見える木々が綺麗,【早割60】佐賀の厳選食材を満喫◆佐賀牛会席が早期予約で2000円引《佐賀牛会席◆食事処》,116,yes,facility_wide,booking_confusion;water_texture,aging_or_access,椎葉山荘;温泉;湯,우레시노 물성/피부감 언급; 주의 신호: aging_or_access,mixed,caution_or_issue_tag,high,issue_caution_calibration_needed
62,Jalan,https://www.jalan.net/yad321819/kuchikomi/3.HTML,latest_3,Jalan_latest_3_2,ja,2025/12/8,2025年10月宿泊,5,5,5,三か所のお風呂でくつろげる,【源泉100％かけ流し檜温泉内風呂付◆東館客室】夕食時ワンドリンクサービス《松会席◆食事処》,160,yes,facility_wide,water_texture,sister_property_movement,お風呂;温泉;風呂,우레시노 물성/피부감 언급; 주의 신호: sister_property_movement,mixed,caution_or_issue_tag,high,issue_caution_calibration_needed
63,Jalan,https://www.jalan.net/yad321819/kuchikomi/3.HTML,latest_3,Jalan_latest_3_3,ja,2025/12/8,2025年10月宿泊,5,5,4,次の予約をしました！,【迷ったらコチラ】生ビール中一杯付プラン《藤会席◆食事処》,88,yes,facility_wide,booking_confusion,,お風呂;風呂,온천 언급 없는 숙박 경험 리뷰.,mixed,conditional_signal_tag,medium,issue_caution_calibration_needed
64,Jalan,https://www.jalan.net/yad321819/kuchikomi/3.HTML,latest_3,Jalan_latest_3_4,ja,2025/12/3,2025年12月宿泊,4,4,4,料理や従業員さんの接客が最高,【スタンダードプラン】美肌温泉に癒される湯治旅◆郷土の旬菜彩る大正屋特選牛付会席《藤会席◆食事処》,201,yes,open_air_public_bath,public_bath_hot_spring;water_texture,cleanliness,温泉;湯;美肌;露天;露天風呂;風呂,공용 노천탕 경험 언급; 우레시노 물성/피부감 언급; 주의 신호: cleanliness,mixed,caution_or_issue_tag,high,issue_caution_calibration_needed
65,Jalan,https://www.jalan.net/yad321819/kuchikomi/3.HTML,latest_3,Jalan_latest_3_5,ja,2025/11/21,2025年10月宿泊,4,5,4,温泉が最高,【杉木立の庭園を臨む温泉内風呂付庭園側,184,yes,facility_wide,water_texture,,お風呂;温泉;風呂,우레시노 물성/피부감 언급,positive,body_positive,high,issue_caution_calibration_needed
66,Jalan,https://www.jalan.net/yad321819/kuchikomi/3.HTML,latest_3,Jalan_latest_3_6,ja,2025/11/18,2025年11月宿泊,5,5,5,スタッフさんの心遣いに感謝です。,【杉木立の庭園を臨む温泉内風呂付庭園側,226,yes,facility_wide,water_texture,,温泉;風呂,우레시노 물성/피부감 언급,positive,rating_positive_signal,medium,issue_caution_calibration_needed
67,Jalan,https://www.jalan.net/yad321819/kuchikomi/3.HTML,latest_3,Jalan_latest_3_7,ja,2025/11/14,2025年11月宿泊,4,5,4,素晴らしい接客,【源泉100％かけ流し檜温泉内風呂付◆東館客室】夕食時ワンドリンクサービス《松会席◆食事処》,173,yes,facility_wide,water_texture,,温泉;風呂,우레시노 물성/피부감 언급,positive,body_positive,high,issue_caution_calibration_needed
68,Jalan,https://www.jalan.net/yad321819/kuchikomi/3.HTML,latest_3,Jalan_latest_3_8,ja,2025/11/12,2025年9月宿泊,4,4,4,夕食,【当館人気No1プラン】佐賀の厳選食材を満喫◆佐賀牛陶板焼＆旬菜＆鮮魚など《佐賀牛会席◆食事処》,58,no,unclear,,,,온천 언급 없는 숙박 경험 리뷰.,neutral,neutral_or_lodging_context,medium,issue_caution_calibration_needed
69,Jalan,https://www.jalan.net/yad321819/kuchikomi/3.HTML,latest_3,Jalan_latest_3_9,ja,2025/11/11,2025年11月宿泊,5,5,4,接客、温泉、食事すべて良かった,【最高峰客室◆衆芳亭】優雅と静寂が織りなす日本庭園と和空間、匠の技冴える珠玉の会席《食事処◆松会席》,331,yes,open_air_public_bath;public_bath;room_bath,public_bath_hot_spring;room_bath_hot_spring;water_texture,sister_property_movement,とろとろ;大浴場;温泉;湯;部屋風呂;露天;露天風呂;風呂,대욕장/공용탕 이용 경험 언급; 공용 노천탕 경험 언급; 객실탕/객실 노천탕 맥락 언급; 우레시노 물성/피부감 언급; 주의 신호: sister_property_movement,mixed,caution_or_issue_tag,high,issue_caution_calibration_needed
70,Jalan,https://www.jalan.net/yad321819/kuchikomi/3.HTML,latest_3,Jalan_latest_3_10,ja,2025/11/10,2025年11月宿泊,5,4,4,やっぱりこの宿がいい,【早割60】佐賀の厳選食材を満喫◆佐賀牛会席が早期予約で2000円引《佐賀牛会席◆食事処》,230,yes,facility_wide,booking_confusion;water_texture,,温泉,우레시노 물성/피부감 언급,mixed,conditional_signal_tag,medium,issue_caution_calibration_needed
71,Jalan,https://www.jalan.net/yad321819/kuchikomi/3.HTML,latest_3,Jalan_latest_3_11,ja,2025/11/7,2025年10月宿泊,5,5,5,最高のおもてなし,【特室◆水昌・菊】眼前に臨む日本庭園と檜内風呂付客室、当館最高級会席を味わう《食事処◆松会席》,239,yes,facility_wide,water_texture,,温泉;湯;風呂,우레시노 물성/피부감 언급,positive,body_positive,high,issue_caution_calibration_needed
72,Jalan,https://www.jalan.net/yad321819/kuchikomi/3.HTML,latest_3,Jalan_latest_3_12,ja,2025/11/1,2025年10月宿泊,5,5,5,心使いが暖まる、素敵なお宿,【早割30】旬菜彩る大正屋特選牛付会席が早期予約で1000円引《藤会席◆食事処》,555,yes,facility_wide,booking_confusion;water_texture,aging_or_access;sister_property_movement,お風呂;とろとろ;温泉;湯;風呂,"우레시노 물성/피부감 언급; 주의 신호: aging_or_access,sister_property_movement",mixed,caution_or_issue_tag,high,issue_caution_calibration_needed
73,Jalan,https://www.jalan.net/yad321819/kuchikomi/3.HTML,latest_3,Jalan_latest_3_13,ja,2025/10/29,2025年10月宿泊,4,4,3,夫婦で宿泊,【料理グレードアップ】趣向を凝らした珠玉の逸品◆匠の技が織りなす料理長特選会席《松会席◆食事処》,98,yes,open_air_public_bath,public_bath_hot_spring,sister_property_movement,お風呂;露天;露天風呂;風呂,공용 노천탕 경험 언급; 주의 신호: sister_property_movement,mixed,caution_or_issue_tag,high,issue_caution_calibration_needed
74,Jalan,https://www.jalan.net/yad321819/kuchikomi/3.HTML,latest_3,Jalan_latest_3_14,ja,2025/10/23,2025年10月宿泊,5,5,5,いつも大満足のお宿,【早割30】旬菜彩る大正屋特選牛付会席が早期予約で1000円引《藤会席◆食事処》,72,yes,facility_wide,booking_confusion,,お風呂;風呂,온천 언급 없는 숙박 경험 리뷰.,mixed,conditional_signal_tag,medium,issue_caution_calibration_needed
75,Jalan,https://www.jalan.net/yad321819/kuchikomi/3.HTML,latest_3,Jalan_latest_3_15,ja,2025/10/20,2025年10月宿泊,5,5,5,最高のおもてなし,【スタンダードプラン】美肌温泉に癒される湯治旅◆郷土の旬菜彩る大正屋特選牛付会席《藤会席◆食事処》,72,yes,facility_wide,water_texture,,温泉;湯;美肌,우레시노 물성/피부감 언급,positive,body_positive,high,issue_caution_calibration_needed
76,Jalan,https://www.jalan.net/yad321819/kuchikomi/3.HTML,latest_3,Jalan_latest_3_16,ja,2025/10/18,2025年10月宿泊,3,2,3,部屋内の内風呂に期待するな,【迷ったらコチラ】生ビール中一杯付プラン《藤会席◆食事処》,102,yes,facility_wide,water_texture,aging_or_access;sister_property_movement,椎葉山荘;風呂,"우레시노 물성/피부감 언급; 주의 신호: aging_or_access,sister_property_movement",mixed,caution_or_issue_tag,high,issue_caution_calibration_needed
77,Jalan,https://www.jalan.net/yad321819/kuchikomi/3.HTML,latest_3,Jalan_latest_3_17,ja,2025/10/14,2025年10月宿泊,5,5,5,ゆっくりできました,【迷ったらコチラ】生ビール中一杯付プラン《藤会席◆食事処》,296,yes,facility_wide,water_texture,sister_property_movement,温泉,우레시노 물성/피부감 언급; 주의 신호: sister_property_movement,mixed,caution_or_issue_tag,high,issue_caution_calibration_needed
78,Jalan,https://www.jalan.net/yad321819/kuchikomi/3.HTML,latest_3,Jalan_latest_3_18,ja,2025/10/9,2025年10月宿泊,4,4,4,松琴亭に宿泊,【カップル＆夫婦限定3000円引】源泉掛流し露天風呂付客室◆大正屋特選牛付特選会席《食事処◆松会席》,61,yes,open_air_public_bath,public_bath_hot_spring,,露天;露天風呂;風呂,공용 노천탕 경험 언급,positive,rating_positive_signal,medium,issue_caution_calibration_needed
79,Jalan,https://www.jalan.net/yad321819/kuchikomi/3.HTML,latest_3,Jalan_latest_3_19,ja,2025/10/6,2025年10月宿泊,5,4,4,父の還暦のお祝いに3世代で宿泊,【露天風呂付客室◆東館松琴亭】品格、居心地、余韻を感じる特別空間、嬉野の名湯を満喫《食事処◆松会席》,470,yes,open_air_public_bath;public_bath,booking_confusion;public_bath_hot_spring;water_texture,temperature,お風呂;大浴場;湯;露天;露天風呂;風呂,대욕장/공용탕 이용 경험 언급; 공용 노천탕 경험 언급; 우레시노 물성/피부감 언급; 주의 신호: temperature,mixed,caution_or_issue_tag,high,issue_caution_calibration_needed
80,Jalan,https://www.jalan.net/yad321819/kuchikomi/3.HTML,latest_3,Jalan_latest_3_20,ja,2025/10/3,2025年9月宿泊,5,4,4,京都から帰省した姉の誕生日祝い,【スタンダードプラン】美肌温泉に癒される湯治旅◆郷土の旬菜彩る大正屋特選牛付会席《藤会席◆食事処》,158,yes,open_air_public_bath,public_bath_hot_spring;water_texture,sister_property_movement,椎葉山荘;温泉;湯;美肌;露天;露天風呂;風呂,공용 노천탕 경험 언급; 우레시노 물성/피부감 언급; 주의 신호: sister_property_movement,mixed,caution_or_issue_tag,high,issue_caution_calibration_needed
81,Jalan,https://www.jalan.net/yad321819/kuchikomi/3.HTML,latest_3,Jalan_latest_3_21,ja,2025/9/29,2025年9月宿泊,5,5,5,3歳と4歳の子連れで,【当館人気No1プラン】佐賀の厳選食材を満喫◆佐賀牛陶板焼＆旬菜＆鮮魚など《佐賀牛会席◆食事処》,141,no,unclear,,,,온천 언급 없는 숙박 경험 리뷰.,neutral,neutral_or_lodging_context,medium,issue_caution_calibration_needed
82,Jalan,https://www.jalan.net/yad321819/kuchikomi/3.HTML,latest_3,Jalan_latest_3_22,ja,2025/9/28,2025年9月宿泊,5,5,5,接客◎,【当館人気No1プラン】佐賀の厳選食材を満喫◆佐賀牛陶板焼＆旬菜＆鮮魚など《佐賀牛会席◆食事処》,380,yes,public_bath,public_bath_hot_spring;water_texture,,しいばの湯;温泉;湯,대욕장/공용탕 이용 경험 언급; 우레시노 물성/피부감 언급,positive,rating_positive_signal,medium,issue_caution_calibration_needed
83,Jalan,https://www.jalan.net/yad321819/kuchikomi/3.HTML,latest_3,Jalan_latest_3_23,ja,2025/9/26,2025年9月宿泊,5,5,4,安定感抜群のお宿,【当館人気No1プラン】佐賀の厳選食材を満喫◆佐賀牛陶板焼＆旬菜＆鮮魚など《佐賀牛会席◆食事処》,100,yes,open_air_public_bath,public_bath_hot_spring;water_texture,sister_property_movement,姉妹館;椎葉山荘;湯;露天;露天風呂;風呂,공용 노천탕 경험 언급; 우레시노 물성/피부감 언급; 주의 신호: sister_property_movement,mixed,caution_or_issue_tag,high,issue_caution_calibration_needed
84,Jalan,https://www.jalan.net/yad321819/kuchikomi/3.HTML,latest_3,Jalan_latest_3_24,ja,2025/9/24,2025年7月宿泊,4,5,5,家族が大好きなお宿です,【早割30】旬菜彩る大正屋特選牛付会席が早期予約で1000円引《藤会席◆食事処》,117,yes,facility_wide,booking_confusion;water_texture,sister_property_movement,温泉;湯,우레시노 물성/피부감 언급; 주의 신호: sister_property_movement,mixed,caution_or_issue_tag,high,issue_caution_calibration_needed
85,Jalan,https://www.jalan.net/yad321819/kuchikomi/3.HTML,latest_3,Jalan_latest_3_25,ja,2025/9/22,2025年9月宿泊,4,5,5,とにかくお風呂がサイコーです！,【杉木立の日本庭園を臨む】温泉内風呂付庭園側,250,yes,facility_wide,water_texture,,お風呂;温泉;湯;風呂,우레시노 물성/피부감 언급,positive,rating_positive_signal,medium,issue_caution_calibration_needed
86,Jalan,https://www.jalan.net/yad321819/kuchikomi/3.HTML,latest_3,Jalan_latest_3_26,ja,2025/9/14,2025年7月宿泊,5,5,5,おもてなし、料理、温泉すべて満足です,【じゃらんスペシャルウィーク】東館客室◆匠の技が紡ぐ珠玉の逸品◆料理長特選会席《松会席◆食事処》,66,yes,facility_wide,water_texture,,温泉,우레시노 물성/피부감 언급,positive,body_positive,high,issue_caution_calibration_needed
87,Jalan,https://www.jalan.net/yad321819/kuchikomi/3.HTML,latest_3,Jalan_latest_3_27,ja,2025/9/13,2025年9月宿泊,5,5,5,おもてなしの真髄,【源泉100％かけ流し檜温泉内風呂付◆東館客室】夕食時ワンドリンクサービス《松会席◆食事処》,197,yes,public_bath,public_bath_hot_spring;water_texture,,四季の湯;椎葉山荘;温泉;湯;滝の湯;風呂,대욕장/공용탕 이용 경험 언급; 우레시노 물성/피부감 언급,positive,rating_positive_signal,medium,issue_caution_calibration_needed
88,Jalan,https://www.jalan.net/yad321819/kuchikomi/3.HTML,latest_3,Jalan_latest_3_28,ja,2025/9/13,2025年8月宿泊,4,4,4,飾られているお花がステキです,【杉木立の庭園を臨む温泉内風呂付庭園側,79,yes,facility_wide,water_texture,,温泉;風呂,우레시노 물성/피부감 언급,positive,rating_positive_signal,medium,issue_caution_calibration_needed
89,Jalan,https://www.jalan.net/yad321819/kuchikomi/3.HTML,latest_3,Jalan_latest_3_29,ja,2025/9/7,2025年8月宿泊,3,3,4,期待していて残念,【早割30】旬菜彩る大正屋特選牛付会席が早期予約で1000円引《藤会席◆食事処》,200,no,unclear,booking_confusion,cleanliness,,주의 신호: cleanliness / 2026-07-06 재검증: 온천 관련 직접 리뷰 수에서는 제외,mixed,body_negative_with_context,high,issue_caution_calibration_needed
90,Jalan,https://www.jalan.net/yad321819/kuchikomi/3.HTML,latest_3,Jalan_latest_3_30,ja,2025/9/5,2025年8月宿泊,5,5,5,老舗の旅館,【早割30】旬菜彩る大正屋特選牛付会席が早期予約で1000円引《藤会席◆食事処》,160,yes,unclear,booking_confusion,,,온천 언급 없는 숙박 경험 리뷰.,mixed,conditional_signal_tag,medium,issue_caution_calibration_needed
91,Jalan,https://www.jalan.net/yad321819/kuchikomi/4.HTML,latest_4,Jalan_latest_4_1,ja,2025/8/29,2025年8月宿泊,5,4,5,また、必ず泊まりに行きたいねと言いながら帰れる宿。,【じゃらんのお得な10日間】30％OFF◆東館客室◆匠の技が紡ぐ料理長特選会席《松会席◆食事処》,267,yes,public_bath,public_bath_hot_spring;water_texture,,湯;滝の湯,대욕장/공용탕 이용 경험 언급; 우레시노 물성/피부감 언급,positive,body_positive,high,issue_caution_calibration_needed
92,Jalan,https://www.jalan.net/yad321819/kuchikomi/4.HTML,latest_4,Jalan_latest_4_2,ja,2025/8/22,2025年6月宿泊,5,5,5,名物の温泉湯豆腐がおいしい、,【じゃらんのお得な10日間】30％OFF◆東館客室◆匠の技が紡ぐ料理長特選会席《松会席◆食事処》,283,yes,open_air_public_bath;public_bath,public_bath_hot_spring;water_texture,,四季の湯;椎葉山荘;温泉;湯;滝の湯;露天;露天風呂;風呂,대욕장/공용탕 이용 경험 언급; 공용 노천탕 경험 언급; 우레시노 물성/피부감 언급,positive,rating_positive_signal,medium,issue_caution_calibration_needed
93,Jalan,https://www.jalan.net/yad321819/kuchikomi/4.HTML,latest_4,Jalan_latest_4_3,ja,2025/8/20,2025年8月宿泊,5,5,5,とても素敵な温泉旅館！,【スタンダードプラン】美肌温泉に癒される湯治旅◆郷土の旬菜彩る大正屋特選牛付会席《藤会席◆食事処》,306,yes,facility_wide,water_texture,,お風呂;温泉;湯;美肌;風呂,우레시노 물성/피부감 언급,positive,rating_positive_signal,medium,issue_caution_calibration_needed
94,Jalan,https://www.jalan.net/yad321819/kuchikomi/4.HTML,latest_4,Jalan_latest_4_4,ja,2025/8/19,2025年8月宿泊,5,5,5,接客が素晴らしかった,【カップル＆夫婦限定3000円引】源泉掛流し露天風呂付客室◆大正屋特選牛付特選会席《食事処◆松会席》,307,yes,open_air_public_bath;public_bath,public_bath_hot_spring;water_texture,cleanliness,大浴場;泉質;温泉;湯;露天;露天風呂;風呂,대욕장/공용탕 이용 경험 언급; 공용 노천탕 경험 언급; 우레시노 물성/피부감 언급; 주의 신호: cleanliness,mixed,caution_or_issue_tag,high,issue_caution_calibration_needed
95,Jalan,https://www.jalan.net/yad321819/kuchikomi/4.HTML,latest_4,Jalan_latest_4_5,ja,2025/8/19,2025年8月宿泊,4,5,4,子連れでお世話になりました,【当館人気No1プラン】佐賀の厳選食材を満喫◆佐賀牛陶板焼＆旬菜＆鮮魚など《佐賀牛会席◆食事処》,180,yes,facility_wide,water_texture,sister_property_movement,温泉;湯;美肌,우레시노 물성/피부감 언급; 주의 신호: sister_property_movement,mixed,caution_or_issue_tag,high,issue_caution_calibration_needed
96,Jalan,https://www.jalan.net/yad321819/kuchikomi/4.HTML,latest_4,Jalan_latest_4_6,ja,2025/8/15,2025年8月宿泊,2,1,2,温泉宿なのにお風呂が残念,【スタンダードプラン】美肌温泉に癒される湯治旅◆郷土の旬菜彩る大正屋特選牛付会席《藤会席◆食事処》,98,yes,open_air_public_bath,public_bath_hot_spring;water_texture,aging_or_access;temperature,お風呂;サウナ;温泉;湯;美肌;露天;露天風呂;風呂,"공용 노천탕 경험 언급; 우레시노 물성/피부감 언급; 주의 신호: aging_or_access,temperature",negative,low_rating_negative_body,high,issue_caution_calibration_needed
97,Jalan,https://www.jalan.net/yad321819/kuchikomi/4.HTML,latest_4,Jalan_latest_4_7,ja,2025/8/9,2025年8月宿泊,5,5,5,嬉野の温泉水は最高です,【スタンダードプラン】美肌温泉に癒される湯治旅◆郷土の旬菜彩る大正屋特選牛付会席《藤会席◆食事処》,325,yes,public_bath,public_bath_hot_spring;water_texture,aging_or_access,四季の湯;椎葉山荘;温泉;湯;滝の湯;美人の湯;美肌;風呂,대욕장/공용탕 이용 경험 언급; 우레시노 물성/피부감 언급; 주의 신호: aging_or_access,mixed,caution_or_issue_tag,high,issue_caution_calibration_needed
98,Jalan,https://www.jalan.net/yad321819/kuchikomi/4.HTML,latest_4,Jalan_latest_4_8,ja,2025/8/8,2025年8月宿泊,5,5,5,スタッフも優しさ、おもてなしに感動,【早割30】旬菜彩る大正屋特選牛付会席が早期予約で1000円引《藤会席◆食事処》,532,yes,public_bath,booking_confusion;public_bath_hot_spring;water_texture,,お風呂;四季の湯;温泉;湯;滝の湯;風呂,대욕장/공용탕 이용 경험 언급; 우레시노 물성/피부감 언급,mixed,conditional_signal_tag,medium,issue_caution_calibration_needed
99,Jalan,https://www.jalan.net/yad321819/kuchikomi/4.HTML,latest_4,Jalan_latest_4_9,ja,2025/8/6,2025年6月宿泊,5,5,5,とにかく全部が◎,【早割30】旬菜彩る大正屋特選牛付会席が早期予約で1000円引《藤会席◆食事処》,62,yes,unclear,booking_confusion,,,온천 언급 없는 숙박 경험 리뷰.,mixed,conditional_signal_tag,medium,issue_caution_calibration_needed
100,Jalan,https://www.jalan.net/yad321819/kuchikomi/4.HTML,latest_4,Jalan_latest_4_10,ja,2025/8/3,2025年8月宿泊,5,5,5,おもてなし最高で、温泉も夕食も満足,【早割30】旬菜彩る大正屋特選牛付会席が早期予約で1000円引《藤会席◆食事処》,377,yes,facility_wide,booking_confusion;water_texture,,温泉,우레시노 물성/피부감 언급,mixed,conditional_signal_tag,medium,issue_caution_calibration_needed
101,Jalan,https://www.jalan.net/yad321819/kuchikomi/4.HTML,latest_4,Jalan_latest_4_11,ja,2025/7/23,2025年7月宿泊,5,5,5,遠くてもまた行きたい！家族みんなが笑顔になれる温泉宿でした♪,【当館人気No1プラン】佐賀の厳選食材を満喫◆佐賀牛陶板焼＆旬菜＆鮮魚など《佐賀牛会席◆食事処》,430,yes,public_bath;room_bath,public_bath_hot_spring;room_bath_hot_spring;water_texture,,しいばの湯;大浴場;温泉;湯;部屋風呂;風呂,대욕장/공용탕 이용 경험 언급; 객실탕/객실 노천탕 맥락 언급; 우레시노 물성/피부감 언급,positive,body_positive,high,issue_caution_calibration_needed
102,Jalan,https://www.jalan.net/yad321819/kuchikomi/4.HTML,latest_4,Jalan_latest_4_12,ja,2025/7/21,2025年7月宿泊,4,4,4,楽しい思い出になりました！,【杉木立の日本庭園を臨む】温泉内風呂付庭園側,140,yes,facility_wide,water_texture,,温泉;湯;風呂,우레시노 물성/피부감 언급,positive,body_positive,high,issue_caution_calibration_needed
103,Jalan,https://www.jalan.net/yad321819/kuchikomi/4.HTML,latest_4,Jalan_latest_4_13,ja,2025/7/21,2025年7月宿泊,4,4,4,さすが嬉野美人の湯、温泉の湯質がとても良いです！,【杉木立の日本庭園を臨む】温泉内風呂付庭園側,137,yes,facility_wide,water_texture,,温泉;湯;美人の湯;風呂,우레시노 물성/피부감 언급,positive,body_positive,high,issue_caution_calibration_needed
104,Jalan,https://www.jalan.net/yad321819/kuchikomi/4.HTML,latest_4,Jalan_latest_4_14,ja,2025/7/21,2025年7月宿泊,4,4,4,家族旅行で利用しました！,【杉木立の日本庭園を臨む】温泉内風呂付庭園側,99,yes,facility_wide,water_texture,,温泉;湯;風呂,우레시노 물성/피부감 언급,positive,rating_positive_signal,medium,issue_caution_calibration_needed
105,Jalan,https://www.jalan.net/yad321819/kuchikomi/4.HTML,latest_4,Jalan_latest_4_15,ja,2025/7/21,2025年7月宿泊,4,4,4,父母の金婚式のお祝いで利用しました！,【杉木立の日本庭園を臨む】温泉内風呂付庭園側,120,yes,facility_wide,water_texture,,温泉;湯;風呂,우레시노 물성/피부감 언급,positive,rating_positive_signal,medium,issue_caution_calibration_needed
106,Jalan,https://www.jalan.net/yad321819/kuchikomi/4.HTML,latest_4,Jalan_latest_4_16,ja,2025/7/16,2025年7月宿泊,4,5,4,3種類の温泉に入れます,【早割30】旬菜彩る大正屋特選牛付会席が早期予約で1000円引《藤会席◆食事処》,135,yes,open_air_public_bath,booking_confusion;public_bath_hot_spring;water_texture,sister_property_movement,温泉;露天;露天風呂;風呂,공용 노천탕 경험 언급; 우레시노 물성/피부감 언급; 주의 신호: sister_property_movement,mixed,caution_or_issue_tag,high,issue_caution_calibration_needed
107,Jalan,https://www.jalan.net/yad321819/kuchikomi/4.HTML,latest_4,Jalan_latest_4_17,ja,2025/7/15,2025年7月宿泊,5,5,3,心に残るおもてなし。,【早割30】旬菜彩る大正屋特選牛付会席が早期予約で1000円引《藤会席◆食事処》,158,no,unclear,booking_confusion,sister_property_movement,,주의 신호: sister_property_movement / 2026-07-06 재검증: 온천 관련 직접 리뷰 수에서는 제외,mixed,caution_or_issue_tag,high,issue_caution_calibration_needed
108,Jalan,https://www.jalan.net/yad321819/kuchikomi/4.HTML,latest_4,Jalan_latest_4_18,ja,2025/7/15,2025年6月宿泊,5,5,4,歴史を感じる宿,【料理グレードアップ】趣向を凝らした珠玉の逸品◆匠の技が織りなす料理長特選会席《松会席◆食事処》,74,yes,public_bath,public_bath_hot_spring;water_texture,,しいばの湯;湯,대욕장/공용탕 이용 경험 언급; 우레시노 물성/피부감 언급,positive,rating_positive_signal,medium,issue_caution_calibration_needed
109,Jalan,https://www.jalan.net/yad321819/kuchikomi/4.HTML,latest_4,Jalan_latest_4_19,ja,2025/7/12,2025年7月宿泊,5,4,4,料理大満足,【じゃらんのお得な10日間】5％OFF◆料理グレードアップ◆匠の技が紡ぐ料理長特選会席《松会席◆食事処》,218,yes,facility_wide,water_texture,,温泉,우레시노 물성/피부감 언급,positive,body_positive,high,issue_caution_calibration_needed
110,Jalan,https://www.jalan.net/yad321819/kuchikomi/4.HTML,latest_4,Jalan_latest_4_20,ja,2025/7/11,2025年7月宿泊,5,5,4,老舗感あふれる庶民的で過ごしやすいホテルです,【じゃらんのお得な10日間】5％OFF◆料理グレードアップ◆匠の技が紡ぐ料理長特選会席《松会席◆食事処》,308,yes,public_bath,public_bath_hot_spring;water_texture,sister_property_movement,四季の湯;椎葉山荘;温泉;湯;滝の湯,대욕장/공용탕 이용 경험 언급; 우레시노 물성/피부감 언급; 주의 신호: sister_property_movement,mixed,caution_or_issue_tag,high,issue_caution_calibration_needed
111,Jalan,https://www.jalan.net/yad321819/kuchikomi/4.HTML,latest_4,Jalan_latest_4_21,ja,2025/7/9,2025年7月宿泊,5,4,4,仲居さんの対応が最高でした。,【じゃらんスペシャルウィーク】料理グレードアップ◆匠の技が紡ぐ料理長特選会席《松会席◆食事処》,292,yes,facility_wide,water_texture,aging_or_access,お風呂;風呂,우레시노 물성/피부감 언급; 주의 신호: aging_or_access,mixed,caution_or_issue_tag,high,issue_caution_calibration_needed
112,Jalan,https://www.jalan.net/yad321819/kuchikomi/4.HTML,latest_4,Jalan_latest_4_22,ja,2025/7/3,2025年7月宿泊,5,4,5,お肉が。,【じゃらんのお得な10日間】30％OFF◆東館客室◆匠の技が紡ぐ料理長特選会席《松会席◆食事処》,92,yes,facility_wide,water_texture,,お風呂;温泉;湯;風呂,우레시노 물성/피부감 언급,positive,rating_positive_signal,medium,issue_caution_calibration_needed
113,Jalan,https://www.jalan.net/yad321819/kuchikomi/archive/,archive_1,Jalan_archive_1_1,ja,2025/6/28,2025年6月宿泊,5,5,5,夏メニューになったのでまた松会席をいただきました,【杉木立の庭園を臨む温泉内風呂付庭園側,190,yes,facility_wide,water_texture,,お風呂;温泉;風呂,우레시노 물성/피부감 언급,positive,rating_positive_signal,medium,issue_caution_calibration_needed
114,Jalan,https://www.jalan.net/yad321819/kuchikomi/archive/,archive_1,Jalan_archive_1_2,ja,2025/6/25,2025年6月宿泊,5,4,3,食事の彩を初め創作料理の美味しさに満足も、老舗故か残念な点が・・・,【じゃらんのお得な10日間】30％OFF◆東館客室◆匠の技が紡ぐ料理長特選会席《松会席◆食事処》,157,yes,facility_wide,water_texture,cleanliness,風呂,우레시노 물성/피부감 언급; 주의 신호: cleanliness,mixed,body_positive_and_negative,high,issue_caution_calibration_needed
115,Jalan,https://www.jalan.net/yad321819/kuchikomi/archive/,archive_1,Jalan_archive_1_3,ja,2025/6/25,2025年6月宿泊,4,5,3,自家源泉の老舗,【早割60】佐賀の厳選食材を満喫◆佐賀牛会席が早期予約で2000円引《佐賀牛会席◆食事処》,162,yes,public_bath,booking_confusion;public_bath_hot_spring;water_texture,sister_property_movement,お風呂;四季の湯;椎葉山荘;泉質;湯;風呂,대욕장/공용탕 이용 경험 언급; 우레시노 물성/피부감 언급; 주의 신호: sister_property_movement,mixed,caution_or_issue_tag,high,issue_caution_calibration_needed
116,Jalan,https://www.jalan.net/yad321819/kuchikomi/archive/,archive_1,Jalan_archive_1_4,ja,2025/6/22,2025年6月宿泊,5,5,5,温泉がとても良かったです,【じゃらんのお得な10日間】20％OFF◆庭園側,129,yes,facility_wide,crowding;water_texture,crowding,混雑;温泉,우레시노 물성/피부감 언급; 혼잡 신호 언급; 주의 신호: crowding,mixed,caution_or_issue_tag,high,issue_caution_calibration_needed
117,Jalan,https://www.jalan.net/yad321819/kuchikomi/archive/,archive_1,Jalan_archive_1_5,ja,2025/6/16,2025年6月宿泊,5,5,4,何度でも訪れたい宿,【早割30】旬菜彩る大正屋特選牛付会席が早期予約で1000円引《藤会席◆食事処》,161,yes,facility_wide,booking_confusion,sister_property_movement,お風呂;風呂,주의 신호: sister_property_movement,mixed,caution_or_issue_tag,high,issue_caution_calibration_needed
118,Jalan,https://www.jalan.net/yad321819/kuchikomi/archive/,archive_1,Jalan_archive_1_6,ja,2025/6/15,2025年5月宿泊,5,4,5,最高の２日間,【特室◆水昌・菊】眼前に臨む日本庭園と檜内風呂付客室、当館最高級会席を味わう《食事処◆松会席》,89,yes,facility_wide,water_texture,,お風呂;風呂,우레시노 물성/피부감 언급,positive,body_positive,high,issue_caution_calibration_needed
119,Jalan,https://www.jalan.net/yad321819/kuchikomi/archive/,archive_1,Jalan_archive_1_7,ja,2025/6/12,2025年4月宿泊,5,5,5,緑も豊かで心からリラックスできました,【早割30】旬菜彩る大正屋特選牛付会席が早期予約で1000円引《藤会席◆食事処》,311,yes,open_air_public_bath,booking_confusion;public_bath_hot_spring,,お風呂;露天;露天風呂;風呂,공용 노천탕 경험 언급,mixed,conditional_signal_tag,medium,issue_caution_calibration_needed
120,Jalan,https://www.jalan.net/yad321819/kuchikomi/archive/,archive_1,Jalan_archive_1_8,ja,2025/6/11,2025年6月宿泊,5,5,5,百年の歴史に裏打ちされた素晴らしい宿,【スタンダードプラン】美肌温泉に癒される湯治旅◆郷土の旬菜彩る大正屋特選牛付会席《藤会席◆食事処》,363,yes,open_air_public_bath,public_bath_hot_spring;water_texture,sister_property_movement,お風呂;泉質;温泉;湯;美肌;露天;露天風呂;風呂,공용 노천탕 경험 언급; 우레시노 물성/피부감 언급; 주의 신호: sister_property_movement,mixed,caution_or_issue_tag,high,issue_caution_calibration_needed
121,Jalan,https://www.jalan.net/yad321819/kuchikomi/archive/,archive_1,Jalan_archive_1_9,ja,2025/6/11,2025年6月宿泊,4,4,4,元祖ファミリーで長女の還暦祝,【じゃらんスペシャルウィーク】東館客室◆匠の技が紡ぐ珠玉の逸品◆料理長特選会席《松会席◆食事処》,230,no,unclear,,,,온천 언급 없는 숙박 경험 리뷰.,neutral,neutral_or_lodging_context,medium,issue_caution_calibration_needed
122,Jalan,https://www.jalan.net/yad321819/kuchikomi/archive/,archive_1,Jalan_archive_1_10,ja,2025/6/7,2025年6月宿泊,5,5,5,還暦家族旅行,【じゃらんのお得な10日間】30％OFF◆東館客室◆匠の技が紡ぐ料理長特選会席《松会席◆食事処》,326,yes,public_bath,booking_confusion;public_bath_hot_spring;water_texture,sister_property_movement;temperature,大浴場;湯;風呂,"대욕장/공용탕 이용 경험 언급; 우레시노 물성/피부감 언급; 주의 신호: sister_property_movement,temperature",mixed,caution_or_issue_tag,high,issue_caution_calibration_needed
123,Jalan,https://www.jalan.net/yad321819/kuchikomi/archive/,archive_1,Jalan_archive_1_11,ja,2025/5/31,2025年5月宿泊,4,4,4,歴史を感じる落ち着いた老舗旅館,【じゃらんのお得な10日間】30％OFF◆東館客室◆匠の技が紡ぐ料理長特選会席《松会席◆食事処》,327,yes,facility_wide,booking_confusion;water_texture,sister_property_movement,温泉;湯;美人の湯,우레시노 물성/피부감 언급; 주의 신호: sister_property_movement,mixed,caution_or_issue_tag,high,issue_caution_calibration_needed
124,Jalan,https://www.jalan.net/yad321819/kuchikomi/archive/,archive_1,Jalan_archive_1_12,ja,2025/5/25,2025年5月宿泊,5,5,5,最高な旅になりました,【露天風呂付客室◆東館松琴亭】品格、居心地、余韻を感じる特別空間、嬉野の名湯を満喫《食事処◆松会席》,297,yes,open_air_public_bath;public_bath,public_bath_hot_spring;water_texture,,大浴場;湯;露天;露天風呂;風呂,대욕장/공용탕 이용 경험 언급; 공용 노천탕 경험 언급; 우레시노 물성/피부감 언급,positive,body_positive,high,issue_caution_calibration_needed
125,Jalan,https://www.jalan.net/yad321819/kuchikomi/archive/,archive_1,Jalan_archive_1_13,ja,2025/5/25,2025年5月宿泊,4,5,5,嬉野温泉で100年続く老舗旅館、さすがです。,【迷ったらコチラ】生ビール中一杯付プラン《藤会席◆食事処》,363,yes,open_air_public_bath,booking_confusion;public_bath_hot_spring;water_texture,sister_property_movement,椎葉山荘;泉質;温泉;露天;露天風呂;風呂,공용 노천탕 경험 언급; 우레시노 물성/피부감 언급; 주의 신호: sister_property_movement,mixed,caution_or_issue_tag,high,issue_caution_calibration_needed
126,Jalan,https://www.jalan.net/yad321819/kuchikomi/archive/,archive_1,Jalan_archive_1_14,ja,2025/5/22,2025年4月宿泊,5,5,5,全て満足,【迷ったらコチラ】生ビール中一杯付プラン《藤会席◆食事処》,62,no,unclear,,,,온천 언급 없는 숙박 경험 리뷰.,positive,body_positive,high,issue_caution_calibration_needed
127,Jalan,https://www.jalan.net/yad321819/kuchikomi/archive/,archive_1,Jalan_archive_1_15,ja,2025/5/20,2025年5月宿泊,5,4,5,絶品料理に大満足です！,【料理グレードアップ】趣向を凝らした珠玉の逸品◆匠の技が織りなす料理長特選会席《松会席◆食事処》,266,yes,facility_wide,water_texture,,温泉;湯,우레시노 물성/피부감 언급,positive,body_positive,high,issue_caution_calibration_needed
128,Jalan,https://www.jalan.net/yad321819/kuchikomi/archive/,archive_1,Jalan_archive_1_16,ja,2025/5/19,2025年5月宿泊,5,5,4,100年間に亘って支持されている理由がわかる宿,【早割30】旬菜彩る大正屋特選牛付会席が早期予約で1000円引《藤会席◆食事処》,320,yes,open_air_public_bath,booking_confusion;public_bath_hot_spring;water_texture,sister_property_movement,お風呂;泉質;温泉;湯;美肌;露天;露天風呂;風呂,공용 노천탕 경험 언급; 우레시노 물성/피부감 언급; 주의 신호: sister_property_movement,mixed,caution_or_issue_tag,high,issue_caution_calibration_needed
129,Jalan,https://www.jalan.net/yad321819/kuchikomi/archive/,archive_1,Jalan_archive_1_17,ja,2025/5/19,2025年5月宿泊,5,5,5,素敵な老舗旅館,【早割30】旬菜彩る大正屋特選牛付会席が早期予約で1000円引《藤会席◆食事処》,308,yes,facility_wide,booking_confusion;water_texture,aging_or_access,温泉;湯,우레시노 물성/피부감 언급; 주의 신호: aging_or_access,mixed,caution_or_issue_tag,high,issue_caution_calibration_needed
130,Jalan,https://www.jalan.net/yad321819/kuchikomi/archive/,archive_1,Jalan_archive_1_18,ja,2025/5/15,2025年5月宿泊,5,4,5,歴史ある旅館に泊まれて満足です。,【早割30】旬菜彩る大正屋特選牛付会席が早期予約で1000円引《藤会席◆食事処》,145,yes,facility_wide,booking_confusion,,お風呂;風呂,온천 언급 없는 숙박 경험 리뷰.,mixed,conditional_signal_tag,medium,issue_caution_calibration_needed
131,Jalan,https://www.jalan.net/yad321819/kuchikomi/archive/,archive_1,Jalan_archive_1_19,ja,2025/5/11,2025年5月宿泊,5,4,4,両親の金婚式祝いで利用,【記念日プラン】大切な時間を大切な仲間や家族とともアニバーサリープラン《藤会席◆食事処》,269,no,unclear,,,,온천 언급 없는 숙박 경험 리뷰.,neutral,neutral_or_lodging_context,medium,issue_caution_calibration_needed
132,Jalan,https://www.jalan.net/yad321819/kuchikomi/archive/,archive_1,Jalan_archive_1_20,ja,2025/5/11,2025年5月宿泊,4,5,4,お料理の美味しい老舗旅館♪,【杉木立の日本庭園を臨む】温泉内風呂付庭園側,119,yes,public_bath,public_bath_hot_spring;water_texture,,お風呂;大浴場;温泉;風呂,대욕장/공용탕 이용 경험 언급; 우레시노 물성/피부감 언급,positive,rating_positive_signal,medium,issue_caution_calibration_needed
133,Jalan,https://www.jalan.net/yad321819/kuchikomi/archive/,archive_1,Jalan_archive_1_21,ja,2025/5/7,2025年5月宿泊,4,5,5,食事とおもてなし,【スタンダードプラン】美肌温泉に癒される湯治旅◆郷土の旬菜彩る大正屋特選牛付会席《藤会席◆食事処》,56,yes,facility_wide,water_texture,,温泉;湯;美肌;風呂,우레시노 물성/피부감 언급,positive,rating_positive_signal,medium,issue_caution_calibration_needed
134,Jalan,https://www.jalan.net/yad321819/kuchikomi/archive/,archive_1,Jalan_archive_1_22,ja,2025/5/6,2025年3月宿泊,5,4,4,おもてなし素敵です,【早割30】旬菜彩る大正屋特選牛付会席が早期予約で1000円引《藤会席◆食事処》,128,yes,facility_wide,booking_confusion,,お風呂;風呂,온천 언급 없는 숙박 경험 리뷰.,mixed,conditional_signal_tag,medium,issue_caution_calibration_needed
135,Jalan,https://www.jalan.net/yad321819/kuchikomi/archive/,archive_1,Jalan_archive_1_23,ja,2025/5/4,2025年5月宿泊,5,5,3,おもてなし、気配り、目配り、どれも素晴らしい,【料理グレードアップ】趣向を凝らした珠玉の逸品◆匠の技が織りなす料理長特選会席《松会席◆食事処》,375,yes,facility_wide,water_texture,,お風呂;風呂,우레시노 물성/피부감 언급,positive,body_positive,high,issue_caution_calibration_needed
136,Jalan,https://www.jalan.net/yad321819/kuchikomi/archive/,archive_1,Jalan_archive_1_24,ja,2025/5/1,2025年4月宿泊,5,5,4,ゆっくり夫婦旅,【当館人気No1プラン】佐賀の厳選食材を満喫◆佐賀牛陶板焼＆旬菜＆鮮魚など《佐賀牛会席◆食事処》,61,yes,facility_wide,water_texture,,お風呂;風呂,우레시노 물성/피부감 언급,positive,body_positive,high,issue_caution_calibration_needed
137,Jalan,https://www.jalan.net/yad321819/kuchikomi/archive/,archive_1,Jalan_archive_1_25,ja,2025/4/25,2025年4月宿泊,5,4,5,友人と古希、還暦旅行,【早割30】旬菜彩る大正屋特選牛付会席が早期予約で1000円引《藤会席◆食事処》,273,yes,facility_wide,booking_confusion;water_texture,,温泉;湯,우레시노 물성/피부감 언급,mixed,conditional_signal_tag,medium,issue_caution_calibration_needed
138,Jalan,https://www.jalan.net/yad321819/kuchikomi/archive/,archive_1,Jalan_archive_1_26,ja,2025/4/25,2025年4月宿泊,5,5,4,一流の老舗旅館,【じゃらんスペシャルウィーク】東館客室◆匠の技が紡ぐ珠玉の逸品◆料理長特選会席《松会席◆食事処》,325,yes,unclear,booking_confusion,,椎葉山荘,온천 언급 없는 숙박 경험 리뷰.,mixed,conditional_signal_tag,medium,issue_caution_calibration_needed
139,Jalan,https://www.jalan.net/yad321819/kuchikomi/archive/,archive_1,Jalan_archive_1_27,ja,2025/4/24,2025年4月宿泊,5,5,5,従業員の方がとても暖かく、温泉も最高！,【早割30】旬菜彩る大正屋特選牛付会席が早期予約で1000円引《藤会席◆食事処》,581,yes,open_air_public_bath;public_bath,booking_confusion;public_bath_hot_spring;water_texture,sister_property_movement,しいばの湯;とろみ;四季の湯;温泉;湯;露天;露天風呂;風呂,대욕장/공용탕 이용 경험 언급; 공용 노천탕 경험 언급; 우레시노 물성/피부감 언급; 주의 신호: sister_property_movement,mixed,caution_or_issue_tag,high,issue_caution_calibration_needed
140,Jalan,https://www.jalan.net/yad321819/kuchikomi/archive/,archive_1,Jalan_archive_1_28,ja,2025/4/16,2025年4月宿泊,4,5,5,露天風呂最高,【じゃらんスペシャルウィーク】料理グレードアップ◆匠の技が紡ぐ料理長特選会席《松会席◆食事処》,201,yes,open_air_public_bath,public_bath_hot_spring;water_texture,temperature,湯;露天;露天風呂;風呂,공용 노천탕 경험 언급; 우레시노 물성/피부감 언급; 주의 신호: temperature,mixed,caution_or_issue_tag,high,issue_caution_calibration_needed
141,Jalan,https://www.jalan.net/yad321819/kuchikomi/archive/,archive_1,Jalan_archive_1_29,ja,2025/4/15,2025年4月宿泊,5,5,5,ゆったり寛げる宿,【杉木立の日本庭園を臨む】温泉内風呂付庭園側,106,yes,facility_wide,water_texture,,お風呂;温泉;湯;風呂,우레시노 물성/피부감 언급,positive,rating_positive_signal,medium,issue_caution_calibration_needed
142,Jalan,https://www.jalan.net/yad321819/kuchikomi/archive/,archive_1,Jalan_archive_1_30,ja,2025/4/13,2025年4月宿泊,4,4,2,母の還暦祝い,【早割30】旬菜彩る大正屋特選牛付会席が早期予約で1000円引《藤会席◆食事処》,75,yes,facility_wide,booking_confusion;water_texture,,温泉,우레시노 물성/피부감 언급,mixed,conditional_signal_tag,medium,issue_caution_calibration_needed
143,Jalan,https://www.jalan.net/yad321819/kuchikomi/archive/2.HTML,archive_2,Jalan_archive_2_1,ja,2025/4/12,2025年4月宿泊,4,4,4,泊まって安心な宿,【スタンダードプラン】美肌温泉に癒される湯治旅◆郷土の旬菜彩る大正屋特選牛付会席《藤会席◆食事処》,63,yes,facility_wide,water_texture,,お風呂;温泉;湯;美肌;風呂,우레시노 물성/피부감 언급,positive,rating_positive_signal,medium,issue_caution_calibration_needed
144,Jalan,https://www.jalan.net/yad321819/kuchikomi/archive/2.HTML,archive_2,Jalan_archive_2_2,ja,2025/4/5,2025年3月宿泊,4,4,4,大きい宿,【早割30】旬菜彩る大正屋特選牛付会席が早期予約で1000円引《藤会席◆食事処》,81,yes,open_air_public_bath,booking_confusion;public_bath_hot_spring,sister_property_movement,露天;露天風呂;風呂,공용 노천탕 경험 언급; 주의 신호: sister_property_movement,mixed,caution_or_issue_tag,high,issue_caution_calibration_needed
145,Jalan,https://www.jalan.net/yad321819/kuchikomi/archive/2.HTML,archive_2,Jalan_archive_2_3,ja,2025/3/30,2025年3月宿泊,5,5,5,言う事なしの最高な宿,【スタンダードプラン】美肌温泉に癒される湯治旅◆郷土の旬菜彩る大正屋特選牛付会席《藤会席◆食事処》,296,yes,facility_wide,water_texture,,泉質;温泉;湯;美肌,우레시노 물성/피부감 언급,positive,body_positive,high,issue_caution_calibration_needed
146,Jalan,https://www.jalan.net/yad321819/kuchikomi/archive/2.HTML,archive_2,Jalan_archive_2_4,ja,2025/3/30,2025年3月宿泊,4,4,3,温泉が良かったです。,【スタンダードプラン】美肌温泉に癒される湯治旅◆郷土の旬菜彩る大正屋特選牛付会席《藤会席◆食事処》,90,yes,facility_wide,booking_confusion;water_texture,,温泉;湯;美肌,우레시노 물성/피부감 언급,mixed,conditional_signal_tag,medium,issue_caution_calibration_needed
147,Jalan,https://www.jalan.net/yad321819/kuchikomi/archive/2.HTML,archive_2,Jalan_archive_2_5,ja,2025/3/27,2025年3月宿泊,5,5,5,おもてなしの心溢れる接客,【迷ったらコチラ】生ビール中一杯付プラン《藤会席◆食事処》,184,yes,facility_wide,water_texture,aging_or_access,お風呂;風呂,우레시노 물성/피부감 언급; 주의 신호: aging_or_access,mixed,caution_or_issue_tag,high,issue_caution_calibration_needed
148,Jalan,https://www.jalan.net/yad321819/kuchikomi/archive/2.HTML,archive_2,Jalan_archive_2_6,ja,2025/3/25,2025年3月宿泊,4,4,3,温泉に緑に癒されました,【嬉野産棚田米＆有明海産海苔のお土産付】郷土の旬菜彩る大正屋特選牛付会席《藤会席◆食事処》,193,yes,open_air_public_bath;public_bath,public_bath_hot_spring;water_texture,sister_property_movement,お風呂;しいばの湯;大浴場;温泉;湯;露天;露天風呂;風呂,대욕장/공용탕 이용 경험 언급; 공용 노천탕 경험 언급; 우레시노 물성/피부감 언급; 주의 신호: sister_property_movement,mixed,caution_or_issue_tag,high,issue_caution_calibration_needed
149,Jalan,https://www.jalan.net/yad321819/kuchikomi/archive/2.HTML,archive_2,Jalan_archive_2_7,ja,2025/3/25,2025年3月宿泊,5,5,5,料理もお風呂も立地も最高,【料理グレードアップ】趣向を凝らした珠玉の逸品◆匠の技が織りなす料理長特選会席《松会席◆食事処》,327,yes,open_air_public_bath;public_bath,public_bath_hot_spring;water_texture,sister_property_movement,お風呂;椎葉山荘;湯;滝の湯;露天;露天風呂;風呂,대욕장/공용탕 이용 경험 언급; 공용 노천탕 경험 언급; 우레시노 물성/피부감 언급; 주의 신호: sister_property_movement,mixed,caution_or_issue_tag,high,issue_caution_calibration_needed
150,Jalan,https://www.jalan.net/yad321819/kuchikomi/archive/2.HTML,archive_2,Jalan_archive_2_8,ja,2025/3/21,2025年3月宿泊,5,5,4,常宿にしたい宿,【早割30】旬菜彩る大正屋特選牛付会席が早期予約で1000円引《藤会席◆食事処》,146,yes,facility_wide,booking_confusion;water_texture,,お風呂;湯;美人の湯;風呂,우레시노 물성/피부감 언급,mixed,conditional_signal_tag,medium,issue_caution_calibration_needed
151,Jalan,https://www.jalan.net/yad321819/kuchikomi/archive/2.HTML,archive_2,Jalan_archive_2_9,ja,2025/3/19,2025年3月宿泊,5,5,4,おもてなし最高の老舗旅館,【早割30】旬菜彩る大正屋特選牛付会席が早期予約で1000円引《藤会席◆食事処》,100,yes,unclear,booking_confusion,,,온천 언급 없는 숙박 경험 리뷰.,mixed,conditional_signal_tag,medium,issue_caution_calibration_needed
152,Jalan,https://www.jalan.net/yad321819/kuchikomi/archive/2.HTML,archive_2,Jalan_archive_2_10,ja,2025/3/16,2025年3月宿泊,4,4,3,お風呂がよかったです,【早割30】旬菜彩る大正屋特選牛付会席が早期予約で1000円引《藤会席◆食事処》,65,yes,facility_wide,booking_confusion;water_texture,,お風呂;泉質;風呂,우레시노 물성/피부감 언급,mixed,conditional_signal_tag,medium,issue_caution_calibration_needed
153,Jalan,https://www.jalan.net/yad321819/kuchikomi/archive/2.HTML,archive_2,Jalan_archive_2_11,ja,2025/3/16,2025年3月宿泊,5,5,5,お祝いにもおすすめ！,【記念日プラン】大切な時間を大切な仲間や家族とともアニバーサリープラン《藤会席◆食事処》,149,yes,facility_wide,water_texture,,お風呂;風呂,우레시노 물성/피부감 언급,positive,rating_positive_signal,medium,issue_caution_calibration_needed
154,Jalan,https://www.jalan.net/yad321819/kuchikomi/archive/2.HTML,archive_2,Jalan_archive_2_12,ja,2025/3/15,2025年3月宿泊,5,4,5,年配者の旅行に最適,【料理グレードアップ】趣向を凝らした珠玉の逸品◆匠の技が織りなす料理長特選会席《松会席◆食事処》,77,no,unclear,,,,온천 언급 없는 숙박 경험 리뷰.,neutral,neutral_or_lodging_context,medium,issue_caution_calibration_needed
155,Jalan,https://www.jalan.net/yad321819/kuchikomi/archive/2.HTML,archive_2,Jalan_archive_2_13,ja,2025/3/14,2025年2月宿泊,5,5,5,三世代の子連れ旅行には最高,【最高峰客室◆衆芳亭】優雅と静寂が織りなす日本庭園と和空間、匠の技冴える珠玉の会席《食事処◆松会席》,79,no,unclear,,,,온천 언급 없는 숙박 경험 리뷰.,positive,body_positive,high,issue_caution_calibration_needed
156,Jalan,https://www.jalan.net/yad321819/kuchikomi/archive/2.HTML,archive_2,Jalan_archive_2_14,ja,2025/3/10,2025年3月宿泊,5,5,5,家族旅行,【早割30】旬菜彩る大正屋特選牛付会席が早期予約で1000円引《藤会席◆食事処》,50,yes,unclear,booking_confusion;water_texture,,泉質,우레시노 물성/피부감 언급,mixed,conditional_signal_tag,medium,issue_caution_calibration_needed
157,Jalan,https://www.jalan.net/yad321819/kuchikomi/archive/2.HTML,archive_2,Jalan_archive_2_15,ja,2025/3/10,2025年3月宿泊,5,5,5,お湯がトロトロ美肌の湯,【早割30】旬菜彩る大正屋特選牛付会席が早期予約で1000円引《藤会席◆食事処》,192,yes,facility_wide,booking_confusion;water_texture,sister_property_movement,お風呂;温泉;湯;美肌;風呂,우레시노 물성/피부감 언급; 주의 신호: sister_property_movement,mixed,caution_or_issue_tag,high,issue_caution_calibration_needed
158,Jalan,https://www.jalan.net/yad321819/kuchikomi/archive/2.HTML,archive_2,Jalan_archive_2_16,ja,2025/3/9,2025年2月宿泊,5,4,4,食事が最高,【当館人気No1プラン】佐賀の厳選食材を満喫◆佐賀牛陶板焼＆旬菜＆鮮魚など《佐賀牛会席◆食事処》,59,yes,facility_wide,water_texture,,湯,우레시노 물성/피부감 언급,positive,body_positive,high,issue_caution_calibration_needed
159,Jalan,https://www.jalan.net/yad321819/kuchikomi/archive/2.HTML,archive_2,Jalan_archive_2_17,ja,2025/3/8,2025年3月宿泊,3,1,3,食事は美味しいですが、お風呂は改善希望,【早割30】旬菜彩る大正屋特選牛付会席が早期予約で1000円引《藤会席◆食事処》,303,yes,open_air_public_bath;public_bath,booking_confusion;public_bath_hot_spring;water_texture,,お風呂;しいばの湯;サウナ;四季の湯;湯;滝の湯;露天;露天風呂,대욕장/공용탕 이용 경험 언급; 공용 노천탕 경험 언급; 우레시노 물성/피부감 언급,mixed,conditional_signal_tag,medium,issue_caution_calibration_needed
160,Jalan,https://www.jalan.net/yad321819/kuchikomi/archive/2.HTML,archive_2,Jalan_archive_2_18,ja,2025/3/5,2025年1月宿泊,5,5,4,ご褒美にぴったり,【じゃらんのお得な10日間】30％OFF◆東館客室◆匠の技が紡ぐ珠玉の料理長特選会席《松会席◆食事処》,322,yes,facility_wide,water_texture,,温泉;湯,우레시노 물성/피부감 언급,positive,rating_positive_signal,medium,issue_caution_calibration_needed
161,Jalan,https://www.jalan.net/yad321819/kuchikomi/archive/2.HTML,archive_2,Jalan_archive_2_19,ja,2025/2/26,2025年2月宿泊,5,5,5,おもてなしが最高,【早割60】佐賀の厳選食材を満喫◆佐賀牛会席が早期予約で2000円引《佐賀牛会席◆食事処》,64,yes,facility_wide,booking_confusion;water_texture,aging_or_access,温泉,우레시노 물성/피부감 언급; 주의 신호: aging_or_access,mixed,caution_or_issue_tag,high,issue_caution_calibration_needed
162,Jalan,https://www.jalan.net/yad321819/kuchikomi/archive/2.HTML,archive_2,Jalan_archive_2_20,ja,2025/2/25,2025年1月宿泊,3,2,3,期待したほどでは、なかった,【じゃらんスペシャルウィーク】東館客室◆匠の技が紡ぐ珠玉の逸品◆料理長特選会席《松会席◆食事処》,93,yes,facility_wide,water_texture,,お風呂;温泉;湯;風呂,우레시노 물성/피부감 언급,positive,positive_signal_no_caution,medium,issue_caution_calibration_needed
163,Jalan,https://www.jalan.net/yad321819/kuchikomi/archive/2.HTML,archive_2,Jalan_archive_2_21,ja,2025/2/21,2025年1月宿泊,5,5,5,お風呂めぐりが良い,【じゃらんのお得な10日間】30％OFF◆東館客室◆匠の技が紡ぐ珠玉の料理長特選会席《松会席◆食事処》,89,yes,facility_wide,water_texture,,お風呂;風呂,우레시노 물성/피부감 언급,positive,rating_positive_signal,medium,issue_caution_calibration_needed
164,Jalan,https://www.jalan.net/yad321819/kuchikomi/archive/2.HTML,archive_2,Jalan_archive_2_22,ja,2025/2/18,2025年2月宿泊,5,5,5,両親のお祝いをしました。最高のおもてなしでした。,【当館人気No1プラン】佐賀の厳選食材を満喫◆佐賀牛陶板焼＆旬菜＆鮮魚など《佐賀牛会席◆食事処》,148,no,unclear,,,,온천 언급 없는 숙박 경험 리뷰.,positive,body_positive,high,issue_caution_calibration_needed
165,Jalan,https://www.jalan.net/yad321819/kuchikomi/archive/2.HTML,archive_2,Jalan_archive_2_23,ja,2025/2/18,2025年2月宿泊,5,5,4,温泉と食事が最高でした,【じゃらんのお得な10日間】30％OFF◆東館客室◆匠の技が紡ぐ珠玉の料理長特選会席《松会席◆食事処》,399,yes,public_bath;room_bath,public_bath_hot_spring;room_bath_hot_spring;water_texture,,お風呂;四季の湯;温泉;湯;滝の湯;美肌;風呂,대욕장/공용탕 이용 경험 언급; 객실탕/객실 노천탕 맥락 언급; 우레시노 물성/피부감 언급,positive,body_positive,high,issue_caution_calibration_needed
166,Jalan,https://www.jalan.net/yad321819/kuchikomi/archive/2.HTML,archive_2,Jalan_archive_2_24,ja,2025/2/13,2025年2月宿泊,5,4,4,今回私の還暦祝いに大正屋さんに宿泊させていただきました,【迷ったらコチラ】生ビール中一杯付プラン《藤会席◆食事処》,278,yes,public_bath;room_bath,booking_confusion;public_bath_hot_spring;room_bath_hot_spring;water_texture,,大浴場;温泉;部屋風呂;風呂,대욕장/공용탕 이용 경험 언급; 객실탕/객실 노천탕 맥락 언급; 우레시노 물성/피부감 언급,mixed,conditional_signal_tag,medium,issue_caution_calibration_needed
167,Jalan,https://www.jalan.net/yad321819/kuchikomi/archive/2.HTML,archive_2,Jalan_archive_2_25,ja,2025/2/13,2025年2月宿泊,5,4,4,傘寿のお祝い,【早割30】旬菜彩る大正屋特選牛付会席が早期予約で1000円引《藤会席◆食事処》,123,yes,unclear,booking_confusion,,,온천 언급 없는 숙박 경험 리뷰.,mixed,conditional_signal_tag,medium,issue_caution_calibration_needed
168,Jalan,https://www.jalan.net/yad321819/kuchikomi/archive/2.HTML,archive_2,Jalan_archive_2_26,ja,2025/2/12,2025年2月宿泊,3,3,2,おもてなしが最高,【早割30】旬菜彩る大正屋特選牛付会席が早期予約で1000円引《藤会席◆食事処》,69,yes,open_air_public_bath,booking_confusion;public_bath_hot_spring;water_texture,aging_or_access,温泉;露天;露天風呂;風呂,공용 노천탕 경험 언급; 우레시노 물성/피부감 언급; 주의 신호: aging_or_access,mixed,caution_or_issue_tag,high,issue_caution_calibration_needed
169,Jalan,https://www.jalan.net/yad321819/kuchikomi/archive/2.HTML,archive_2,Jalan_archive_2_27,ja,2025/2/11,2025年2月宿泊,5,4,5,総合的に良い宿,【じゃらんスペシャルウィーク】東館客室◆匠の技が紡ぐ珠玉の逸品◆料理長特選会席《松会席◆食事処》,377,yes,room_bath,room_bath_hot_spring;water_texture,sister_property_movement,お風呂;温泉;湯;風呂,객실탕/객실 노천탕 맥락 언급; 우레시노 물성/피부감 언급; 주의 신호: sister_property_movement,mixed,caution_or_issue_tag,high,issue_caution_calibration_needed
170,Jalan,https://www.jalan.net/yad321819/kuchikomi/archive/2.HTML,archive_2,Jalan_archive_2_28,ja,2025/2/10,2025年1月宿泊,4,5,5,おもてなしが最高（温泉も）,【じゃらんのお得な10日間】20％OFF◆庭園側,82,yes,public_bath,public_bath_hot_spring;water_texture,,四季の湯;泉質;温泉;湯,대욕장/공용탕 이용 경험 언급; 우레시노 물성/피부감 언급,positive,body_positive,high,issue_caution_calibration_needed
171,Jalan,https://www.jalan.net/yad321819/kuchikomi/archive/2.HTML,archive_2,Jalan_archive_2_29,ja,2025/2/9,2025年1月宿泊,5,5,4,料理、温泉、おもてなし全てが最高,【当館人気No1プラン】佐賀の厳選食材を満喫◆佐賀牛陶板焼＆旬菜＆鮮魚など《佐賀牛会席◆食事処》,103,yes,facility_wide,water_texture,,温泉;湯,우레시노 물성/피부감 언급,positive,body_positive,high,issue_caution_calibration_needed
172,Jalan,https://www.jalan.net/yad321819/kuchikomi/archive/2.HTML,archive_2,Jalan_archive_2_30,ja,2025/1/26,2025年1月宿泊,4,4,5,さすが老舗旅館,【最高峰客室◆衆芳亭】優雅と静寂が織りなす日本庭園と和空間、匠の技冴える珠玉の会席《食事処◆松会席》,321,yes,public_bath;room_bath,public_bath_hot_spring;room_bath_hot_spring;water_texture,,お風呂;大浴場;温泉;風呂,대욕장/공용탕 이용 경험 언급; 객실탕/객실 노천탕 맥락 언급; 우레시노 물성/피부감 언급,positive,rating_positive_signal,medium,issue_caution_calibration_needed
173,Jalan,https://www.jalan.net/yad321819/kuchikomi/archive/3.HTML,archive_3,Jalan_archive_3_1,ja,2025/1/23,2025年1月宿泊,4,5,4,泉質が素晴らしい,【迷ったらコチラ】生ビール中一杯付プラン《藤会席◆食事処》,65,yes,facility_wide,water_texture,,泉質;温泉,우레시노 물성/피부감 언급,positive,body_positive,high,issue_caution_calibration_needed
174,Jalan,https://www.jalan.net/yad321819/kuchikomi/archive/3.HTML,archive_3,Jalan_archive_3_2,ja,2025/1/20,2024年12月宿泊,4,5,3,温泉とご飯が一級品,【早割30】旬菜彩る大正屋特選牛付会席が早期予約で1000円引《藤会席◆食事処》,84,yes,facility_wide,booking_confusion;water_texture,,温泉,우레시노 물성/피부감 언급,mixed,conditional_signal_tag,medium,issue_caution_calibration_needed
175,Jalan,https://www.jalan.net/yad321819/kuchikomi/archive/3.HTML,archive_3,Jalan_archive_3_3,ja,2025/1/15,2024年12月宿泊,5,5,4,美肌の湯が楽しめる宿,【料理グレードアップ】趣向を凝らした珠玉の逸品◆匠の技が織りなす料理長特選会席《松会席◆食事処》,115,yes,facility_wide,water_texture,,お風呂;温泉;湯;美肌;風呂,우레시노 물성/피부감 언급,positive,body_positive,high,issue_caution_calibration_needed
176,Jalan,https://www.jalan.net/yad321819/kuchikomi/archive/3.HTML,archive_3,Jalan_archive_3_4,ja,2025/1/14,2025年1月宿泊,5,5,4,大満足のお宿,【早割30】旬菜彩る大正屋特選牛付会席が早期予約で1000円引《藤会席◆食事処》,106,yes,facility_wide,booking_confusion;water_texture,,湯,우레시노 물성/피부감 언급,mixed,conditional_signal_tag,medium,issue_caution_calibration_needed
177,Jalan,https://www.jalan.net/yad321819/kuchikomi/archive/3.HTML,archive_3,Jalan_archive_3_5,ja,2025/1/8,2025年1月宿泊,5,4,4,ゆっくりとくつろげました！,【スタンダードプラン】美肌温泉に癒される湯治旅◆郷土の旬菜彩る大正屋特選牛付会席《藤会席◆食事処》,104,yes,facility_wide,water_texture,,温泉;湯;美肌,우레시노 물성/피부감 언급,positive,body_positive,high,issue_caution_calibration_needed
178,Jalan,https://www.jalan.net/yad321819/kuchikomi/archive/3.HTML,archive_3,Jalan_archive_3_6,ja,2025/1/5,2024年12月宿泊,5,5,5,安心の大正屋さん,【じゃらんスペシャルウィーク】東館客室◆匠の技が紡ぐ珠玉の逸品◆料理長特選会席《松会席◆食事処》,66,yes,facility_wide,water_texture,,お風呂;風呂,우레시노 물성/피부감 언급,positive,rating_positive_signal,medium,issue_caution_calibration_needed
179,Jalan,https://www.jalan.net/yad321819/kuchikomi/archive/3.HTML,archive_3,Jalan_archive_3_7,ja,2025/1/5,2024年12月宿泊,2,4,1,楽しみにしてたホテル,【◆直前割タイムセール◆10％OFF】《お日にち限定でお得★大浴場・四季の湯がリニューアルオープン,63,yes,public_bath,public_bath_hot_spring;water_texture,,四季の湯;大浴場;湯,대욕장/공용탕 이용 경험 언급; 우레시노 물성/피부감 언급,positive,body_positive,high,issue_caution_calibration_needed
180,Jalan,https://www.jalan.net/yad321819/kuchikomi/archive/3.HTML,archive_3,Jalan_archive_3_8,ja,2025/1/5,2025年1月宿泊,4,5,3,子供連れにも優しい宿,【令和７年迎春プラン】新年の始まりは嬉野温泉で！ お正月特別販売【お食事処】,86,yes,facility_wide,water_texture,,温泉;湯,우레시노 물성/피부감 언급,positive,rating_positive_signal,medium,issue_caution_calibration_needed
181,Jalan,https://www.jalan.net/yad321819/kuchikomi/archive/3.HTML,archive_3,Jalan_archive_3_9,ja,2024/12/30,2024年12月宿泊,4,3,4,和の情緒がたっぷりと感じられます,【じゃらんのお得な10日間】20％OFF◆庭園側,517,yes,open_air_public_bath;public_bath,public_bath_hot_spring;water_texture,,四季の湯;泉質;温泉;湯;滝の湯;露天;露天風呂;風呂,대욕장/공용탕 이용 경험 언급; 공용 노천탕 경험 언급; 우레시노 물성/피부감 언급,positive,positive_signal_no_caution,medium,issue_caution_calibration_needed
182,Jalan,https://www.jalan.net/yad321819/kuchikomi/archive/3.HTML,archive_3,Jalan_archive_3_10,ja,2024/12/16,2024年11月宿泊,4,5,4,風呂が最高でした,【じゃらんのお得な10日間】30％OFF◆東館客室◆匠の技が紡ぐ珠玉の料理長特選会席《松会席◆食事処》,306,yes,private_bath;public_bath,private_bath_experience;public_bath_hot_spring;water_texture,,しいばの湯;四季の湯;泉質;温泉;湯;滝の湯;貸切;風呂,대욕장/공용탕 이용 경험 언급; 대절/프라이빗탕 맥락 언급; 우레시노 물성/피부감 언급,positive,body_positive,high,issue_caution_calibration_needed
183,Jalan,https://www.jalan.net/yad321819/kuchikomi/archive/3.HTML,archive_3,Jalan_archive_3_11,ja,2024/12/15,2024年12月宿泊,3,4,2,古い旅館なので仕方ないのですが,【早割30】旬菜彩る大正屋特選牛付会席が早期予約で1000円引《藤会席◆食事処》,212,yes,facility_wide,booking_confusion,aging_or_access,お風呂;風呂,주의 신호: aging_or_access,mixed,caution_or_issue_tag,high,issue_caution_calibration_needed
184,Jalan,https://www.jalan.net/yad321819/kuchikomi/archive/3.HTML,archive_3,Jalan_archive_3_12,ja,2024/12/15,2024年12月宿泊,5,4,5,米寿＆還暦旅行,【50歳以上限定のおとな旅★10%OFF】日本庭園と檜内風呂付客室◆大正屋特選牛会席《食事処◆松会席》,296,yes,facility_wide,water_texture,aging_or_access,温泉;湯;風呂,우레시노 물성/피부감 언급; 주의 신호: aging_or_access,mixed,caution_or_issue_tag,high,issue_caution_calibration_needed
185,Jalan,https://www.jalan.net/yad321819/kuchikomi/archive/3.HTML,archive_3,Jalan_archive_3_13,ja,2024/11/30,2024年11月宿泊,5,5,5,最高でした！！！,【じゃらんのお得な10日間】30％OFF◆東館客室◆匠の技が紡ぐ珠玉の料理長特選会席《松会席◆食事処》,492,yes,facility_wide,water_texture,aging_or_access;sister_property_movement,お風呂;温泉;風呂,"우레시노 물성/피부감 언급; 주의 신호: aging_or_access,sister_property_movement",mixed,caution_or_issue_tag,high,issue_caution_calibration_needed
186,Jalan,https://www.jalan.net/yad321819/kuchikomi/archive/3.HTML,archive_3,Jalan_archive_3_14,ja,2024/11/30,2024年11月宿泊,5,5,5,部屋から眺める庭の雰囲気が最高でした,【一泊,101,yes,public_bath,public_bath_hot_spring,aging_or_access,大浴場,대욕장/공용탕 이용 경험 언급; 주의 신호: aging_or_access,mixed,caution_or_issue_tag,high,issue_caution_calibration_needed
187,Jalan,https://www.jalan.net/yad321819/kuchikomi/archive/3.HTML,archive_3,Jalan_archive_3_15,ja,2024/11/27,2024年10月宿泊,4,4,5,女性グループ旅に最適,【じゃらんスペシャルウィーク】東館客室限定割引◆郷土の旬菜彩る大正屋特選牛付会席《藤会席◆食事処》,154,yes,facility_wide,water_texture,,温泉,우레시노 물성/피부감 언급,positive,rating_positive_signal,medium,issue_caution_calibration_needed
188,Jalan,https://www.jalan.net/yad321819/kuchikomi/archive/3.HTML,archive_3,Jalan_archive_3_16,ja,2024/11/26,2024年11月宿泊,5,4,5,接客が大変良い,【じゃらんスペシャルウィーク】東館客室限定割引◆郷土の旬菜彩る大正屋特選牛付会席《藤会席◆食事処》,184,yes,facility_wide,water_texture,aging_or_access,お風呂;風呂,우레시노 물성/피부감 언급; 주의 신호: aging_or_access,mixed,caution_or_issue_tag,high,issue_caution_calibration_needed
189,Jalan,https://www.jalan.net/yad321819/kuchikomi/archive/3.HTML,archive_3,Jalan_archive_3_17,ja,2024/11/23,2024年11月宿泊,5,4,5,また来たいです,【一泊,420,yes,public_bath;room_bath,public_bath_hot_spring;room_bath_hot_spring;water_texture,sister_property_movement,お風呂;大浴場;椎葉山荘;温泉;湯;滝の湯;美肌;部屋風呂,대욕장/공용탕 이용 경험 언급; 객실탕/객실 노천탕 맥락 언급; 우레시노 물성/피부감 언급; 주의 신호: sister_property_movement,mixed,caution_or_issue_tag,high,issue_caution_calibration_needed
190,Jalan,https://www.jalan.net/yad321819/kuchikomi/archive/3.HTML,archive_3,Jalan_archive_3_18,ja,2024/11/10,2024年11月宿泊,2,2,2,部屋が離れすぎ,【早割60】佐賀の厳選食材を満喫◆佐賀牛会席が早期予約で2000円引《佐賀牛会席◆食事処》,202,yes,open_air_public_bath,booking_confusion;public_bath_hot_spring;water_texture,aging_or_access,お風呂;湯;露天;風呂,공용 노천탕 경험 언급; 우레시노 물성/피부감 언급; 주의 신호: aging_or_access,mixed,caution_or_issue_tag,high,issue_caution_calibration_needed
191,Jalan,https://www.jalan.net/yad321819/kuchikomi/archive/3.HTML,archive_3,Jalan_archive_3_19,ja,2024/10/31,2024年10月宿泊,4,4,3,古社巡りと温泉,【早割30】旬菜彩る大正屋特選牛付会席が早期予約で1000円引《藤会席◆食事処》,95,yes,facility_wide,booking_confusion;water_texture,,泉質;温泉;湯;美人の湯,우레시노 물성/피부감 언급,mixed,conditional_signal_tag,medium,issue_caution_calibration_needed
192,Jalan,https://www.jalan.net/yad321819/kuchikomi/archive/3.HTML,archive_3,Jalan_archive_3_20,ja,2024/10/23,2024年10月宿泊,5,5,4,ゆったりくつろげるお宿,【早割60】佐賀の厳選食材を満喫◆佐賀牛会席が早期予約で2000円引《佐賀牛会席◆食事処》,299,yes,open_air_public_bath,booking_confusion;public_bath_hot_spring;water_texture,sister_property_movement,お風呂;温泉;湯;美肌;露天;露天風呂;風呂,공용 노천탕 경험 언급; 우레시노 물성/피부감 언급; 주의 신호: sister_property_movement,mixed,caution_or_issue_tag,high,issue_caution_calibration_needed
193,Jalan,https://www.jalan.net/yad321819/kuchikomi/archive/3.HTML,archive_3,Jalan_archive_3_21,ja,2024/10/17,2024年10月宿泊,5,5,5,老舗にふさわしい,【じゃらんのお得な10日間】20％OFF◆庭園側,285,yes,open_air_public_bath,public_bath_hot_spring;water_texture,,お風呂;温泉;湯;露天;露天風呂;風呂,공용 노천탕 경험 언급; 우레시노 물성/피부감 언급,positive,rating_positive_signal,medium,issue_caution_calibration_needed
194,Jalan,https://www.jalan.net/yad321819/kuchikomi/archive/3.HTML,archive_3,Jalan_archive_3_22,ja,2024/10/7,2024年10月宿泊,5,5,4,また泊まりたいお宿でした,【当館人気No1プラン】佐賀の厳選食材を満喫◆佐賀牛陶板焼＆旬菜＆鮮魚など《佐賀牛会席◆食事処》,77,yes,facility_wide,water_texture,,泉質;温泉,우레시노 물성/피부감 언급,positive,body_positive,high,issue_caution_calibration_needed
195,Jalan,https://www.jalan.net/yad321819/kuchikomi/archive/3.HTML,archive_3,Jalan_archive_3_23,ja,2024/9/24,2024年8月宿泊,4,4,4,すべてハイクラスの宿,【早割30】旬菜彩る大正屋特選牛付会席が早期予約で1000円引《藤会席◆食事処》,83,yes,facility_wide,booking_confusion,,お風呂;風呂,온천 언급 없는 숙박 경험 리뷰.,mixed,conditional_signal_tag,medium,issue_caution_calibration_needed
196,Jalan,https://www.jalan.net/yad321819/kuchikomi/archive/3.HTML,archive_3,Jalan_archive_3_24,ja,2024/9/22,2024年7月宿泊,3,3,3,温かみのあるホテルでした。,【◆直前割タイムセール◆10％OFF】《お日にち限定でお得★大浴場・四季の湯がリニューアルオープン,68,yes,public_bath,public_bath_hot_spring;water_texture,,四季の湯;大浴場;湯,대욕장/공용탕 이용 경험 언급; 우레시노 물성/피부감 언급,positive,positive_signal_no_caution,medium,issue_caution_calibration_needed
197,Jalan,https://www.jalan.net/yad321819/kuchikomi/archive/3.HTML,archive_3,Jalan_archive_3_25,ja,2024/9/22,2024年9月宿泊,4,4,4,従業員のかたが皆さん感じ良かった。,【スタンダードプラン】美肌温泉に癒される湯治旅◆郷土の旬菜彩る大正屋特選牛付会席《藤会席◆食事処》,56,yes,public_bath,public_bath_hot_spring;water_texture,,大浴場;温泉;湯;美肌,대욕장/공용탕 이용 경험 언급; 우레시노 물성/피부감 언급,positive,body_positive,high,issue_caution_calibration_needed
198,Jalan,https://www.jalan.net/yad321819/kuchikomi/archive/3.HTML,archive_3,Jalan_archive_3_26,ja,2024/9/18,2024年9月宿泊,5,5,4,おもてなしの心地よい老舗旅館です,【じゃらんのお得な10日間】５％OFF◆生ビール中一杯付◆老舗旅館で過ごす《藤会席◆食事処》,250,yes,facility_wide,water_texture,temperature,湯,우레시노 물성/피부감 언급; 주의 신호: temperature,mixed,caution_or_issue_tag,high,issue_caution_calibration_needed
199,Jalan,https://www.jalan.net/yad321819/kuchikomi/archive/3.HTML,archive_3,Jalan_archive_3_27,ja,2024/9/16,2024年8月宿泊,5,5,4,ザ・旅館,【スタンダードプラン】美肌温泉に癒される湯治旅◆郷土の旬菜彩る大正屋特選牛付会席《藤会席◆食事処》,103,yes,facility_wide,water_texture,,温泉;湯;美肌,우레시노 물성/피부감 언급,positive,rating_positive_signal,medium,issue_caution_calibration_needed
200,Jalan,https://www.jalan.net/yad321819/kuchikomi/archive/3.HTML,archive_3,Jalan_archive_3_28,ja,2024/9/9,2024年8月宿泊,5,5,5,静かなるお風呂あり,【早割30】旬菜彩る大正屋特選牛付会席が早期予約で1000円引《藤会席◆食事処》,162,yes,facility_wide,booking_confusion;water_texture,sister_property_movement,お風呂;温泉;風呂,우레시노 물성/피부감 언급; 주의 신호: sister_property_movement,mixed,caution_or_issue_tag,high,issue_caution_calibration_needed
201,Jalan,https://www.jalan.net/yad321819/kuchikomi/archive/3.HTML,archive_3,Jalan_archive_3_29,ja,2024/8/29,2024年8月宿泊,1,1,3,残念です,【当館人気No1プラン】佐賀の厳選食材を満喫◆佐賀牛陶板焼＆旬菜＆鮮魚など《佐賀牛会席◆食事処》,468,yes,open_air_public_bath,public_bath_hot_spring;water_texture,sister_property_movement,お風呂;温泉;湯;露天;露天風呂;風呂,공용 노천탕 경험 언급; 우레시노 물성/피부감 언급; 주의 신호: sister_property_movement,negative,low_rating_negative_body,high,issue_caution_calibration_needed
202,Jalan,https://www.jalan.net/yad321819/kuchikomi/archive/3.HTML,archive_3,Jalan_archive_3_30,ja,2024/8/24,2024年8月宿泊,4,3,4,子連れ旅行,【じゃらんのお得な10日間】20％OFF◆生ビール中一杯付◆庭園側客室限定《藤会席◆食事処》,137,no,unclear,,,,온천 언급 없는 숙박 경험 리뷰.,neutral,neutral_or_lodging_context,medium,issue_caution_calibration_needed
203,Rakuten,https://travel.rakuten.co.jp/HOTEL/19923/review.html,api_offset_0,Rakuten_1,ja,2026-06-29,,5,4,4,接客と食事が最高、また利用したい旅館,,237,yes,facility_wide,water_texture,,温泉;湯,우레시노 물성/피부감 언급,positive,body_positive,high,issue_caution_calibration_needed
204,Rakuten,https://travel.rakuten.co.jp/HOTEL/19923/review.html,api_offset_0,Rakuten_2,ja,2026-06-28,,5,5,5,細やかな心遣いに癒される宿,,117,no,unclear,,,,온천 언급 없는 숙박 경험 리뷰.,positive,body_positive,high,issue_caution_calibration_needed
205,Rakuten,https://travel.rakuten.co.jp/HOTEL/19923/review.html,api_offset_0,Rakuten_3,ja,2026-06-27,,5,5,4,お風呂と佐賀牛、食事に大満足の宿,,180,yes,facility_wide,water_texture,sister_property_movement,お風呂;椎葉山荘;湯;風呂,우레시노 물성/피부감 언급; 주의 신호: sister_property_movement,mixed,caution_or_issue_tag,high,issue_caution_calibration_needed
206,Rakuten,https://travel.rakuten.co.jp/HOTEL/19923/review.html,api_offset_0,Rakuten_4,ja,2026-06-22,,4,5,3,サービスとお食事が最高！また泊まりたいホテル,,78,yes,open_air_public_bath,public_bath_hot_spring,,お風呂;露天;露天風呂;風呂,공용 노천탕 경험 언급,positive,body_positive,high,issue_caution_calibration_needed
207,Rakuten,https://travel.rakuten.co.jp/HOTEL/19923/review.html,api_offset_0,Rakuten_5,ja,2026-06-22,,5,5,4,老舗の笑顔と絶品朝食、また来たい宿,,130,yes,facility_wide,water_texture,,温泉,우레시노 물성/피부감 언급,positive,rating_positive_signal,medium,issue_caution_calibration_needed
208,Rakuten,https://travel.rakuten.co.jp/HOTEL/19923/review.html,api_offset_0,Rakuten_6,ja,2026-06-16,,5,5,5,朝食のお米が最高でした！,,36,no,unclear,,,,온천 언급 없는 숙박 경험 리뷰.,positive,body_positive,high,issue_caution_calibration_needed
209,Rakuten,https://travel.rakuten.co.jp/HOTEL/19923/review.html,api_offset_0,Rakuten_7,ja,2026-06-06,,4,4,4,部屋の作りと食事処への配慮が良い,,25,no,unclear,,,,온천 언급 없는 숙박 경험 리뷰.,neutral,neutral_or_lodging_context,medium,issue_caution_calibration_needed
210,Rakuten,https://travel.rakuten.co.jp/HOTEL/19923/review.html,api_offset_0,Rakuten_8,ja,2026-06-05,,5,5,4,部屋の新茶と温泉に癒やされました,,183,yes,facility_wide,water_texture,aging_or_access,温泉;湯,우레시노 물성/피부감 언급; 주의 신호: aging_or_access,mixed,caution_or_issue_tag,high,issue_caution_calibration_needed
211,Rakuten,https://travel.rakuten.co.jp/HOTEL/19923/review.html,api_offset_0,Rakuten_9,ja,2026-06-03,,4,5,4,温泉質優しく長湯、露天風呂もゆったり,,44,yes,open_air_public_bath,public_bath_hot_spring;water_texture,,泉質;温泉;湯;露天;露天風呂;風呂,공용 노천탕 경험 언급; 우레시노 물성/피부감 언급,positive,rating_positive_signal,medium,issue_caution_calibration_needed
212,Rakuten,https://travel.rakuten.co.jp/HOTEL/19923/review.html,api_offset_0,Rakuten_10,ja,2026-06-02,,5,5,5,従業員の方々の笑顔と心配りに感動,,127,yes,facility_wide,water_texture,,お風呂;風呂,우레시노 물성/피부감 언급,positive,rating_positive_signal,medium,issue_caution_calibration_needed
213,Rakuten,https://travel.rakuten.co.jp/HOTEL/19923/review.html,api_offset_0,Rakuten_11,ja,2026-05-22,,5,5,5,夕食朝食大満足、新緑露天風呂も最高,,56,yes,open_air_public_bath,public_bath_hot_spring,,露天;露天風呂;風呂,공용 노천탕 경험 언급,positive,body_positive,high,issue_caution_calibration_needed
214,Rakuten,https://travel.rakuten.co.jp/HOTEL/19923/review.html,api_offset_0,Rakuten_12,ja,2026-05-22,,3,4,3,趣ある建物と温室風風呂、食器は綺麗だが味は普通,,107,yes,facility_wide,water_texture,,お風呂;風呂,우레시노 물성/피부감 언급,positive,rating_positive_signal,medium,issue_caution_calibration_needed
215,Rakuten,https://travel.rakuten.co.jp/HOTEL/19923/review.html,api_offset_0,Rakuten_13,ja,2026-05-21,,5,5,5,庭園と食事、趣ある風呂に感動,,181,yes,facility_wide,water_texture,,お風呂;湯;風呂,우레시노 물성/피부감 언급,positive,rating_positive_signal,medium,issue_caution_calibration_needed
216,Rakuten,https://travel.rakuten.co.jp/HOTEL/19923/review.html,api_offset_0,Rakuten_14,ja,2026-05-18,,4,5,4,お部屋は古いが食事と接客に大満足,,103,yes,facility_wide,water_texture,aging_or_access,お風呂;温泉;風呂,우레시노 물성/피부감 언급; 주의 신호: aging_or_access,mixed,caution_or_issue_tag,high,issue_caution_calibration_needed
217,Rakuten,https://travel.rakuten.co.jp/HOTEL/19923/review.html,api_offset_0,Rakuten_15,ja,2026-05-12,,5,5,5,丁寧な接客と美味しい料理に満足,,68,no,unclear,,,,온천 언급 없는 숙박 경험 리뷰.,positive,body_positive,high,issue_caution_calibration_needed
218,Rakuten,https://travel.rakuten.co.jp/HOTEL/19923/review.html,api_offset_0,Rakuten_16,ja,2026-05-12,,5,5,4,,,235,yes,public_bath,public_bath_hot_spring;water_texture,,しいばの湯;温泉;湯,대욕장/공용탕 이용 경험 언급; 우레시노 물성/피부감 언급,positive,rating_positive_signal,medium,issue_caution_calibration_needed
219,Rakuten,https://travel.rakuten.co.jp/HOTEL/19923/review.html,api_offset_0,Rakuten_17,ja,2026-05-03,,3,4,2,温泉と朝食は良かったが夕食は残念,,146,yes,facility_wide,water_texture,,温泉;湯,우레시노 물성/피부감 언급,mixed,body_positive_and_negative,high,issue_caution_calibration_needed
220,Rakuten,https://travel.rakuten.co.jp/HOTEL/19923/review.html,api_offset_0,Rakuten_18,ja,2026-05-02,,5,5,5,丁寧な接客と充実した設備に満足,,103,yes,facility_wide,water_texture,,お風呂;風呂,우레시노 물성/피부감 언급,positive,body_positive,high,issue_caution_calibration_needed
221,Rakuten,https://travel.rakuten.co.jp/HOTEL/19923/review.html,api_offset_0,Rakuten_19,ja,2026-04-29,,2,4,4,広めの部屋と温泉は良いが、夕食は残念,,178,yes,facility_wide,water_texture,,ぬるぬる;温泉;湯,우레시노 물성/피부감 언급,mixed,body_negative_with_context,high,issue_caution_calibration_needed
222,Rakuten,https://travel.rakuten.co.jp/HOTEL/19923/review.html,api_offset_0,Rakuten_20,ja,2026-04-23,,5,5,5,露天風呂付き客室で岩風呂を満喫,,38,yes,room_open_air_bath,public_bath_hot_spring;room_bath_hot_spring,,露天;露天風呂;風呂,객실탕/객실 노천탕 맥락 언급,positive,body_positive,high,issue_caution_calibration_needed
223,Rakuten,https://travel.rakuten.co.jp/HOTEL/19923/review.html,api_offset_20,Rakuten_21,ja,2026-04-21,,5,4,5,夕朝食美味しく器も素敵接客も最高,,116,no,unclear,,cleanliness,,주의 신호: cleanliness,mixed,caution_or_issue_tag,high,issue_caution_calibration_needed
224,Rakuten,https://travel.rakuten.co.jp/HOTEL/19923/review.html,api_offset_20,Rakuten_22,ja,2026-04-20,,5,5,5,忘れ物も丁寧に対応、感動した旅館,,506,yes,public_bath,public_bath_hot_spring;water_texture,,大浴場;温泉;風呂,대욕장/공용탕 이용 경험 언급; 우레시노 물성/피부감 언급,positive,rating_positive_signal,medium,issue_caution_calibration_needed
225,Rakuten,https://travel.rakuten.co.jp/HOTEL/19923/review.html,api_offset_20,Rakuten_23,ja,2026-04-04,,5,5,5,サービスも食事も最高！心遣い感じる宿,,117,yes,facility_wide,water_texture,,温泉;湯,우레시노 물성/피부감 언급,positive,body_positive,high,issue_caution_calibration_needed
226,Rakuten,https://travel.rakuten.co.jp/HOTEL/19923/review.html,api_offset_20,Rakuten_24,ja,2026-03-26,,5,5,4,清潔で親切な宿、温泉と湯豆腐最高,,109,yes,facility_wide,water_texture,,温泉;湯,우레시노 물성/피부감 언급,positive,body_positive,high,issue_caution_calibration_needed
227,Rakuten,https://travel.rakuten.co.jp/HOTEL/19923/review.html,api_offset_20,Rakuten_25,ja,2026-03-25,,4,4,3,温泉街中心で温泉三昧、食事も接客も最高,,212,yes,facility_wide,water_texture,sister_property_movement;temperature,温泉,"우레시노 물성/피부감 언급; 주의 신호: sister_property_movement,temperature",mixed,caution_or_issue_tag,high,issue_caution_calibration_needed
228,Rakuten,https://travel.rakuten.co.jp/HOTEL/19923/review.html,api_offset_20,Rakuten_26,ja,2026-03-23,,4,5,5,風情ある菊の間は良かった,,136,yes,facility_wide,water_texture,,温泉,우레시노 물성/피부감 언급,positive,body_positive,high,issue_caution_calibration_needed
229,Rakuten,https://travel.rakuten.co.jp/HOTEL/19923/review.html,api_offset_20,Rakuten_27,ja,2026-03-22,,5,5,5,最上級の快適とおもてなし、湯どうふも最高,,378,yes,open_air_public_bath;private_bath;public_bath,private_bath_experience;public_bath_hot_spring;water_texture,,お風呂;椎葉山荘;湯;滝の湯;貸し切り;露天;露天風呂;風呂,대욕장/공용탕 이용 경험 언급; 공용 노천탕 경험 언급; 대절/프라이빗탕 맥락 언급; 우레시노 물성/피부감 언급,positive,body_positive,high,issue_caution_calibration_needed
230,Rakuten,https://travel.rakuten.co.jp/HOTEL/19923/review.html,api_offset_20,Rakuten_28,ja,2026-03-17,,4,4,4,老舗の清潔さと温泉、食事に満足,,148,yes,facility_wide,water_texture,aging_or_access,温泉,우레시노 물성/피부감 언급; 주의 신호: aging_or_access,mixed,caution_or_issue_tag,high,issue_caution_calibration_needed
231,Rakuten,https://travel.rakuten.co.jp/HOTEL/19923/review.html,api_offset_20,Rakuten_29,ja,2026-03-15,,5,5,4,老舗旅館で温泉と食事が最高でした,,191,yes,open_air_public_bath,public_bath_hot_spring;water_texture,sister_property_movement,温泉;露天;露天風呂;風呂,공용 노천탕 경험 언급; 우레시노 물성/피부감 언급; 주의 신호: sister_property_movement,mixed,caution_or_issue_tag,high,issue_caution_calibration_needed
232,Rakuten,https://travel.rakuten.co.jp/HOTEL/19923/review.html,api_offset_20,Rakuten_30,ja,2026-03-08,,5,5,5,いつも満足！リピート確定の温泉宿,,244,yes,public_bath,public_bath_hot_spring;water_texture,,大浴場;温泉;湯,대욕장/공용탕 이용 경험 언급; 우레시노 물성/피부감 언급,positive,body_positive,high,issue_caution_calibration_needed
233,Rakuten,https://travel.rakuten.co.jp/HOTEL/19923/review.html,api_offset_20,Rakuten_31,ja,2026-02-28,,5,5,5,,,215,yes,facility_wide,water_texture,sister_property_movement,温泉,우레시노 물성/피부감 언급; 주의 신호: sister_property_movement,mixed,caution_or_issue_tag,high,issue_caution_calibration_needed
234,Rakuten,https://travel.rakuten.co.jp/HOTEL/19923/review.html,api_offset_20,Rakuten_32,ja,2026-02-26,,5,5,5,とろみのある温泉と美味しい料理に感動！,,184,yes,open_air_public_bath,public_bath_hot_spring;water_texture,sister_property_movement,とろみ;泉質;温泉;湯;露天;露天風呂;風呂,공용 노천탕 경험 언급; 우레시노 물성/피부감 언급; 주의 신호: sister_property_movement,mixed,caution_or_issue_tag,high,issue_caution_calibration_needed
235,Rakuten,https://travel.rakuten.co.jp/HOTEL/19923/review.html,api_offset_20,Rakuten_33,ja,2026-02-25,,4,4,4,,,167,yes,open_air_public_bath,public_bath_hot_spring,,椎葉山荘;露天;露天風呂;風呂,공용 노천탕 경험 언급,positive,rating_positive_signal,medium,issue_caution_calibration_needed
236,Rakuten,https://travel.rakuten.co.jp/HOTEL/19923/review.html,api_offset_20,Rakuten_34,ja,2026-02-24,,5,5,5,食事も温泉も最高で気持ち良い滞在,,73,yes,facility_wide,water_texture,,温泉,우레시노 물성/피부감 언급,positive,body_positive,high,issue_caution_calibration_needed
237,Rakuten,https://travel.rakuten.co.jp/HOTEL/19923/review.html,api_offset_20,Rakuten_35,ja,2026-02-23,,5,5,4,心のこもったおもてなしと美味しい茶粥,,181,yes,open_air_public_bath,public_bath_hot_spring,sister_property_movement,露天;露天風呂;風呂,공용 노천탕 경험 언급; 주의 신호: sister_property_movement,mixed,caution_or_issue_tag,high,issue_caution_calibration_needed
238,Rakuten,https://travel.rakuten.co.jp/HOTEL/19923/review.html,api_offset_20,Rakuten_36,ja,2026-02-23,,5,5,4,素晴らしい温泉と行き届いたサービス,,258,yes,public_bath,public_bath_hot_spring;water_texture,,四季の湯;大浴場;泉質;温泉;湯;滝の湯,대욕장/공용탕 이용 경험 언급; 우레시노 물성/피부감 언급,positive,body_positive,high,issue_caution_calibration_needed
239,Rakuten,https://travel.rakuten.co.jp/HOTEL/19923/review.html,api_offset_20,Rakuten_37,ja,2026-02-20,,5,4,4,,,150,yes,open_air_public_bath,public_bath_hot_spring;water_texture,sister_property_movement,温泉;露天;露天風呂;風呂,공용 노천탕 경험 언급; 우레시노 물성/피부감 언급; 주의 신호: sister_property_movement,mixed,caution_or_issue_tag,high,issue_caution_calibration_needed
240,Rakuten,https://travel.rakuten.co.jp/HOTEL/19923/review.html,api_offset_20,Rakuten_38,ja,2026-02-19,,3,3,3,,,14,yes,open_air_public_bath,public_bath_hot_spring,,露天;露天風呂;風呂,공용 노천탕 경험 언급,positive,positive_signal_no_caution,medium,issue_caution_calibration_needed
241,Rakuten,https://travel.rakuten.co.jp/HOTEL/19923/review.html,api_offset_20,Rakuten_39,ja,2026-02-18,,5,5,5,丁寧な接客と豪華な食事、温泉で大満足,,29,yes,facility_wide,water_texture,,温泉,우레시노 물성/피부감 언급,positive,body_positive,high,issue_caution_calibration_needed
242,Rakuten,https://travel.rakuten.co.jp/HOTEL/19923/review.html,api_offset_20,Rakuten_40,ja,2026-02-17,,4,4,3,建物は古いがお風呂と食事に満足,,96,yes,public_bath,public_bath_hot_spring,aging_or_access,お風呂;大浴場;風呂,대욕장/공용탕 이용 경험 언급; 주의 신호: aging_or_access,mixed,caution_or_issue_tag,high,issue_caution_calibration_needed
243,Rakuten,https://travel.rakuten.co.jp/HOTEL/19923/review.html,api_offset_40,Rakuten_41,ja,2026-02-15,,4,5,3,泉質最高、佐賀牛美味、スタッフ親切,,162,yes,unclear,water_texture,,泉質,우레시노 물성/피부감 언급,positive,body_positive,high,issue_caution_calibration_needed
244,Rakuten,https://travel.rakuten.co.jp/HOTEL/19923/review.html,api_offset_40,Rakuten_42,ja,2026-02-14,,5,5,4,夕食朝食大満足！温泉も最高のお宿,,149,yes,public_bath,public_bath_hot_spring;water_texture,,しいばの湯;温泉;湯;美肌,대욕장/공용탕 이용 경험 언급; 우레시노 물성/피부감 언급,positive,body_positive,high,issue_caution_calibration_needed
245,Rakuten,https://travel.rakuten.co.jp/HOTEL/19923/review.html,api_offset_40,Rakuten_43,ja,2026-02-14,,5,5,5,贅沢の極み,,47,no,unclear,,,,온천 언급 없는 숙박 경험 리뷰.,positive,body_positive,high,issue_caution_calibration_needed
246,Rakuten,https://travel.rakuten.co.jp/HOTEL/19923/review.html,api_offset_40,Rakuten_44,ja,2026-02-12,,1,4,1,夕食は残念、部屋は古いが温泉は良い,,329,yes,room_bath,room_bath_hot_spring;water_texture,aging_or_access;cleanliness,お風呂;温泉;風呂,"객실탕/객실 노천탕 맥락 언급; 우레시노 물성/피부감 언급; 주의 신호: aging_or_access,cleanliness",mixed,body_negative_with_context,high,issue_caution_calibration_needed
247,Rakuten,https://travel.rakuten.co.jp/HOTEL/19923/review.html,api_offset_40,Rakuten_45,ja,2026-02-07,,5,5,5,食事最高！佐賀牛ステーキと湯豆腐に感動,,77,yes,facility_wide,water_texture,,湯,우레시노 물성/피부감 언급,positive,body_positive,high,issue_caution_calibration_needed
248,Rakuten,https://travel.rakuten.co.jp/HOTEL/19923/review.html,api_offset_40,Rakuten_46,ja,2026-02-05,,4,4,3,丁寧な対応で快適に過ごせました,,59,yes,facility_wide,water_texture,,湯,우레시노 물성/피부감 언급,positive,body_positive,high,issue_caution_calibration_needed
249,Rakuten,https://travel.rakuten.co.jp/HOTEL/19923/review.html,api_offset_40,Rakuten_47,ja,2026-01-30,,4,5,4,お客を大事にする宿,,152,yes,facility_wide,water_texture,,温泉;湯,우레시노 물성/피부감 언급,positive,rating_positive_signal,medium,issue_caution_calibration_needed
250,Rakuten,https://travel.rakuten.co.jp/HOTEL/19923/review.html,api_offset_40,Rakuten_48,ja,2026-01-29,,4,5,3,,,306,yes,facility_wide,booking_confusion;water_texture,,温泉,우레시노 물성/피부감 언급,mixed,conditional_signal_tag,medium,issue_caution_calibration_needed
251,Rakuten,https://travel.rakuten.co.jp/HOTEL/19923/review.html,api_offset_40,Rakuten_49,ja,2026-01-22,,5,5,5,心尽くしの対応に感謝と感動❗️,,248,yes,unclear,booking_confusion,,,온천 언급 없는 숙박 경험 리뷰.,mixed,conditional_signal_tag,medium,issue_caution_calibration_needed
252,Rakuten,https://travel.rakuten.co.jp/HOTEL/19923/review.html,api_offset_40,Rakuten_50,ja,2026-01-17,,5,5,4,おもてなしと食事に大満足の宿,,272,yes,open_air_public_bath;public_bath,public_bath_hot_spring;water_texture,aging_or_access,大浴場;椎葉山荘;泉質;露天;露天風呂;風呂,대욕장/공용탕 이용 경험 언급; 공용 노천탕 경험 언급; 우레시노 물성/피부감 언급; 주의 신호: aging_or_access,mixed,caution_or_issue_tag,high,issue_caution_calibration_needed
253,Rakuten,https://travel.rakuten.co.jp/HOTEL/19923/review.html,api_offset_40,Rakuten_51,ja,2026-01-15,,5,5,5,子連れに優しい素敵な旅館,,102,no,unclear,,,,온천 언급 없는 숙박 경험 리뷰.,neutral,neutral_or_lodging_context,medium,issue_caution_calibration_needed
254,Rakuten,https://travel.rakuten.co.jp/HOTEL/19923/review.html,api_offset_40,Rakuten_52,ja,2026-01-08,,5,5,5,連泊でも違う料理に感動！,,59,no,unclear,,,,온천 언급 없는 숙박 경험 리뷰.,neutral,neutral_or_lodging_context,medium,issue_caution_calibration_needed
255,Rakuten,https://travel.rakuten.co.jp/HOTEL/19923/review.html,api_offset_40,Rakuten_53,ja,2026-01-07,,5,5,5,朝夕食が美味！ホスピタリティが素敵な宿,,169,yes,facility_wide,water_texture,,温泉,우레시노 물성/피부감 언급,positive,rating_positive_signal,medium,issue_caution_calibration_needed
256,Rakuten,https://travel.rakuten.co.jp/HOTEL/19923/review.html,api_offset_40,Rakuten_54,ja,2025-12-28,,5,5,4,温かいおもてなしが素晴らしい旅館,,89,no,unclear,,,,온천 언급 없는 숙박 경험 리뷰.,positive,body_positive,high,issue_caution_calibration_needed
257,Rakuten,https://travel.rakuten.co.jp/HOTEL/19923/review.html,api_offset_40,Rakuten_55,ja,2025-12-26,,5,5,5,口コミ通り！食事も風呂も最高,,40,yes,facility_wide,water_texture,,お風呂;風呂,우레시노 물성/피부감 언급,positive,body_positive,high,issue_caution_calibration_needed
258,Rakuten,https://travel.rakuten.co.jp/HOTEL/19923/review.html,api_offset_40,Rakuten_56,ja,2025-12-21,,4,4,4,,,20,yes,facility_wide,water_texture,,温泉,우레시노 물성/피부감 언급,positive,rating_positive_signal,medium,issue_caution_calibration_needed
259,Rakuten,https://travel.rakuten.co.jp/HOTEL/19923/review.html,api_offset_40,Rakuten_57,ja,2025-12-17,,5,4,4,体調不良に配慮、四季の湯は水力不足,,49,yes,public_bath,public_bath_hot_spring;water_texture,,四季の湯;湯,대욕장/공용탕 이용 경험 언급; 우레시노 물성/피부감 언급,positive,rating_positive_signal,medium,issue_caution_calibration_needed
260,Rakuten,https://travel.rakuten.co.jp/HOTEL/19923/review.html,api_offset_40,Rakuten_58,ja,2025-12-12,,5,5,4,とろとろ湯と料理が最高な老舗宿,,121,yes,facility_wide,water_texture,,とろとろ;温泉;湯,우레시노 물성/피부감 언급,positive,body_positive,high,issue_caution_calibration_needed
261,Rakuten,https://travel.rakuten.co.jp/HOTEL/19923/review.html,api_offset_40,Rakuten_59,ja,2025-12-10,,4,5,4,母の誕生日に最高の思い出ができました⭐︎,,254,yes,open_air_public_bath,public_bath_hot_spring;water_texture,sister_property_movement,お風呂;湯;露天;露天風呂;風呂,공용 노천탕 경험 언급; 우레시노 물성/피부감 언급; 주의 신호: sister_property_movement,mixed,caution_or_issue_tag,high,issue_caution_calibration_needed
262,Rakuten,https://travel.rakuten.co.jp/HOTEL/19923/review.html,api_offset_40,Rakuten_60,ja,2025-12-07,,5,5,5,子連れに優しい老舗旅館,,62,no,unclear,,,,온천 언급 없는 숙박 경험 리뷰.,neutral,neutral_or_lodging_context,medium,issue_caution_calibration_needed
263,Rakuten,https://travel.rakuten.co.jp/HOTEL/19923/review.html,api_offset_60,Rakuten_61,ja,2025-12-07,,4,4,4,大浴場は最高、刺身は少し残念,,24,yes,public_bath,public_bath_hot_spring,,大浴場,대욕장/공용탕 이용 경험 언급,mixed,body_positive_and_negative,high,issue_caution_calibration_needed
264,Rakuten,https://travel.rakuten.co.jp/HOTEL/19923/review.html,api_offset_60,Rakuten_62,ja,2025-12-05,,5,5,5,料理も風呂も満足、紅葉も綺麗,,56,yes,facility_wide,water_texture,,お風呂;風呂,우레시노 물성/피부감 언급,positive,body_positive,high,issue_caution_calibration_needed
265,Rakuten,https://travel.rakuten.co.jp/HOTEL/19923/review.html,api_offset_60,Rakuten_63,ja,2025-11-30,,5,5,5,湯豆腐が絶品！接客も素晴らしいホテル,,138,yes,open_air_public_bath,booking_confusion;public_bath_hot_spring;water_texture,,温泉;湯;露天;露天風呂;風呂,공용 노천탕 경험 언급; 우레시노 물성/피부감 언급,mixed,conditional_signal_tag,medium,issue_caution_calibration_needed
266,Rakuten,https://travel.rakuten.co.jp/HOTEL/19923/review.html,api_offset_60,Rakuten_64,ja,2025-11-30,,4,5,3,嬉野温泉の泉質と湯豆腐に満足,,180,yes,open_air_public_bath;public_bath,public_bath_hot_spring;water_texture,,しいばの湯;椎葉山荘;泉質;温泉;湯;露天;露天風呂;風呂,대욕장/공용탕 이용 경험 언급; 공용 노천탕 경험 언급; 우레시노 물성/피부감 언급,positive,body_positive,high,issue_caution_calibration_needed
267,Rakuten,https://travel.rakuten.co.jp/HOTEL/19923/review.html,api_offset_60,Rakuten_65,ja,2025-11-26,,5,5,5,夕食時の対応と温泉に大満足,,115,yes,facility_wide,water_texture,,温泉;湯,우레시노 물성/피부감 언급,positive,body_positive,high,issue_caution_calibration_needed
268,Rakuten,https://travel.rakuten.co.jp/HOTEL/19923/review.html,api_offset_60,Rakuten_66,ja,2025-11-25,,4,4,4,友達との旅行、温泉と丁寧な対応に満足,,141,yes,public_bath,public_bath_hot_spring;water_texture,sister_property_movement,しいばの湯;温泉;湯,대욕장/공용탕 이용 경험 언급; 우레시노 물성/피부감 언급; 주의 신호: sister_property_movement,mixed,caution_or_issue_tag,high,issue_caution_calibration_needed
269,Rakuten,https://travel.rakuten.co.jp/HOTEL/19923/review.html,api_offset_60,Rakuten_67,ja,2025-11-25,,5,5,5,七つ星旅館、温泉と食事に大満足,,166,yes,open_air_public_bath,public_bath_hot_spring;water_texture,sister_property_movement,姉妹館;温泉;露天;露天風呂;風呂,공용 노천탕 경험 언급; 우레시노 물성/피부감 언급; 주의 신호: sister_property_movement,mixed,caution_or_issue_tag,high,issue_caution_calibration_needed
270,Rakuten,https://travel.rakuten.co.jp/HOTEL/19923/review.html,api_offset_60,Rakuten_68,ja,2025-11-18,,5,5,3,佐賀牛が美味！接客も素晴らしい宿,,281,yes,facility_wide,crowding;water_texture,crowding;sister_property_movement,お風呂;湯;風呂,"우레시노 물성/피부감 언급; 혼잡 신호 언급; 주의 신호: crowding,sister_property_movement",mixed,caution_or_issue_tag,high,issue_caution_calibration_needed
271,Rakuten,https://travel.rakuten.co.jp/HOTEL/19923/review.html,api_offset_60,Rakuten_69,ja,2025-11-17,,5,5,5,温泉・料理・接客◎家族旅行に最適,,132,yes,public_bath,public_bath_hot_spring;water_texture,,大浴場;温泉;風呂,대욕장/공용탕 이용 경험 언급; 우레시노 물성/피부감 언급,positive,rating_positive_signal,medium,issue_caution_calibration_needed
272,Rakuten,https://travel.rakuten.co.jp/HOTEL/19923/review.html,api_offset_60,Rakuten_70,ja,2025-11-16,,5,5,5,おもてなしと絶品料理、また来たい旅館,,623,yes,open_air_public_bath;public_bath,public_bath_hot_spring;water_texture,aging_or_access,お風呂;しいばの湯;湯;露天;風呂,대욕장/공용탕 이용 경험 언급; 공용 노천탕 경험 언급; 우레시노 물성/피부감 언급; 주의 신호: aging_or_access,mixed,caution_or_issue_tag,high,issue_caution_calibration_needed
273,Rakuten,https://travel.rakuten.co.jp/HOTEL/19923/review.html,api_offset_60,Rakuten_71,ja,2025-11-04,,4,4,4,,,136,yes,facility_wide,water_texture,,泉質;湯;風呂,우레시노 물성/피부감 언급,positive,rating_positive_signal,medium,issue_caution_calibration_needed
274,Rakuten,https://travel.rakuten.co.jp/HOTEL/19923/review.html,api_offset_60,Rakuten_72,ja,2025-11-04,,5,5,5,,,18,yes,facility_wide,water_texture,,風呂,우레시노 물성/피부감 언급,positive,rating_positive_signal,medium,issue_caution_calibration_needed
275,Rakuten,https://travel.rakuten.co.jp/HOTEL/19923/review.html,api_offset_60,Rakuten_73,ja,2025-11-04,,5,5,5,,,22,no,unclear,,,,온천 언급 없는 숙박 경험 리뷰.,neutral,neutral_or_lodging_context,medium,issue_caution_calibration_needed
276,Rakuten,https://travel.rakuten.co.jp/HOTEL/19923/review.html,api_offset_60,Rakuten_74,ja,2025-11-02,,5,5,5,,,286,yes,facility_wide,water_texture,,お風呂;泉質;温泉;湯;美肌;風呂,우레시노 물성/피부감 언급,positive,rating_positive_signal,medium,issue_caution_calibration_needed
277,Rakuten,https://travel.rakuten.co.jp/HOTEL/19923/review.html,api_offset_60,Rakuten_75,ja,2025-10-31,,5,5,5,,,41,no,unclear,,sister_property_movement,,주의 신호: sister_property_movement,mixed,caution_or_issue_tag,high,issue_caution_calibration_needed
278,Rakuten,https://travel.rakuten.co.jp/HOTEL/19923/review.html,api_offset_60,Rakuten_76,ja,2025-10-28,,5,5,5,,,138,yes,facility_wide,water_texture,,温泉;湯,우레시노 물성/피부감 언급,positive,rating_positive_signal,medium,issue_caution_calibration_needed
279,Rakuten,https://travel.rakuten.co.jp/HOTEL/19923/review.html,api_offset_60,Rakuten_77,ja,2025-10-26,,5,5,4,,,393,yes,open_air_public_bath,public_bath_hot_spring;water_texture,sister_property_movement,お風呂;温泉;湯;露天;露天風呂;風呂,공용 노천탕 경험 언급; 우레시노 물성/피부감 언급; 주의 신호: sister_property_movement,mixed,caution_or_issue_tag,high,issue_caution_calibration_needed
280,Rakuten,https://travel.rakuten.co.jp/HOTEL/19923/review.html,api_offset_60,Rakuten_78,ja,2025-10-21,,5,5,5,,,161,yes,open_air_public_bath,public_bath_hot_spring,,お風呂;露天;風呂,공용 노천탕 경험 언급,positive,rating_positive_signal,medium,issue_caution_calibration_needed
281,Rakuten,https://travel.rakuten.co.jp/HOTEL/19923/review.html,api_offset_60,Rakuten_79,ja,2025-10-21,,5,5,5,,,172,yes,facility_wide,water_texture,,お風呂;椎葉山荘;湯;風呂,우레시노 물성/피부감 언급,positive,rating_positive_signal,medium,issue_caution_calibration_needed
282,Rakuten,https://travel.rakuten.co.jp/HOTEL/19923/review.html,api_offset_60,Rakuten_80,ja,2025-10-14,,4,5,3,,,26,yes,facility_wide,water_texture,,温泉,우레시노 물성/피부감 언급,positive,rating_positive_signal,medium,issue_caution_calibration_needed
283,Rakuten,https://travel.rakuten.co.jp/HOTEL/19923/review.html,api_offset_80,Rakuten_81,ja,2025-10-06,,5,5,5,,,178,yes,facility_wide,water_texture,sister_property_movement,温泉,우레시노 물성/피부감 언급; 주의 신호: sister_property_movement,mixed,caution_or_issue_tag,high,issue_caution_calibration_needed
284,Rakuten,https://travel.rakuten.co.jp/HOTEL/19923/review.html,api_offset_80,Rakuten_82,ja,2025-09-17,,5,5,5,,,246,yes,facility_wide,water_texture,sister_property_movement,お風呂;温泉;湯;風呂,우레시노 물성/피부감 언급; 주의 신호: sister_property_movement,mixed,caution_or_issue_tag,high,issue_caution_calibration_needed
285,Rakuten,https://travel.rakuten.co.jp/HOTEL/19923/review.html,api_offset_80,Rakuten_83,ja,2025-09-03,,5,4,4,,,363,yes,facility_wide,booking_confusion;water_texture,,お風呂;温泉;風呂,우레시노 물성/피부감 언급,mixed,conditional_signal_tag,medium,issue_caution_calibration_needed
286,Rakuten,https://travel.rakuten.co.jp/HOTEL/19923/review.html,api_offset_80,Rakuten_84,ja,2025-08-31,,5,4,5,,,82,yes,public_bath;room_bath,public_bath_hot_spring;room_bath_hot_spring;water_texture,,お風呂;大浴場;温泉;風呂,대욕장/공용탕 이용 경험 언급; 객실탕/객실 노천탕 맥락 언급; 우레시노 물성/피부감 언급,positive,rating_positive_signal,medium,issue_caution_calibration_needed
287,Rakuten,https://travel.rakuten.co.jp/HOTEL/19923/review.html,api_offset_80,Rakuten_85,ja,2025-08-30,,5,5,3,,,96,yes,facility_wide,water_texture,,お風呂;風呂,우레시노 물성/피부감 언급,positive,rating_positive_signal,medium,issue_caution_calibration_needed
288,Rakuten,https://travel.rakuten.co.jp/HOTEL/19923/review.html,api_offset_80,Rakuten_86,ja,2025-08-21,,5,5,5,,,84,yes,public_bath,public_bath_hot_spring;water_texture,,大浴場;泉質;湯,대욕장/공용탕 이용 경험 언급; 우레시노 물성/피부감 언급,positive,rating_positive_signal,medium,issue_caution_calibration_needed
289,Rakuten,https://travel.rakuten.co.jp/HOTEL/19923/review.html,api_offset_80,Rakuten_87,ja,2025-08-17,,5,5,3,,,22,no,unclear,,,,온천 언급 없는 숙박 경험 리뷰.,neutral,neutral_or_lodging_context,medium,issue_caution_calibration_needed
290,Rakuten,https://travel.rakuten.co.jp/HOTEL/19923/review.html,api_offset_80,Rakuten_88,ja,2025-08-17,,5,4,4,,,61,no,unclear,,,,온천 언급 없는 숙박 경험 리뷰.,neutral,neutral_or_lodging_context,medium,issue_caution_calibration_needed
291,Rakuten,https://travel.rakuten.co.jp/HOTEL/19923/review.html,api_offset_80,Rakuten_89,ja,2025-08-17,,5,5,4,,,65,no,unclear,,sister_property_movement,,주의 신호: sister_property_movement,mixed,caution_or_issue_tag,high,issue_caution_calibration_needed
292,Rakuten,https://travel.rakuten.co.jp/HOTEL/19923/review.html,api_offset_80,Rakuten_90,ja,2025-08-14,,5,5,5,,,109,yes,facility_wide,water_texture,sister_property_movement,お風呂;湯;風呂,우레시노 물성/피부감 언급; 주의 신호: sister_property_movement,mixed,caution_or_issue_tag,high,issue_caution_calibration_needed
293,Rakuten,https://travel.rakuten.co.jp/HOTEL/19923/review.html,api_offset_80,Rakuten_91,ja,2025-08-12,,4,4,4,,,88,yes,open_air_public_bath,public_bath_hot_spring;water_texture,sister_property_movement,湯;露天;露天風呂;風呂,공용 노천탕 경험 언급; 우레시노 물성/피부감 언급; 주의 신호: sister_property_movement,mixed,caution_or_issue_tag,high,issue_caution_calibration_needed
294,Rakuten,https://travel.rakuten.co.jp/HOTEL/19923/review.html,api_offset_80,Rakuten_92,ja,2025-08-09,,5,4,4,,,107,yes,facility_wide,water_texture,,風呂,우레시노 물성/피부감 언급,positive,rating_positive_signal,medium,issue_caution_calibration_needed
295,Rakuten,https://travel.rakuten.co.jp/HOTEL/19923/review.html,api_offset_80,Rakuten_93,ja,2025-07-27,,5,5,4,,,97,yes,facility_wide,water_texture,,温泉,우레시노 물성/피부감 언급,positive,rating_positive_signal,medium,issue_caution_calibration_needed
296,Rakuten,https://travel.rakuten.co.jp/HOTEL/19923/review.html,api_offset_80,Rakuten_94,ja,2025-07-24,,5,5,5,,,8,no,unclear,,,,온천 언급 없는 숙박 경험 리뷰.,neutral,neutral_or_lodging_context,medium,issue_caution_calibration_needed
297,Rakuten,https://travel.rakuten.co.jp/HOTEL/19923/review.html,api_offset_80,Rakuten_95,ja,2025-07-23,,4,5,3,,,94,no,unclear,,,,온천 언급 없는 숙박 경험 리뷰.,neutral,neutral_or_lodging_context,medium,issue_caution_calibration_needed
298,Rakuten,https://travel.rakuten.co.jp/HOTEL/19923/review.html,api_offset_80,Rakuten_96,ja,2025-07-15,,5,4,5,,,95,yes,public_bath;room_bath,public_bath_hot_spring;room_bath_hot_spring;water_texture,,お風呂;大浴場;温泉;湯;風呂,대욕장/공용탕 이용 경험 언급; 객실탕/객실 노천탕 맥락 언급; 우레시노 물성/피부감 언급,positive,rating_positive_signal,medium,issue_caution_calibration_needed
299,Rakuten,https://travel.rakuten.co.jp/HOTEL/19923/review.html,api_offset_80,Rakuten_97,ja,2025-07-14,,4,4,4,,,64,yes,facility_wide,water_texture,,湯,우레시노 물성/피부감 언급,positive,rating_positive_signal,medium,issue_caution_calibration_needed
300,Rakuten,https://travel.rakuten.co.jp/HOTEL/19923/review.html,api_offset_80,Rakuten_98,ja,2025-06-26,,5,5,4,,,51,no,unclear,,,,온천 언급 없는 숙박 경험 리뷰.,neutral,neutral_or_lodging_context,medium,issue_caution_calibration_needed
301,Rakuten,https://travel.rakuten.co.jp/HOTEL/19923/review.html,api_offset_80,Rakuten_99,ja,2025-06-23,,4,2,3,,,147,yes,open_air_public_bath;public_bath,public_bath_hot_spring;water_texture,sister_property_movement,湯;滝の湯;露天;露天風呂;風呂,대욕장/공용탕 이용 경험 언급; 공용 노천탕 경험 언급; 우레시노 물성/피부감 언급; 주의 신호: sister_property_movement,mixed,caution_or_issue_tag,high,issue_caution_calibration_needed
302,Rakuten,https://travel.rakuten.co.jp/HOTEL/19923/review.html,api_offset_80,Rakuten_100,ja,2025-06-13,,5,5,4,,,73,yes,facility_wide,water_texture,,湯,우레시노 물성/피부감 언급,positive,rating_positive_signal,medium,issue_caution_calibration_needed
303,Rakuten,https://travel.rakuten.co.jp/HOTEL/19923/review.html,api_offset_100,Rakuten_101,ja,2025-06-06,,4,3,4,,,84,yes,facility_wide,water_texture,,お風呂;風呂,우레시노 물성/피부감 언급,positive,positive_signal_no_caution,medium,issue_caution_calibration_needed
304,Rakuten,https://travel.rakuten.co.jp/HOTEL/19923/review.html,api_offset_100,Rakuten_102,ja,2025-05-25,,5,5,5,,,103,yes,facility_wide,water_texture,,お風呂;湯;風呂,우레시노 물성/피부감 언급,positive,rating_positive_signal,medium,issue_caution_calibration_needed
305,Rakuten,https://travel.rakuten.co.jp/HOTEL/19923/review.html,api_offset_100,Rakuten_103,ja,2025-05-13,,5,5,5,,,36,yes,facility_wide,water_texture,,温泉,우레시노 물성/피부감 언급,positive,rating_positive_signal,medium,issue_caution_calibration_needed
306,Rakuten,https://travel.rakuten.co.jp/HOTEL/19923/review.html,api_offset_100,Rakuten_104,ja,2025-05-13,,5,5,4,,,40,no,unclear,,,,온천 언급 없는 숙박 경험 리뷰.,neutral,neutral_or_lodging_context,medium,issue_caution_calibration_needed
307,Rakuten,https://travel.rakuten.co.jp/HOTEL/19923/review.html,api_offset_100,Rakuten_105,ja,2025-05-13,,4,4,3,,,26,no,unclear,,aging_or_access,,주의 신호: aging_or_access,mixed,caution_or_issue_tag,high,issue_caution_calibration_needed
308,Rakuten,https://travel.rakuten.co.jp/HOTEL/19923/review.html,api_offset_100,Rakuten_106,ja,2025-05-13,,4,4,3,,,32,no,unclear,,,,온천 언급 없는 숙박 경험 리뷰.,neutral,neutral_or_lodging_context,medium,issue_caution_calibration_needed
309,Rakuten,https://travel.rakuten.co.jp/HOTEL/19923/review.html,api_offset_100,Rakuten_107,ja,2025-05-08,,5,5,5,,,96,no,unclear,,,,온천 언급 없는 숙박 경험 리뷰.,neutral,neutral_or_lodging_context,medium,issue_caution_calibration_needed
310,Rakuten,https://travel.rakuten.co.jp/HOTEL/19923/review.html,api_offset_100,Rakuten_108,ja,2025-05-07,,5,5,5,,,314,yes,facility_wide,water_texture,aging_or_access,泉質;風呂,우레시노 물성/피부감 언급; 주의 신호: aging_or_access,mixed,caution_or_issue_tag,high,issue_caution_calibration_needed
311,Rakuten,https://travel.rakuten.co.jp/HOTEL/19923/review.html,api_offset_100,Rakuten_109,ja,2025-05-06,,5,5,5,,,167,yes,public_bath,public_bath_hot_spring,,サウナ;大浴場,대욕장/공용탕 이용 경험 언급,positive,rating_positive_signal,medium,issue_caution_calibration_needed
312,Rakuten,https://travel.rakuten.co.jp/HOTEL/19923/review.html,api_offset_100,Rakuten_110,ja,2025-05-05,,5,5,5,,,276,yes,facility_wide,water_texture,,温泉,우레시노 물성/피부감 언급,positive,rating_positive_signal,medium,issue_caution_calibration_needed
313,Rakuten,https://travel.rakuten.co.jp/HOTEL/19923/review.html,api_offset_100,Rakuten_111,ja,2025-05-03,,4,5,5,,,69,yes,facility_wide,water_texture,,温泉;風呂,우레시노 물성/피부감 언급,positive,rating_positive_signal,medium,issue_caution_calibration_needed
314,Rakuten,https://travel.rakuten.co.jp/HOTEL/19923/review.html,api_offset_100,Rakuten_112,ja,2025-05-02,,4,2,3,,,121,yes,facility_wide,water_texture,,お風呂;風呂,우레시노 물성/피부감 언급,positive,positive_signal_no_caution,medium,issue_caution_calibration_needed
315,Rakuten,https://travel.rakuten.co.jp/HOTEL/19923/review.html,api_offset_100,Rakuten_113,ja,2025-04-29,,5,4,5,,,19,yes,facility_wide,water_texture,,風呂,우레시노 물성/피부감 언급,positive,rating_positive_signal,medium,issue_caution_calibration_needed
316,Rakuten,https://travel.rakuten.co.jp/HOTEL/19923/review.html,api_offset_100,Rakuten_114,ja,2025-04-28,,4,4,5,,,26,yes,facility_wide,water_texture,,温泉,우레시노 물성/피부감 언급,positive,rating_positive_signal,medium,issue_caution_calibration_needed
317,Rakuten,https://travel.rakuten.co.jp/HOTEL/19923/review.html,api_offset_100,Rakuten_115,ja,2025-04-25,,5,5,5,,,97,yes,facility_wide,water_texture,,温泉,우레시노 물성/피부감 언급,positive,rating_positive_signal,medium,issue_caution_calibration_needed
318,Rakuten,https://travel.rakuten.co.jp/HOTEL/19923/review.html,api_offset_100,Rakuten_116,ja,2025-04-22,,5,4,4,,,94,no,unclear,,,,온천 언급 없는 숙박 경험 리뷰.,neutral,neutral_or_lodging_context,medium,issue_caution_calibration_needed
319,Rakuten,https://travel.rakuten.co.jp/HOTEL/19923/review.html,api_offset_100,Rakuten_117,ja,2025-04-17,,5,5,5,,,42,no,unclear,,,,온천 언급 없는 숙박 경험 리뷰.,neutral,neutral_or_lodging_context,medium,issue_caution_calibration_needed
320,Rakuten,https://travel.rakuten.co.jp/HOTEL/19923/review.html,api_offset_100,Rakuten_118,ja,2025-04-13,,5,5,5,,,66,yes,facility_wide,water_texture,,お風呂;風呂,우레시노 물성/피부감 언급,positive,rating_positive_signal,medium,issue_caution_calibration_needed
321,Rakuten,https://travel.rakuten.co.jp/HOTEL/19923/review.html,api_offset_100,Rakuten_119,ja,2025-04-12,,4,4,4,,,122,yes,facility_wide,water_texture,aging_or_access;sister_property_movement,お風呂;椎葉山荘;風呂,"우레시노 물성/피부감 언급; 주의 신호: aging_or_access,sister_property_movement",mixed,caution_or_issue_tag,high,issue_caution_calibration_needed
322,Rakuten,https://travel.rakuten.co.jp/HOTEL/19923/review.html,api_offset_100,Rakuten_120,ja,2025-04-09,,5,5,5,,,261,yes,facility_wide,water_texture,,お風呂;風呂,우레시노 물성/피부감 언급,positive,rating_positive_signal,medium,issue_caution_calibration_needed
323,Rakuten,https://travel.rakuten.co.jp/HOTEL/19923/review.html,api_offset_120,Rakuten_121,ja,2025-04-07,,5,5,4,,,107,yes,facility_wide,booking_confusion;water_texture,,お風呂;温泉;風呂,우레시노 물성/피부감 언급,mixed,conditional_signal_tag,medium,issue_caution_calibration_needed
324,Rakuten,https://travel.rakuten.co.jp/HOTEL/19923/review.html,api_offset_120,Rakuten_122,ja,2025-04-05,,5,4,4,,,166,yes,facility_wide,water_texture,sister_property_movement,お風呂;椎葉山荘;泉質;温泉;湯;風呂,우레시노 물성/피부감 언급; 주의 신호: sister_property_movement,mixed,caution_or_issue_tag,high,issue_caution_calibration_needed
325,Rakuten,https://travel.rakuten.co.jp/HOTEL/19923/review.html,api_offset_120,Rakuten_123,ja,2025-04-02,,5,5,5,,,44,no,unclear,,,,온천 언급 없는 숙박 경험 리뷰.,neutral,neutral_or_lodging_context,medium,issue_caution_calibration_needed
326,Rakuten,https://travel.rakuten.co.jp/HOTEL/19923/review.html,api_offset_120,Rakuten_124,ja,2025-03-27,,5,5,5,,,174,yes,open_air_public_bath,public_bath_hot_spring;water_texture,sister_property_movement,泉質;温泉;湯;露天;露天風呂;風呂,공용 노천탕 경험 언급; 우레시노 물성/피부감 언급; 주의 신호: sister_property_movement,mixed,caution_or_issue_tag,high,issue_caution_calibration_needed
327,Rakuten,https://travel.rakuten.co.jp/HOTEL/19923/review.html,api_offset_120,Rakuten_125,ja,2025-03-27,,5,4,5,,,196,yes,facility_wide,water_texture,,風呂,우레시노 물성/피부감 언급,positive,rating_positive_signal,medium,issue_caution_calibration_needed
328,Rakuten,https://travel.rakuten.co.jp/HOTEL/19923/review.html,api_offset_120,Rakuten_126,ja,2025-03-25,,4,5,3,,,154,yes,facility_wide,water_texture,,温泉;湯,우레시노 물성/피부감 언급,positive,rating_positive_signal,medium,issue_caution_calibration_needed
329,Rakuten,https://travel.rakuten.co.jp/HOTEL/19923/review.html,api_offset_120,Rakuten_127,ja,2025-03-24,,4,5,3,,,178,yes,public_bath,public_bath_hot_spring;water_texture,aging_or_access,四季の湯;泉質;温泉;湯,대욕장/공용탕 이용 경험 언급; 우레시노 물성/피부감 언급; 주의 신호: aging_or_access,mixed,caution_or_issue_tag,high,issue_caution_calibration_needed
330,Rakuten,https://travel.rakuten.co.jp/HOTEL/19923/review.html,api_offset_120,Rakuten_128,ja,2025-03-22,,5,4,5,,,363,yes,unclear,water_texture,temperature,泉質,우레시노 물성/피부감 언급; 주의 신호: temperature,mixed,caution_or_issue_tag,high,issue_caution_calibration_needed
331,Rakuten,https://travel.rakuten.co.jp/HOTEL/19923/review.html,api_offset_120,Rakuten_129,ja,2025-03-19,,5,5,4,,,158,yes,open_air_public_bath,booking_confusion;public_bath_hot_spring,,露天;露天風呂;風呂,공용 노천탕 경험 언급,mixed,conditional_signal_tag,medium,issue_caution_calibration_needed
332,Rakuten,https://travel.rakuten.co.jp/HOTEL/19923/review.html,api_offset_120,Rakuten_130,ja,2025-03-15,,4,3,4,,,109,yes,facility_wide,water_texture,,湯;美肌;風呂,우레시노 물성/피부감 언급,positive,positive_signal_no_caution,medium,issue_caution_calibration_needed
333,Rakuten,https://travel.rakuten.co.jp/HOTEL/19923/review.html,api_offset_120,Rakuten_131,ja,2025-03-14,,5,5,5,,,432,yes,facility_wide,water_texture,aging_or_access,お風呂;椎葉山荘;温泉;湯;風呂,우레시노 물성/피부감 언급; 주의 신호: aging_or_access,mixed,caution_or_issue_tag,high,issue_caution_calibration_needed
334,Rakuten,https://travel.rakuten.co.jp/HOTEL/19923/review.html,api_offset_120,Rakuten_132,ja,2025-03-13,,4,4,4,,,119,yes,facility_wide,water_texture,aging_or_access,温泉;風呂,우레시노 물성/피부감 언급; 주의 신호: aging_or_access,mixed,caution_or_issue_tag,high,issue_caution_calibration_needed
335,Rakuten,https://travel.rakuten.co.jp/HOTEL/19923/review.html,api_offset_120,Rakuten_133,ja,2025-03-09,,5,5,4,,,167,yes,facility_wide,water_texture,,湯,우레시노 물성/피부감 언급,positive,rating_positive_signal,medium,issue_caution_calibration_needed
336,Rakuten,https://travel.rakuten.co.jp/HOTEL/19923/review.html,api_offset_120,Rakuten_134,ja,2025-02-28,,5,5,4,,,208,yes,open_air_public_bath;public_bath,public_bath_hot_spring;water_texture,sister_property_movement,しいばの湯;大浴場;温泉;湯;露天;露天風呂;風呂,대욕장/공용탕 이용 경험 언급; 공용 노천탕 경험 언급; 우레시노 물성/피부감 언급; 주의 신호: sister_property_movement,mixed,caution_or_issue_tag,high,issue_caution_calibration_needed
337,Rakuten,https://travel.rakuten.co.jp/HOTEL/19923/review.html,api_offset_120,Rakuten_135,ja,2025-02-13,,4,3,4,,,83,no,unclear,,,,온천 언급 없는 숙박 경험 리뷰.,neutral,neutral_or_lodging_context,medium,issue_caution_calibration_needed
338,Rakuten,https://travel.rakuten.co.jp/HOTEL/19923/review.html,api_offset_120,Rakuten_136,ja,2025-02-12,,4,3,5,,,246,yes,public_bath,crowding;public_bath_hot_spring;water_texture,crowding,お風呂;泉質;混雑;湯;滝の湯;美肌;風呂,대욕장/공용탕 이용 경험 언급; 우레시노 물성/피부감 언급; 혼잡 신호 언급; 주의 신호: crowding,mixed,caution_or_issue_tag,high,issue_caution_calibration_needed
339,Rakuten,https://travel.rakuten.co.jp/HOTEL/19923/review.html,api_offset_120,Rakuten_137,ja,2025-01-27,,5,4,4,,,132,no,unclear,,cleanliness,,주의 신호: cleanliness,mixed,caution_or_issue_tag,high,issue_caution_calibration_needed
340,Rakuten,https://travel.rakuten.co.jp/HOTEL/19923/review.html,api_offset_120,Rakuten_138,ja,2025-01-27,,5,4,4,,,141,yes,facility_wide,water_texture,cleanliness,風呂,우레시노 물성/피부감 언급; 주의 신호: cleanliness,mixed,caution_or_issue_tag,high,issue_caution_calibration_needed
341,Rakuten,https://travel.rakuten.co.jp/HOTEL/19923/review.html,api_offset_120,Rakuten_139,ja,2025-01-27,,5,5,4,,,176,yes,facility_wide,water_texture,,お風呂;風呂,우레시노 물성/피부감 언급,positive,rating_positive_signal,medium,issue_caution_calibration_needed
342,Rakuten,https://travel.rakuten.co.jp/HOTEL/19923/review.html,api_offset_120,Rakuten_140,ja,2025-01-23,,4,4,3,,,122,yes,open_air_public_bath,public_bath_hot_spring;water_texture,sister_property_movement,温泉;露天;露天風呂;風呂,공용 노천탕 경험 언급; 우레시노 물성/피부감 언급; 주의 신호: sister_property_movement,mixed,caution_or_issue_tag,high,issue_caution_calibration_needed
343,Rakuten,https://travel.rakuten.co.jp/HOTEL/19923/review.html,api_offset_140,Rakuten_141,ja,2025-01-22,,5,4,5,,,87,yes,facility_wide,water_texture,aging_or_access,お風呂;風呂,우레시노 물성/피부감 언급; 주의 신호: aging_or_access,mixed,caution_or_issue_tag,high,issue_caution_calibration_needed
344,Rakuten,https://travel.rakuten.co.jp/HOTEL/19923/review.html,api_offset_140,Rakuten_142,ja,2025-01-21,,5,5,5,,,147,yes,facility_wide,water_texture,sister_property_movement,お風呂;湯;風呂,우레시노 물성/피부감 언급; 주의 신호: sister_property_movement,mixed,caution_or_issue_tag,high,issue_caution_calibration_needed
345,Rakuten,https://travel.rakuten.co.jp/HOTEL/19923/review.html,api_offset_140,Rakuten_143,ja,2025-01-06,,4,5,5,,,360,yes,facility_wide,water_texture,,温泉,우레시노 물성/피부감 언급,positive,rating_positive_signal,medium,issue_caution_calibration_needed
346,Rakuten,https://travel.rakuten.co.jp/HOTEL/19923/review.html,api_offset_140,Rakuten_144,ja,2024-12-29,,5,5,4,,,142,yes,facility_wide,water_texture,,お風呂;風呂,우레시노 물성/피부감 언급,positive,rating_positive_signal,medium,issue_caution_calibration_needed
347,Rakuten,https://travel.rakuten.co.jp/HOTEL/19923/review.html,api_offset_140,Rakuten_145,ja,2024-12-28,,4,4,4,,,99,yes,facility_wide,water_texture,,温泉,우레시노 물성/피부감 언급,positive,rating_positive_signal,medium,issue_caution_calibration_needed
348,Rakuten,https://travel.rakuten.co.jp/HOTEL/19923/review.html,api_offset_140,Rakuten_146,ja,2024-12-27,,5,5,4,,,741,yes,public_bath,crowding;public_bath_hot_spring;water_texture,aging_or_access;cleanliness;crowding;sister_property_movement;temperature,サウナ;大浴場;温泉;湯,"대욕장/공용탕 이용 경험 언급; 우레시노 물성/피부감 언급; 혼잡 신호 언급; 주의 신호: aging_or_access,cleanliness,crowding",mixed,caution_or_issue_tag,high,issue_caution_calibration_needed
349,Rakuten,https://travel.rakuten.co.jp/HOTEL/19923/review.html,api_offset_140,Rakuten_147,ja,2024-12-23,,5,5,4,,,86,yes,facility_wide,water_texture,,温泉,우레시노 물성/피부감 언급,positive,rating_positive_signal,medium,issue_caution_calibration_needed
350,Rakuten,https://travel.rakuten.co.jp/HOTEL/19923/review.html,api_offset_140,Rakuten_148,ja,2024-12-19,,5,5,4,,,212,yes,public_bath,booking_confusion;public_bath_hot_spring;water_texture,aging_or_access,お風呂;四季の湯;湯;風呂,대욕장/공용탕 이용 경험 언급; 우레시노 물성/피부감 언급; 주의 신호: aging_or_access,mixed,caution_or_issue_tag,high,issue_caution_calibration_needed
351,Rakuten,https://travel.rakuten.co.jp/HOTEL/19923/review.html,api_offset_140,Rakuten_149,ja,2024-12-14,,5,5,4,,,142,yes,facility_wide,water_texture,,お風呂;湯;風呂,우레시노 물성/피부감 언급,positive,rating_positive_signal,medium,issue_caution_calibration_needed
352,Rakuten,https://travel.rakuten.co.jp/HOTEL/19923/review.html,api_offset_140,Rakuten_150,ja,2024-12-12,,5,5,5,,,197,yes,unclear,booking_confusion,,,온천 언급 없는 숙박 경험 리뷰.,mixed,conditional_signal_tag,medium,issue_caution_calibration_needed
353,Rakuten,https://travel.rakuten.co.jp/HOTEL/19923/review.html,api_offset_140,Rakuten_151,ja,2024-12-11,,4,3,4,,,152,yes,facility_wide,water_texture,aging_or_access,風呂,우레시노 물성/피부감 언급; 주의 신호: aging_or_access,mixed,caution_or_issue_tag,high,issue_caution_calibration_needed
354,Rakuten,https://travel.rakuten.co.jp/HOTEL/19923/review.html,api_offset_140,Rakuten_152,ja,2024-12-08,,5,5,5,,,156,yes,facility_wide,water_texture,,温泉;湯;美肌,우레시노 물성/피부감 언급,positive,rating_positive_signal,medium,issue_caution_calibration_needed
355,Rakuten,https://travel.rakuten.co.jp/HOTEL/19923/review.html,api_offset_140,Rakuten_153,ja,2024-12-01,,5,5,5,,,227,yes,open_air_public_bath;public_bath;room_bath,public_bath_hot_spring;room_bath_hot_spring;water_texture,,お風呂;サウナ;大浴場;椎葉山荘;温泉;露天;露天風呂;風呂,대욕장/공용탕 이용 경험 언급; 공용 노천탕 경험 언급; 객실탕/객실 노천탕 맥락 언급; 우레시노 물성/피부감 언급,positive,rating_positive_signal,medium,issue_caution_calibration_needed
356,Rakuten,https://travel.rakuten.co.jp/HOTEL/19923/review.html,api_offset_140,Rakuten_154,ja,2024-11-25,,5,5,5,,,204,yes,open_air_public_bath;public_bath,public_bath_hot_spring;water_texture,cleanliness,大浴場;温泉;露天;露天風呂;風呂,대욕장/공용탕 이용 경험 언급; 공용 노천탕 경험 언급; 우레시노 물성/피부감 언급; 주의 신호: cleanliness,mixed,caution_or_issue_tag,high,issue_caution_calibration_needed
357,Rakuten,https://travel.rakuten.co.jp/HOTEL/19923/review.html,api_offset_140,Rakuten_155,ja,2024-11-24,,5,5,5,,,56,no,unclear,,,,온천 언급 없는 숙박 경험 리뷰.,neutral,neutral_or_lodging_context,medium,issue_caution_calibration_needed
358,Rakuten,https://travel.rakuten.co.jp/HOTEL/19923/review.html,api_offset_140,Rakuten_156,ja,2024-11-18,,3,4,3,,,334,yes,facility_wide,water_texture,,温泉,우레시노 물성/피부감 언급,positive,rating_positive_signal,medium,issue_caution_calibration_needed
359,Rakuten,https://travel.rakuten.co.jp/HOTEL/19923/review.html,api_offset_140,Rakuten_157,ja,2024-11-18,,4,5,4,,,199,yes,public_bath,public_bath_hot_spring;water_texture,cleanliness,大浴場;温泉;湯,대욕장/공용탕 이용 경험 언급; 우레시노 물성/피부감 언급; 주의 신호: cleanliness,mixed,caution_or_issue_tag,high,issue_caution_calibration_needed
360,Rakuten,https://travel.rakuten.co.jp/HOTEL/19923/review.html,api_offset_140,Rakuten_158,ja,2024-11-05,,5,5,4,,,46,yes,facility_wide,water_texture,,お風呂;湯;風呂,우레시노 물성/피부감 언급,positive,rating_positive_signal,medium,issue_caution_calibration_needed
361,Rakuten,https://travel.rakuten.co.jp/HOTEL/19923/review.html,api_offset_140,Rakuten_159,ja,2024-10-27,,4,4,4,,,88,yes,open_air_public_bath,public_bath_hot_spring,,お風呂;露天;露天風呂;風呂,공용 노천탕 경험 언급,positive,rating_positive_signal,medium,issue_caution_calibration_needed
362,Rakuten,https://travel.rakuten.co.jp/HOTEL/19923/review.html,api_offset_140,Rakuten_160,ja,2024-10-19,,5,5,5,,,25,yes,facility_wide,water_texture,,お風呂;風呂,우레시노 물성/피부감 언급,positive,rating_positive_signal,medium,issue_caution_calibration_needed
363,Google native,Aside Browser Google Hotels review tab: https://www.google.com/travel/search?q=Ureshino%20Kanko%20Hotel%20Taishoya%20reviews,aside_google_hotels_review_tab,Google_native_1,ko,2026-06 approx,,5,,,,,visible_in_aside_snapshot,yes,public_bath;open_air_public_bath,public_bath_hot_spring;water_texture;booking_confusion,sister_property_movement,시바온천;노천탕;대욕장;송영,"역-숙소 송영과 자매관 노천탕 이용 만족, 본관의 두 욕장 언급.",mixed,caution_or_issue_tag,high,issue_caution_calibration_needed
364,Google native,Aside Browser Google Hotels review tab: https://www.google.com/travel/search?q=Ureshino%20Kanko%20Hotel%20Taishoya%20reviews,aside_google_hotels_review_tab,Google_native_2,ko,2026-02 approx,,5,,,,,visible_in_aside_snapshot,yes,public_bath;open_air_public_bath,public_bath_hot_spring;water_texture;booking_confusion,sister_property_movement;operation_recheck,세이류;대욕장 공사;온천투어;시이바산소;노천탕,예약 숙소 변경과 대욕장 공사 경험을 언급하면서 자매관 온천투어와 노천탕 만족을 기록.,mixed,caution_or_issue_tag,high,issue_caution_calibration_needed
365,Google native,Aside Browser Google Hotels review tab: https://www.google.com/travel/search?q=Ureshino%20Kanko%20Hotel%20Taishoya%20reviews,aside_google_hotels_review_tab,Google_native_3,ko,2026-02 approx,,5,,,,,visible_in_aside_snapshot,yes,unclear,public_bath_hot_spring,,탕;넓음,탕의 넓이와 이용감을 짧게 긍정 평가하나 욕장 구분은 불명확.,positive,positive_signal_no_caution,medium,issue_caution_calibration_needed
366,Google native,Aside Browser Google Hotels review tab: https://www.google.com/travel/search?q=Ureshino%20Kanko%20Hotel%20Taishoya%20reviews,aside_google_hotels_review_tab,Google_native_4,ko,2025-10 approx,,4,,,,,visible_in_aside_snapshot,yes,room_bath;public_bath;open_air_public_bath,room_bath_hot_spring;public_bath_hot_spring;water_texture;booking_confusion,sister_property_movement;aging_or_access,객실 욕실;시키노유;타키노유;시이바산소;노천탕,"객실 욕실은 작고, 본관 실내 대욕장과 자매관 야간 노천탕을 구분해 평가.",mixed,caution_or_issue_tag,high,issue_caution_calibration_needed
367,Google native,Aside Browser Google Hotels review tab: https://www.google.com/travel/search?q=Ureshino%20Kanko%20Hotel%20Taishoya%20reviews,aside_google_hotels_review_tab,Google_native_5,ko,2026-03 approx,,4,,,,,visible_in_aside_snapshot,yes,open_air_public_bath;facility_wide,public_bath_hot_spring;water_texture;booking_confusion,sister_property_movement,온천;시바 노천탕,온천 만족과 함께 자매관 노천탕 이동 경험을 긍정적으로 기록.,mixed,caution_or_issue_tag,high,issue_caution_calibration_needed
368,Google native,Aside Browser Google Hotels review tab: https://www.google.com/travel/search?q=Ureshino%20Kanko%20Hotel%20Taishoya%20reviews,aside_google_hotels_review_tab,Google_native_6,ko,2026-02 approx,,5,,,,,visible_in_aside_snapshot,no,unclear,,,,숙소 가치와 직원 응대 중심의 한국어 리뷰. 온천 본문 신호는 직접 없음.,neutral,neutral_or_lodging_context,medium,issue_caution_calibration_needed
369,Naver Blog,https://blog.naver.com/nomad_flo/223790103846,aside_naver_blog_direct_body,Naver_blog_1,ko,2025-03-12,day_use_or_facility_visit_context,,,,"[0110] 규슈 사가 우레시노 온천 대장급인 다이쇼야지만, 대욕장은 글쎄?",,direct_body_read_in_aside,yes,public_bath;open_air_public_bath;facility_wide,public_bath_hot_spring;weak_onsen_feeling;booking_confusion,sister_property_movement;aging_or_access,四季の湯;大浴場;노천탕 없음;시이바노유;유메구리,"당일 공용탕은 노천 부재와 노후감을 지적하되, 숙박자는 자매관 온천순례 가치가 크다고 해석.",negative,negative_signal_tag,high,issue_caution_calibration_needed
